Using pip 26.1.2 from /home/taah3149/Documents/Group_Studies/.venv/lib64/python3.11/site-packages/pip (python 3.11)
Collecting mmcv==2.2.0
  Using cached mmcv-2.2.0.tar.gz (479 kB)
  Preparing metadata (pyproject.toml): started
  Running command Preparing metadata (pyproject.toml)
  <string>:5: DeprecationWarning: pkg_resources is deprecated as an API. See https://setuptools.pypa.io/en/latest/pkg_resources.html
  running dist_info
  creating /var/tmp/pip-modern-metadata-ycdg2mbt/mmcv.egg-info
  writing /var/tmp/pip-modern-metadata-ycdg2mbt/mmcv.egg-info/PKG-INFO
  writing dependency_links to /var/tmp/pip-modern-metadata-ycdg2mbt/mmcv.egg-info/dependency_links.txt
  writing requirements to /var/tmp/pip-modern-metadata-ycdg2mbt/mmcv.egg-info/requires.txt
  writing top-level names to /var/tmp/pip-modern-metadata-ycdg2mbt/mmcv.egg-info/top_level.txt
  writing manifest file '/var/tmp/pip-modern-metadata-ycdg2mbt/mmcv.egg-info/SOURCES.txt'
  reading manifest file '/var/tmp/pip-modern-metadata-ycdg2mbt/mmcv.egg-info/SOURCES.txt'
  reading manifest template 'MANIFEST.in'
  adding license file 'LICENSE'
  adding license file 'LICENSES.md'
  writing manifest file '/var/tmp/pip-modern-metadata-ycdg2mbt/mmcv.egg-info/SOURCES.txt'
  creating '/var/tmp/pip-modern-metadata-ycdg2mbt/mmcv-2.2.0.dist-info'
  Preparing metadata (pyproject.toml): finished with status 'done'
Collecting addict (from mmcv==2.2.0)
  Obtaining dependency information for addict from https://files.pythonhosted.org/packages/6a/00/b08f23b7d7e1e14ce01419a467b583edbb93c6cdb8654e54a9cc579cd61f/addict-2.4.0-py3-none-any.whl.metadata
  Using cached addict-2.4.0-py3-none-any.whl.metadata (1.0 kB)
Collecting mmengine>=0.3.0 (from mmcv==2.2.0)
  Obtaining dependency information for mmengine>=0.3.0 from https://files.pythonhosted.org/packages/98/8e/f98332248aad102511bea4ae19c0ddacd2f0a994f3ca4c82b7a369e0af8b/mmengine-0.10.7-py3-none-any.whl.metadata
  Using cached mmengine-0.10.7-py3-none-any.whl.metadata (20 kB)
Requirement already satisfied: numpy in ./.venv/lib64/python3.11/site-packages (from mmcv==2.2.0) (2.4.6)
Requirement already satisfied: packaging in ./.venv/lib64/python3.11/site-packages (from mmcv==2.2.0) (24.2)
Requirement already satisfied: Pillow in ./.venv/lib64/python3.11/site-packages (from mmcv==2.2.0) (12.2.0)
Requirement already satisfied: pyyaml in ./.venv/lib64/python3.11/site-packages (from mmcv==2.2.0) (6.0.3)
Collecting yapf (from mmcv==2.2.0)
  Obtaining dependency information for yapf from https://files.pythonhosted.org/packages/37/81/6acd6601f61e31cfb8729d3da6d5df966f80f374b78eff83760714487338/yapf-0.43.0-py3-none-any.whl.metadata
  Using cached yapf-0.43.0-py3-none-any.whl.metadata (46 kB)
Requirement already satisfied: matplotlib in ./.venv/lib64/python3.11/site-packages (from mmengine>=0.3.0->mmcv==2.2.0) (3.10.9)
Requirement already satisfied: rich in ./.venv/lib64/python3.11/site-packages (from mmengine>=0.3.0->mmcv==2.2.0) (15.0.0)
Collecting termcolor (from mmengine>=0.3.0->mmcv==2.2.0)
  Obtaining dependency information for termcolor from https://files.pythonhosted.org/packages/33/d1/8bb87d21e9aeb323cc03034f5eaf2c8f69841e40e4853c2627edf8111ed3/termcolor-3.3.0-py3-none-any.whl.metadata
  Using cached termcolor-3.3.0-py3-none-any.whl.metadata (6.5 kB)
Requirement already satisfied: opencv-python>=3 in ./.venv/lib64/python3.11/site-packages (from mmengine>=0.3.0->mmcv==2.2.0) (4.13.0.92)
Requirement already satisfied: contourpy>=1.0.1 in ./.venv/lib64/python3.11/site-packages (from matplotlib->mmengine>=0.3.0->mmcv==2.2.0) (1.3.3)
Requirement already satisfied: cycler>=0.10 in ./.venv/lib64/python3.11/site-packages (from matplotlib->mmengine>=0.3.0->mmcv==2.2.0) (0.12.1)
Requirement already satisfied: fonttools>=4.22.0 in ./.venv/lib64/python3.11/site-packages (from matplotlib->mmengine>=0.3.0->mmcv==2.2.0) (4.63.0)
Requirement already satisfied: kiwisolver>=1.3.1 in ./.venv/lib64/python3.11/site-packages (from matplotlib->mmengine>=0.3.0->mmcv==2.2.0) (1.5.0)
Requirement already satisfied: pyparsing>=3 in ./.venv/lib64/python3.11/site-packages (from matplotlib->mmengine>=0.3.0->mmcv==2.2.0) (3.3.2)
Requirement already satisfied: python-dateutil>=2.7 in ./.venv/lib64/python3.11/site-packages (from matplotlib->mmengine>=0.3.0->mmcv==2.2.0) (2.9.0.post0)
Requirement already satisfied: six>=1.5 in ./.venv/lib64/python3.11/site-packages (from python-dateutil>=2.7->matplotlib->mmengine>=0.3.0->mmcv==2.2.0) (1.17.0)
Requirement already satisfied: markdown-it-py>=2.2.0 in ./.venv/lib64/python3.11/site-packages (from rich->mmengine>=0.3.0->mmcv==2.2.0) (4.2.0)
Requirement already satisfied: pygments<3.0.0,>=2.13.0 in ./.venv/lib64/python3.11/site-packages (from rich->mmengine>=0.3.0->mmcv==2.2.0) (2.20.0)
Requirement already satisfied: mdurl~=0.1 in ./.venv/lib64/python3.11/site-packages (from markdown-it-py>=2.2.0->rich->mmengine>=0.3.0->mmcv==2.2.0) (0.1.2)
Collecting platformdirs>=3.5.1 (from yapf->mmcv==2.2.0)
  Obtaining dependency information for platformdirs>=3.5.1 from https://files.pythonhosted.org/packages/81/e6/cd9575ac904136b3cbf7aa7ee819ef86eedb7274e46f230e94ea4342e729/platformdirs-4.10.0-py3-none-any.whl.metadata
  Using cached platformdirs-4.10.0-py3-none-any.whl.metadata (5.5 kB)
Using cached mmengine-0.10.7-py3-none-any.whl (452 kB)
Using cached addict-2.4.0-py3-none-any.whl (3.8 kB)
Using cached termcolor-3.3.0-py3-none-any.whl (7.7 kB)
Using cached yapf-0.43.0-py3-none-any.whl (256 kB)
Using cached platformdirs-4.10.0-py3-none-any.whl (22 kB)
Building wheels for collected packages: mmcv
  Building wheel for mmcv (pyproject.toml): started
  Running command Building wheel for mmcv (pyproject.toml)
  <string>:5: DeprecationWarning: pkg_resources is deprecated as an API. See https://setuptools.pypa.io/en/latest/pkg_resources.html
  running bdist_wheel
  running build
  running build_py
  creating build
  creating build/lib.linux-x86_64-cpython-311
  creating build/lib.linux-x86_64-cpython-311/mmcv
  copying mmcv/__init__.py -> build/lib.linux-x86_64-cpython-311/mmcv
  copying mmcv/version.py -> build/lib.linux-x86_64-cpython-311/mmcv
  creating build/lib.linux-x86_64-cpython-311/mmcv/arraymisc
  copying mmcv/arraymisc/__init__.py -> build/lib.linux-x86_64-cpython-311/mmcv/arraymisc
  copying mmcv/arraymisc/quantization.py -> build/lib.linux-x86_64-cpython-311/mmcv/arraymisc
  creating build/lib.linux-x86_64-cpython-311/mmcv/cnn
  copying mmcv/cnn/__init__.py -> build/lib.linux-x86_64-cpython-311/mmcv/cnn
  copying mmcv/cnn/alexnet.py -> build/lib.linux-x86_64-cpython-311/mmcv/cnn
  copying mmcv/cnn/resnet.py -> build/lib.linux-x86_64-cpython-311/mmcv/cnn
  copying mmcv/cnn/vgg.py -> build/lib.linux-x86_64-cpython-311/mmcv/cnn
  creating build/lib.linux-x86_64-cpython-311/mmcv/image
  copying mmcv/image/__init__.py -> build/lib.linux-x86_64-cpython-311/mmcv/image
  copying mmcv/image/colorspace.py -> build/lib.linux-x86_64-cpython-311/mmcv/image
  copying mmcv/image/geometric.py -> build/lib.linux-x86_64-cpython-311/mmcv/image
  copying mmcv/image/io.py -> build/lib.linux-x86_64-cpython-311/mmcv/image
  copying mmcv/image/misc.py -> build/lib.linux-x86_64-cpython-311/mmcv/image
  copying mmcv/image/photometric.py -> build/lib.linux-x86_64-cpython-311/mmcv/image
  creating build/lib.linux-x86_64-cpython-311/mmcv/ops
  copying mmcv/ops/__init__.py -> build/lib.linux-x86_64-cpython-311/mmcv/ops
  copying mmcv/ops/active_rotated_filter.py -> build/lib.linux-x86_64-cpython-311/mmcv/ops
  copying mmcv/ops/assign_score_withk.py -> build/lib.linux-x86_64-cpython-311/mmcv/ops
  copying mmcv/ops/ball_query.py -> build/lib.linux-x86_64-cpython-311/mmcv/ops
  copying mmcv/ops/bbox.py -> build/lib.linux-x86_64-cpython-311/mmcv/ops
  copying mmcv/ops/bezier_align.py -> build/lib.linux-x86_64-cpython-311/mmcv/ops
  copying mmcv/ops/bias_act.py -> build/lib.linux-x86_64-cpython-311/mmcv/ops
  copying mmcv/ops/border_align.py -> build/lib.linux-x86_64-cpython-311/mmcv/ops
  copying mmcv/ops/box_iou_quadri.py -> build/lib.linux-x86_64-cpython-311/mmcv/ops
  copying mmcv/ops/box_iou_rotated.py -> build/lib.linux-x86_64-cpython-311/mmcv/ops
  copying mmcv/ops/carafe.py -> build/lib.linux-x86_64-cpython-311/mmcv/ops
  copying mmcv/ops/cc_attention.py -> build/lib.linux-x86_64-cpython-311/mmcv/ops
  copying mmcv/ops/chamfer_distance.py -> build/lib.linux-x86_64-cpython-311/mmcv/ops
  copying mmcv/ops/contour_expand.py -> build/lib.linux-x86_64-cpython-311/mmcv/ops
  copying mmcv/ops/conv2d_gradfix.py -> build/lib.linux-x86_64-cpython-311/mmcv/ops
  copying mmcv/ops/convex_iou.py -> build/lib.linux-x86_64-cpython-311/mmcv/ops
  copying mmcv/ops/corner_pool.py -> build/lib.linux-x86_64-cpython-311/mmcv/ops
  copying mmcv/ops/correlation.py -> build/lib.linux-x86_64-cpython-311/mmcv/ops
  copying mmcv/ops/deform_conv.py -> build/lib.linux-x86_64-cpython-311/mmcv/ops
  copying mmcv/ops/deform_roi_pool.py -> build/lib.linux-x86_64-cpython-311/mmcv/ops
  copying mmcv/ops/deprecated_wrappers.py -> build/lib.linux-x86_64-cpython-311/mmcv/ops
  copying mmcv/ops/diff_iou_rotated.py -> build/lib.linux-x86_64-cpython-311/mmcv/ops
  copying mmcv/ops/filtered_lrelu.py -> build/lib.linux-x86_64-cpython-311/mmcv/ops
  copying mmcv/ops/focal_loss.py -> build/lib.linux-x86_64-cpython-311/mmcv/ops
  copying mmcv/ops/furthest_point_sample.py -> build/lib.linux-x86_64-cpython-311/mmcv/ops
  copying mmcv/ops/fused_bias_leakyrelu.py -> build/lib.linux-x86_64-cpython-311/mmcv/ops
  copying mmcv/ops/gather_points.py -> build/lib.linux-x86_64-cpython-311/mmcv/ops
  copying mmcv/ops/group_points.py -> build/lib.linux-x86_64-cpython-311/mmcv/ops
  copying mmcv/ops/info.py -> build/lib.linux-x86_64-cpython-311/mmcv/ops
  copying mmcv/ops/iou3d.py -> build/lib.linux-x86_64-cpython-311/mmcv/ops
  copying mmcv/ops/knn.py -> build/lib.linux-x86_64-cpython-311/mmcv/ops
  copying mmcv/ops/masked_conv.py -> build/lib.linux-x86_64-cpython-311/mmcv/ops
  copying mmcv/ops/merge_cells.py -> build/lib.linux-x86_64-cpython-311/mmcv/ops
  copying mmcv/ops/min_area_polygons.py -> build/lib.linux-x86_64-cpython-311/mmcv/ops
  copying mmcv/ops/modulated_deform_conv.py -> build/lib.linux-x86_64-cpython-311/mmcv/ops
  copying mmcv/ops/multi_scale_deform_attn.py -> build/lib.linux-x86_64-cpython-311/mmcv/ops
  copying mmcv/ops/nms.py -> build/lib.linux-x86_64-cpython-311/mmcv/ops
  copying mmcv/ops/pixel_group.py -> build/lib.linux-x86_64-cpython-311/mmcv/ops
  copying mmcv/ops/point_sample.py -> build/lib.linux-x86_64-cpython-311/mmcv/ops
  copying mmcv/ops/points_in_boxes.py -> build/lib.linux-x86_64-cpython-311/mmcv/ops
  copying mmcv/ops/points_in_polygons.py -> build/lib.linux-x86_64-cpython-311/mmcv/ops
  copying mmcv/ops/points_sampler.py -> build/lib.linux-x86_64-cpython-311/mmcv/ops
  copying mmcv/ops/prroi_pool.py -> build/lib.linux-x86_64-cpython-311/mmcv/ops
  copying mmcv/ops/psa_mask.py -> build/lib.linux-x86_64-cpython-311/mmcv/ops
  copying mmcv/ops/riroi_align_rotated.py -> build/lib.linux-x86_64-cpython-311/mmcv/ops
  copying mmcv/ops/roi_align.py -> build/lib.linux-x86_64-cpython-311/mmcv/ops
  copying mmcv/ops/roi_align_rotated.py -> build/lib.linux-x86_64-cpython-311/mmcv/ops
  copying mmcv/ops/roi_pool.py -> build/lib.linux-x86_64-cpython-311/mmcv/ops
  copying mmcv/ops/roiaware_pool3d.py -> build/lib.linux-x86_64-cpython-311/mmcv/ops
  copying mmcv/ops/roipoint_pool3d.py -> build/lib.linux-x86_64-cpython-311/mmcv/ops
  copying mmcv/ops/rotated_feature_align.py -> build/lib.linux-x86_64-cpython-311/mmcv/ops
  copying mmcv/ops/saconv.py -> build/lib.linux-x86_64-cpython-311/mmcv/ops
  copying mmcv/ops/scatter_points.py -> build/lib.linux-x86_64-cpython-311/mmcv/ops
  copying mmcv/ops/sparse_conv.py -> build/lib.linux-x86_64-cpython-311/mmcv/ops
  copying mmcv/ops/sparse_functional.py -> build/lib.linux-x86_64-cpython-311/mmcv/ops
  copying mmcv/ops/sparse_modules.py -> build/lib.linux-x86_64-cpython-311/mmcv/ops
  copying mmcv/ops/sparse_ops.py -> build/lib.linux-x86_64-cpython-311/mmcv/ops
  copying mmcv/ops/sparse_pool.py -> build/lib.linux-x86_64-cpython-311/mmcv/ops
  copying mmcv/ops/sparse_structure.py -> build/lib.linux-x86_64-cpython-311/mmcv/ops
  copying mmcv/ops/sync_bn.py -> build/lib.linux-x86_64-cpython-311/mmcv/ops
  copying mmcv/ops/three_interpolate.py -> build/lib.linux-x86_64-cpython-311/mmcv/ops
  copying mmcv/ops/three_nn.py -> build/lib.linux-x86_64-cpython-311/mmcv/ops
  copying mmcv/ops/tin_shift.py -> build/lib.linux-x86_64-cpython-311/mmcv/ops
  copying mmcv/ops/upfirdn2d.py -> build/lib.linux-x86_64-cpython-311/mmcv/ops
  copying mmcv/ops/voxelize.py -> build/lib.linux-x86_64-cpython-311/mmcv/ops
  creating build/lib.linux-x86_64-cpython-311/mmcv/transforms
  copying mmcv/transforms/__init__.py -> build/lib.linux-x86_64-cpython-311/mmcv/transforms
  copying mmcv/transforms/base.py -> build/lib.linux-x86_64-cpython-311/mmcv/transforms
  copying mmcv/transforms/builder.py -> build/lib.linux-x86_64-cpython-311/mmcv/transforms
  copying mmcv/transforms/formatting.py -> build/lib.linux-x86_64-cpython-311/mmcv/transforms
  copying mmcv/transforms/loading.py -> build/lib.linux-x86_64-cpython-311/mmcv/transforms
  copying mmcv/transforms/processing.py -> build/lib.linux-x86_64-cpython-311/mmcv/transforms
  copying mmcv/transforms/utils.py -> build/lib.linux-x86_64-cpython-311/mmcv/transforms
  copying mmcv/transforms/wrappers.py -> build/lib.linux-x86_64-cpython-311/mmcv/transforms
  creating build/lib.linux-x86_64-cpython-311/mmcv/utils
  copying mmcv/utils/__init__.py -> build/lib.linux-x86_64-cpython-311/mmcv/utils
  copying mmcv/utils/device_type.py -> build/lib.linux-x86_64-cpython-311/mmcv/utils
  copying mmcv/utils/env.py -> build/lib.linux-x86_64-cpython-311/mmcv/utils
  copying mmcv/utils/ext_loader.py -> build/lib.linux-x86_64-cpython-311/mmcv/utils
  copying mmcv/utils/parrots_jit.py -> build/lib.linux-x86_64-cpython-311/mmcv/utils
  creating build/lib.linux-x86_64-cpython-311/mmcv/video
  copying mmcv/video/__init__.py -> build/lib.linux-x86_64-cpython-311/mmcv/video
  copying mmcv/video/io.py -> build/lib.linux-x86_64-cpython-311/mmcv/video
  copying mmcv/video/optflow.py -> build/lib.linux-x86_64-cpython-311/mmcv/video
  copying mmcv/video/processing.py -> build/lib.linux-x86_64-cpython-311/mmcv/video
  creating build/lib.linux-x86_64-cpython-311/mmcv/visualization
  copying mmcv/visualization/__init__.py -> build/lib.linux-x86_64-cpython-311/mmcv/visualization
  copying mmcv/visualization/color.py -> build/lib.linux-x86_64-cpython-311/mmcv/visualization
  copying mmcv/visualization/image.py -> build/lib.linux-x86_64-cpython-311/mmcv/visualization
  copying mmcv/visualization/optflow.py -> build/lib.linux-x86_64-cpython-311/mmcv/visualization
  creating build/lib.linux-x86_64-cpython-311/mmcv/cnn/bricks
  copying mmcv/cnn/bricks/__init__.py -> build/lib.linux-x86_64-cpython-311/mmcv/cnn/bricks
  copying mmcv/cnn/bricks/activation.py -> build/lib.linux-x86_64-cpython-311/mmcv/cnn/bricks
  copying mmcv/cnn/bricks/context_block.py -> build/lib.linux-x86_64-cpython-311/mmcv/cnn/bricks
  copying mmcv/cnn/bricks/conv.py -> build/lib.linux-x86_64-cpython-311/mmcv/cnn/bricks
  copying mmcv/cnn/bricks/conv2d_adaptive_padding.py -> build/lib.linux-x86_64-cpython-311/mmcv/cnn/bricks
  copying mmcv/cnn/bricks/conv_module.py -> build/lib.linux-x86_64-cpython-311/mmcv/cnn/bricks
  copying mmcv/cnn/bricks/conv_ws.py -> build/lib.linux-x86_64-cpython-311/mmcv/cnn/bricks
  copying mmcv/cnn/bricks/depthwise_separable_conv_module.py -> build/lib.linux-x86_64-cpython-311/mmcv/cnn/bricks
  copying mmcv/cnn/bricks/drop.py -> build/lib.linux-x86_64-cpython-311/mmcv/cnn/bricks
  copying mmcv/cnn/bricks/generalized_attention.py -> build/lib.linux-x86_64-cpython-311/mmcv/cnn/bricks
  copying mmcv/cnn/bricks/hsigmoid.py -> build/lib.linux-x86_64-cpython-311/mmcv/cnn/bricks
  copying mmcv/cnn/bricks/hswish.py -> build/lib.linux-x86_64-cpython-311/mmcv/cnn/bricks
  copying mmcv/cnn/bricks/non_local.py -> build/lib.linux-x86_64-cpython-311/mmcv/cnn/bricks
  copying mmcv/cnn/bricks/norm.py -> build/lib.linux-x86_64-cpython-311/mmcv/cnn/bricks
  copying mmcv/cnn/bricks/padding.py -> build/lib.linux-x86_64-cpython-311/mmcv/cnn/bricks
  copying mmcv/cnn/bricks/plugin.py -> build/lib.linux-x86_64-cpython-311/mmcv/cnn/bricks
  copying mmcv/cnn/bricks/scale.py -> build/lib.linux-x86_64-cpython-311/mmcv/cnn/bricks
  copying mmcv/cnn/bricks/swish.py -> build/lib.linux-x86_64-cpython-311/mmcv/cnn/bricks
  copying mmcv/cnn/bricks/transformer.py -> build/lib.linux-x86_64-cpython-311/mmcv/cnn/bricks
  copying mmcv/cnn/bricks/upsample.py -> build/lib.linux-x86_64-cpython-311/mmcv/cnn/bricks
  copying mmcv/cnn/bricks/wrappers.py -> build/lib.linux-x86_64-cpython-311/mmcv/cnn/bricks
  creating build/lib.linux-x86_64-cpython-311/mmcv/cnn/rfsearch
  copying mmcv/cnn/rfsearch/__init__.py -> build/lib.linux-x86_64-cpython-311/mmcv/cnn/rfsearch
  copying mmcv/cnn/rfsearch/operator.py -> build/lib.linux-x86_64-cpython-311/mmcv/cnn/rfsearch
  copying mmcv/cnn/rfsearch/search.py -> build/lib.linux-x86_64-cpython-311/mmcv/cnn/rfsearch
  copying mmcv/cnn/rfsearch/utils.py -> build/lib.linux-x86_64-cpython-311/mmcv/cnn/rfsearch
  creating build/lib.linux-x86_64-cpython-311/mmcv/cnn/utils
  copying mmcv/cnn/utils/__init__.py -> build/lib.linux-x86_64-cpython-311/mmcv/cnn/utils
  copying mmcv/cnn/utils/flops_counter.py -> build/lib.linux-x86_64-cpython-311/mmcv/cnn/utils
  copying mmcv/cnn/utils/fuse_conv_bn.py -> build/lib.linux-x86_64-cpython-311/mmcv/cnn/utils
  running egg_info
  writing mmcv.egg-info/PKG-INFO
  writing dependency_links to mmcv.egg-info/dependency_links.txt
  writing requirements to mmcv.egg-info/requires.txt
  writing top-level names to mmcv.egg-info/top_level.txt
  reading manifest file 'mmcv.egg-info/SOURCES.txt'
  reading manifest template 'MANIFEST.in'
  adding license file 'LICENSE'
  adding license file 'LICENSES.md'
  writing manifest file 'mmcv.egg-info/SOURCES.txt'
  /home/taah3149/Documents/Group_Studies/.venv/lib64/python3.11/site-packages/setuptools/command/build_py.py:215: _Warning: Package 'mmcv.ops.csrc.common' is absent from the `packages` configuration.
  !!

          ********************************************************************************
          ############################
          # Package would be ignored #
          ############################
          Python recognizes 'mmcv.ops.csrc.common' as an importable package[^1],
          but it is absent from setuptools' `packages` configuration.

          This leads to an ambiguous overall configuration. If you want to distribute this
          package, please make sure that 'mmcv.ops.csrc.common' is explicitly added
          to the `packages` configuration field.

          Alternatively, you can also rely on setuptools' discovery methods
          (for example by using `find_namespace_packages(...)`/`find_namespace:`
          instead of `find_packages(...)`/`find:`).

          You can read more about "package discovery" on setuptools documentation page:

          - https://setuptools.pypa.io/en/latest/userguide/package_discovery.html

          If you don't want 'mmcv.ops.csrc.common' to be distributed and are
          already explicitly excluding 'mmcv.ops.csrc.common' via
          `find_namespace_packages(...)/find_namespace` or `find_packages(...)/find`,
          you can try to use `exclude_package_data`, or `include-package-data=False` in
          combination with a more fine grained `package-data` configuration.

          You can read more about "package data files" on setuptools documentation page:

          - https://setuptools.pypa.io/en/latest/userguide/datafiles.html


          [^1]: For Python, any directory (with suitable naming) can be imported,
                even if it does not contain any `.py` files.
                On the other hand, currently there is no concept of package data
                directory, all directories are treated like packages.
          ********************************************************************************

  !!
    check.warn(importable)
  /home/taah3149/Documents/Group_Studies/.venv/lib64/python3.11/site-packages/setuptools/command/build_py.py:215: _Warning: Package 'mmcv.ops.csrc.common.cuda' is absent from the `packages` configuration.
  !!

          ********************************************************************************
          ############################
          # Package would be ignored #
          ############################
          Python recognizes 'mmcv.ops.csrc.common.cuda' as an importable package[^1],
          but it is absent from setuptools' `packages` configuration.

          This leads to an ambiguous overall configuration. If you want to distribute this
          package, please make sure that 'mmcv.ops.csrc.common.cuda' is explicitly added
          to the `packages` configuration field.

          Alternatively, you can also rely on setuptools' discovery methods
          (for example by using `find_namespace_packages(...)`/`find_namespace:`
          instead of `find_packages(...)`/`find:`).

          You can read more about "package discovery" on setuptools documentation page:

          - https://setuptools.pypa.io/en/latest/userguide/package_discovery.html

          If you don't want 'mmcv.ops.csrc.common.cuda' to be distributed and are
          already explicitly excluding 'mmcv.ops.csrc.common.cuda' via
          `find_namespace_packages(...)/find_namespace` or `find_packages(...)/find`,
          you can try to use `exclude_package_data`, or `include-package-data=False` in
          combination with a more fine grained `package-data` configuration.

          You can read more about "package data files" on setuptools documentation page:

          - https://setuptools.pypa.io/en/latest/userguide/datafiles.html


          [^1]: For Python, any directory (with suitable naming) can be imported,
                even if it does not contain any `.py` files.
                On the other hand, currently there is no concept of package data
                directory, all directories are treated like packages.
          ********************************************************************************

  !!
    check.warn(importable)
  /home/taah3149/Documents/Group_Studies/.venv/lib64/python3.11/site-packages/setuptools/command/build_py.py:215: _Warning: Package 'mmcv.ops.csrc.common.cuda.spconv' is absent from the `packages` configuration.
  !!

          ********************************************************************************
          ############################
          # Package would be ignored #
          ############################
          Python recognizes 'mmcv.ops.csrc.common.cuda.spconv' as an importable package[^1],
          but it is absent from setuptools' `packages` configuration.

          This leads to an ambiguous overall configuration. If you want to distribute this
          package, please make sure that 'mmcv.ops.csrc.common.cuda.spconv' is explicitly added
          to the `packages` configuration field.

          Alternatively, you can also rely on setuptools' discovery methods
          (for example by using `find_namespace_packages(...)`/`find_namespace:`
          instead of `find_packages(...)`/`find:`).

          You can read more about "package discovery" on setuptools documentation page:

          - https://setuptools.pypa.io/en/latest/userguide/package_discovery.html

          If you don't want 'mmcv.ops.csrc.common.cuda.spconv' to be distributed and are
          already explicitly excluding 'mmcv.ops.csrc.common.cuda.spconv' via
          `find_namespace_packages(...)/find_namespace` or `find_packages(...)/find`,
          you can try to use `exclude_package_data`, or `include-package-data=False` in
          combination with a more fine grained `package-data` configuration.

          You can read more about "package data files" on setuptools documentation page:

          - https://setuptools.pypa.io/en/latest/userguide/datafiles.html


          [^1]: For Python, any directory (with suitable naming) can be imported,
                even if it does not contain any `.py` files.
                On the other hand, currently there is no concept of package data
                directory, all directories are treated like packages.
          ********************************************************************************

  !!
    check.warn(importable)
  /home/taah3149/Documents/Group_Studies/.venv/lib64/python3.11/site-packages/setuptools/command/build_py.py:215: _Warning: Package 'mmcv.ops.csrc.common.mlu' is absent from the `packages` configuration.
  !!

          ********************************************************************************
          ############################
          # Package would be ignored #
          ############################
          Python recognizes 'mmcv.ops.csrc.common.mlu' as an importable package[^1],
          but it is absent from setuptools' `packages` configuration.

          This leads to an ambiguous overall configuration. If you want to distribute this
          package, please make sure that 'mmcv.ops.csrc.common.mlu' is explicitly added
          to the `packages` configuration field.

          Alternatively, you can also rely on setuptools' discovery methods
          (for example by using `find_namespace_packages(...)`/`find_namespace:`
          instead of `find_packages(...)`/`find:`).

          You can read more about "package discovery" on setuptools documentation page:

          - https://setuptools.pypa.io/en/latest/userguide/package_discovery.html

          If you don't want 'mmcv.ops.csrc.common.mlu' to be distributed and are
          already explicitly excluding 'mmcv.ops.csrc.common.mlu' via
          `find_namespace_packages(...)/find_namespace` or `find_packages(...)/find`,
          you can try to use `exclude_package_data`, or `include-package-data=False` in
          combination with a more fine grained `package-data` configuration.

          You can read more about "package data files" on setuptools documentation page:

          - https://setuptools.pypa.io/en/latest/userguide/datafiles.html


          [^1]: For Python, any directory (with suitable naming) can be imported,
                even if it does not contain any `.py` files.
                On the other hand, currently there is no concept of package data
                directory, all directories are treated like packages.
          ********************************************************************************

  !!
    check.warn(importable)
  /home/taah3149/Documents/Group_Studies/.venv/lib64/python3.11/site-packages/setuptools/command/build_py.py:215: _Warning: Package 'mmcv.ops.csrc.common.mps' is absent from the `packages` configuration.
  !!

          ********************************************************************************
          ############################
          # Package would be ignored #
          ############################
          Python recognizes 'mmcv.ops.csrc.common.mps' as an importable package[^1],
          but it is absent from setuptools' `packages` configuration.

          This leads to an ambiguous overall configuration. If you want to distribute this
          package, please make sure that 'mmcv.ops.csrc.common.mps' is explicitly added
          to the `packages` configuration field.

          Alternatively, you can also rely on setuptools' discovery methods
          (for example by using `find_namespace_packages(...)`/`find_namespace:`
          instead of `find_packages(...)`/`find:`).

          You can read more about "package discovery" on setuptools documentation page:

          - https://setuptools.pypa.io/en/latest/userguide/package_discovery.html

          If you don't want 'mmcv.ops.csrc.common.mps' to be distributed and are
          already explicitly excluding 'mmcv.ops.csrc.common.mps' via
          `find_namespace_packages(...)/find_namespace` or `find_packages(...)/find`,
          you can try to use `exclude_package_data`, or `include-package-data=False` in
          combination with a more fine grained `package-data` configuration.

          You can read more about "package data files" on setuptools documentation page:

          - https://setuptools.pypa.io/en/latest/userguide/datafiles.html


          [^1]: For Python, any directory (with suitable naming) can be imported,
                even if it does not contain any `.py` files.
                On the other hand, currently there is no concept of package data
                directory, all directories are treated like packages.
          ********************************************************************************

  !!
    check.warn(importable)
  /home/taah3149/Documents/Group_Studies/.venv/lib64/python3.11/site-packages/setuptools/command/build_py.py:215: _Warning: Package 'mmcv.ops.csrc.common.utils.spconv' is absent from the `packages` configuration.
  !!

          ********************************************************************************
          ############################
          # Package would be ignored #
          ############################
          Python recognizes 'mmcv.ops.csrc.common.utils.spconv' as an importable package[^1],
          but it is absent from setuptools' `packages` configuration.

          This leads to an ambiguous overall configuration. If you want to distribute this
          package, please make sure that 'mmcv.ops.csrc.common.utils.spconv' is explicitly added
          to the `packages` configuration field.

          Alternatively, you can also rely on setuptools' discovery methods
          (for example by using `find_namespace_packages(...)`/`find_namespace:`
          instead of `find_packages(...)`/`find:`).

          You can read more about "package discovery" on setuptools documentation page:

          - https://setuptools.pypa.io/en/latest/userguide/package_discovery.html

          If you don't want 'mmcv.ops.csrc.common.utils.spconv' to be distributed and are
          already explicitly excluding 'mmcv.ops.csrc.common.utils.spconv' via
          `find_namespace_packages(...)/find_namespace` or `find_packages(...)/find`,
          you can try to use `exclude_package_data`, or `include-package-data=False` in
          combination with a more fine grained `package-data` configuration.

          You can read more about "package data files" on setuptools documentation page:

          - https://setuptools.pypa.io/en/latest/userguide/datafiles.html


          [^1]: For Python, any directory (with suitable naming) can be imported,
                even if it does not contain any `.py` files.
                On the other hand, currently there is no concept of package data
                directory, all directories are treated like packages.
          ********************************************************************************

  !!
    check.warn(importable)
  /home/taah3149/Documents/Group_Studies/.venv/lib64/python3.11/site-packages/setuptools/command/build_py.py:215: _Warning: Package 'mmcv.ops.csrc.common.utils.spconv.spconv' is absent from the `packages` configuration.
  !!

          ********************************************************************************
          ############################
          # Package would be ignored #
          ############################
          Python recognizes 'mmcv.ops.csrc.common.utils.spconv.spconv' as an importable package[^1],
          but it is absent from setuptools' `packages` configuration.

          This leads to an ambiguous overall configuration. If you want to distribute this
          package, please make sure that 'mmcv.ops.csrc.common.utils.spconv.spconv' is explicitly added
          to the `packages` configuration field.

          Alternatively, you can also rely on setuptools' discovery methods
          (for example by using `find_namespace_packages(...)`/`find_namespace:`
          instead of `find_packages(...)`/`find:`).

          You can read more about "package discovery" on setuptools documentation page:

          - https://setuptools.pypa.io/en/latest/userguide/package_discovery.html

          If you don't want 'mmcv.ops.csrc.common.utils.spconv.spconv' to be distributed and are
          already explicitly excluding 'mmcv.ops.csrc.common.utils.spconv.spconv' via
          `find_namespace_packages(...)/find_namespace` or `find_packages(...)/find`,
          you can try to use `exclude_package_data`, or `include-package-data=False` in
          combination with a more fine grained `package-data` configuration.

          You can read more about "package data files" on setuptools documentation page:

          - https://setuptools.pypa.io/en/latest/userguide/datafiles.html


          [^1]: For Python, any directory (with suitable naming) can be imported,
                even if it does not contain any `.py` files.
                On the other hand, currently there is no concept of package data
                directory, all directories are treated like packages.
          ********************************************************************************

  !!
    check.warn(importable)
  /home/taah3149/Documents/Group_Studies/.venv/lib64/python3.11/site-packages/setuptools/command/build_py.py:215: _Warning: Package 'mmcv.ops.csrc.common.utils.spconv.tensorview' is absent from the `packages` configuration.
  !!

          ********************************************************************************
          ############################
          # Package would be ignored #
          ############################
          Python recognizes 'mmcv.ops.csrc.common.utils.spconv.tensorview' as an importable package[^1],
          but it is absent from setuptools' `packages` configuration.

          This leads to an ambiguous overall configuration. If you want to distribute this
          package, please make sure that 'mmcv.ops.csrc.common.utils.spconv.tensorview' is explicitly added
          to the `packages` configuration field.

          Alternatively, you can also rely on setuptools' discovery methods
          (for example by using `find_namespace_packages(...)`/`find_namespace:`
          instead of `find_packages(...)`/`find:`).

          You can read more about "package discovery" on setuptools documentation page:

          - https://setuptools.pypa.io/en/latest/userguide/package_discovery.html

          If you don't want 'mmcv.ops.csrc.common.utils.spconv.tensorview' to be distributed and are
          already explicitly excluding 'mmcv.ops.csrc.common.utils.spconv.tensorview' via
          `find_namespace_packages(...)/find_namespace` or `find_packages(...)/find`,
          you can try to use `exclude_package_data`, or `include-package-data=False` in
          combination with a more fine grained `package-data` configuration.

          You can read more about "package data files" on setuptools documentation page:

          - https://setuptools.pypa.io/en/latest/userguide/datafiles.html


          [^1]: For Python, any directory (with suitable naming) can be imported,
                even if it does not contain any `.py` files.
                On the other hand, currently there is no concept of package data
                directory, all directories are treated like packages.
          ********************************************************************************

  !!
    check.warn(importable)
  /home/taah3149/Documents/Group_Studies/.venv/lib64/python3.11/site-packages/setuptools/command/build_py.py:215: _Warning: Package 'mmcv.ops.csrc.parrots' is absent from the `packages` configuration.
  !!

          ********************************************************************************
          ############################
          # Package would be ignored #
          ############################
          Python recognizes 'mmcv.ops.csrc.parrots' as an importable package[^1],
          but it is absent from setuptools' `packages` configuration.

          This leads to an ambiguous overall configuration. If you want to distribute this
          package, please make sure that 'mmcv.ops.csrc.parrots' is explicitly added
          to the `packages` configuration field.

          Alternatively, you can also rely on setuptools' discovery methods
          (for example by using `find_namespace_packages(...)`/`find_namespace:`
          instead of `find_packages(...)`/`find:`).

          You can read more about "package discovery" on setuptools documentation page:

          - https://setuptools.pypa.io/en/latest/userguide/package_discovery.html

          If you don't want 'mmcv.ops.csrc.parrots' to be distributed and are
          already explicitly excluding 'mmcv.ops.csrc.parrots' via
          `find_namespace_packages(...)/find_namespace` or `find_packages(...)/find`,
          you can try to use `exclude_package_data`, or `include-package-data=False` in
          combination with a more fine grained `package-data` configuration.

          You can read more about "package data files" on setuptools documentation page:

          - https://setuptools.pypa.io/en/latest/userguide/datafiles.html


          [^1]: For Python, any directory (with suitable naming) can be imported,
                even if it does not contain any `.py` files.
                On the other hand, currently there is no concept of package data
                directory, all directories are treated like packages.
          ********************************************************************************

  !!
    check.warn(importable)
  /home/taah3149/Documents/Group_Studies/.venv/lib64/python3.11/site-packages/setuptools/command/build_py.py:215: _Warning: Package 'mmcv.ops.csrc.pytorch' is absent from the `packages` configuration.
  !!

          ********************************************************************************
          ############################
          # Package would be ignored #
          ############################
          Python recognizes 'mmcv.ops.csrc.pytorch' as an importable package[^1],
          but it is absent from setuptools' `packages` configuration.

          This leads to an ambiguous overall configuration. If you want to distribute this
          package, please make sure that 'mmcv.ops.csrc.pytorch' is explicitly added
          to the `packages` configuration field.

          Alternatively, you can also rely on setuptools' discovery methods
          (for example by using `find_namespace_packages(...)`/`find_namespace:`
          instead of `find_packages(...)`/`find:`).

          You can read more about "package discovery" on setuptools documentation page:

          - https://setuptools.pypa.io/en/latest/userguide/package_discovery.html

          If you don't want 'mmcv.ops.csrc.pytorch' to be distributed and are
          already explicitly excluding 'mmcv.ops.csrc.pytorch' via
          `find_namespace_packages(...)/find_namespace` or `find_packages(...)/find`,
          you can try to use `exclude_package_data`, or `include-package-data=False` in
          combination with a more fine grained `package-data` configuration.

          You can read more about "package data files" on setuptools documentation page:

          - https://setuptools.pypa.io/en/latest/userguide/datafiles.html


          [^1]: For Python, any directory (with suitable naming) can be imported,
                even if it does not contain any `.py` files.
                On the other hand, currently there is no concept of package data
                directory, all directories are treated like packages.
          ********************************************************************************

  !!
    check.warn(importable)
  /home/taah3149/Documents/Group_Studies/.venv/lib64/python3.11/site-packages/setuptools/command/build_py.py:215: _Warning: Package 'mmcv.ops.csrc.pytorch.cpu' is absent from the `packages` configuration.
  !!

          ********************************************************************************
          ############################
          # Package would be ignored #
          ############################
          Python recognizes 'mmcv.ops.csrc.pytorch.cpu' as an importable package[^1],
          but it is absent from setuptools' `packages` configuration.

          This leads to an ambiguous overall configuration. If you want to distribute this
          package, please make sure that 'mmcv.ops.csrc.pytorch.cpu' is explicitly added
          to the `packages` configuration field.

          Alternatively, you can also rely on setuptools' discovery methods
          (for example by using `find_namespace_packages(...)`/`find_namespace:`
          instead of `find_packages(...)`/`find:`).

          You can read more about "package discovery" on setuptools documentation page:

          - https://setuptools.pypa.io/en/latest/userguide/package_discovery.html

          If you don't want 'mmcv.ops.csrc.pytorch.cpu' to be distributed and are
          already explicitly excluding 'mmcv.ops.csrc.pytorch.cpu' via
          `find_namespace_packages(...)/find_namespace` or `find_packages(...)/find`,
          you can try to use `exclude_package_data`, or `include-package-data=False` in
          combination with a more fine grained `package-data` configuration.

          You can read more about "package data files" on setuptools documentation page:

          - https://setuptools.pypa.io/en/latest/userguide/datafiles.html


          [^1]: For Python, any directory (with suitable naming) can be imported,
                even if it does not contain any `.py` files.
                On the other hand, currently there is no concept of package data
                directory, all directories are treated like packages.
          ********************************************************************************

  !!
    check.warn(importable)
  /home/taah3149/Documents/Group_Studies/.venv/lib64/python3.11/site-packages/setuptools/command/build_py.py:215: _Warning: Package 'mmcv.ops.csrc.pytorch.cuda' is absent from the `packages` configuration.
  !!

          ********************************************************************************
          ############################
          # Package would be ignored #
          ############################
          Python recognizes 'mmcv.ops.csrc.pytorch.cuda' as an importable package[^1],
          but it is absent from setuptools' `packages` configuration.

          This leads to an ambiguous overall configuration. If you want to distribute this
          package, please make sure that 'mmcv.ops.csrc.pytorch.cuda' is explicitly added
          to the `packages` configuration field.

          Alternatively, you can also rely on setuptools' discovery methods
          (for example by using `find_namespace_packages(...)`/`find_namespace:`
          instead of `find_packages(...)`/`find:`).

          You can read more about "package discovery" on setuptools documentation page:

          - https://setuptools.pypa.io/en/latest/userguide/package_discovery.html

          If you don't want 'mmcv.ops.csrc.pytorch.cuda' to be distributed and are
          already explicitly excluding 'mmcv.ops.csrc.pytorch.cuda' via
          `find_namespace_packages(...)/find_namespace` or `find_packages(...)/find`,
          you can try to use `exclude_package_data`, or `include-package-data=False` in
          combination with a more fine grained `package-data` configuration.

          You can read more about "package data files" on setuptools documentation page:

          - https://setuptools.pypa.io/en/latest/userguide/datafiles.html


          [^1]: For Python, any directory (with suitable naming) can be imported,
                even if it does not contain any `.py` files.
                On the other hand, currently there is no concept of package data
                directory, all directories are treated like packages.
          ********************************************************************************

  !!
    check.warn(importable)
  /home/taah3149/Documents/Group_Studies/.venv/lib64/python3.11/site-packages/setuptools/command/build_py.py:215: _Warning: Package 'mmcv.ops.csrc.pytorch.mlu' is absent from the `packages` configuration.
  !!

          ********************************************************************************
          ############################
          # Package would be ignored #
          ############################
          Python recognizes 'mmcv.ops.csrc.pytorch.mlu' as an importable package[^1],
          but it is absent from setuptools' `packages` configuration.

          This leads to an ambiguous overall configuration. If you want to distribute this
          package, please make sure that 'mmcv.ops.csrc.pytorch.mlu' is explicitly added
          to the `packages` configuration field.

          Alternatively, you can also rely on setuptools' discovery methods
          (for example by using `find_namespace_packages(...)`/`find_namespace:`
          instead of `find_packages(...)`/`find:`).

          You can read more about "package discovery" on setuptools documentation page:

          - https://setuptools.pypa.io/en/latest/userguide/package_discovery.html

          If you don't want 'mmcv.ops.csrc.pytorch.mlu' to be distributed and are
          already explicitly excluding 'mmcv.ops.csrc.pytorch.mlu' via
          `find_namespace_packages(...)/find_namespace` or `find_packages(...)/find`,
          you can try to use `exclude_package_data`, or `include-package-data=False` in
          combination with a more fine grained `package-data` configuration.

          You can read more about "package data files" on setuptools documentation page:

          - https://setuptools.pypa.io/en/latest/userguide/datafiles.html


          [^1]: For Python, any directory (with suitable naming) can be imported,
                even if it does not contain any `.py` files.
                On the other hand, currently there is no concept of package data
                directory, all directories are treated like packages.
          ********************************************************************************

  !!
    check.warn(importable)
  /home/taah3149/Documents/Group_Studies/.venv/lib64/python3.11/site-packages/setuptools/command/build_py.py:215: _Warning: Package 'mmcv.ops.csrc.pytorch.mps' is absent from the `packages` configuration.
  !!

          ********************************************************************************
          ############################
          # Package would be ignored #
          ############################
          Python recognizes 'mmcv.ops.csrc.pytorch.mps' as an importable package[^1],
          but it is absent from setuptools' `packages` configuration.

          This leads to an ambiguous overall configuration. If you want to distribute this
          package, please make sure that 'mmcv.ops.csrc.pytorch.mps' is explicitly added
          to the `packages` configuration field.

          Alternatively, you can also rely on setuptools' discovery methods
          (for example by using `find_namespace_packages(...)`/`find_namespace:`
          instead of `find_packages(...)`/`find:`).

          You can read more about "package discovery" on setuptools documentation page:

          - https://setuptools.pypa.io/en/latest/userguide/package_discovery.html

          If you don't want 'mmcv.ops.csrc.pytorch.mps' to be distributed and are
          already explicitly excluding 'mmcv.ops.csrc.pytorch.mps' via
          `find_namespace_packages(...)/find_namespace` or `find_packages(...)/find`,
          you can try to use `exclude_package_data`, or `include-package-data=False` in
          combination with a more fine grained `package-data` configuration.

          You can read more about "package data files" on setuptools documentation page:

          - https://setuptools.pypa.io/en/latest/userguide/datafiles.html


          [^1]: For Python, any directory (with suitable naming) can be imported,
                even if it does not contain any `.py` files.
                On the other hand, currently there is no concept of package data
                directory, all directories are treated like packages.
          ********************************************************************************

  !!
    check.warn(importable)
  /home/taah3149/Documents/Group_Studies/.venv/lib64/python3.11/site-packages/setuptools/command/build_py.py:215: _Warning: Package 'mmcv.ops.csrc.pytorch.npu' is absent from the `packages` configuration.
  !!

          ********************************************************************************
          ############################
          # Package would be ignored #
          ############################
          Python recognizes 'mmcv.ops.csrc.pytorch.npu' as an importable package[^1],
          but it is absent from setuptools' `packages` configuration.

          This leads to an ambiguous overall configuration. If you want to distribute this
          package, please make sure that 'mmcv.ops.csrc.pytorch.npu' is explicitly added
          to the `packages` configuration field.

          Alternatively, you can also rely on setuptools' discovery methods
          (for example by using `find_namespace_packages(...)`/`find_namespace:`
          instead of `find_packages(...)`/`find:`).

          You can read more about "package discovery" on setuptools documentation page:

          - https://setuptools.pypa.io/en/latest/userguide/package_discovery.html

          If you don't want 'mmcv.ops.csrc.pytorch.npu' to be distributed and are
          already explicitly excluding 'mmcv.ops.csrc.pytorch.npu' via
          `find_namespace_packages(...)/find_namespace` or `find_packages(...)/find`,
          you can try to use `exclude_package_data`, or `include-package-data=False` in
          combination with a more fine grained `package-data` configuration.

          You can read more about "package data files" on setuptools documentation page:

          - https://setuptools.pypa.io/en/latest/userguide/datafiles.html


          [^1]: For Python, any directory (with suitable naming) can be imported,
                even if it does not contain any `.py` files.
                On the other hand, currently there is no concept of package data
                directory, all directories are treated like packages.
          ********************************************************************************

  !!
    check.warn(importable)
  creating build/lib.linux-x86_64-cpython-311/mmcv/ops/csrc
  creating build/lib.linux-x86_64-cpython-311/mmcv/ops/csrc/common
  copying mmcv/ops/csrc/common/box_iou_rotated_utils.hpp -> build/lib.linux-x86_64-cpython-311/mmcv/ops/csrc/common
  copying mmcv/ops/csrc/common/parrots_cpp_helper.hpp -> build/lib.linux-x86_64-cpython-311/mmcv/ops/csrc/common
  copying mmcv/ops/csrc/common/parrots_cuda_helper.hpp -> build/lib.linux-x86_64-cpython-311/mmcv/ops/csrc/common
  copying mmcv/ops/csrc/common/pytorch_cpp_helper.hpp -> build/lib.linux-x86_64-cpython-311/mmcv/ops/csrc/common
  copying mmcv/ops/csrc/common/pytorch_cuda_helper.hpp -> build/lib.linux-x86_64-cpython-311/mmcv/ops/csrc/common
  copying mmcv/ops/csrc/common/pytorch_device_registry.hpp -> build/lib.linux-x86_64-cpython-311/mmcv/ops/csrc/common
  copying mmcv/ops/csrc/common/pytorch_mlu_helper.hpp -> build/lib.linux-x86_64-cpython-311/mmcv/ops/csrc/common
  copying mmcv/ops/csrc/common/pytorch_npu_helper.hpp -> build/lib.linux-x86_64-cpython-311/mmcv/ops/csrc/common
  copying mmcv/ops/csrc/common/pytorch_npu_util.hpp -> build/lib.linux-x86_64-cpython-311/mmcv/ops/csrc/common
  creating build/lib.linux-x86_64-cpython-311/mmcv/ops/csrc/common/cuda
  copying mmcv/ops/csrc/common/cuda/active_rotated_filter_cuda_kernel.cuh -> build/lib.linux-x86_64-cpython-311/mmcv/ops/csrc/common/cuda
  copying mmcv/ops/csrc/common/cuda/assign_score_withk_cuda_kernel.cuh -> build/lib.linux-x86_64-cpython-311/mmcv/ops/csrc/common/cuda
  copying mmcv/ops/csrc/common/cuda/ball_query_cuda_kernel.cuh -> build/lib.linux-x86_64-cpython-311/mmcv/ops/csrc/common/cuda
  copying mmcv/ops/csrc/common/cuda/bbox_overlaps_cuda_kernel.cuh -> build/lib.linux-x86_64-cpython-311/mmcv/ops/csrc/common/cuda
  copying mmcv/ops/csrc/common/cuda/bezier_align_cuda_kernel.cuh -> build/lib.linux-x86_64-cpython-311/mmcv/ops/csrc/common/cuda
  copying mmcv/ops/csrc/common/cuda/border_align_cuda_kernel.cuh -> build/lib.linux-x86_64-cpython-311/mmcv/ops/csrc/common/cuda
  copying mmcv/ops/csrc/common/cuda/box_iou_quadri_cuda.cuh -> build/lib.linux-x86_64-cpython-311/mmcv/ops/csrc/common/cuda
  copying mmcv/ops/csrc/common/cuda/box_iou_rotated_cuda.cuh -> build/lib.linux-x86_64-cpython-311/mmcv/ops/csrc/common/cuda
  copying mmcv/ops/csrc/common/cuda/carafe_cuda_kernel.cuh -> build/lib.linux-x86_64-cpython-311/mmcv/ops/csrc/common/cuda
  copying mmcv/ops/csrc/common/cuda/carafe_naive_cuda_kernel.cuh -> build/lib.linux-x86_64-cpython-311/mmcv/ops/csrc/common/cuda
  copying mmcv/ops/csrc/common/cuda/chamfer_distance_cuda_kernel.cuh -> build/lib.linux-x86_64-cpython-311/mmcv/ops/csrc/common/cuda
  copying mmcv/ops/csrc/common/cuda/common_cuda_helper.hpp -> build/lib.linux-x86_64-cpython-311/mmcv/ops/csrc/common/cuda
  copying mmcv/ops/csrc/common/cuda/convex_iou_cuda_kernel.cuh -> build/lib.linux-x86_64-cpython-311/mmcv/ops/csrc/common/cuda
  copying mmcv/ops/csrc/common/cuda/correlation_cuda.cuh -> build/lib.linux-x86_64-cpython-311/mmcv/ops/csrc/common/cuda
  copying mmcv/ops/csrc/common/cuda/deform_conv_cuda_kernel.cuh -> build/lib.linux-x86_64-cpython-311/mmcv/ops/csrc/common/cuda
  copying mmcv/ops/csrc/common/cuda/deform_roi_pool_cuda_kernel.cuh -> build/lib.linux-x86_64-cpython-311/mmcv/ops/csrc/common/cuda
  copying mmcv/ops/csrc/common/cuda/diff_iou_rotated_cuda_kernel.cuh -> build/lib.linux-x86_64-cpython-311/mmcv/ops/csrc/common/cuda
  copying mmcv/ops/csrc/common/cuda/furthest_point_sample_cuda_kernel.cuh -> build/lib.linux-x86_64-cpython-311/mmcv/ops/csrc/common/cuda
  copying mmcv/ops/csrc/common/cuda/gather_points_cuda_kernel.cuh -> build/lib.linux-x86_64-cpython-311/mmcv/ops/csrc/common/cuda
  copying mmcv/ops/csrc/common/cuda/group_points_cuda_kernel.cuh -> build/lib.linux-x86_64-cpython-311/mmcv/ops/csrc/common/cuda
  copying mmcv/ops/csrc/common/cuda/iou3d_cuda_kernel.cuh -> build/lib.linux-x86_64-cpython-311/mmcv/ops/csrc/common/cuda
  copying mmcv/ops/csrc/common/cuda/knn_cuda_kernel.cuh -> build/lib.linux-x86_64-cpython-311/mmcv/ops/csrc/common/cuda
  copying mmcv/ops/csrc/common/cuda/masked_conv2d_cuda_kernel.cuh -> build/lib.linux-x86_64-cpython-311/mmcv/ops/csrc/common/cuda
  copying mmcv/ops/csrc/common/cuda/min_area_polygons_cuda.cuh -> build/lib.linux-x86_64-cpython-311/mmcv/ops/csrc/common/cuda
  copying mmcv/ops/csrc/common/cuda/modulated_deform_conv_cuda_kernel.cuh -> build/lib.linux-x86_64-cpython-311/mmcv/ops/csrc/common/cuda
  copying mmcv/ops/csrc/common/cuda/ms_deform_attn_cuda_kernel.cuh -> build/lib.linux-x86_64-cpython-311/mmcv/ops/csrc/common/cuda
  copying mmcv/ops/csrc/common/cuda/nms_cuda_kernel.cuh -> build/lib.linux-x86_64-cpython-311/mmcv/ops/csrc/common/cuda
  copying mmcv/ops/csrc/common/cuda/nms_quadri_cuda.cuh -> build/lib.linux-x86_64-cpython-311/mmcv/ops/csrc/common/cuda
  copying mmcv/ops/csrc/common/cuda/nms_rotated_cuda.cuh -> build/lib.linux-x86_64-cpython-311/mmcv/ops/csrc/common/cuda
  copying mmcv/ops/csrc/common/cuda/parrots_cudawarpfunction.cuh -> build/lib.linux-x86_64-cpython-311/mmcv/ops/csrc/common/cuda
  copying mmcv/ops/csrc/common/cuda/points_in_boxes_cuda_kernel.cuh -> build/lib.linux-x86_64-cpython-311/mmcv/ops/csrc/common/cuda
  copying mmcv/ops/csrc/common/cuda/points_in_polygons_cuda_kernel.cuh -> build/lib.linux-x86_64-cpython-311/mmcv/ops/csrc/common/cuda
  copying mmcv/ops/csrc/common/cuda/prroi_pool_cuda_kernel.cuh -> build/lib.linux-x86_64-cpython-311/mmcv/ops/csrc/common/cuda
  copying mmcv/ops/csrc/common/cuda/psamask_cuda_kernel.cuh -> build/lib.linux-x86_64-cpython-311/mmcv/ops/csrc/common/cuda
  copying mmcv/ops/csrc/common/cuda/riroi_align_rotated_cuda_kernel.cuh -> build/lib.linux-x86_64-cpython-311/mmcv/ops/csrc/common/cuda
  copying mmcv/ops/csrc/common/cuda/roi_align_cuda_kernel.cuh -> build/lib.linux-x86_64-cpython-311/mmcv/ops/csrc/common/cuda
  copying mmcv/ops/csrc/common/cuda/roi_align_rotated_cuda_kernel.cuh -> build/lib.linux-x86_64-cpython-311/mmcv/ops/csrc/common/cuda
  copying mmcv/ops/csrc/common/cuda/roi_pool_cuda_kernel.cuh -> build/lib.linux-x86_64-cpython-311/mmcv/ops/csrc/common/cuda
  copying mmcv/ops/csrc/common/cuda/roiaware_pool3d_cuda_kernel.cuh -> build/lib.linux-x86_64-cpython-311/mmcv/ops/csrc/common/cuda
  copying mmcv/ops/csrc/common/cuda/roipoint_pool3d_cuda_kernel.cuh -> build/lib.linux-x86_64-cpython-311/mmcv/ops/csrc/common/cuda
  copying mmcv/ops/csrc/common/cuda/rotated_feature_align_cuda_kernel.cuh -> build/lib.linux-x86_64-cpython-311/mmcv/ops/csrc/common/cuda
  copying mmcv/ops/csrc/common/cuda/scatter_points_cuda_kernel.cuh -> build/lib.linux-x86_64-cpython-311/mmcv/ops/csrc/common/cuda
  copying mmcv/ops/csrc/common/cuda/sigmoid_focal_loss_cuda_kernel.cuh -> build/lib.linux-x86_64-cpython-311/mmcv/ops/csrc/common/cuda
  copying mmcv/ops/csrc/common/cuda/softmax_focal_loss_cuda_kernel.cuh -> build/lib.linux-x86_64-cpython-311/mmcv/ops/csrc/common/cuda
  copying mmcv/ops/csrc/common/cuda/stack_ball_query_cuda_kernel.cuh -> build/lib.linux-x86_64-cpython-311/mmcv/ops/csrc/common/cuda
  copying mmcv/ops/csrc/common/cuda/stack_group_points_cuda_kernel.cuh -> build/lib.linux-x86_64-cpython-311/mmcv/ops/csrc/common/cuda
  copying mmcv/ops/csrc/common/cuda/sync_bn_cuda_kernel.cuh -> build/lib.linux-x86_64-cpython-311/mmcv/ops/csrc/common/cuda
  copying mmcv/ops/csrc/common/cuda/three_interpolate_cuda_kernel.cuh -> build/lib.linux-x86_64-cpython-311/mmcv/ops/csrc/common/cuda
  copying mmcv/ops/csrc/common/cuda/three_nn_cuda_kernel.cuh -> build/lib.linux-x86_64-cpython-311/mmcv/ops/csrc/common/cuda
  copying mmcv/ops/csrc/common/cuda/tin_shift_cuda_kernel.cuh -> build/lib.linux-x86_64-cpython-311/mmcv/ops/csrc/common/cuda
  copying mmcv/ops/csrc/common/cuda/voxelization_cuda_kernel.cuh -> build/lib.linux-x86_64-cpython-311/mmcv/ops/csrc/common/cuda
  creating build/lib.linux-x86_64-cpython-311/mmcv/ops/csrc/common/cuda/spconv
  copying mmcv/ops/csrc/common/cuda/spconv/indice.cuh -> build/lib.linux-x86_64-cpython-311/mmcv/ops/csrc/common/cuda/spconv
  copying mmcv/ops/csrc/common/cuda/spconv/reordering.cuh -> build/lib.linux-x86_64-cpython-311/mmcv/ops/csrc/common/cuda/spconv
  creating build/lib.linux-x86_64-cpython-311/mmcv/ops/csrc/common/mlu
  copying mmcv/ops/csrc/common/mlu/common_mlu_helper.hpp -> build/lib.linux-x86_64-cpython-311/mmcv/ops/csrc/common/mlu
  creating build/lib.linux-x86_64-cpython-311/mmcv/ops/csrc/common/mps
  copying mmcv/ops/csrc/common/mps/MPSDevice.h -> build/lib.linux-x86_64-cpython-311/mmcv/ops/csrc/common/mps
  copying mmcv/ops/csrc/common/mps/MPSLibrary.h -> build/lib.linux-x86_64-cpython-311/mmcv/ops/csrc/common/mps
  copying mmcv/ops/csrc/common/mps/MPSLibrary.mm -> build/lib.linux-x86_64-cpython-311/mmcv/ops/csrc/common/mps
  copying mmcv/ops/csrc/common/mps/MPSStream.h -> build/lib.linux-x86_64-cpython-311/mmcv/ops/csrc/common/mps
  copying mmcv/ops/csrc/common/mps/MPSUtils.h -> build/lib.linux-x86_64-cpython-311/mmcv/ops/csrc/common/mps
  creating build/lib.linux-x86_64-cpython-311/mmcv/ops/csrc/common/utils
  creating build/lib.linux-x86_64-cpython-311/mmcv/ops/csrc/common/utils/spconv
  copying mmcv/ops/csrc/common/utils/spconv/paramsgrid.h -> build/lib.linux-x86_64-cpython-311/mmcv/ops/csrc/common/utils/spconv
  copying mmcv/ops/csrc/common/utils/spconv/prettyprint.h -> build/lib.linux-x86_64-cpython-311/mmcv/ops/csrc/common/utils/spconv
  copying mmcv/ops/csrc/common/utils/spconv/pybind11_utils.h -> build/lib.linux-x86_64-cpython-311/mmcv/ops/csrc/common/utils/spconv
  creating build/lib.linux-x86_64-cpython-311/mmcv/ops/csrc/common/utils/spconv/spconv
  copying mmcv/ops/csrc/common/utils/spconv/spconv/geometry.h -> build/lib.linux-x86_64-cpython-311/mmcv/ops/csrc/common/utils/spconv/spconv
  copying mmcv/ops/csrc/common/utils/spconv/spconv/indice.h -> build/lib.linux-x86_64-cpython-311/mmcv/ops/csrc/common/utils/spconv/spconv
  copying mmcv/ops/csrc/common/utils/spconv/spconv/maxpool.h -> build/lib.linux-x86_64-cpython-311/mmcv/ops/csrc/common/utils/spconv/spconv
  copying mmcv/ops/csrc/common/utils/spconv/spconv/mp_helper.h -> build/lib.linux-x86_64-cpython-311/mmcv/ops/csrc/common/utils/spconv/spconv
  copying mmcv/ops/csrc/common/utils/spconv/spconv/point2voxel.h -> build/lib.linux-x86_64-cpython-311/mmcv/ops/csrc/common/utils/spconv/spconv
  copying mmcv/ops/csrc/common/utils/spconv/spconv/reordering.h -> build/lib.linux-x86_64-cpython-311/mmcv/ops/csrc/common/utils/spconv/spconv
  creating build/lib.linux-x86_64-cpython-311/mmcv/ops/csrc/common/utils/spconv/tensorview
  copying mmcv/ops/csrc/common/utils/spconv/tensorview/helper_kernel.cuh -> build/lib.linux-x86_64-cpython-311/mmcv/ops/csrc/common/utils/spconv/tensorview
  copying mmcv/ops/csrc/common/utils/spconv/tensorview/helper_launch.h -> build/lib.linux-x86_64-cpython-311/mmcv/ops/csrc/common/utils/spconv/tensorview
  copying mmcv/ops/csrc/common/utils/spconv/tensorview/tensorview.h -> build/lib.linux-x86_64-cpython-311/mmcv/ops/csrc/common/utils/spconv/tensorview
  creating build/lib.linux-x86_64-cpython-311/mmcv/ops/csrc/parrots
  copying mmcv/ops/csrc/parrots/active_rotated_filter.cpp -> build/lib.linux-x86_64-cpython-311/mmcv/ops/csrc/parrots
  copying mmcv/ops/csrc/parrots/active_rotated_filter_parrots.cpp -> build/lib.linux-x86_64-cpython-311/mmcv/ops/csrc/parrots
  copying mmcv/ops/csrc/parrots/active_rotated_filter_pytorch.h -> build/lib.linux-x86_64-cpython-311/mmcv/ops/csrc/parrots
  copying mmcv/ops/csrc/parrots/assign_score_withk.cpp -> build/lib.linux-x86_64-cpython-311/mmcv/ops/csrc/parrots
  copying mmcv/ops/csrc/parrots/assign_score_withk_parrots.cpp -> build/lib.linux-x86_64-cpython-311/mmcv/ops/csrc/parrots
  copying mmcv/ops/csrc/parrots/assign_score_withk_pytorch.h -> build/lib.linux-x86_64-cpython-311/mmcv/ops/csrc/parrots
  copying mmcv/ops/csrc/parrots/ball_query._parrots.cpp -> build/lib.linux-x86_64-cpython-311/mmcv/ops/csrc/parrots
  copying mmcv/ops/csrc/parrots/ball_query.cpp -> build/lib.linux-x86_64-cpython-311/mmcv/ops/csrc/parrots
  copying mmcv/ops/csrc/parrots/ball_query_pytorch.h -> build/lib.linux-x86_64-cpython-311/mmcv/ops/csrc/parrots
  copying mmcv/ops/csrc/parrots/bbox_overlaps.cpp -> build/lib.linux-x86_64-cpython-311/mmcv/ops/csrc/parrots
  copying mmcv/ops/csrc/parrots/bbox_overlaps_parrots.cpp -> build/lib.linux-x86_64-cpython-311/mmcv/ops/csrc/parrots
  copying mmcv/ops/csrc/parrots/bbox_overlaps_pytorch.h -> build/lib.linux-x86_64-cpython-311/mmcv/ops/csrc/parrots
  copying mmcv/ops/csrc/parrots/border_align.cpp -> build/lib.linux-x86_64-cpython-311/mmcv/ops/csrc/parrots
  copying mmcv/ops/csrc/parrots/border_align_parrots.cpp -> build/lib.linux-x86_64-cpython-311/mmcv/ops/csrc/parrots
  copying mmcv/ops/csrc/parrots/border_align_pytorch.h -> build/lib.linux-x86_64-cpython-311/mmcv/ops/csrc/parrots
  copying mmcv/ops/csrc/parrots/box_iou_rotated.cpp -> build/lib.linux-x86_64-cpython-311/mmcv/ops/csrc/parrots
  copying mmcv/ops/csrc/parrots/box_iou_rotated_parrots.cpp -> build/lib.linux-x86_64-cpython-311/mmcv/ops/csrc/parrots
  copying mmcv/ops/csrc/parrots/box_iou_rotated_pytorch.h -> build/lib.linux-x86_64-cpython-311/mmcv/ops/csrc/parrots
  copying mmcv/ops/csrc/parrots/carafe.cpp -> build/lib.linux-x86_64-cpython-311/mmcv/ops/csrc/parrots
  copying mmcv/ops/csrc/parrots/carafe_naive.cpp -> build/lib.linux-x86_64-cpython-311/mmcv/ops/csrc/parrots
  copying mmcv/ops/csrc/parrots/carafe_naive_parrots.cpp -> build/lib.linux-x86_64-cpython-311/mmcv/ops/csrc/parrots
  copying mmcv/ops/csrc/parrots/carafe_naive_pytorch.h -> build/lib.linux-x86_64-cpython-311/mmcv/ops/csrc/parrots
  copying mmcv/ops/csrc/parrots/carafe_parrots.cpp -> build/lib.linux-x86_64-cpython-311/mmcv/ops/csrc/parrots
  copying mmcv/ops/csrc/parrots/carafe_pytorch.h -> build/lib.linux-x86_64-cpython-311/mmcv/ops/csrc/parrots
  copying mmcv/ops/csrc/parrots/chamfer_distance.cpp -> build/lib.linux-x86_64-cpython-311/mmcv/ops/csrc/parrots
  copying mmcv/ops/csrc/parrots/chamfer_distance_parrots.cpp -> build/lib.linux-x86_64-cpython-311/mmcv/ops/csrc/parrots
  copying mmcv/ops/csrc/parrots/chamfer_distance_pytorch.h -> build/lib.linux-x86_64-cpython-311/mmcv/ops/csrc/parrots
  copying mmcv/ops/csrc/parrots/contour_expand.cpp -> build/lib.linux-x86_64-cpython-311/mmcv/ops/csrc/parrots
  copying mmcv/ops/csrc/parrots/contour_expand_parrots.cpp -> build/lib.linux-x86_64-cpython-311/mmcv/ops/csrc/parrots
  copying mmcv/ops/csrc/parrots/contour_expand_pytorch.h -> build/lib.linux-x86_64-cpython-311/mmcv/ops/csrc/parrots
  copying mmcv/ops/csrc/parrots/convex_iou.cpp -> build/lib.linux-x86_64-cpython-311/mmcv/ops/csrc/parrots
  copying mmcv/ops/csrc/parrots/convex_iou_parrots.cpp -> build/lib.linux-x86_64-cpython-311/mmcv/ops/csrc/parrots
  copying mmcv/ops/csrc/parrots/convex_iou_pytorch.h -> build/lib.linux-x86_64-cpython-311/mmcv/ops/csrc/parrots
  copying mmcv/ops/csrc/parrots/correlation.cpp -> build/lib.linux-x86_64-cpython-311/mmcv/ops/csrc/parrots
  copying mmcv/ops/csrc/parrots/correlation_parrots.cpp -> build/lib.linux-x86_64-cpython-311/mmcv/ops/csrc/parrots
  copying mmcv/ops/csrc/parrots/correlation_pytorch.h -> build/lib.linux-x86_64-cpython-311/mmcv/ops/csrc/parrots
  copying mmcv/ops/csrc/parrots/cudabind.cpp -> build/lib.linux-x86_64-cpython-311/mmcv/ops/csrc/parrots
  copying mmcv/ops/csrc/parrots/deform_conv.cpp -> build/lib.linux-x86_64-cpython-311/mmcv/ops/csrc/parrots
  copying mmcv/ops/csrc/parrots/deform_conv_parrots.cpp -> build/lib.linux-x86_64-cpython-311/mmcv/ops/csrc/parrots
  copying mmcv/ops/csrc/parrots/deform_conv_pytorch.h -> build/lib.linux-x86_64-cpython-311/mmcv/ops/csrc/parrots
  copying mmcv/ops/csrc/parrots/deform_roi_pool.cpp -> build/lib.linux-x86_64-cpython-311/mmcv/ops/csrc/parrots
  copying mmcv/ops/csrc/parrots/deform_roi_pool_parrots.cpp -> build/lib.linux-x86_64-cpython-311/mmcv/ops/csrc/parrots
  copying mmcv/ops/csrc/parrots/deform_roi_pool_pytorch.h -> build/lib.linux-x86_64-cpython-311/mmcv/ops/csrc/parrots
  copying mmcv/ops/csrc/parrots/diff_iou_rotated.cpp -> build/lib.linux-x86_64-cpython-311/mmcv/ops/csrc/parrots
  copying mmcv/ops/csrc/parrots/diff_iou_rotated_parrots.cpp -> build/lib.linux-x86_64-cpython-311/mmcv/ops/csrc/parrots
  copying mmcv/ops/csrc/parrots/diff_iou_rotated_pytorch.h -> build/lib.linux-x86_64-cpython-311/mmcv/ops/csrc/parrots
  copying mmcv/ops/csrc/parrots/focal_loss.cpp -> build/lib.linux-x86_64-cpython-311/mmcv/ops/csrc/parrots
  copying mmcv/ops/csrc/parrots/focal_loss_parrots.cpp -> build/lib.linux-x86_64-cpython-311/mmcv/ops/csrc/parrots
  copying mmcv/ops/csrc/parrots/focal_loss_pytorch.h -> build/lib.linux-x86_64-cpython-311/mmcv/ops/csrc/parrots
  copying mmcv/ops/csrc/parrots/furthest_point_sample.cpp -> build/lib.linux-x86_64-cpython-311/mmcv/ops/csrc/parrots
  copying mmcv/ops/csrc/parrots/furthest_point_sample_parrots.cpp -> build/lib.linux-x86_64-cpython-311/mmcv/ops/csrc/parrots
  copying mmcv/ops/csrc/parrots/furthest_point_sample_pytorch.h -> build/lib.linux-x86_64-cpython-311/mmcv/ops/csrc/parrots
  copying mmcv/ops/csrc/parrots/fused_bias_leakyrelu.cpp -> build/lib.linux-x86_64-cpython-311/mmcv/ops/csrc/parrots
  copying mmcv/ops/csrc/parrots/fused_bias_parrots.cpp -> build/lib.linux-x86_64-cpython-311/mmcv/ops/csrc/parrots
  copying mmcv/ops/csrc/parrots/gather_points.cpp -> build/lib.linux-x86_64-cpython-311/mmcv/ops/csrc/parrots
  copying mmcv/ops/csrc/parrots/gather_points_parrots.cpp -> build/lib.linux-x86_64-cpython-311/mmcv/ops/csrc/parrots
  copying mmcv/ops/csrc/parrots/gather_points_pytorch.h -> build/lib.linux-x86_64-cpython-311/mmcv/ops/csrc/parrots
  copying mmcv/ops/csrc/parrots/group_points.cpp -> build/lib.linux-x86_64-cpython-311/mmcv/ops/csrc/parrots
  copying mmcv/ops/csrc/parrots/group_points_parrots.cpp -> build/lib.linux-x86_64-cpython-311/mmcv/ops/csrc/parrots
  copying mmcv/ops/csrc/parrots/group_points_pytorch.h -> build/lib.linux-x86_64-cpython-311/mmcv/ops/csrc/parrots
  copying mmcv/ops/csrc/parrots/info.cpp -> build/lib.linux-x86_64-cpython-311/mmcv/ops/csrc/parrots
  copying mmcv/ops/csrc/parrots/iou3d.cpp -> build/lib.linux-x86_64-cpython-311/mmcv/ops/csrc/parrots
  copying mmcv/ops/csrc/parrots/iou3d_parrots.cpp -> build/lib.linux-x86_64-cpython-311/mmcv/ops/csrc/parrots
  copying mmcv/ops/csrc/parrots/iou3d_pytorch.h -> build/lib.linux-x86_64-cpython-311/mmcv/ops/csrc/parrots
  copying mmcv/ops/csrc/parrots/knn.cpp -> build/lib.linux-x86_64-cpython-311/mmcv/ops/csrc/parrots
  copying mmcv/ops/csrc/parrots/knn_parrots.cpp -> build/lib.linux-x86_64-cpython-311/mmcv/ops/csrc/parrots
  copying mmcv/ops/csrc/parrots/knn_pytorch.h -> build/lib.linux-x86_64-cpython-311/mmcv/ops/csrc/parrots
  copying mmcv/ops/csrc/parrots/masked_conv2d.cpp -> build/lib.linux-x86_64-cpython-311/mmcv/ops/csrc/parrots
  copying mmcv/ops/csrc/parrots/masked_conv2d_parrots.cpp -> build/lib.linux-x86_64-cpython-311/mmcv/ops/csrc/parrots
  copying mmcv/ops/csrc/parrots/masked_conv2d_pytorch.h -> build/lib.linux-x86_64-cpython-311/mmcv/ops/csrc/parrots
  copying mmcv/ops/csrc/parrots/min_area_polygons.cpp -> build/lib.linux-x86_64-cpython-311/mmcv/ops/csrc/parrots
  copying mmcv/ops/csrc/parrots/min_area_polygons_parrots.cpp -> build/lib.linux-x86_64-cpython-311/mmcv/ops/csrc/parrots
  copying mmcv/ops/csrc/parrots/min_area_polygons_pytorch.h -> build/lib.linux-x86_64-cpython-311/mmcv/ops/csrc/parrots
  copying mmcv/ops/csrc/parrots/modulated_deform_conv.cpp -> build/lib.linux-x86_64-cpython-311/mmcv/ops/csrc/parrots
  copying mmcv/ops/csrc/parrots/modulated_deform_conv_parrots.cpp -> build/lib.linux-x86_64-cpython-311/mmcv/ops/csrc/parrots
  copying mmcv/ops/csrc/parrots/modulated_deform_conv_pytorch.h -> build/lib.linux-x86_64-cpython-311/mmcv/ops/csrc/parrots
  copying mmcv/ops/csrc/parrots/ms_deform_attn.cpp -> build/lib.linux-x86_64-cpython-311/mmcv/ops/csrc/parrots
  copying mmcv/ops/csrc/parrots/ms_deform_attn_parrots.cpp -> build/lib.linux-x86_64-cpython-311/mmcv/ops/csrc/parrots
  copying mmcv/ops/csrc/parrots/nms.cpp -> build/lib.linux-x86_64-cpython-311/mmcv/ops/csrc/parrots
  copying mmcv/ops/csrc/parrots/nms_parrots.cpp -> build/lib.linux-x86_64-cpython-311/mmcv/ops/csrc/parrots
  copying mmcv/ops/csrc/parrots/nms_pytorch.h -> build/lib.linux-x86_64-cpython-311/mmcv/ops/csrc/parrots
  copying mmcv/ops/csrc/parrots/nms_rotated.cpp -> build/lib.linux-x86_64-cpython-311/mmcv/ops/csrc/parrots
  copying mmcv/ops/csrc/parrots/pixel_group.cpp -> build/lib.linux-x86_64-cpython-311/mmcv/ops/csrc/parrots
  copying mmcv/ops/csrc/parrots/pixel_group_parrots.cpp -> build/lib.linux-x86_64-cpython-311/mmcv/ops/csrc/parrots
  copying mmcv/ops/csrc/parrots/pixel_group_pytorch.h -> build/lib.linux-x86_64-cpython-311/mmcv/ops/csrc/parrots
  copying mmcv/ops/csrc/parrots/points_in_boxes.cpp -> build/lib.linux-x86_64-cpython-311/mmcv/ops/csrc/parrots
  copying mmcv/ops/csrc/parrots/points_in_boxes_parrots.cpp -> build/lib.linux-x86_64-cpython-311/mmcv/ops/csrc/parrots
  copying mmcv/ops/csrc/parrots/points_in_boxes_pytorch.h -> build/lib.linux-x86_64-cpython-311/mmcv/ops/csrc/parrots
  copying mmcv/ops/csrc/parrots/points_in_polygons.cpp -> build/lib.linux-x86_64-cpython-311/mmcv/ops/csrc/parrots
  copying mmcv/ops/csrc/parrots/points_in_polygons_parrots.cpp -> build/lib.linux-x86_64-cpython-311/mmcv/ops/csrc/parrots
  copying mmcv/ops/csrc/parrots/points_in_polygons_pytorch.h -> build/lib.linux-x86_64-cpython-311/mmcv/ops/csrc/parrots
  copying mmcv/ops/csrc/parrots/prroi_pool.cpp -> build/lib.linux-x86_64-cpython-311/mmcv/ops/csrc/parrots
  copying mmcv/ops/csrc/parrots/prroi_pool_parrots.cpp -> build/lib.linux-x86_64-cpython-311/mmcv/ops/csrc/parrots
  copying mmcv/ops/csrc/parrots/prroi_pool_pytorch.h -> build/lib.linux-x86_64-cpython-311/mmcv/ops/csrc/parrots
  copying mmcv/ops/csrc/parrots/psamask.cpp -> build/lib.linux-x86_64-cpython-311/mmcv/ops/csrc/parrots
  copying mmcv/ops/csrc/parrots/psamask_parrots.cpp -> build/lib.linux-x86_64-cpython-311/mmcv/ops/csrc/parrots
  copying mmcv/ops/csrc/parrots/psamask_pytorch.h -> build/lib.linux-x86_64-cpython-311/mmcv/ops/csrc/parrots
  copying mmcv/ops/csrc/parrots/riroi_align_rotated.cpp -> build/lib.linux-x86_64-cpython-311/mmcv/ops/csrc/parrots
  copying mmcv/ops/csrc/parrots/riroi_align_rotated_parrots.cpp -> build/lib.linux-x86_64-cpython-311/mmcv/ops/csrc/parrots
  copying mmcv/ops/csrc/parrots/riroi_align_rotated_pytorch.h -> build/lib.linux-x86_64-cpython-311/mmcv/ops/csrc/parrots
  copying mmcv/ops/csrc/parrots/roi_align.cpp -> build/lib.linux-x86_64-cpython-311/mmcv/ops/csrc/parrots
  copying mmcv/ops/csrc/parrots/roi_align_parrots.cpp -> build/lib.linux-x86_64-cpython-311/mmcv/ops/csrc/parrots
  copying mmcv/ops/csrc/parrots/roi_align_pytorch.h -> build/lib.linux-x86_64-cpython-311/mmcv/ops/csrc/parrots
  copying mmcv/ops/csrc/parrots/roi_align_rotated.cpp -> build/lib.linux-x86_64-cpython-311/mmcv/ops/csrc/parrots
  copying mmcv/ops/csrc/parrots/roi_align_rotated_parrots.cpp -> build/lib.linux-x86_64-cpython-311/mmcv/ops/csrc/parrots
  copying mmcv/ops/csrc/parrots/roi_align_rotated_pytorch.h -> build/lib.linux-x86_64-cpython-311/mmcv/ops/csrc/parrots
  copying mmcv/ops/csrc/parrots/roi_pool.cpp -> build/lib.linux-x86_64-cpython-311/mmcv/ops/csrc/parrots
  copying mmcv/ops/csrc/parrots/roi_pool_parrots.cpp -> build/lib.linux-x86_64-cpython-311/mmcv/ops/csrc/parrots
  copying mmcv/ops/csrc/parrots/roi_pool_pytorch.h -> build/lib.linux-x86_64-cpython-311/mmcv/ops/csrc/parrots
  copying mmcv/ops/csrc/parrots/roiaware_pool3d.cpp -> build/lib.linux-x86_64-cpython-311/mmcv/ops/csrc/parrots
  copying mmcv/ops/csrc/parrots/roiaware_pool3d_parrots.cpp -> build/lib.linux-x86_64-cpython-311/mmcv/ops/csrc/parrots
  copying mmcv/ops/csrc/parrots/roiaware_pool3d_pytorch.h -> build/lib.linux-x86_64-cpython-311/mmcv/ops/csrc/parrots
  copying mmcv/ops/csrc/parrots/roipoint_pool3d.cpp -> build/lib.linux-x86_64-cpython-311/mmcv/ops/csrc/parrots
  copying mmcv/ops/csrc/parrots/roipoint_pool3d_parrots.cpp -> build/lib.linux-x86_64-cpython-311/mmcv/ops/csrc/parrots
  copying mmcv/ops/csrc/parrots/roipoint_pool3d_pytorch.h -> build/lib.linux-x86_64-cpython-311/mmcv/ops/csrc/parrots
  copying mmcv/ops/csrc/parrots/rotated_feature_align.cpp -> build/lib.linux-x86_64-cpython-311/mmcv/ops/csrc/parrots
  copying mmcv/ops/csrc/parrots/rotated_feature_align_parrots.cpp -> build/lib.linux-x86_64-cpython-311/mmcv/ops/csrc/parrots
  copying mmcv/ops/csrc/parrots/rotated_feature_align_pytorch.h -> build/lib.linux-x86_64-cpython-311/mmcv/ops/csrc/parrots
  copying mmcv/ops/csrc/parrots/sync_bn.cpp -> build/lib.linux-x86_64-cpython-311/mmcv/ops/csrc/parrots
  copying mmcv/ops/csrc/parrots/sync_bn_parrots.cpp -> build/lib.linux-x86_64-cpython-311/mmcv/ops/csrc/parrots
  copying mmcv/ops/csrc/parrots/sync_bn_pytorch.h -> build/lib.linux-x86_64-cpython-311/mmcv/ops/csrc/parrots
  copying mmcv/ops/csrc/parrots/three_interpolate.cpp -> build/lib.linux-x86_64-cpython-311/mmcv/ops/csrc/parrots
  copying mmcv/ops/csrc/parrots/three_interpolate_parrots.cpp -> build/lib.linux-x86_64-cpython-311/mmcv/ops/csrc/parrots
  copying mmcv/ops/csrc/parrots/three_interpolate_pytorch.h -> build/lib.linux-x86_64-cpython-311/mmcv/ops/csrc/parrots
  copying mmcv/ops/csrc/parrots/three_nn.cpp -> build/lib.linux-x86_64-cpython-311/mmcv/ops/csrc/parrots
  copying mmcv/ops/csrc/parrots/three_nn_parrots.cpp -> build/lib.linux-x86_64-cpython-311/mmcv/ops/csrc/parrots
  copying mmcv/ops/csrc/parrots/three_nn_pytorch.h -> build/lib.linux-x86_64-cpython-311/mmcv/ops/csrc/parrots
  copying mmcv/ops/csrc/parrots/tin_shift.cpp -> build/lib.linux-x86_64-cpython-311/mmcv/ops/csrc/parrots
  copying mmcv/ops/csrc/parrots/tin_shift_parrots.cpp -> build/lib.linux-x86_64-cpython-311/mmcv/ops/csrc/parrots
  copying mmcv/ops/csrc/parrots/tin_shift_pytorch.h -> build/lib.linux-x86_64-cpython-311/mmcv/ops/csrc/parrots
  copying mmcv/ops/csrc/parrots/upfirdn2d.cpp -> build/lib.linux-x86_64-cpython-311/mmcv/ops/csrc/parrots
  copying mmcv/ops/csrc/parrots/upfirdn2d_parrots.cpp -> build/lib.linux-x86_64-cpython-311/mmcv/ops/csrc/parrots
  copying mmcv/ops/csrc/parrots/voxelization.cpp -> build/lib.linux-x86_64-cpython-311/mmcv/ops/csrc/parrots
  copying mmcv/ops/csrc/parrots/voxelization_parrots.cpp -> build/lib.linux-x86_64-cpython-311/mmcv/ops/csrc/parrots
  copying mmcv/ops/csrc/parrots/voxelization_pytorch.h -> build/lib.linux-x86_64-cpython-311/mmcv/ops/csrc/parrots
  creating build/lib.linux-x86_64-cpython-311/mmcv/ops/csrc/pytorch
  copying mmcv/ops/csrc/pytorch/active_rotated_filter.cpp -> build/lib.linux-x86_64-cpython-311/mmcv/ops/csrc/pytorch
  copying mmcv/ops/csrc/pytorch/assign_score_withk.cpp -> build/lib.linux-x86_64-cpython-311/mmcv/ops/csrc/pytorch
  copying mmcv/ops/csrc/pytorch/ball_query.cpp -> build/lib.linux-x86_64-cpython-311/mmcv/ops/csrc/pytorch
  copying mmcv/ops/csrc/pytorch/bbox_overlaps.cpp -> build/lib.linux-x86_64-cpython-311/mmcv/ops/csrc/pytorch
  copying mmcv/ops/csrc/pytorch/bezier_align.cpp -> build/lib.linux-x86_64-cpython-311/mmcv/ops/csrc/pytorch
  copying mmcv/ops/csrc/pytorch/bias_act.cpp -> build/lib.linux-x86_64-cpython-311/mmcv/ops/csrc/pytorch
  copying mmcv/ops/csrc/pytorch/border_align.cpp -> build/lib.linux-x86_64-cpython-311/mmcv/ops/csrc/pytorch
  copying mmcv/ops/csrc/pytorch/box_iou_quadri.cpp -> build/lib.linux-x86_64-cpython-311/mmcv/ops/csrc/pytorch
  copying mmcv/ops/csrc/pytorch/box_iou_rotated.cpp -> build/lib.linux-x86_64-cpython-311/mmcv/ops/csrc/pytorch
  copying mmcv/ops/csrc/pytorch/carafe.cpp -> build/lib.linux-x86_64-cpython-311/mmcv/ops/csrc/pytorch
  copying mmcv/ops/csrc/pytorch/carafe_naive.cpp -> build/lib.linux-x86_64-cpython-311/mmcv/ops/csrc/pytorch
  copying mmcv/ops/csrc/pytorch/chamfer_distance.cpp -> build/lib.linux-x86_64-cpython-311/mmcv/ops/csrc/pytorch
  copying mmcv/ops/csrc/pytorch/contour_expand.cpp -> build/lib.linux-x86_64-cpython-311/mmcv/ops/csrc/pytorch
  copying mmcv/ops/csrc/pytorch/convex_iou.cpp -> build/lib.linux-x86_64-cpython-311/mmcv/ops/csrc/pytorch
  copying mmcv/ops/csrc/pytorch/correlation.cpp -> build/lib.linux-x86_64-cpython-311/mmcv/ops/csrc/pytorch
  copying mmcv/ops/csrc/pytorch/deform_conv.cpp -> build/lib.linux-x86_64-cpython-311/mmcv/ops/csrc/pytorch
  copying mmcv/ops/csrc/pytorch/deform_roi_pool.cpp -> build/lib.linux-x86_64-cpython-311/mmcv/ops/csrc/pytorch
  copying mmcv/ops/csrc/pytorch/diff_iou_rotated.cpp -> build/lib.linux-x86_64-cpython-311/mmcv/ops/csrc/pytorch
  copying mmcv/ops/csrc/pytorch/filtered_lrelu.cpp -> build/lib.linux-x86_64-cpython-311/mmcv/ops/csrc/pytorch
  copying mmcv/ops/csrc/pytorch/focal_loss.cpp -> build/lib.linux-x86_64-cpython-311/mmcv/ops/csrc/pytorch
  copying mmcv/ops/csrc/pytorch/furthest_point_sample.cpp -> build/lib.linux-x86_64-cpython-311/mmcv/ops/csrc/pytorch
  copying mmcv/ops/csrc/pytorch/fused_bias_leakyrelu.cpp -> build/lib.linux-x86_64-cpython-311/mmcv/ops/csrc/pytorch
  copying mmcv/ops/csrc/pytorch/fused_spconv_ops.cpp -> build/lib.linux-x86_64-cpython-311/mmcv/ops/csrc/pytorch
  copying mmcv/ops/csrc/pytorch/gather_points.cpp -> build/lib.linux-x86_64-cpython-311/mmcv/ops/csrc/pytorch
  copying mmcv/ops/csrc/pytorch/group_points.cpp -> build/lib.linux-x86_64-cpython-311/mmcv/ops/csrc/pytorch
  copying mmcv/ops/csrc/pytorch/info.cpp -> build/lib.linux-x86_64-cpython-311/mmcv/ops/csrc/pytorch
  copying mmcv/ops/csrc/pytorch/iou3d.cpp -> build/lib.linux-x86_64-cpython-311/mmcv/ops/csrc/pytorch
  copying mmcv/ops/csrc/pytorch/knn.cpp -> build/lib.linux-x86_64-cpython-311/mmcv/ops/csrc/pytorch
  copying mmcv/ops/csrc/pytorch/masked_conv2d.cpp -> build/lib.linux-x86_64-cpython-311/mmcv/ops/csrc/pytorch
  copying mmcv/ops/csrc/pytorch/min_area_polygons.cpp -> build/lib.linux-x86_64-cpython-311/mmcv/ops/csrc/pytorch
  copying mmcv/ops/csrc/pytorch/modulated_deform_conv.cpp -> build/lib.linux-x86_64-cpython-311/mmcv/ops/csrc/pytorch
  copying mmcv/ops/csrc/pytorch/ms_deform_attn.cpp -> build/lib.linux-x86_64-cpython-311/mmcv/ops/csrc/pytorch
  copying mmcv/ops/csrc/pytorch/nms.cpp -> build/lib.linux-x86_64-cpython-311/mmcv/ops/csrc/pytorch
  copying mmcv/ops/csrc/pytorch/nms_quadri.cpp -> build/lib.linux-x86_64-cpython-311/mmcv/ops/csrc/pytorch
  copying mmcv/ops/csrc/pytorch/nms_rotated.cpp -> build/lib.linux-x86_64-cpython-311/mmcv/ops/csrc/pytorch
  copying mmcv/ops/csrc/pytorch/pixel_group.cpp -> build/lib.linux-x86_64-cpython-311/mmcv/ops/csrc/pytorch
  copying mmcv/ops/csrc/pytorch/points_in_boxes.cpp -> build/lib.linux-x86_64-cpython-311/mmcv/ops/csrc/pytorch
  copying mmcv/ops/csrc/pytorch/points_in_polygons.cpp -> build/lib.linux-x86_64-cpython-311/mmcv/ops/csrc/pytorch
  copying mmcv/ops/csrc/pytorch/prroi_pool.cpp -> build/lib.linux-x86_64-cpython-311/mmcv/ops/csrc/pytorch
  copying mmcv/ops/csrc/pytorch/psamask.cpp -> build/lib.linux-x86_64-cpython-311/mmcv/ops/csrc/pytorch
  copying mmcv/ops/csrc/pytorch/pybind.cpp -> build/lib.linux-x86_64-cpython-311/mmcv/ops/csrc/pytorch
  copying mmcv/ops/csrc/pytorch/riroi_align_rotated.cpp -> build/lib.linux-x86_64-cpython-311/mmcv/ops/csrc/pytorch
  copying mmcv/ops/csrc/pytorch/roi_align.cpp -> build/lib.linux-x86_64-cpython-311/mmcv/ops/csrc/pytorch
  copying mmcv/ops/csrc/pytorch/roi_align_rotated.cpp -> build/lib.linux-x86_64-cpython-311/mmcv/ops/csrc/pytorch
  copying mmcv/ops/csrc/pytorch/roi_pool.cpp -> build/lib.linux-x86_64-cpython-311/mmcv/ops/csrc/pytorch
  copying mmcv/ops/csrc/pytorch/roiaware_pool3d.cpp -> build/lib.linux-x86_64-cpython-311/mmcv/ops/csrc/pytorch
  copying mmcv/ops/csrc/pytorch/roipoint_pool3d.cpp -> build/lib.linux-x86_64-cpython-311/mmcv/ops/csrc/pytorch
  copying mmcv/ops/csrc/pytorch/rotated_feature_align.cpp -> build/lib.linux-x86_64-cpython-311/mmcv/ops/csrc/pytorch
  copying mmcv/ops/csrc/pytorch/scatter_points.cpp -> build/lib.linux-x86_64-cpython-311/mmcv/ops/csrc/pytorch
  copying mmcv/ops/csrc/pytorch/sparse_pool_ops.cpp -> build/lib.linux-x86_64-cpython-311/mmcv/ops/csrc/pytorch
  copying mmcv/ops/csrc/pytorch/spconv_ops.cpp -> build/lib.linux-x86_64-cpython-311/mmcv/ops/csrc/pytorch
  copying mmcv/ops/csrc/pytorch/spconv_utils.h -> build/lib.linux-x86_64-cpython-311/mmcv/ops/csrc/pytorch
  copying mmcv/ops/csrc/pytorch/sync_bn.cpp -> build/lib.linux-x86_64-cpython-311/mmcv/ops/csrc/pytorch
  copying mmcv/ops/csrc/pytorch/three_interpolate.cpp -> build/lib.linux-x86_64-cpython-311/mmcv/ops/csrc/pytorch
  copying mmcv/ops/csrc/pytorch/three_nn.cpp -> build/lib.linux-x86_64-cpython-311/mmcv/ops/csrc/pytorch
  copying mmcv/ops/csrc/pytorch/tin_shift.cpp -> build/lib.linux-x86_64-cpython-311/mmcv/ops/csrc/pytorch
  copying mmcv/ops/csrc/pytorch/upfirdn2d.cpp -> build/lib.linux-x86_64-cpython-311/mmcv/ops/csrc/pytorch
  copying mmcv/ops/csrc/pytorch/voxelization.cpp -> build/lib.linux-x86_64-cpython-311/mmcv/ops/csrc/pytorch
  creating build/lib.linux-x86_64-cpython-311/mmcv/ops/csrc/pytorch/cpu
  copying mmcv/ops/csrc/pytorch/cpu/active_rotated_filter.cpp -> build/lib.linux-x86_64-cpython-311/mmcv/ops/csrc/pytorch/cpu
  copying mmcv/ops/csrc/pytorch/cpu/bbox_overlaps_cpu.cpp -> build/lib.linux-x86_64-cpython-311/mmcv/ops/csrc/pytorch/cpu
  copying mmcv/ops/csrc/pytorch/cpu/bezier_align.cpp -> build/lib.linux-x86_64-cpython-311/mmcv/ops/csrc/pytorch/cpu
  copying mmcv/ops/csrc/pytorch/cpu/box_iou_quadri.cpp -> build/lib.linux-x86_64-cpython-311/mmcv/ops/csrc/pytorch/cpu
  copying mmcv/ops/csrc/pytorch/cpu/box_iou_rotated.cpp -> build/lib.linux-x86_64-cpython-311/mmcv/ops/csrc/pytorch/cpu
  copying mmcv/ops/csrc/pytorch/cpu/deform_conv.cpp -> build/lib.linux-x86_64-cpython-311/mmcv/ops/csrc/pytorch/cpu
  copying mmcv/ops/csrc/pytorch/cpu/modulated_deform_conv.cpp -> build/lib.linux-x86_64-cpython-311/mmcv/ops/csrc/pytorch/cpu
  copying mmcv/ops/csrc/pytorch/cpu/nms.cpp -> build/lib.linux-x86_64-cpython-311/mmcv/ops/csrc/pytorch/cpu
  copying mmcv/ops/csrc/pytorch/cpu/nms_quadri.cpp -> build/lib.linux-x86_64-cpython-311/mmcv/ops/csrc/pytorch/cpu
  copying mmcv/ops/csrc/pytorch/cpu/nms_rotated.cpp -> build/lib.linux-x86_64-cpython-311/mmcv/ops/csrc/pytorch/cpu
  copying mmcv/ops/csrc/pytorch/cpu/pixel_group.cpp -> build/lib.linux-x86_64-cpython-311/mmcv/ops/csrc/pytorch/cpu
  copying mmcv/ops/csrc/pytorch/cpu/points_in_boxes.cpp -> build/lib.linux-x86_64-cpython-311/mmcv/ops/csrc/pytorch/cpu
  copying mmcv/ops/csrc/pytorch/cpu/psamask.cpp -> build/lib.linux-x86_64-cpython-311/mmcv/ops/csrc/pytorch/cpu
  copying mmcv/ops/csrc/pytorch/cpu/roi_align.cpp -> build/lib.linux-x86_64-cpython-311/mmcv/ops/csrc/pytorch/cpu
  copying mmcv/ops/csrc/pytorch/cpu/roi_align_rotated.cpp -> build/lib.linux-x86_64-cpython-311/mmcv/ops/csrc/pytorch/cpu
  copying mmcv/ops/csrc/pytorch/cpu/rotated_feature_align.cpp -> build/lib.linux-x86_64-cpython-311/mmcv/ops/csrc/pytorch/cpu
  copying mmcv/ops/csrc/pytorch/cpu/sparse_indice.cpp -> build/lib.linux-x86_64-cpython-311/mmcv/ops/csrc/pytorch/cpu
  copying mmcv/ops/csrc/pytorch/cpu/sparse_maxpool.cpp -> build/lib.linux-x86_64-cpython-311/mmcv/ops/csrc/pytorch/cpu
  copying mmcv/ops/csrc/pytorch/cpu/sparse_reordering.cpp -> build/lib.linux-x86_64-cpython-311/mmcv/ops/csrc/pytorch/cpu
  copying mmcv/ops/csrc/pytorch/cpu/voxelization.cpp -> build/lib.linux-x86_64-cpython-311/mmcv/ops/csrc/pytorch/cpu
  creating build/lib.linux-x86_64-cpython-311/mmcv/ops/csrc/pytorch/cuda
  copying mmcv/ops/csrc/pytorch/cuda/active_rotated_filter_cuda.cu -> build/lib.linux-x86_64-cpython-311/mmcv/ops/csrc/pytorch/cuda
  copying mmcv/ops/csrc/pytorch/cuda/assign_score_withk_cuda.cu -> build/lib.linux-x86_64-cpython-311/mmcv/ops/csrc/pytorch/cuda
  copying mmcv/ops/csrc/pytorch/cuda/ball_query_cuda.cu -> build/lib.linux-x86_64-cpython-311/mmcv/ops/csrc/pytorch/cuda
  copying mmcv/ops/csrc/pytorch/cuda/bbox_overlaps_cuda.cu -> build/lib.linux-x86_64-cpython-311/mmcv/ops/csrc/pytorch/cuda
  copying mmcv/ops/csrc/pytorch/cuda/bezier_align_cuda.cu -> build/lib.linux-x86_64-cpython-311/mmcv/ops/csrc/pytorch/cuda
  copying mmcv/ops/csrc/pytorch/cuda/bias_act_cuda.cu -> build/lib.linux-x86_64-cpython-311/mmcv/ops/csrc/pytorch/cuda
  copying mmcv/ops/csrc/pytorch/cuda/border_align_cuda.cu -> build/lib.linux-x86_64-cpython-311/mmcv/ops/csrc/pytorch/cuda
  copying mmcv/ops/csrc/pytorch/cuda/box_iou_quadri_cuda.cu -> build/lib.linux-x86_64-cpython-311/mmcv/ops/csrc/pytorch/cuda
  copying mmcv/ops/csrc/pytorch/cuda/box_iou_rotated_cuda.cu -> build/lib.linux-x86_64-cpython-311/mmcv/ops/csrc/pytorch/cuda
  copying mmcv/ops/csrc/pytorch/cuda/carafe_cuda.cu -> build/lib.linux-x86_64-cpython-311/mmcv/ops/csrc/pytorch/cuda
  copying mmcv/ops/csrc/pytorch/cuda/carafe_naive_cuda.cu -> build/lib.linux-x86_64-cpython-311/mmcv/ops/csrc/pytorch/cuda
  copying mmcv/ops/csrc/pytorch/cuda/chamfer_distance_cuda.cu -> build/lib.linux-x86_64-cpython-311/mmcv/ops/csrc/pytorch/cuda
  copying mmcv/ops/csrc/pytorch/cuda/convex_iou.cu -> build/lib.linux-x86_64-cpython-311/mmcv/ops/csrc/pytorch/cuda
  copying mmcv/ops/csrc/pytorch/cuda/correlation_cuda.cu -> build/lib.linux-x86_64-cpython-311/mmcv/ops/csrc/pytorch/cuda
  copying mmcv/ops/csrc/pytorch/cuda/cudabind.cpp -> build/lib.linux-x86_64-cpython-311/mmcv/ops/csrc/pytorch/cuda
  copying mmcv/ops/csrc/pytorch/cuda/deform_conv_cuda.cu -> build/lib.linux-x86_64-cpython-311/mmcv/ops/csrc/pytorch/cuda
  copying mmcv/ops/csrc/pytorch/cuda/deform_roi_pool_cuda.cu -> build/lib.linux-x86_64-cpython-311/mmcv/ops/csrc/pytorch/cuda
  copying mmcv/ops/csrc/pytorch/cuda/diff_iou_rotated_cuda.cu -> build/lib.linux-x86_64-cpython-311/mmcv/ops/csrc/pytorch/cuda
  copying mmcv/ops/csrc/pytorch/cuda/filtered_lrelu.cu -> build/lib.linux-x86_64-cpython-311/mmcv/ops/csrc/pytorch/cuda
  copying mmcv/ops/csrc/pytorch/cuda/focal_loss_cuda.cu -> build/lib.linux-x86_64-cpython-311/mmcv/ops/csrc/pytorch/cuda
  copying mmcv/ops/csrc/pytorch/cuda/furthest_point_sample_cuda.cu -> build/lib.linux-x86_64-cpython-311/mmcv/ops/csrc/pytorch/cuda
  copying mmcv/ops/csrc/pytorch/cuda/fused_bias_leakyrelu_cuda.cu -> build/lib.linux-x86_64-cpython-311/mmcv/ops/csrc/pytorch/cuda
  copying mmcv/ops/csrc/pytorch/cuda/fused_spconv_ops_cuda.cu -> build/lib.linux-x86_64-cpython-311/mmcv/ops/csrc/pytorch/cuda
  copying mmcv/ops/csrc/pytorch/cuda/gather_points_cuda.cu -> build/lib.linux-x86_64-cpython-311/mmcv/ops/csrc/pytorch/cuda
  copying mmcv/ops/csrc/pytorch/cuda/group_points_cuda.cu -> build/lib.linux-x86_64-cpython-311/mmcv/ops/csrc/pytorch/cuda
  copying mmcv/ops/csrc/pytorch/cuda/iou3d_cuda.cu -> build/lib.linux-x86_64-cpython-311/mmcv/ops/csrc/pytorch/cuda
  copying mmcv/ops/csrc/pytorch/cuda/knn_cuda.cu -> build/lib.linux-x86_64-cpython-311/mmcv/ops/csrc/pytorch/cuda
  copying mmcv/ops/csrc/pytorch/cuda/masked_conv2d_cuda.cu -> build/lib.linux-x86_64-cpython-311/mmcv/ops/csrc/pytorch/cuda
  copying mmcv/ops/csrc/pytorch/cuda/min_area_polygons.cu -> build/lib.linux-x86_64-cpython-311/mmcv/ops/csrc/pytorch/cuda
  copying mmcv/ops/csrc/pytorch/cuda/modulated_deform_conv_cuda.cu -> build/lib.linux-x86_64-cpython-311/mmcv/ops/csrc/pytorch/cuda
  copying mmcv/ops/csrc/pytorch/cuda/ms_deform_attn_cuda.cu -> build/lib.linux-x86_64-cpython-311/mmcv/ops/csrc/pytorch/cuda
  copying mmcv/ops/csrc/pytorch/cuda/nms_cuda.cu -> build/lib.linux-x86_64-cpython-311/mmcv/ops/csrc/pytorch/cuda
  copying mmcv/ops/csrc/pytorch/cuda/nms_quadri_cuda.cu -> build/lib.linux-x86_64-cpython-311/mmcv/ops/csrc/pytorch/cuda
  copying mmcv/ops/csrc/pytorch/cuda/nms_rotated_cuda.cu -> build/lib.linux-x86_64-cpython-311/mmcv/ops/csrc/pytorch/cuda
  copying mmcv/ops/csrc/pytorch/cuda/points_in_boxes_cuda.cu -> build/lib.linux-x86_64-cpython-311/mmcv/ops/csrc/pytorch/cuda
  copying mmcv/ops/csrc/pytorch/cuda/points_in_polygons_cuda.cu -> build/lib.linux-x86_64-cpython-311/mmcv/ops/csrc/pytorch/cuda
  copying mmcv/ops/csrc/pytorch/cuda/prroi_pool_cuda.cu -> build/lib.linux-x86_64-cpython-311/mmcv/ops/csrc/pytorch/cuda
  copying mmcv/ops/csrc/pytorch/cuda/psamask_cuda.cu -> build/lib.linux-x86_64-cpython-311/mmcv/ops/csrc/pytorch/cuda
  copying mmcv/ops/csrc/pytorch/cuda/riroi_align_rotated_cuda.cu -> build/lib.linux-x86_64-cpython-311/mmcv/ops/csrc/pytorch/cuda
  copying mmcv/ops/csrc/pytorch/cuda/roi_align_cuda.cu -> build/lib.linux-x86_64-cpython-311/mmcv/ops/csrc/pytorch/cuda
  copying mmcv/ops/csrc/pytorch/cuda/roi_align_rotated_cuda.cu -> build/lib.linux-x86_64-cpython-311/mmcv/ops/csrc/pytorch/cuda
  copying mmcv/ops/csrc/pytorch/cuda/roi_pool_cuda.cu -> build/lib.linux-x86_64-cpython-311/mmcv/ops/csrc/pytorch/cuda
  copying mmcv/ops/csrc/pytorch/cuda/roiaware_pool3d_cuda.cu -> build/lib.linux-x86_64-cpython-311/mmcv/ops/csrc/pytorch/cuda
  copying mmcv/ops/csrc/pytorch/cuda/roipoint_pool3d_cuda.cu -> build/lib.linux-x86_64-cpython-311/mmcv/ops/csrc/pytorch/cuda
  copying mmcv/ops/csrc/pytorch/cuda/rotated_feature_align_cuda.cu -> build/lib.linux-x86_64-cpython-311/mmcv/ops/csrc/pytorch/cuda
  copying mmcv/ops/csrc/pytorch/cuda/scatter_points_cuda.cu -> build/lib.linux-x86_64-cpython-311/mmcv/ops/csrc/pytorch/cuda
  copying mmcv/ops/csrc/pytorch/cuda/sparse_indice.cu -> build/lib.linux-x86_64-cpython-311/mmcv/ops/csrc/pytorch/cuda
  copying mmcv/ops/csrc/pytorch/cuda/sparse_maxpool.cu -> build/lib.linux-x86_64-cpython-311/mmcv/ops/csrc/pytorch/cuda
  copying mmcv/ops/csrc/pytorch/cuda/sparse_pool_ops_cuda.cu -> build/lib.linux-x86_64-cpython-311/mmcv/ops/csrc/pytorch/cuda
  copying mmcv/ops/csrc/pytorch/cuda/sparse_reordering.cu -> build/lib.linux-x86_64-cpython-311/mmcv/ops/csrc/pytorch/cuda
  copying mmcv/ops/csrc/pytorch/cuda/spconv_ops_cuda.cu -> build/lib.linux-x86_64-cpython-311/mmcv/ops/csrc/pytorch/cuda
  copying mmcv/ops/csrc/pytorch/cuda/stack_ball_query_cuda.cu -> build/lib.linux-x86_64-cpython-311/mmcv/ops/csrc/pytorch/cuda
  copying mmcv/ops/csrc/pytorch/cuda/stack_group_points_cuda.cu -> build/lib.linux-x86_64-cpython-311/mmcv/ops/csrc/pytorch/cuda
  copying mmcv/ops/csrc/pytorch/cuda/sync_bn_cuda.cu -> build/lib.linux-x86_64-cpython-311/mmcv/ops/csrc/pytorch/cuda
  copying mmcv/ops/csrc/pytorch/cuda/three_interpolate_cuda.cu -> build/lib.linux-x86_64-cpython-311/mmcv/ops/csrc/pytorch/cuda
  copying mmcv/ops/csrc/pytorch/cuda/three_nn_cuda.cu -> build/lib.linux-x86_64-cpython-311/mmcv/ops/csrc/pytorch/cuda
  copying mmcv/ops/csrc/pytorch/cuda/tin_shift_cuda.cu -> build/lib.linux-x86_64-cpython-311/mmcv/ops/csrc/pytorch/cuda
  copying mmcv/ops/csrc/pytorch/cuda/upfirdn2d_kernel.cu -> build/lib.linux-x86_64-cpython-311/mmcv/ops/csrc/pytorch/cuda
  copying mmcv/ops/csrc/pytorch/cuda/voxelization_cuda.cu -> build/lib.linux-x86_64-cpython-311/mmcv/ops/csrc/pytorch/cuda
  creating build/lib.linux-x86_64-cpython-311/mmcv/ops/csrc/pytorch/mlu
  copying mmcv/ops/csrc/pytorch/mlu/ball_query_mlu.cpp -> build/lib.linux-x86_64-cpython-311/mmcv/ops/csrc/pytorch/mlu
  copying mmcv/ops/csrc/pytorch/mlu/bbox_overlaps_mlu.cpp -> build/lib.linux-x86_64-cpython-311/mmcv/ops/csrc/pytorch/mlu
  copying mmcv/ops/csrc/pytorch/mlu/box_iou_rotated.cpp -> build/lib.linux-x86_64-cpython-311/mmcv/ops/csrc/pytorch/mlu
  copying mmcv/ops/csrc/pytorch/mlu/carafe_mlu.cpp -> build/lib.linux-x86_64-cpython-311/mmcv/ops/csrc/pytorch/mlu
  copying mmcv/ops/csrc/pytorch/mlu/deform_roi_pool_mlu.cpp -> build/lib.linux-x86_64-cpython-311/mmcv/ops/csrc/pytorch/mlu
  copying mmcv/ops/csrc/pytorch/mlu/diff_iou_rotated_mlu.cpp -> build/lib.linux-x86_64-cpython-311/mmcv/ops/csrc/pytorch/mlu
  copying mmcv/ops/csrc/pytorch/mlu/focal_loss_sigmoid_mlu.cpp -> build/lib.linux-x86_64-cpython-311/mmcv/ops/csrc/pytorch/mlu
  copying mmcv/ops/csrc/pytorch/mlu/iou3d_mlu.cpp -> build/lib.linux-x86_64-cpython-311/mmcv/ops/csrc/pytorch/mlu
  copying mmcv/ops/csrc/pytorch/mlu/masked_conv2d_mlu.cpp -> build/lib.linux-x86_64-cpython-311/mmcv/ops/csrc/pytorch/mlu
  copying mmcv/ops/csrc/pytorch/mlu/mlu_common_helper.cpp -> build/lib.linux-x86_64-cpython-311/mmcv/ops/csrc/pytorch/mlu
  copying mmcv/ops/csrc/pytorch/mlu/mlu_common_helper.h -> build/lib.linux-x86_64-cpython-311/mmcv/ops/csrc/pytorch/mlu
  copying mmcv/ops/csrc/pytorch/mlu/ms_deform_attn_mlu.cpp -> build/lib.linux-x86_64-cpython-311/mmcv/ops/csrc/pytorch/mlu
  copying mmcv/ops/csrc/pytorch/mlu/nms_mlu.cpp -> build/lib.linux-x86_64-cpython-311/mmcv/ops/csrc/pytorch/mlu
  copying mmcv/ops/csrc/pytorch/mlu/nms_rotated_mlu.cpp -> build/lib.linux-x86_64-cpython-311/mmcv/ops/csrc/pytorch/mlu
  copying mmcv/ops/csrc/pytorch/mlu/psamask_mlu.cpp -> build/lib.linux-x86_64-cpython-311/mmcv/ops/csrc/pytorch/mlu
  copying mmcv/ops/csrc/pytorch/mlu/roi_align_mlu.cpp -> build/lib.linux-x86_64-cpython-311/mmcv/ops/csrc/pytorch/mlu
  copying mmcv/ops/csrc/pytorch/mlu/roi_align_rotated_mlu.cpp -> build/lib.linux-x86_64-cpython-311/mmcv/ops/csrc/pytorch/mlu
  copying mmcv/ops/csrc/pytorch/mlu/roi_pool_mlu.cpp -> build/lib.linux-x86_64-cpython-311/mmcv/ops/csrc/pytorch/mlu
  copying mmcv/ops/csrc/pytorch/mlu/roiaware_pool3d_mlu.cpp -> build/lib.linux-x86_64-cpython-311/mmcv/ops/csrc/pytorch/mlu
  copying mmcv/ops/csrc/pytorch/mlu/roipoint_pool3d_mlu.cpp -> build/lib.linux-x86_64-cpython-311/mmcv/ops/csrc/pytorch/mlu
  copying mmcv/ops/csrc/pytorch/mlu/rotated_feature_align_mlu.cpp -> build/lib.linux-x86_64-cpython-311/mmcv/ops/csrc/pytorch/mlu
  copying mmcv/ops/csrc/pytorch/mlu/scatter_points_mlu.cpp -> build/lib.linux-x86_64-cpython-311/mmcv/ops/csrc/pytorch/mlu
  copying mmcv/ops/csrc/pytorch/mlu/sparse_conv_mlu.cpp -> build/lib.linux-x86_64-cpython-311/mmcv/ops/csrc/pytorch/mlu
  copying mmcv/ops/csrc/pytorch/mlu/three_nn_mlu.cpp -> build/lib.linux-x86_64-cpython-311/mmcv/ops/csrc/pytorch/mlu
  copying mmcv/ops/csrc/pytorch/mlu/tin_shift_mlu.cpp -> build/lib.linux-x86_64-cpython-311/mmcv/ops/csrc/pytorch/mlu
  copying mmcv/ops/csrc/pytorch/mlu/voxelization_mlu.cpp -> build/lib.linux-x86_64-cpython-311/mmcv/ops/csrc/pytorch/mlu
  creating build/lib.linux-x86_64-cpython-311/mmcv/ops/csrc/pytorch/mps
  copying mmcv/ops/csrc/pytorch/mps/bbox_overlaps_mps.mm -> build/lib.linux-x86_64-cpython-311/mmcv/ops/csrc/pytorch/mps
  creating build/lib.linux-x86_64-cpython-311/mmcv/ops/csrc/pytorch/npu
  copying mmcv/ops/csrc/pytorch/npu/active_rotated_filter_npu.cpp -> build/lib.linux-x86_64-cpython-311/mmcv/ops/csrc/pytorch/npu
  copying mmcv/ops/csrc/pytorch/npu/ball_query_npu.cpp -> build/lib.linux-x86_64-cpython-311/mmcv/ops/csrc/pytorch/npu
  copying mmcv/ops/csrc/pytorch/npu/bbox_overlaps_npu.cpp -> build/lib.linux-x86_64-cpython-311/mmcv/ops/csrc/pytorch/npu
  copying mmcv/ops/csrc/pytorch/npu/box_iou_rotated_npu.cpp -> build/lib.linux-x86_64-cpython-311/mmcv/ops/csrc/pytorch/npu
  copying mmcv/ops/csrc/pytorch/npu/chamfer_distance_npu.cpp -> build/lib.linux-x86_64-cpython-311/mmcv/ops/csrc/pytorch/npu
  copying mmcv/ops/csrc/pytorch/npu/common_util.h -> build/lib.linux-x86_64-cpython-311/mmcv/ops/csrc/pytorch/npu
  copying mmcv/ops/csrc/pytorch/npu/deform_roi_pool.cpp -> build/lib.linux-x86_64-cpython-311/mmcv/ops/csrc/pytorch/npu
  copying mmcv/ops/csrc/pytorch/npu/focal_loss_npu.cpp -> build/lib.linux-x86_64-cpython-311/mmcv/ops/csrc/pytorch/npu
  copying mmcv/ops/csrc/pytorch/npu/fused_bias_leakyrelu_npu.cpp -> build/lib.linux-x86_64-cpython-311/mmcv/ops/csrc/pytorch/npu
  copying mmcv/ops/csrc/pytorch/npu/gather_points_npu.cpp -> build/lib.linux-x86_64-cpython-311/mmcv/ops/csrc/pytorch/npu
  copying mmcv/ops/csrc/pytorch/npu/group_points_npu.cpp -> build/lib.linux-x86_64-cpython-311/mmcv/ops/csrc/pytorch/npu
  copying mmcv/ops/csrc/pytorch/npu/ms_deform_attn_npu.cpp -> build/lib.linux-x86_64-cpython-311/mmcv/ops/csrc/pytorch/npu
  copying mmcv/ops/csrc/pytorch/npu/nms_npu.cpp -> build/lib.linux-x86_64-cpython-311/mmcv/ops/csrc/pytorch/npu
  copying mmcv/ops/csrc/pytorch/npu/nms_rotated_npu.cpp -> build/lib.linux-x86_64-cpython-311/mmcv/ops/csrc/pytorch/npu
  copying mmcv/ops/csrc/pytorch/npu/points_in_polygons_npu.cpp -> build/lib.linux-x86_64-cpython-311/mmcv/ops/csrc/pytorch/npu
  copying mmcv/ops/csrc/pytorch/npu/psa_mask_npu.cpp -> build/lib.linux-x86_64-cpython-311/mmcv/ops/csrc/pytorch/npu
  copying mmcv/ops/csrc/pytorch/npu/roi_align_npu.cpp -> build/lib.linux-x86_64-cpython-311/mmcv/ops/csrc/pytorch/npu
  copying mmcv/ops/csrc/pytorch/npu/roi_align_rotated_npu.cpp -> build/lib.linux-x86_64-cpython-311/mmcv/ops/csrc/pytorch/npu
  copying mmcv/ops/csrc/pytorch/npu/roi_pool_npu.cpp -> build/lib.linux-x86_64-cpython-311/mmcv/ops/csrc/pytorch/npu
  copying mmcv/ops/csrc/pytorch/npu/rotated_feature_align_npu.cpp -> build/lib.linux-x86_64-cpython-311/mmcv/ops/csrc/pytorch/npu
  copying mmcv/ops/csrc/pytorch/npu/stack_ball_query_npu.cpp -> build/lib.linux-x86_64-cpython-311/mmcv/ops/csrc/pytorch/npu
  copying mmcv/ops/csrc/pytorch/npu/stack_group_points_npu.cpp -> build/lib.linux-x86_64-cpython-311/mmcv/ops/csrc/pytorch/npu
  copying mmcv/ops/csrc/pytorch/npu/three_interpolate_npu.cpp -> build/lib.linux-x86_64-cpython-311/mmcv/ops/csrc/pytorch/npu
  copying mmcv/ops/csrc/pytorch/npu/voxelization_npu.cpp -> build/lib.linux-x86_64-cpython-311/mmcv/ops/csrc/pytorch/npu
  running build_ext
  /home/taah3149/Documents/Group_Studies/.venv/lib64/python3.11/site-packages/torch/utils/cpp_extension.py:416: UserWarning: The detected CUDA version (12.2) has a minor version mismatch with the version that was used to compile PyTorch (12.4). Most likely this shouldn't be a problem.
    warnings.warn(CUDA_MISMATCH_WARN.format(cuda_str_version, torch.version.cuda))
  /home/taah3149/Documents/Group_Studies/.venv/lib64/python3.11/site-packages/torch/utils/cpp_extension.py:426: UserWarning: There are no g++ version bounds defined for CUDA version 12.2
    warnings.warn(f'There are no {compiler_name} version bounds defined for CUDA version {cuda_str_version}')
  building 'mmcv._ext' extension
  creating /var/tmp/pip-install-tuu00oal/mmcv_34709ec07a1247aa9f36a5c75a41ccbe/build/temp.linux-x86_64-cpython-311
  creating /var/tmp/pip-install-tuu00oal/mmcv_34709ec07a1247aa9f36a5c75a41ccbe/build/temp.linux-x86_64-cpython-311/mmcv
  creating /var/tmp/pip-install-tuu00oal/mmcv_34709ec07a1247aa9f36a5c75a41ccbe/build/temp.linux-x86_64-cpython-311/mmcv/ops
  creating /var/tmp/pip-install-tuu00oal/mmcv_34709ec07a1247aa9f36a5c75a41ccbe/build/temp.linux-x86_64-cpython-311/mmcv/ops/csrc
  creating /var/tmp/pip-install-tuu00oal/mmcv_34709ec07a1247aa9f36a5c75a41ccbe/build/temp.linux-x86_64-cpython-311/mmcv/ops/csrc/pytorch
  creating /var/tmp/pip-install-tuu00oal/mmcv_34709ec07a1247aa9f36a5c75a41ccbe/build/temp.linux-x86_64-cpython-311/mmcv/ops/csrc/pytorch/cpu
  creating /var/tmp/pip-install-tuu00oal/mmcv_34709ec07a1247aa9f36a5c75a41ccbe/build/temp.linux-x86_64-cpython-311/mmcv/ops/csrc/pytorch/cuda
  Emitting ninja build file /var/tmp/pip-install-tuu00oal/mmcv_34709ec07a1247aa9f36a5c75a41ccbe/build/temp.linux-x86_64-cpython-311/build.ninja...
  Compiling objects...
  Using envvar MAX_JOBS (47) as the number of workers...
  [1/136] c++ -MMD -MF /var/tmp/pip-install-tuu00oal/mmcv_34709ec07a1247aa9f36a5c75a41ccbe/build/temp.linux-x86_64-cpython-311/mmcv/ops/csrc/pytorch/cpu/pixel_group.o.d -pthread -Wsign-compare -DDYNAMIC_ANNOTATIONS_ENABLED=1 -DNDEBUG -O2 -g -pipe -Wall -Werror=format-security -Wp,-D_FORTIFY_SOURCE=2 -Wp,-D_GLIBCXX_ASSERTIONS -fexceptions -fstack-protector-strong -grecord-gcc-switches -m64 -mtune=generic -fasynchronous-unwind-tables -fstack-clash-protection -fcf-protection -D_GNU_SOURCE -fPIC -fwrapv -O2 -g -pipe -Wall -Werror=format-security -Wp,-D_FORTIFY_SOURCE=2 -Wp,-D_GLIBCXX_ASSERTIONS -fexceptions -fstack-protector-strong -grecord-gcc-switches -m64 -mtune=generic -fasynchronous-unwind-tables -fstack-clash-protection -fcf-protection -D_GNU_SOURCE -fPIC -fwrapv -O2 -g -pipe -Wall -Werror=format-security -Wp,-D_FORTIFY_SOURCE=2 -Wp,-D_GLIBCXX_ASSERTIONS -fexceptions -fstack-protector-strong -grecord-gcc-switches -m64 -mtune=generic -fasynchronous-unwind-tables -fstack-clash-protection -fcf-protection -D_GNU_SOURCE -fPIC -fwrapv -fPIC -DMMCV_WITH_CUDA -I/var/tmp/pip-install-tuu00oal/mmcv_34709ec07a1247aa9f36a5c75a41ccbe/mmcv/ops/csrc/pytorch -I/var/tmp/pip-install-tuu00oal/mmcv_34709ec07a1247aa9f36a5c75a41ccbe/mmcv/ops/csrc/common -I/var/tmp/pip-install-tuu00oal/mmcv_34709ec07a1247aa9f36a5c75a41ccbe/mmcv/ops/csrc/common/cuda -I/home/taah3149/Documents/Group_Studies/.venv/lib64/python3.11/site-packages/torch/include -I/home/taah3149/Documents/Group_Studies/.venv/lib64/python3.11/site-packages/torch/include/torch/csrc/api/include -I/home/taah3149/Documents/Group_Studies/.venv/lib64/python3.11/site-packages/torch/include/TH -I/home/taah3149/Documents/Group_Studies/.venv/lib64/python3.11/site-packages/torch/include/THC -I/usr/app-soft1/cuda/cuda-12.2/include -I/home/taah3149/Documents/Group_Studies/.venv/include -I/usr/include/python3.11 -c -c /var/tmp/pip-install-tuu00oal/mmcv_34709ec07a1247aa9f36a5c75a41ccbe/mmcv/ops/csrc/pytorch/cpu/pixel_group.cpp -o /var/tmp/pip-install-tuu00oal/mmcv_34709ec07a1247aa9f36a5c75a41ccbe/build/temp.linux-x86_64-cpython-311/mmcv/ops/csrc/pytorch/cpu/pixel_group.o -std=c++17 -DTORCH_API_INCLUDE_EXTENSION_H '-DPYBIND11_COMPILER_TYPE="_gcc"' '-DPYBIND11_STDLIB="_libstdcpp"' '-DPYBIND11_BUILD_ABI="_cxxabi1011"' -DTORCH_EXTENSION_NAME=_ext -D_GLIBCXX_USE_CXX11_ABI=0
  [2/136] c++ -MMD -MF /var/tmp/pip-install-tuu00oal/mmcv_34709ec07a1247aa9f36a5c75a41ccbe/build/temp.linux-x86_64-cpython-311/mmcv/ops/csrc/pytorch/bezier_align.o.d -pthread -Wsign-compare -DDYNAMIC_ANNOTATIONS_ENABLED=1 -DNDEBUG -O2 -g -pipe -Wall -Werror=format-security -Wp,-D_FORTIFY_SOURCE=2 -Wp,-D_GLIBCXX_ASSERTIONS -fexceptions -fstack-protector-strong -grecord-gcc-switches -m64 -mtune=generic -fasynchronous-unwind-tables -fstack-clash-protection -fcf-protection -D_GNU_SOURCE -fPIC -fwrapv -O2 -g -pipe -Wall -Werror=format-security -Wp,-D_FORTIFY_SOURCE=2 -Wp,-D_GLIBCXX_ASSERTIONS -fexceptions -fstack-protector-strong -grecord-gcc-switches -m64 -mtune=generic -fasynchronous-unwind-tables -fstack-clash-protection -fcf-protection -D_GNU_SOURCE -fPIC -fwrapv -O2 -g -pipe -Wall -Werror=format-security -Wp,-D_FORTIFY_SOURCE=2 -Wp,-D_GLIBCXX_ASSERTIONS -fexceptions -fstack-protector-strong -grecord-gcc-switches -m64 -mtune=generic -fasynchronous-unwind-tables -fstack-clash-protection -fcf-protection -D_GNU_SOURCE -fPIC -fwrapv -fPIC -DMMCV_WITH_CUDA -I/var/tmp/pip-install-tuu00oal/mmcv_34709ec07a1247aa9f36a5c75a41ccbe/mmcv/ops/csrc/pytorch -I/var/tmp/pip-install-tuu00oal/mmcv_34709ec07a1247aa9f36a5c75a41ccbe/mmcv/ops/csrc/common -I/var/tmp/pip-install-tuu00oal/mmcv_34709ec07a1247aa9f36a5c75a41ccbe/mmcv/ops/csrc/common/cuda -I/home/taah3149/Documents/Group_Studies/.venv/lib64/python3.11/site-packages/torch/include -I/home/taah3149/Documents/Group_Studies/.venv/lib64/python3.11/site-packages/torch/include/torch/csrc/api/include -I/home/taah3149/Documents/Group_Studies/.venv/lib64/python3.11/site-packages/torch/include/TH -I/home/taah3149/Documents/Group_Studies/.venv/lib64/python3.11/site-packages/torch/include/THC -I/usr/app-soft1/cuda/cuda-12.2/include -I/home/taah3149/Documents/Group_Studies/.venv/include -I/usr/include/python3.11 -c -c /var/tmp/pip-install-tuu00oal/mmcv_34709ec07a1247aa9f36a5c75a41ccbe/mmcv/ops/csrc/pytorch/bezier_align.cpp -o /var/tmp/pip-install-tuu00oal/mmcv_34709ec07a1247aa9f36a5c75a41ccbe/build/temp.linux-x86_64-cpython-311/mmcv/ops/csrc/pytorch/bezier_align.o -std=c++17 -DTORCH_API_INCLUDE_EXTENSION_H '-DPYBIND11_COMPILER_TYPE="_gcc"' '-DPYBIND11_STDLIB="_libstdcpp"' '-DPYBIND11_BUILD_ABI="_cxxabi1011"' -DTORCH_EXTENSION_NAME=_ext -D_GLIBCXX_USE_CXX11_ABI=0
  [3/136] c++ -MMD -MF /var/tmp/pip-install-tuu00oal/mmcv_34709ec07a1247aa9f36a5c75a41ccbe/build/temp.linux-x86_64-cpython-311/mmcv/ops/csrc/pytorch/cpu/active_rotated_filter.o.d -pthread -Wsign-compare -DDYNAMIC_ANNOTATIONS_ENABLED=1 -DNDEBUG -O2 -g -pipe -Wall -Werror=format-security -Wp,-D_FORTIFY_SOURCE=2 -Wp,-D_GLIBCXX_ASSERTIONS -fexceptions -fstack-protector-strong -grecord-gcc-switches -m64 -mtune=generic -fasynchronous-unwind-tables -fstack-clash-protection -fcf-protection -D_GNU_SOURCE -fPIC -fwrapv -O2 -g -pipe -Wall -Werror=format-security -Wp,-D_FORTIFY_SOURCE=2 -Wp,-D_GLIBCXX_ASSERTIONS -fexceptions -fstack-protector-strong -grecord-gcc-switches -m64 -mtune=generic -fasynchronous-unwind-tables -fstack-clash-protection -fcf-protection -D_GNU_SOURCE -fPIC -fwrapv -O2 -g -pipe -Wall -Werror=format-security -Wp,-D_FORTIFY_SOURCE=2 -Wp,-D_GLIBCXX_ASSERTIONS -fexceptions -fstack-protector-strong -grecord-gcc-switches -m64 -mtune=generic -fasynchronous-unwind-tables -fstack-clash-protection -fcf-protection -D_GNU_SOURCE -fPIC -fwrapv -fPIC -DMMCV_WITH_CUDA -I/var/tmp/pip-install-tuu00oal/mmcv_34709ec07a1247aa9f36a5c75a41ccbe/mmcv/ops/csrc/pytorch -I/var/tmp/pip-install-tuu00oal/mmcv_34709ec07a1247aa9f36a5c75a41ccbe/mmcv/ops/csrc/common -I/var/tmp/pip-install-tuu00oal/mmcv_34709ec07a1247aa9f36a5c75a41ccbe/mmcv/ops/csrc/common/cuda -I/home/taah3149/Documents/Group_Studies/.venv/lib64/python3.11/site-packages/torch/include -I/home/taah3149/Documents/Group_Studies/.venv/lib64/python3.11/site-packages/torch/include/torch/csrc/api/include -I/home/taah3149/Documents/Group_Studies/.venv/lib64/python3.11/site-packages/torch/include/TH -I/home/taah3149/Documents/Group_Studies/.venv/lib64/python3.11/site-packages/torch/include/THC -I/usr/app-soft1/cuda/cuda-12.2/include -I/home/taah3149/Documents/Group_Studies/.venv/include -I/usr/include/python3.11 -c -c /var/tmp/pip-install-tuu00oal/mmcv_34709ec07a1247aa9f36a5c75a41ccbe/mmcv/ops/csrc/pytorch/cpu/active_rotated_filter.cpp -o /var/tmp/pip-install-tuu00oal/mmcv_34709ec07a1247aa9f36a5c75a41ccbe/build/temp.linux-x86_64-cpython-311/mmcv/ops/csrc/pytorch/cpu/active_rotated_filter.o -std=c++17 -DTORCH_API_INCLUDE_EXTENSION_H '-DPYBIND11_COMPILER_TYPE="_gcc"' '-DPYBIND11_STDLIB="_libstdcpp"' '-DPYBIND11_BUILD_ABI="_cxxabi1011"' -DTORCH_EXTENSION_NAME=_ext -D_GLIBCXX_USE_CXX11_ABI=0
  /var/tmp/pip-install-tuu00oal/mmcv_34709ec07a1247aa9f36a5c75a41ccbe/mmcv/ops/csrc/pytorch/cpu/active_rotated_filter.cpp:16: warning: ignoring #pragma omp parallel [-Wunknown-pragmas]
     16 | #pragma omp parallel for private(i, j, l, k)
        |
  /var/tmp/pip-install-tuu00oal/mmcv_34709ec07a1247aa9f36a5c75a41ccbe/mmcv/ops/csrc/pytorch/cpu/active_rotated_filter.cpp:44: warning: ignoring #pragma omp parallel [-Wunknown-pragmas]
     44 | #pragma omp parallel for private(i, j, l, k)
        |
  [4/136] c++ -MMD -MF /var/tmp/pip-install-tuu00oal/mmcv_34709ec07a1247aa9f36a5c75a41ccbe/build/temp.linux-x86_64-cpython-311/mmcv/ops/csrc/pytorch/cpu/points_in_boxes.o.d -pthread -Wsign-compare -DDYNAMIC_ANNOTATIONS_ENABLED=1 -DNDEBUG -O2 -g -pipe -Wall -Werror=format-security -Wp,-D_FORTIFY_SOURCE=2 -Wp,-D_GLIBCXX_ASSERTIONS -fexceptions -fstack-protector-strong -grecord-gcc-switches -m64 -mtune=generic -fasynchronous-unwind-tables -fstack-clash-protection -fcf-protection -D_GNU_SOURCE -fPIC -fwrapv -O2 -g -pipe -Wall -Werror=format-security -Wp,-D_FORTIFY_SOURCE=2 -Wp,-D_GLIBCXX_ASSERTIONS -fexceptions -fstack-protector-strong -grecord-gcc-switches -m64 -mtune=generic -fasynchronous-unwind-tables -fstack-clash-protection -fcf-protection -D_GNU_SOURCE -fPIC -fwrapv -O2 -g -pipe -Wall -Werror=format-security -Wp,-D_FORTIFY_SOURCE=2 -Wp,-D_GLIBCXX_ASSERTIONS -fexceptions -fstack-protector-strong -grecord-gcc-switches -m64 -mtune=generic -fasynchronous-unwind-tables -fstack-clash-protection -fcf-protection -D_GNU_SOURCE -fPIC -fwrapv -fPIC -DMMCV_WITH_CUDA -I/var/tmp/pip-install-tuu00oal/mmcv_34709ec07a1247aa9f36a5c75a41ccbe/mmcv/ops/csrc/pytorch -I/var/tmp/pip-install-tuu00oal/mmcv_34709ec07a1247aa9f36a5c75a41ccbe/mmcv/ops/csrc/common -I/var/tmp/pip-install-tuu00oal/mmcv_34709ec07a1247aa9f36a5c75a41ccbe/mmcv/ops/csrc/common/cuda -I/home/taah3149/Documents/Group_Studies/.venv/lib64/python3.11/site-packages/torch/include -I/home/taah3149/Documents/Group_Studies/.venv/lib64/python3.11/site-packages/torch/include/torch/csrc/api/include -I/home/taah3149/Documents/Group_Studies/.venv/lib64/python3.11/site-packages/torch/include/TH -I/home/taah3149/Documents/Group_Studies/.venv/lib64/python3.11/site-packages/torch/include/THC -I/usr/app-soft1/cuda/cuda-12.2/include -I/home/taah3149/Documents/Group_Studies/.venv/include -I/usr/include/python3.11 -c -c /var/tmp/pip-install-tuu00oal/mmcv_34709ec07a1247aa9f36a5c75a41ccbe/mmcv/ops/csrc/pytorch/cpu/points_in_boxes.cpp -o /var/tmp/pip-install-tuu00oal/mmcv_34709ec07a1247aa9f36a5c75a41ccbe/build/temp.linux-x86_64-cpython-311/mmcv/ops/csrc/pytorch/cpu/points_in_boxes.o -std=c++17 -DTORCH_API_INCLUDE_EXTENSION_H '-DPYBIND11_COMPILER_TYPE="_gcc"' '-DPYBIND11_STDLIB="_libstdcpp"' '-DPYBIND11_BUILD_ABI="_cxxabi1011"' -DTORCH_EXTENSION_NAME=_ext -D_GLIBCXX_USE_CXX11_ABI=0
  [5/136] c++ -MMD -MF /var/tmp/pip-install-tuu00oal/mmcv_34709ec07a1247aa9f36a5c75a41ccbe/build/temp.linux-x86_64-cpython-311/mmcv/ops/csrc/pytorch/cpu/psamask.o.d -pthread -Wsign-compare -DDYNAMIC_ANNOTATIONS_ENABLED=1 -DNDEBUG -O2 -g -pipe -Wall -Werror=format-security -Wp,-D_FORTIFY_SOURCE=2 -Wp,-D_GLIBCXX_ASSERTIONS -fexceptions -fstack-protector-strong -grecord-gcc-switches -m64 -mtune=generic -fasynchronous-unwind-tables -fstack-clash-protection -fcf-protection -D_GNU_SOURCE -fPIC -fwrapv -O2 -g -pipe -Wall -Werror=format-security -Wp,-D_FORTIFY_SOURCE=2 -Wp,-D_GLIBCXX_ASSERTIONS -fexceptions -fstack-protector-strong -grecord-gcc-switches -m64 -mtune=generic -fasynchronous-unwind-tables -fstack-clash-protection -fcf-protection -D_GNU_SOURCE -fPIC -fwrapv -O2 -g -pipe -Wall -Werror=format-security -Wp,-D_FORTIFY_SOURCE=2 -Wp,-D_GLIBCXX_ASSERTIONS -fexceptions -fstack-protector-strong -grecord-gcc-switches -m64 -mtune=generic -fasynchronous-unwind-tables -fstack-clash-protection -fcf-protection -D_GNU_SOURCE -fPIC -fwrapv -fPIC -DMMCV_WITH_CUDA -I/var/tmp/pip-install-tuu00oal/mmcv_34709ec07a1247aa9f36a5c75a41ccbe/mmcv/ops/csrc/pytorch -I/var/tmp/pip-install-tuu00oal/mmcv_34709ec07a1247aa9f36a5c75a41ccbe/mmcv/ops/csrc/common -I/var/tmp/pip-install-tuu00oal/mmcv_34709ec07a1247aa9f36a5c75a41ccbe/mmcv/ops/csrc/common/cuda -I/home/taah3149/Documents/Group_Studies/.venv/lib64/python3.11/site-packages/torch/include -I/home/taah3149/Documents/Group_Studies/.venv/lib64/python3.11/site-packages/torch/include/torch/csrc/api/include -I/home/taah3149/Documents/Group_Studies/.venv/lib64/python3.11/site-packages/torch/include/TH -I/home/taah3149/Documents/Group_Studies/.venv/lib64/python3.11/site-packages/torch/include/THC -I/usr/app-soft1/cuda/cuda-12.2/include -I/home/taah3149/Documents/Group_Studies/.venv/include -I/usr/include/python3.11 -c -c /var/tmp/pip-install-tuu00oal/mmcv_34709ec07a1247aa9f36a5c75a41ccbe/mmcv/ops/csrc/pytorch/cpu/psamask.cpp -o /var/tmp/pip-install-tuu00oal/mmcv_34709ec07a1247aa9f36a5c75a41ccbe/build/temp.linux-x86_64-cpython-311/mmcv/ops/csrc/pytorch/cpu/psamask.o -std=c++17 -DTORCH_API_INCLUDE_EXTENSION_H '-DPYBIND11_COMPILER_TYPE="_gcc"' '-DPYBIND11_STDLIB="_libstdcpp"' '-DPYBIND11_BUILD_ABI="_cxxabi1011"' -DTORCH_EXTENSION_NAME=_ext -D_GLIBCXX_USE_CXX11_ABI=0
  [6/136] c++ -MMD -MF /var/tmp/pip-install-tuu00oal/mmcv_34709ec07a1247aa9f36a5c75a41ccbe/build/temp.linux-x86_64-cpython-311/mmcv/ops/csrc/pytorch/box_iou_rotated.o.d -pthread -Wsign-compare -DDYNAMIC_ANNOTATIONS_ENABLED=1 -DNDEBUG -O2 -g -pipe -Wall -Werror=format-security -Wp,-D_FORTIFY_SOURCE=2 -Wp,-D_GLIBCXX_ASSERTIONS -fexceptions -fstack-protector-strong -grecord-gcc-switches -m64 -mtune=generic -fasynchronous-unwind-tables -fstack-clash-protection -fcf-protection -D_GNU_SOURCE -fPIC -fwrapv -O2 -g -pipe -Wall -Werror=format-security -Wp,-D_FORTIFY_SOURCE=2 -Wp,-D_GLIBCXX_ASSERTIONS -fexceptions -fstack-protector-strong -grecord-gcc-switches -m64 -mtune=generic -fasynchronous-unwind-tables -fstack-clash-protection -fcf-protection -D_GNU_SOURCE -fPIC -fwrapv -O2 -g -pipe -Wall -Werror=format-security -Wp,-D_FORTIFY_SOURCE=2 -Wp,-D_GLIBCXX_ASSERTIONS -fexceptions -fstack-protector-strong -grecord-gcc-switches -m64 -mtune=generic -fasynchronous-unwind-tables -fstack-clash-protection -fcf-protection -D_GNU_SOURCE -fPIC -fwrapv -fPIC -DMMCV_WITH_CUDA -I/var/tmp/pip-install-tuu00oal/mmcv_34709ec07a1247aa9f36a5c75a41ccbe/mmcv/ops/csrc/pytorch -I/var/tmp/pip-install-tuu00oal/mmcv_34709ec07a1247aa9f36a5c75a41ccbe/mmcv/ops/csrc/common -I/var/tmp/pip-install-tuu00oal/mmcv_34709ec07a1247aa9f36a5c75a41ccbe/mmcv/ops/csrc/common/cuda -I/home/taah3149/Documents/Group_Studies/.venv/lib64/python3.11/site-packages/torch/include -I/home/taah3149/Documents/Group_Studies/.venv/lib64/python3.11/site-packages/torch/include/torch/csrc/api/include -I/home/taah3149/Documents/Group_Studies/.venv/lib64/python3.11/site-packages/torch/include/TH -I/home/taah3149/Documents/Group_Studies/.venv/lib64/python3.11/site-packages/torch/include/THC -I/usr/app-soft1/cuda/cuda-12.2/include -I/home/taah3149/Documents/Group_Studies/.venv/include -I/usr/include/python3.11 -c -c /var/tmp/pip-install-tuu00oal/mmcv_34709ec07a1247aa9f36a5c75a41ccbe/mmcv/ops/csrc/pytorch/box_iou_rotated.cpp -o /var/tmp/pip-install-tuu00oal/mmcv_34709ec07a1247aa9f36a5c75a41ccbe/build/temp.linux-x86_64-cpython-311/mmcv/ops/csrc/pytorch/box_iou_rotated.o -std=c++17 -DTORCH_API_INCLUDE_EXTENSION_H '-DPYBIND11_COMPILER_TYPE="_gcc"' '-DPYBIND11_STDLIB="_libstdcpp"' '-DPYBIND11_BUILD_ABI="_cxxabi1011"' -DTORCH_EXTENSION_NAME=_ext -D_GLIBCXX_USE_CXX11_ABI=0
  [7/136] c++ -MMD -MF /var/tmp/pip-install-tuu00oal/mmcv_34709ec07a1247aa9f36a5c75a41ccbe/build/temp.linux-x86_64-cpython-311/mmcv/ops/csrc/pytorch/cpu/rotated_feature_align.o.d -pthread -Wsign-compare -DDYNAMIC_ANNOTATIONS_ENABLED=1 -DNDEBUG -O2 -g -pipe -Wall -Werror=format-security -Wp,-D_FORTIFY_SOURCE=2 -Wp,-D_GLIBCXX_ASSERTIONS -fexceptions -fstack-protector-strong -grecord-gcc-switches -m64 -mtune=generic -fasynchronous-unwind-tables -fstack-clash-protection -fcf-protection -D_GNU_SOURCE -fPIC -fwrapv -O2 -g -pipe -Wall -Werror=format-security -Wp,-D_FORTIFY_SOURCE=2 -Wp,-D_GLIBCXX_ASSERTIONS -fexceptions -fstack-protector-strong -grecord-gcc-switches -m64 -mtune=generic -fasynchronous-unwind-tables -fstack-clash-protection -fcf-protection -D_GNU_SOURCE -fPIC -fwrapv -O2 -g -pipe -Wall -Werror=format-security -Wp,-D_FORTIFY_SOURCE=2 -Wp,-D_GLIBCXX_ASSERTIONS -fexceptions -fstack-protector-strong -grecord-gcc-switches -m64 -mtune=generic -fasynchronous-unwind-tables -fstack-clash-protection -fcf-protection -D_GNU_SOURCE -fPIC -fwrapv -fPIC -DMMCV_WITH_CUDA -I/var/tmp/pip-install-tuu00oal/mmcv_34709ec07a1247aa9f36a5c75a41ccbe/mmcv/ops/csrc/pytorch -I/var/tmp/pip-install-tuu00oal/mmcv_34709ec07a1247aa9f36a5c75a41ccbe/mmcv/ops/csrc/common -I/var/tmp/pip-install-tuu00oal/mmcv_34709ec07a1247aa9f36a5c75a41ccbe/mmcv/ops/csrc/common/cuda -I/home/taah3149/Documents/Group_Studies/.venv/lib64/python3.11/site-packages/torch/include -I/home/taah3149/Documents/Group_Studies/.venv/lib64/python3.11/site-packages/torch/include/torch/csrc/api/include -I/home/taah3149/Documents/Group_Studies/.venv/lib64/python3.11/site-packages/torch/include/TH -I/home/taah3149/Documents/Group_Studies/.venv/lib64/python3.11/site-packages/torch/include/THC -I/usr/app-soft1/cuda/cuda-12.2/include -I/home/taah3149/Documents/Group_Studies/.venv/include -I/usr/include/python3.11 -c -c /var/tmp/pip-install-tuu00oal/mmcv_34709ec07a1247aa9f36a5c75a41ccbe/mmcv/ops/csrc/pytorch/cpu/rotated_feature_align.cpp -o /var/tmp/pip-install-tuu00oal/mmcv_34709ec07a1247aa9f36a5c75a41ccbe/build/temp.linux-x86_64-cpython-311/mmcv/ops/csrc/pytorch/cpu/rotated_feature_align.o -std=c++17 -DTORCH_API_INCLUDE_EXTENSION_H '-DPYBIND11_COMPILER_TYPE="_gcc"' '-DPYBIND11_STDLIB="_libstdcpp"' '-DPYBIND11_BUILD_ABI="_cxxabi1011"' -DTORCH_EXTENSION_NAME=_ext -D_GLIBCXX_USE_CXX11_ABI=0
  [8/136] c++ -MMD -MF /var/tmp/pip-install-tuu00oal/mmcv_34709ec07a1247aa9f36a5c75a41ccbe/build/temp.linux-x86_64-cpython-311/mmcv/ops/csrc/pytorch/convex_iou.o.d -pthread -Wsign-compare -DDYNAMIC_ANNOTATIONS_ENABLED=1 -DNDEBUG -O2 -g -pipe -Wall -Werror=format-security -Wp,-D_FORTIFY_SOURCE=2 -Wp,-D_GLIBCXX_ASSERTIONS -fexceptions -fstack-protector-strong -grecord-gcc-switches -m64 -mtune=generic -fasynchronous-unwind-tables -fstack-clash-protection -fcf-protection -D_GNU_SOURCE -fPIC -fwrapv -O2 -g -pipe -Wall -Werror=format-security -Wp,-D_FORTIFY_SOURCE=2 -Wp,-D_GLIBCXX_ASSERTIONS -fexceptions -fstack-protector-strong -grecord-gcc-switches -m64 -mtune=generic -fasynchronous-unwind-tables -fstack-clash-protection -fcf-protection -D_GNU_SOURCE -fPIC -fwrapv -O2 -g -pipe -Wall -Werror=format-security -Wp,-D_FORTIFY_SOURCE=2 -Wp,-D_GLIBCXX_ASSERTIONS -fexceptions -fstack-protector-strong -grecord-gcc-switches -m64 -mtune=generic -fasynchronous-unwind-tables -fstack-clash-protection -fcf-protection -D_GNU_SOURCE -fPIC -fwrapv -fPIC -DMMCV_WITH_CUDA -I/var/tmp/pip-install-tuu00oal/mmcv_34709ec07a1247aa9f36a5c75a41ccbe/mmcv/ops/csrc/pytorch -I/var/tmp/pip-install-tuu00oal/mmcv_34709ec07a1247aa9f36a5c75a41ccbe/mmcv/ops/csrc/common -I/var/tmp/pip-install-tuu00oal/mmcv_34709ec07a1247aa9f36a5c75a41ccbe/mmcv/ops/csrc/common/cuda -I/home/taah3149/Documents/Group_Studies/.venv/lib64/python3.11/site-packages/torch/include -I/home/taah3149/Documents/Group_Studies/.venv/lib64/python3.11/site-packages/torch/include/torch/csrc/api/include -I/home/taah3149/Documents/Group_Studies/.venv/lib64/python3.11/site-packages/torch/include/TH -I/home/taah3149/Documents/Group_Studies/.venv/lib64/python3.11/site-packages/torch/include/THC -I/usr/app-soft1/cuda/cuda-12.2/include -I/home/taah3149/Documents/Group_Studies/.venv/include -I/usr/include/python3.11 -c -c /var/tmp/pip-install-tuu00oal/mmcv_34709ec07a1247aa9f36a5c75a41ccbe/mmcv/ops/csrc/pytorch/convex_iou.cpp -o /var/tmp/pip-install-tuu00oal/mmcv_34709ec07a1247aa9f36a5c75a41ccbe/build/temp.linux-x86_64-cpython-311/mmcv/ops/csrc/pytorch/convex_iou.o -std=c++17 -DTORCH_API_INCLUDE_EXTENSION_H '-DPYBIND11_COMPILER_TYPE="_gcc"' '-DPYBIND11_STDLIB="_libstdcpp"' '-DPYBIND11_BUILD_ABI="_cxxabi1011"' -DTORCH_EXTENSION_NAME=_ext -D_GLIBCXX_USE_CXX11_ABI=0
  [9/136] c++ -MMD -MF /var/tmp/pip-install-tuu00oal/mmcv_34709ec07a1247aa9f36a5c75a41ccbe/build/temp.linux-x86_64-cpython-311/mmcv/ops/csrc/pytorch/bbox_overlaps.o.d -pthread -Wsign-compare -DDYNAMIC_ANNOTATIONS_ENABLED=1 -DNDEBUG -O2 -g -pipe -Wall -Werror=format-security -Wp,-D_FORTIFY_SOURCE=2 -Wp,-D_GLIBCXX_ASSERTIONS -fexceptions -fstack-protector-strong -grecord-gcc-switches -m64 -mtune=generic -fasynchronous-unwind-tables -fstack-clash-protection -fcf-protection -D_GNU_SOURCE -fPIC -fwrapv -O2 -g -pipe -Wall -Werror=format-security -Wp,-D_FORTIFY_SOURCE=2 -Wp,-D_GLIBCXX_ASSERTIONS -fexceptions -fstack-protector-strong -grecord-gcc-switches -m64 -mtune=generic -fasynchronous-unwind-tables -fstack-clash-protection -fcf-protection -D_GNU_SOURCE -fPIC -fwrapv -O2 -g -pipe -Wall -Werror=format-security -Wp,-D_FORTIFY_SOURCE=2 -Wp,-D_GLIBCXX_ASSERTIONS -fexceptions -fstack-protector-strong -grecord-gcc-switches -m64 -mtune=generic -fasynchronous-unwind-tables -fstack-clash-protection -fcf-protection -D_GNU_SOURCE -fPIC -fwrapv -fPIC -DMMCV_WITH_CUDA -I/var/tmp/pip-install-tuu00oal/mmcv_34709ec07a1247aa9f36a5c75a41ccbe/mmcv/ops/csrc/pytorch -I/var/tmp/pip-install-tuu00oal/mmcv_34709ec07a1247aa9f36a5c75a41ccbe/mmcv/ops/csrc/common -I/var/tmp/pip-install-tuu00oal/mmcv_34709ec07a1247aa9f36a5c75a41ccbe/mmcv/ops/csrc/common/cuda -I/home/taah3149/Documents/Group_Studies/.venv/lib64/python3.11/site-packages/torch/include -I/home/taah3149/Documents/Group_Studies/.venv/lib64/python3.11/site-packages/torch/include/torch/csrc/api/include -I/home/taah3149/Documents/Group_Studies/.venv/lib64/python3.11/site-packages/torch/include/TH -I/home/taah3149/Documents/Group_Studies/.venv/lib64/python3.11/site-packages/torch/include/THC -I/usr/app-soft1/cuda/cuda-12.2/include -I/home/taah3149/Documents/Group_Studies/.venv/include -I/usr/include/python3.11 -c -c /var/tmp/pip-install-tuu00oal/mmcv_34709ec07a1247aa9f36a5c75a41ccbe/mmcv/ops/csrc/pytorch/bbox_overlaps.cpp -o /var/tmp/pip-install-tuu00oal/mmcv_34709ec07a1247aa9f36a5c75a41ccbe/build/temp.linux-x86_64-cpython-311/mmcv/ops/csrc/pytorch/bbox_overlaps.o -std=c++17 -DTORCH_API_INCLUDE_EXTENSION_H '-DPYBIND11_COMPILER_TYPE="_gcc"' '-DPYBIND11_STDLIB="_libstdcpp"' '-DPYBIND11_BUILD_ABI="_cxxabi1011"' -DTORCH_EXTENSION_NAME=_ext -D_GLIBCXX_USE_CXX11_ABI=0
  [10/136] c++ -MMD -MF /var/tmp/pip-install-tuu00oal/mmcv_34709ec07a1247aa9f36a5c75a41ccbe/build/temp.linux-x86_64-cpython-311/mmcv/ops/csrc/pytorch/bias_act.o.d -pthread -Wsign-compare -DDYNAMIC_ANNOTATIONS_ENABLED=1 -DNDEBUG -O2 -g -pipe -Wall -Werror=format-security -Wp,-D_FORTIFY_SOURCE=2 -Wp,-D_GLIBCXX_ASSERTIONS -fexceptions -fstack-protector-strong -grecord-gcc-switches -m64 -mtune=generic -fasynchronous-unwind-tables -fstack-clash-protection -fcf-protection -D_GNU_SOURCE -fPIC -fwrapv -O2 -g -pipe -Wall -Werror=format-security -Wp,-D_FORTIFY_SOURCE=2 -Wp,-D_GLIBCXX_ASSERTIONS -fexceptions -fstack-protector-strong -grecord-gcc-switches -m64 -mtune=generic -fasynchronous-unwind-tables -fstack-clash-protection -fcf-protection -D_GNU_SOURCE -fPIC -fwrapv -O2 -g -pipe -Wall -Werror=format-security -Wp,-D_FORTIFY_SOURCE=2 -Wp,-D_GLIBCXX_ASSERTIONS -fexceptions -fstack-protector-strong -grecord-gcc-switches -m64 -mtune=generic -fasynchronous-unwind-tables -fstack-clash-protection -fcf-protection -D_GNU_SOURCE -fPIC -fwrapv -fPIC -DMMCV_WITH_CUDA -I/var/tmp/pip-install-tuu00oal/mmcv_34709ec07a1247aa9f36a5c75a41ccbe/mmcv/ops/csrc/pytorch -I/var/tmp/pip-install-tuu00oal/mmcv_34709ec07a1247aa9f36a5c75a41ccbe/mmcv/ops/csrc/common -I/var/tmp/pip-install-tuu00oal/mmcv_34709ec07a1247aa9f36a5c75a41ccbe/mmcv/ops/csrc/common/cuda -I/home/taah3149/Documents/Group_Studies/.venv/lib64/python3.11/site-packages/torch/include -I/home/taah3149/Documents/Group_Studies/.venv/lib64/python3.11/site-packages/torch/include/torch/csrc/api/include -I/home/taah3149/Documents/Group_Studies/.venv/lib64/python3.11/site-packages/torch/include/TH -I/home/taah3149/Documents/Group_Studies/.venv/lib64/python3.11/site-packages/torch/include/THC -I/usr/app-soft1/cuda/cuda-12.2/include -I/home/taah3149/Documents/Group_Studies/.venv/include -I/usr/include/python3.11 -c -c /var/tmp/pip-install-tuu00oal/mmcv_34709ec07a1247aa9f36a5c75a41ccbe/mmcv/ops/csrc/pytorch/bias_act.cpp -o /var/tmp/pip-install-tuu00oal/mmcv_34709ec07a1247aa9f36a5c75a41ccbe/build/temp.linux-x86_64-cpython-311/mmcv/ops/csrc/pytorch/bias_act.o -std=c++17 -DTORCH_API_INCLUDE_EXTENSION_H '-DPYBIND11_COMPILER_TYPE="_gcc"' '-DPYBIND11_STDLIB="_libstdcpp"' '-DPYBIND11_BUILD_ABI="_cxxabi1011"' -DTORCH_EXTENSION_NAME=_ext -D_GLIBCXX_USE_CXX11_ABI=0
  [11/136] c++ -MMD -MF /var/tmp/pip-install-tuu00oal/mmcv_34709ec07a1247aa9f36a5c75a41ccbe/build/temp.linux-x86_64-cpython-311/mmcv/ops/csrc/pytorch/assign_score_withk.o.d -pthread -Wsign-compare -DDYNAMIC_ANNOTATIONS_ENABLED=1 -DNDEBUG -O2 -g -pipe -Wall -Werror=format-security -Wp,-D_FORTIFY_SOURCE=2 -Wp,-D_GLIBCXX_ASSERTIONS -fexceptions -fstack-protector-strong -grecord-gcc-switches -m64 -mtune=generic -fasynchronous-unwind-tables -fstack-clash-protection -fcf-protection -D_GNU_SOURCE -fPIC -fwrapv -O2 -g -pipe -Wall -Werror=format-security -Wp,-D_FORTIFY_SOURCE=2 -Wp,-D_GLIBCXX_ASSERTIONS -fexceptions -fstack-protector-strong -grecord-gcc-switches -m64 -mtune=generic -fasynchronous-unwind-tables -fstack-clash-protection -fcf-protection -D_GNU_SOURCE -fPIC -fwrapv -O2 -g -pipe -Wall -Werror=format-security -Wp,-D_FORTIFY_SOURCE=2 -Wp,-D_GLIBCXX_ASSERTIONS -fexceptions -fstack-protector-strong -grecord-gcc-switches -m64 -mtune=generic -fasynchronous-unwind-tables -fstack-clash-protection -fcf-protection -D_GNU_SOURCE -fPIC -fwrapv -fPIC -DMMCV_WITH_CUDA -I/var/tmp/pip-install-tuu00oal/mmcv_34709ec07a1247aa9f36a5c75a41ccbe/mmcv/ops/csrc/pytorch -I/var/tmp/pip-install-tuu00oal/mmcv_34709ec07a1247aa9f36a5c75a41ccbe/mmcv/ops/csrc/common -I/var/tmp/pip-install-tuu00oal/mmcv_34709ec07a1247aa9f36a5c75a41ccbe/mmcv/ops/csrc/common/cuda -I/home/taah3149/Documents/Group_Studies/.venv/lib64/python3.11/site-packages/torch/include -I/home/taah3149/Documents/Group_Studies/.venv/lib64/python3.11/site-packages/torch/include/torch/csrc/api/include -I/home/taah3149/Documents/Group_Studies/.venv/lib64/python3.11/site-packages/torch/include/TH -I/home/taah3149/Documents/Group_Studies/.venv/lib64/python3.11/site-packages/torch/include/THC -I/usr/app-soft1/cuda/cuda-12.2/include -I/home/taah3149/Documents/Group_Studies/.venv/include -I/usr/include/python3.11 -c -c /var/tmp/pip-install-tuu00oal/mmcv_34709ec07a1247aa9f36a5c75a41ccbe/mmcv/ops/csrc/pytorch/assign_score_withk.cpp -o /var/tmp/pip-install-tuu00oal/mmcv_34709ec07a1247aa9f36a5c75a41ccbe/build/temp.linux-x86_64-cpython-311/mmcv/ops/csrc/pytorch/assign_score_withk.o -std=c++17 -DTORCH_API_INCLUDE_EXTENSION_H '-DPYBIND11_COMPILER_TYPE="_gcc"' '-DPYBIND11_STDLIB="_libstdcpp"' '-DPYBIND11_BUILD_ABI="_cxxabi1011"' -DTORCH_EXTENSION_NAME=_ext -D_GLIBCXX_USE_CXX11_ABI=0
  [12/136] c++ -MMD -MF /var/tmp/pip-install-tuu00oal/mmcv_34709ec07a1247aa9f36a5c75a41ccbe/build/temp.linux-x86_64-cpython-311/mmcv/ops/csrc/pytorch/contour_expand.o.d -pthread -Wsign-compare -DDYNAMIC_ANNOTATIONS_ENABLED=1 -DNDEBUG -O2 -g -pipe -Wall -Werror=format-security -Wp,-D_FORTIFY_SOURCE=2 -Wp,-D_GLIBCXX_ASSERTIONS -fexceptions -fstack-protector-strong -grecord-gcc-switches -m64 -mtune=generic -fasynchronous-unwind-tables -fstack-clash-protection -fcf-protection -D_GNU_SOURCE -fPIC -fwrapv -O2 -g -pipe -Wall -Werror=format-security -Wp,-D_FORTIFY_SOURCE=2 -Wp,-D_GLIBCXX_ASSERTIONS -fexceptions -fstack-protector-strong -grecord-gcc-switches -m64 -mtune=generic -fasynchronous-unwind-tables -fstack-clash-protection -fcf-protection -D_GNU_SOURCE -fPIC -fwrapv -O2 -g -pipe -Wall -Werror=format-security -Wp,-D_FORTIFY_SOURCE=2 -Wp,-D_GLIBCXX_ASSERTIONS -fexceptions -fstack-protector-strong -grecord-gcc-switches -m64 -mtune=generic -fasynchronous-unwind-tables -fstack-clash-protection -fcf-protection -D_GNU_SOURCE -fPIC -fwrapv -fPIC -DMMCV_WITH_CUDA -I/var/tmp/pip-install-tuu00oal/mmcv_34709ec07a1247aa9f36a5c75a41ccbe/mmcv/ops/csrc/pytorch -I/var/tmp/pip-install-tuu00oal/mmcv_34709ec07a1247aa9f36a5c75a41ccbe/mmcv/ops/csrc/common -I/var/tmp/pip-install-tuu00oal/mmcv_34709ec07a1247aa9f36a5c75a41ccbe/mmcv/ops/csrc/common/cuda -I/home/taah3149/Documents/Group_Studies/.venv/lib64/python3.11/site-packages/torch/include -I/home/taah3149/Documents/Group_Studies/.venv/lib64/python3.11/site-packages/torch/include/torch/csrc/api/include -I/home/taah3149/Documents/Group_Studies/.venv/lib64/python3.11/site-packages/torch/include/TH -I/home/taah3149/Documents/Group_Studies/.venv/lib64/python3.11/site-packages/torch/include/THC -I/usr/app-soft1/cuda/cuda-12.2/include -I/home/taah3149/Documents/Group_Studies/.venv/include -I/usr/include/python3.11 -c -c /var/tmp/pip-install-tuu00oal/mmcv_34709ec07a1247aa9f36a5c75a41ccbe/mmcv/ops/csrc/pytorch/contour_expand.cpp -o /var/tmp/pip-install-tuu00oal/mmcv_34709ec07a1247aa9f36a5c75a41ccbe/build/temp.linux-x86_64-cpython-311/mmcv/ops/csrc/pytorch/contour_expand.o -std=c++17 -DTORCH_API_INCLUDE_EXTENSION_H '-DPYBIND11_COMPILER_TYPE="_gcc"' '-DPYBIND11_STDLIB="_libstdcpp"' '-DPYBIND11_BUILD_ABI="_cxxabi1011"' -DTORCH_EXTENSION_NAME=_ext -D_GLIBCXX_USE_CXX11_ABI=0
  [13/136] c++ -MMD -MF /var/tmp/pip-install-tuu00oal/mmcv_34709ec07a1247aa9f36a5c75a41ccbe/build/temp.linux-x86_64-cpython-311/mmcv/ops/csrc/pytorch/correlation.o.d -pthread -Wsign-compare -DDYNAMIC_ANNOTATIONS_ENABLED=1 -DNDEBUG -O2 -g -pipe -Wall -Werror=format-security -Wp,-D_FORTIFY_SOURCE=2 -Wp,-D_GLIBCXX_ASSERTIONS -fexceptions -fstack-protector-strong -grecord-gcc-switches -m64 -mtune=generic -fasynchronous-unwind-tables -fstack-clash-protection -fcf-protection -D_GNU_SOURCE -fPIC -fwrapv -O2 -g -pipe -Wall -Werror=format-security -Wp,-D_FORTIFY_SOURCE=2 -Wp,-D_GLIBCXX_ASSERTIONS -fexceptions -fstack-protector-strong -grecord-gcc-switches -m64 -mtune=generic -fasynchronous-unwind-tables -fstack-clash-protection -fcf-protection -D_GNU_SOURCE -fPIC -fwrapv -O2 -g -pipe -Wall -Werror=format-security -Wp,-D_FORTIFY_SOURCE=2 -Wp,-D_GLIBCXX_ASSERTIONS -fexceptions -fstack-protector-strong -grecord-gcc-switches -m64 -mtune=generic -fasynchronous-unwind-tables -fstack-clash-protection -fcf-protection -D_GNU_SOURCE -fPIC -fwrapv -fPIC -DMMCV_WITH_CUDA -I/var/tmp/pip-install-tuu00oal/mmcv_34709ec07a1247aa9f36a5c75a41ccbe/mmcv/ops/csrc/pytorch -I/var/tmp/pip-install-tuu00oal/mmcv_34709ec07a1247aa9f36a5c75a41ccbe/mmcv/ops/csrc/common -I/var/tmp/pip-install-tuu00oal/mmcv_34709ec07a1247aa9f36a5c75a41ccbe/mmcv/ops/csrc/common/cuda -I/home/taah3149/Documents/Group_Studies/.venv/lib64/python3.11/site-packages/torch/include -I/home/taah3149/Documents/Group_Studies/.venv/lib64/python3.11/site-packages/torch/include/torch/csrc/api/include -I/home/taah3149/Documents/Group_Studies/.venv/lib64/python3.11/site-packages/torch/include/TH -I/home/taah3149/Documents/Group_Studies/.venv/lib64/python3.11/site-packages/torch/include/THC -I/usr/app-soft1/cuda/cuda-12.2/include -I/home/taah3149/Documents/Group_Studies/.venv/include -I/usr/include/python3.11 -c -c /var/tmp/pip-install-tuu00oal/mmcv_34709ec07a1247aa9f36a5c75a41ccbe/mmcv/ops/csrc/pytorch/correlation.cpp -o /var/tmp/pip-install-tuu00oal/mmcv_34709ec07a1247aa9f36a5c75a41ccbe/build/temp.linux-x86_64-cpython-311/mmcv/ops/csrc/pytorch/correlation.o -std=c++17 -DTORCH_API_INCLUDE_EXTENSION_H '-DPYBIND11_COMPILER_TYPE="_gcc"' '-DPYBIND11_STDLIB="_libstdcpp"' '-DPYBIND11_BUILD_ABI="_cxxabi1011"' -DTORCH_EXTENSION_NAME=_ext -D_GLIBCXX_USE_CXX11_ABI=0
  [14/136] c++ -MMD -MF /var/tmp/pip-install-tuu00oal/mmcv_34709ec07a1247aa9f36a5c75a41ccbe/build/temp.linux-x86_64-cpython-311/mmcv/ops/csrc/pytorch/carafe_naive.o.d -pthread -Wsign-compare -DDYNAMIC_ANNOTATIONS_ENABLED=1 -DNDEBUG -O2 -g -pipe -Wall -Werror=format-security -Wp,-D_FORTIFY_SOURCE=2 -Wp,-D_GLIBCXX_ASSERTIONS -fexceptions -fstack-protector-strong -grecord-gcc-switches -m64 -mtune=generic -fasynchronous-unwind-tables -fstack-clash-protection -fcf-protection -D_GNU_SOURCE -fPIC -fwrapv -O2 -g -pipe -Wall -Werror=format-security -Wp,-D_FORTIFY_SOURCE=2 -Wp,-D_GLIBCXX_ASSERTIONS -fexceptions -fstack-protector-strong -grecord-gcc-switches -m64 -mtune=generic -fasynchronous-unwind-tables -fstack-clash-protection -fcf-protection -D_GNU_SOURCE -fPIC -fwrapv -O2 -g -pipe -Wall -Werror=format-security -Wp,-D_FORTIFY_SOURCE=2 -Wp,-D_GLIBCXX_ASSERTIONS -fexceptions -fstack-protector-strong -grecord-gcc-switches -m64 -mtune=generic -fasynchronous-unwind-tables -fstack-clash-protection -fcf-protection -D_GNU_SOURCE -fPIC -fwrapv -fPIC -DMMCV_WITH_CUDA -I/var/tmp/pip-install-tuu00oal/mmcv_34709ec07a1247aa9f36a5c75a41ccbe/mmcv/ops/csrc/pytorch -I/var/tmp/pip-install-tuu00oal/mmcv_34709ec07a1247aa9f36a5c75a41ccbe/mmcv/ops/csrc/common -I/var/tmp/pip-install-tuu00oal/mmcv_34709ec07a1247aa9f36a5c75a41ccbe/mmcv/ops/csrc/common/cuda -I/home/taah3149/Documents/Group_Studies/.venv/lib64/python3.11/site-packages/torch/include -I/home/taah3149/Documents/Group_Studies/.venv/lib64/python3.11/site-packages/torch/include/torch/csrc/api/include -I/home/taah3149/Documents/Group_Studies/.venv/lib64/python3.11/site-packages/torch/include/TH -I/home/taah3149/Documents/Group_Studies/.venv/lib64/python3.11/site-packages/torch/include/THC -I/usr/app-soft1/cuda/cuda-12.2/include -I/home/taah3149/Documents/Group_Studies/.venv/include -I/usr/include/python3.11 -c -c /var/tmp/pip-install-tuu00oal/mmcv_34709ec07a1247aa9f36a5c75a41ccbe/mmcv/ops/csrc/pytorch/carafe_naive.cpp -o /var/tmp/pip-install-tuu00oal/mmcv_34709ec07a1247aa9f36a5c75a41ccbe/build/temp.linux-x86_64-cpython-311/mmcv/ops/csrc/pytorch/carafe_naive.o -std=c++17 -DTORCH_API_INCLUDE_EXTENSION_H '-DPYBIND11_COMPILER_TYPE="_gcc"' '-DPYBIND11_STDLIB="_libstdcpp"' '-DPYBIND11_BUILD_ABI="_cxxabi1011"' -DTORCH_EXTENSION_NAME=_ext -D_GLIBCXX_USE_CXX11_ABI=0
  [15/136] c++ -MMD -MF /var/tmp/pip-install-tuu00oal/mmcv_34709ec07a1247aa9f36a5c75a41ccbe/build/temp.linux-x86_64-cpython-311/mmcv/ops/csrc/pytorch/border_align.o.d -pthread -Wsign-compare -DDYNAMIC_ANNOTATIONS_ENABLED=1 -DNDEBUG -O2 -g -pipe -Wall -Werror=format-security -Wp,-D_FORTIFY_SOURCE=2 -Wp,-D_GLIBCXX_ASSERTIONS -fexceptions -fstack-protector-strong -grecord-gcc-switches -m64 -mtune=generic -fasynchronous-unwind-tables -fstack-clash-protection -fcf-protection -D_GNU_SOURCE -fPIC -fwrapv -O2 -g -pipe -Wall -Werror=format-security -Wp,-D_FORTIFY_SOURCE=2 -Wp,-D_GLIBCXX_ASSERTIONS -fexceptions -fstack-protector-strong -grecord-gcc-switches -m64 -mtune=generic -fasynchronous-unwind-tables -fstack-clash-protection -fcf-protection -D_GNU_SOURCE -fPIC -fwrapv -O2 -g -pipe -Wall -Werror=format-security -Wp,-D_FORTIFY_SOURCE=2 -Wp,-D_GLIBCXX_ASSERTIONS -fexceptions -fstack-protector-strong -grecord-gcc-switches -m64 -mtune=generic -fasynchronous-unwind-tables -fstack-clash-protection -fcf-protection -D_GNU_SOURCE -fPIC -fwrapv -fPIC -DMMCV_WITH_CUDA -I/var/tmp/pip-install-tuu00oal/mmcv_34709ec07a1247aa9f36a5c75a41ccbe/mmcv/ops/csrc/pytorch -I/var/tmp/pip-install-tuu00oal/mmcv_34709ec07a1247aa9f36a5c75a41ccbe/mmcv/ops/csrc/common -I/var/tmp/pip-install-tuu00oal/mmcv_34709ec07a1247aa9f36a5c75a41ccbe/mmcv/ops/csrc/common/cuda -I/home/taah3149/Documents/Group_Studies/.venv/lib64/python3.11/site-packages/torch/include -I/home/taah3149/Documents/Group_Studies/.venv/lib64/python3.11/site-packages/torch/include/torch/csrc/api/include -I/home/taah3149/Documents/Group_Studies/.venv/lib64/python3.11/site-packages/torch/include/TH -I/home/taah3149/Documents/Group_Studies/.venv/lib64/python3.11/site-packages/torch/include/THC -I/usr/app-soft1/cuda/cuda-12.2/include -I/home/taah3149/Documents/Group_Studies/.venv/include -I/usr/include/python3.11 -c -c /var/tmp/pip-install-tuu00oal/mmcv_34709ec07a1247aa9f36a5c75a41ccbe/mmcv/ops/csrc/pytorch/border_align.cpp -o /var/tmp/pip-install-tuu00oal/mmcv_34709ec07a1247aa9f36a5c75a41ccbe/build/temp.linux-x86_64-cpython-311/mmcv/ops/csrc/pytorch/border_align.o -std=c++17 -DTORCH_API_INCLUDE_EXTENSION_H '-DPYBIND11_COMPILER_TYPE="_gcc"' '-DPYBIND11_STDLIB="_libstdcpp"' '-DPYBIND11_BUILD_ABI="_cxxabi1011"' -DTORCH_EXTENSION_NAME=_ext -D_GLIBCXX_USE_CXX11_ABI=0
  [16/136] c++ -MMD -MF /var/tmp/pip-install-tuu00oal/mmcv_34709ec07a1247aa9f36a5c75a41ccbe/build/temp.linux-x86_64-cpython-311/mmcv/ops/csrc/pytorch/box_iou_quadri.o.d -pthread -Wsign-compare -DDYNAMIC_ANNOTATIONS_ENABLED=1 -DNDEBUG -O2 -g -pipe -Wall -Werror=format-security -Wp,-D_FORTIFY_SOURCE=2 -Wp,-D_GLIBCXX_ASSERTIONS -fexceptions -fstack-protector-strong -grecord-gcc-switches -m64 -mtune=generic -fasynchronous-unwind-tables -fstack-clash-protection -fcf-protection -D_GNU_SOURCE -fPIC -fwrapv -O2 -g -pipe -Wall -Werror=format-security -Wp,-D_FORTIFY_SOURCE=2 -Wp,-D_GLIBCXX_ASSERTIONS -fexceptions -fstack-protector-strong -grecord-gcc-switches -m64 -mtune=generic -fasynchronous-unwind-tables -fstack-clash-protection -fcf-protection -D_GNU_SOURCE -fPIC -fwrapv -O2 -g -pipe -Wall -Werror=format-security -Wp,-D_FORTIFY_SOURCE=2 -Wp,-D_GLIBCXX_ASSERTIONS -fexceptions -fstack-protector-strong -grecord-gcc-switches -m64 -mtune=generic -fasynchronous-unwind-tables -fstack-clash-protection -fcf-protection -D_GNU_SOURCE -fPIC -fwrapv -fPIC -DMMCV_WITH_CUDA -I/var/tmp/pip-install-tuu00oal/mmcv_34709ec07a1247aa9f36a5c75a41ccbe/mmcv/ops/csrc/pytorch -I/var/tmp/pip-install-tuu00oal/mmcv_34709ec07a1247aa9f36a5c75a41ccbe/mmcv/ops/csrc/common -I/var/tmp/pip-install-tuu00oal/mmcv_34709ec07a1247aa9f36a5c75a41ccbe/mmcv/ops/csrc/common/cuda -I/home/taah3149/Documents/Group_Studies/.venv/lib64/python3.11/site-packages/torch/include -I/home/taah3149/Documents/Group_Studies/.venv/lib64/python3.11/site-packages/torch/include/torch/csrc/api/include -I/home/taah3149/Documents/Group_Studies/.venv/lib64/python3.11/site-packages/torch/include/TH -I/home/taah3149/Documents/Group_Studies/.venv/lib64/python3.11/site-packages/torch/include/THC -I/usr/app-soft1/cuda/cuda-12.2/include -I/home/taah3149/Documents/Group_Studies/.venv/include -I/usr/include/python3.11 -c -c /var/tmp/pip-install-tuu00oal/mmcv_34709ec07a1247aa9f36a5c75a41ccbe/mmcv/ops/csrc/pytorch/box_iou_quadri.cpp -o /var/tmp/pip-install-tuu00oal/mmcv_34709ec07a1247aa9f36a5c75a41ccbe/build/temp.linux-x86_64-cpython-311/mmcv/ops/csrc/pytorch/box_iou_quadri.o -std=c++17 -DTORCH_API_INCLUDE_EXTENSION_H '-DPYBIND11_COMPILER_TYPE="_gcc"' '-DPYBIND11_STDLIB="_libstdcpp"' '-DPYBIND11_BUILD_ABI="_cxxabi1011"' -DTORCH_EXTENSION_NAME=_ext -D_GLIBCXX_USE_CXX11_ABI=0
  [17/136] c++ -MMD -MF /var/tmp/pip-install-tuu00oal/mmcv_34709ec07a1247aa9f36a5c75a41ccbe/build/temp.linux-x86_64-cpython-311/mmcv/ops/csrc/pytorch/active_rotated_filter.o.d -pthread -Wsign-compare -DDYNAMIC_ANNOTATIONS_ENABLED=1 -DNDEBUG -O2 -g -pipe -Wall -Werror=format-security -Wp,-D_FORTIFY_SOURCE=2 -Wp,-D_GLIBCXX_ASSERTIONS -fexceptions -fstack-protector-strong -grecord-gcc-switches -m64 -mtune=generic -fasynchronous-unwind-tables -fstack-clash-protection -fcf-protection -D_GNU_SOURCE -fPIC -fwrapv -O2 -g -pipe -Wall -Werror=format-security -Wp,-D_FORTIFY_SOURCE=2 -Wp,-D_GLIBCXX_ASSERTIONS -fexceptions -fstack-protector-strong -grecord-gcc-switches -m64 -mtune=generic -fasynchronous-unwind-tables -fstack-clash-protection -fcf-protection -D_GNU_SOURCE -fPIC -fwrapv -O2 -g -pipe -Wall -Werror=format-security -Wp,-D_FORTIFY_SOURCE=2 -Wp,-D_GLIBCXX_ASSERTIONS -fexceptions -fstack-protector-strong -grecord-gcc-switches -m64 -mtune=generic -fasynchronous-unwind-tables -fstack-clash-protection -fcf-protection -D_GNU_SOURCE -fPIC -fwrapv -fPIC -DMMCV_WITH_CUDA -I/var/tmp/pip-install-tuu00oal/mmcv_34709ec07a1247aa9f36a5c75a41ccbe/mmcv/ops/csrc/pytorch -I/var/tmp/pip-install-tuu00oal/mmcv_34709ec07a1247aa9f36a5c75a41ccbe/mmcv/ops/csrc/common -I/var/tmp/pip-install-tuu00oal/mmcv_34709ec07a1247aa9f36a5c75a41ccbe/mmcv/ops/csrc/common/cuda -I/home/taah3149/Documents/Group_Studies/.venv/lib64/python3.11/site-packages/torch/include -I/home/taah3149/Documents/Group_Studies/.venv/lib64/python3.11/site-packages/torch/include/torch/csrc/api/include -I/home/taah3149/Documents/Group_Studies/.venv/lib64/python3.11/site-packages/torch/include/TH -I/home/taah3149/Documents/Group_Studies/.venv/lib64/python3.11/site-packages/torch/include/THC -I/usr/app-soft1/cuda/cuda-12.2/include -I/home/taah3149/Documents/Group_Studies/.venv/include -I/usr/include/python3.11 -c -c /var/tmp/pip-install-tuu00oal/mmcv_34709ec07a1247aa9f36a5c75a41ccbe/mmcv/ops/csrc/pytorch/active_rotated_filter.cpp -o /var/tmp/pip-install-tuu00oal/mmcv_34709ec07a1247aa9f36a5c75a41ccbe/build/temp.linux-x86_64-cpython-311/mmcv/ops/csrc/pytorch/active_rotated_filter.o -std=c++17 -DTORCH_API_INCLUDE_EXTENSION_H '-DPYBIND11_COMPILER_TYPE="_gcc"' '-DPYBIND11_STDLIB="_libstdcpp"' '-DPYBIND11_BUILD_ABI="_cxxabi1011"' -DTORCH_EXTENSION_NAME=_ext -D_GLIBCXX_USE_CXX11_ABI=0
  [18/136] c++ -MMD -MF /var/tmp/pip-install-tuu00oal/mmcv_34709ec07a1247aa9f36a5c75a41ccbe/build/temp.linux-x86_64-cpython-311/mmcv/ops/csrc/pytorch/chamfer_distance.o.d -pthread -Wsign-compare -DDYNAMIC_ANNOTATIONS_ENABLED=1 -DNDEBUG -O2 -g -pipe -Wall -Werror=format-security -Wp,-D_FORTIFY_SOURCE=2 -Wp,-D_GLIBCXX_ASSERTIONS -fexceptions -fstack-protector-strong -grecord-gcc-switches -m64 -mtune=generic -fasynchronous-unwind-tables -fstack-clash-protection -fcf-protection -D_GNU_SOURCE -fPIC -fwrapv -O2 -g -pipe -Wall -Werror=format-security -Wp,-D_FORTIFY_SOURCE=2 -Wp,-D_GLIBCXX_ASSERTIONS -fexceptions -fstack-protector-strong -grecord-gcc-switches -m64 -mtune=generic -fasynchronous-unwind-tables -fstack-clash-protection -fcf-protection -D_GNU_SOURCE -fPIC -fwrapv -O2 -g -pipe -Wall -Werror=format-security -Wp,-D_FORTIFY_SOURCE=2 -Wp,-D_GLIBCXX_ASSERTIONS -fexceptions -fstack-protector-strong -grecord-gcc-switches -m64 -mtune=generic -fasynchronous-unwind-tables -fstack-clash-protection -fcf-protection -D_GNU_SOURCE -fPIC -fwrapv -fPIC -DMMCV_WITH_CUDA -I/var/tmp/pip-install-tuu00oal/mmcv_34709ec07a1247aa9f36a5c75a41ccbe/mmcv/ops/csrc/pytorch -I/var/tmp/pip-install-tuu00oal/mmcv_34709ec07a1247aa9f36a5c75a41ccbe/mmcv/ops/csrc/common -I/var/tmp/pip-install-tuu00oal/mmcv_34709ec07a1247aa9f36a5c75a41ccbe/mmcv/ops/csrc/common/cuda -I/home/taah3149/Documents/Group_Studies/.venv/lib64/python3.11/site-packages/torch/include -I/home/taah3149/Documents/Group_Studies/.venv/lib64/python3.11/site-packages/torch/include/torch/csrc/api/include -I/home/taah3149/Documents/Group_Studies/.venv/lib64/python3.11/site-packages/torch/include/TH -I/home/taah3149/Documents/Group_Studies/.venv/lib64/python3.11/site-packages/torch/include/THC -I/usr/app-soft1/cuda/cuda-12.2/include -I/home/taah3149/Documents/Group_Studies/.venv/include -I/usr/include/python3.11 -c -c /var/tmp/pip-install-tuu00oal/mmcv_34709ec07a1247aa9f36a5c75a41ccbe/mmcv/ops/csrc/pytorch/chamfer_distance.cpp -o /var/tmp/pip-install-tuu00oal/mmcv_34709ec07a1247aa9f36a5c75a41ccbe/build/temp.linux-x86_64-cpython-311/mmcv/ops/csrc/pytorch/chamfer_distance.o -std=c++17 -DTORCH_API_INCLUDE_EXTENSION_H '-DPYBIND11_COMPILER_TYPE="_gcc"' '-DPYBIND11_STDLIB="_libstdcpp"' '-DPYBIND11_BUILD_ABI="_cxxabi1011"' -DTORCH_EXTENSION_NAME=_ext -D_GLIBCXX_USE_CXX11_ABI=0
  [19/136] c++ -MMD -MF /var/tmp/pip-install-tuu00oal/mmcv_34709ec07a1247aa9f36a5c75a41ccbe/build/temp.linux-x86_64-cpython-311/mmcv/ops/csrc/pytorch/cpu/box_iou_quadri.o.d -pthread -Wsign-compare -DDYNAMIC_ANNOTATIONS_ENABLED=1 -DNDEBUG -O2 -g -pipe -Wall -Werror=format-security -Wp,-D_FORTIFY_SOURCE=2 -Wp,-D_GLIBCXX_ASSERTIONS -fexceptions -fstack-protector-strong -grecord-gcc-switches -m64 -mtune=generic -fasynchronous-unwind-tables -fstack-clash-protection -fcf-protection -D_GNU_SOURCE -fPIC -fwrapv -O2 -g -pipe -Wall -Werror=format-security -Wp,-D_FORTIFY_SOURCE=2 -Wp,-D_GLIBCXX_ASSERTIONS -fexceptions -fstack-protector-strong -grecord-gcc-switches -m64 -mtune=generic -fasynchronous-unwind-tables -fstack-clash-protection -fcf-protection -D_GNU_SOURCE -fPIC -fwrapv -O2 -g -pipe -Wall -Werror=format-security -Wp,-D_FORTIFY_SOURCE=2 -Wp,-D_GLIBCXX_ASSERTIONS -fexceptions -fstack-protector-strong -grecord-gcc-switches -m64 -mtune=generic -fasynchronous-unwind-tables -fstack-clash-protection -fcf-protection -D_GNU_SOURCE -fPIC -fwrapv -fPIC -DMMCV_WITH_CUDA -I/var/tmp/pip-install-tuu00oal/mmcv_34709ec07a1247aa9f36a5c75a41ccbe/mmcv/ops/csrc/pytorch -I/var/tmp/pip-install-tuu00oal/mmcv_34709ec07a1247aa9f36a5c75a41ccbe/mmcv/ops/csrc/common -I/var/tmp/pip-install-tuu00oal/mmcv_34709ec07a1247aa9f36a5c75a41ccbe/mmcv/ops/csrc/common/cuda -I/home/taah3149/Documents/Group_Studies/.venv/lib64/python3.11/site-packages/torch/include -I/home/taah3149/Documents/Group_Studies/.venv/lib64/python3.11/site-packages/torch/include/torch/csrc/api/include -I/home/taah3149/Documents/Group_Studies/.venv/lib64/python3.11/site-packages/torch/include/TH -I/home/taah3149/Documents/Group_Studies/.venv/lib64/python3.11/site-packages/torch/include/THC -I/usr/app-soft1/cuda/cuda-12.2/include -I/home/taah3149/Documents/Group_Studies/.venv/include -I/usr/include/python3.11 -c -c /var/tmp/pip-install-tuu00oal/mmcv_34709ec07a1247aa9f36a5c75a41ccbe/mmcv/ops/csrc/pytorch/cpu/box_iou_quadri.cpp -o /var/tmp/pip-install-tuu00oal/mmcv_34709ec07a1247aa9f36a5c75a41ccbe/build/temp.linux-x86_64-cpython-311/mmcv/ops/csrc/pytorch/cpu/box_iou_quadri.o -std=c++17 -DTORCH_API_INCLUDE_EXTENSION_H '-DPYBIND11_COMPILER_TYPE="_gcc"' '-DPYBIND11_STDLIB="_libstdcpp"' '-DPYBIND11_BUILD_ABI="_cxxabi1011"' -DTORCH_EXTENSION_NAME=_ext -D_GLIBCXX_USE_CXX11_ABI=0
  In file included from /var/tmp/pip-install-tuu00oal/mmcv_34709ec07a1247aa9f36a5c75a41ccbe/mmcv/ops/csrc/pytorch/cpu/box_iou_quadri.cpp:2:
  /var/tmp/pip-install-tuu00oal/mmcv_34709ec07a1247aa9f36a5c75a41ccbe/mmcv/ops/csrc/common/box_iou_rotated_utils.hpp:276: warning: ignoring #pragma unroll  [-Wunknown-pragmas]
    276 | #pragma unroll
        |
  [20/136] c++ -MMD -MF /var/tmp/pip-install-tuu00oal/mmcv_34709ec07a1247aa9f36a5c75a41ccbe/build/temp.linux-x86_64-cpython-311/mmcv/ops/csrc/pytorch/ball_query.o.d -pthread -Wsign-compare -DDYNAMIC_ANNOTATIONS_ENABLED=1 -DNDEBUG -O2 -g -pipe -Wall -Werror=format-security -Wp,-D_FORTIFY_SOURCE=2 -Wp,-D_GLIBCXX_ASSERTIONS -fexceptions -fstack-protector-strong -grecord-gcc-switches -m64 -mtune=generic -fasynchronous-unwind-tables -fstack-clash-protection -fcf-protection -D_GNU_SOURCE -fPIC -fwrapv -O2 -g -pipe -Wall -Werror=format-security -Wp,-D_FORTIFY_SOURCE=2 -Wp,-D_GLIBCXX_ASSERTIONS -fexceptions -fstack-protector-strong -grecord-gcc-switches -m64 -mtune=generic -fasynchronous-unwind-tables -fstack-clash-protection -fcf-protection -D_GNU_SOURCE -fPIC -fwrapv -O2 -g -pipe -Wall -Werror=format-security -Wp,-D_FORTIFY_SOURCE=2 -Wp,-D_GLIBCXX_ASSERTIONS -fexceptions -fstack-protector-strong -grecord-gcc-switches -m64 -mtune=generic -fasynchronous-unwind-tables -fstack-clash-protection -fcf-protection -D_GNU_SOURCE -fPIC -fwrapv -fPIC -DMMCV_WITH_CUDA -I/var/tmp/pip-install-tuu00oal/mmcv_34709ec07a1247aa9f36a5c75a41ccbe/mmcv/ops/csrc/pytorch -I/var/tmp/pip-install-tuu00oal/mmcv_34709ec07a1247aa9f36a5c75a41ccbe/mmcv/ops/csrc/common -I/var/tmp/pip-install-tuu00oal/mmcv_34709ec07a1247aa9f36a5c75a41ccbe/mmcv/ops/csrc/common/cuda -I/home/taah3149/Documents/Group_Studies/.venv/lib64/python3.11/site-packages/torch/include -I/home/taah3149/Documents/Group_Studies/.venv/lib64/python3.11/site-packages/torch/include/torch/csrc/api/include -I/home/taah3149/Documents/Group_Studies/.venv/lib64/python3.11/site-packages/torch/include/TH -I/home/taah3149/Documents/Group_Studies/.venv/lib64/python3.11/site-packages/torch/include/THC -I/usr/app-soft1/cuda/cuda-12.2/include -I/home/taah3149/Documents/Group_Studies/.venv/include -I/usr/include/python3.11 -c -c /var/tmp/pip-install-tuu00oal/mmcv_34709ec07a1247aa9f36a5c75a41ccbe/mmcv/ops/csrc/pytorch/ball_query.cpp -o /var/tmp/pip-install-tuu00oal/mmcv_34709ec07a1247aa9f36a5c75a41ccbe/build/temp.linux-x86_64-cpython-311/mmcv/ops/csrc/pytorch/ball_query.o -std=c++17 -DTORCH_API_INCLUDE_EXTENSION_H '-DPYBIND11_COMPILER_TYPE="_gcc"' '-DPYBIND11_STDLIB="_libstdcpp"' '-DPYBIND11_BUILD_ABI="_cxxabi1011"' -DTORCH_EXTENSION_NAME=_ext -D_GLIBCXX_USE_CXX11_ABI=0
  [21/136] c++ -MMD -MF /var/tmp/pip-install-tuu00oal/mmcv_34709ec07a1247aa9f36a5c75a41ccbe/build/temp.linux-x86_64-cpython-311/mmcv/ops/csrc/pytorch/carafe.o.d -pthread -Wsign-compare -DDYNAMIC_ANNOTATIONS_ENABLED=1 -DNDEBUG -O2 -g -pipe -Wall -Werror=format-security -Wp,-D_FORTIFY_SOURCE=2 -Wp,-D_GLIBCXX_ASSERTIONS -fexceptions -fstack-protector-strong -grecord-gcc-switches -m64 -mtune=generic -fasynchronous-unwind-tables -fstack-clash-protection -fcf-protection -D_GNU_SOURCE -fPIC -fwrapv -O2 -g -pipe -Wall -Werror=format-security -Wp,-D_FORTIFY_SOURCE=2 -Wp,-D_GLIBCXX_ASSERTIONS -fexceptions -fstack-protector-strong -grecord-gcc-switches -m64 -mtune=generic -fasynchronous-unwind-tables -fstack-clash-protection -fcf-protection -D_GNU_SOURCE -fPIC -fwrapv -O2 -g -pipe -Wall -Werror=format-security -Wp,-D_FORTIFY_SOURCE=2 -Wp,-D_GLIBCXX_ASSERTIONS -fexceptions -fstack-protector-strong -grecord-gcc-switches -m64 -mtune=generic -fasynchronous-unwind-tables -fstack-clash-protection -fcf-protection -D_GNU_SOURCE -fPIC -fwrapv -fPIC -DMMCV_WITH_CUDA -I/var/tmp/pip-install-tuu00oal/mmcv_34709ec07a1247aa9f36a5c75a41ccbe/mmcv/ops/csrc/pytorch -I/var/tmp/pip-install-tuu00oal/mmcv_34709ec07a1247aa9f36a5c75a41ccbe/mmcv/ops/csrc/common -I/var/tmp/pip-install-tuu00oal/mmcv_34709ec07a1247aa9f36a5c75a41ccbe/mmcv/ops/csrc/common/cuda -I/home/taah3149/Documents/Group_Studies/.venv/lib64/python3.11/site-packages/torch/include -I/home/taah3149/Documents/Group_Studies/.venv/lib64/python3.11/site-packages/torch/include/torch/csrc/api/include -I/home/taah3149/Documents/Group_Studies/.venv/lib64/python3.11/site-packages/torch/include/TH -I/home/taah3149/Documents/Group_Studies/.venv/lib64/python3.11/site-packages/torch/include/THC -I/usr/app-soft1/cuda/cuda-12.2/include -I/home/taah3149/Documents/Group_Studies/.venv/include -I/usr/include/python3.11 -c -c /var/tmp/pip-install-tuu00oal/mmcv_34709ec07a1247aa9f36a5c75a41ccbe/mmcv/ops/csrc/pytorch/carafe.cpp -o /var/tmp/pip-install-tuu00oal/mmcv_34709ec07a1247aa9f36a5c75a41ccbe/build/temp.linux-x86_64-cpython-311/mmcv/ops/csrc/pytorch/carafe.o -std=c++17 -DTORCH_API_INCLUDE_EXTENSION_H '-DPYBIND11_COMPILER_TYPE="_gcc"' '-DPYBIND11_STDLIB="_libstdcpp"' '-DPYBIND11_BUILD_ABI="_cxxabi1011"' -DTORCH_EXTENSION_NAME=_ext -D_GLIBCXX_USE_CXX11_ABI=0
  [22/136] c++ -MMD -MF /var/tmp/pip-install-tuu00oal/mmcv_34709ec07a1247aa9f36a5c75a41ccbe/build/temp.linux-x86_64-cpython-311/mmcv/ops/csrc/pytorch/cpu/nms_rotated.o.d -pthread -Wsign-compare -DDYNAMIC_ANNOTATIONS_ENABLED=1 -DNDEBUG -O2 -g -pipe -Wall -Werror=format-security -Wp,-D_FORTIFY_SOURCE=2 -Wp,-D_GLIBCXX_ASSERTIONS -fexceptions -fstack-protector-strong -grecord-gcc-switches -m64 -mtune=generic -fasynchronous-unwind-tables -fstack-clash-protection -fcf-protection -D_GNU_SOURCE -fPIC -fwrapv -O2 -g -pipe -Wall -Werror=format-security -Wp,-D_FORTIFY_SOURCE=2 -Wp,-D_GLIBCXX_ASSERTIONS -fexceptions -fstack-protector-strong -grecord-gcc-switches -m64 -mtune=generic -fasynchronous-unwind-tables -fstack-clash-protection -fcf-protection -D_GNU_SOURCE -fPIC -fwrapv -O2 -g -pipe -Wall -Werror=format-security -Wp,-D_FORTIFY_SOURCE=2 -Wp,-D_GLIBCXX_ASSERTIONS -fexceptions -fstack-protector-strong -grecord-gcc-switches -m64 -mtune=generic -fasynchronous-unwind-tables -fstack-clash-protection -fcf-protection -D_GNU_SOURCE -fPIC -fwrapv -fPIC -DMMCV_WITH_CUDA -I/var/tmp/pip-install-tuu00oal/mmcv_34709ec07a1247aa9f36a5c75a41ccbe/mmcv/ops/csrc/pytorch -I/var/tmp/pip-install-tuu00oal/mmcv_34709ec07a1247aa9f36a5c75a41ccbe/mmcv/ops/csrc/common -I/var/tmp/pip-install-tuu00oal/mmcv_34709ec07a1247aa9f36a5c75a41ccbe/mmcv/ops/csrc/common/cuda -I/home/taah3149/Documents/Group_Studies/.venv/lib64/python3.11/site-packages/torch/include -I/home/taah3149/Documents/Group_Studies/.venv/lib64/python3.11/site-packages/torch/include/torch/csrc/api/include -I/home/taah3149/Documents/Group_Studies/.venv/lib64/python3.11/site-packages/torch/include/TH -I/home/taah3149/Documents/Group_Studies/.venv/lib64/python3.11/site-packages/torch/include/THC -I/usr/app-soft1/cuda/cuda-12.2/include -I/home/taah3149/Documents/Group_Studies/.venv/include -I/usr/include/python3.11 -c -c /var/tmp/pip-install-tuu00oal/mmcv_34709ec07a1247aa9f36a5c75a41ccbe/mmcv/ops/csrc/pytorch/cpu/nms_rotated.cpp -o /var/tmp/pip-install-tuu00oal/mmcv_34709ec07a1247aa9f36a5c75a41ccbe/build/temp.linux-x86_64-cpython-311/mmcv/ops/csrc/pytorch/cpu/nms_rotated.o -std=c++17 -DTORCH_API_INCLUDE_EXTENSION_H '-DPYBIND11_COMPILER_TYPE="_gcc"' '-DPYBIND11_STDLIB="_libstdcpp"' '-DPYBIND11_BUILD_ABI="_cxxabi1011"' -DTORCH_EXTENSION_NAME=_ext -D_GLIBCXX_USE_CXX11_ABI=0
  In file included from /var/tmp/pip-install-tuu00oal/mmcv_34709ec07a1247aa9f36a5c75a41ccbe/mmcv/ops/csrc/pytorch/cpu/nms_rotated.cpp:4:
  /var/tmp/pip-install-tuu00oal/mmcv_34709ec07a1247aa9f36a5c75a41ccbe/mmcv/ops/csrc/common/box_iou_rotated_utils.hpp:276: warning: ignoring #pragma unroll  [-Wunknown-pragmas]
    276 | #pragma unroll
        |
  [23/136] c++ -MMD -MF /var/tmp/pip-install-tuu00oal/mmcv_34709ec07a1247aa9f36a5c75a41ccbe/build/temp.linux-x86_64-cpython-311/mmcv/ops/csrc/pytorch/cpu/box_iou_rotated.o.d -pthread -Wsign-compare -DDYNAMIC_ANNOTATIONS_ENABLED=1 -DNDEBUG -O2 -g -pipe -Wall -Werror=format-security -Wp,-D_FORTIFY_SOURCE=2 -Wp,-D_GLIBCXX_ASSERTIONS -fexceptions -fstack-protector-strong -grecord-gcc-switches -m64 -mtune=generic -fasynchronous-unwind-tables -fstack-clash-protection -fcf-protection -D_GNU_SOURCE -fPIC -fwrapv -O2 -g -pipe -Wall -Werror=format-security -Wp,-D_FORTIFY_SOURCE=2 -Wp,-D_GLIBCXX_ASSERTIONS -fexceptions -fstack-protector-strong -grecord-gcc-switches -m64 -mtune=generic -fasynchronous-unwind-tables -fstack-clash-protection -fcf-protection -D_GNU_SOURCE -fPIC -fwrapv -O2 -g -pipe -Wall -Werror=format-security -Wp,-D_FORTIFY_SOURCE=2 -Wp,-D_GLIBCXX_ASSERTIONS -fexceptions -fstack-protector-strong -grecord-gcc-switches -m64 -mtune=generic -fasynchronous-unwind-tables -fstack-clash-protection -fcf-protection -D_GNU_SOURCE -fPIC -fwrapv -fPIC -DMMCV_WITH_CUDA -I/var/tmp/pip-install-tuu00oal/mmcv_34709ec07a1247aa9f36a5c75a41ccbe/mmcv/ops/csrc/pytorch -I/var/tmp/pip-install-tuu00oal/mmcv_34709ec07a1247aa9f36a5c75a41ccbe/mmcv/ops/csrc/common -I/var/tmp/pip-install-tuu00oal/mmcv_34709ec07a1247aa9f36a5c75a41ccbe/mmcv/ops/csrc/common/cuda -I/home/taah3149/Documents/Group_Studies/.venv/lib64/python3.11/site-packages/torch/include -I/home/taah3149/Documents/Group_Studies/.venv/lib64/python3.11/site-packages/torch/include/torch/csrc/api/include -I/home/taah3149/Documents/Group_Studies/.venv/lib64/python3.11/site-packages/torch/include/TH -I/home/taah3149/Documents/Group_Studies/.venv/lib64/python3.11/site-packages/torch/include/THC -I/usr/app-soft1/cuda/cuda-12.2/include -I/home/taah3149/Documents/Group_Studies/.venv/include -I/usr/include/python3.11 -c -c /var/tmp/pip-install-tuu00oal/mmcv_34709ec07a1247aa9f36a5c75a41ccbe/mmcv/ops/csrc/pytorch/cpu/box_iou_rotated.cpp -o /var/tmp/pip-install-tuu00oal/mmcv_34709ec07a1247aa9f36a5c75a41ccbe/build/temp.linux-x86_64-cpython-311/mmcv/ops/csrc/pytorch/cpu/box_iou_rotated.o -std=c++17 -DTORCH_API_INCLUDE_EXTENSION_H '-DPYBIND11_COMPILER_TYPE="_gcc"' '-DPYBIND11_STDLIB="_libstdcpp"' '-DPYBIND11_BUILD_ABI="_cxxabi1011"' -DTORCH_EXTENSION_NAME=_ext -D_GLIBCXX_USE_CXX11_ABI=0
  In file included from /var/tmp/pip-install-tuu00oal/mmcv_34709ec07a1247aa9f36a5c75a41ccbe/mmcv/ops/csrc/pytorch/cpu/box_iou_rotated.cpp:4:
  /var/tmp/pip-install-tuu00oal/mmcv_34709ec07a1247aa9f36a5c75a41ccbe/mmcv/ops/csrc/common/box_iou_rotated_utils.hpp:276: warning: ignoring #pragma unroll  [-Wunknown-pragmas]
    276 | #pragma unroll
        |
  [24/136] c++ -MMD -MF /var/tmp/pip-install-tuu00oal/mmcv_34709ec07a1247aa9f36a5c75a41ccbe/build/temp.linux-x86_64-cpython-311/mmcv/ops/csrc/pytorch/cpu/nms_quadri.o.d -pthread -Wsign-compare -DDYNAMIC_ANNOTATIONS_ENABLED=1 -DNDEBUG -O2 -g -pipe -Wall -Werror=format-security -Wp,-D_FORTIFY_SOURCE=2 -Wp,-D_GLIBCXX_ASSERTIONS -fexceptions -fstack-protector-strong -grecord-gcc-switches -m64 -mtune=generic -fasynchronous-unwind-tables -fstack-clash-protection -fcf-protection -D_GNU_SOURCE -fPIC -fwrapv -O2 -g -pipe -Wall -Werror=format-security -Wp,-D_FORTIFY_SOURCE=2 -Wp,-D_GLIBCXX_ASSERTIONS -fexceptions -fstack-protector-strong -grecord-gcc-switches -m64 -mtune=generic -fasynchronous-unwind-tables -fstack-clash-protection -fcf-protection -D_GNU_SOURCE -fPIC -fwrapv -O2 -g -pipe -Wall -Werror=format-security -Wp,-D_FORTIFY_SOURCE=2 -Wp,-D_GLIBCXX_ASSERTIONS -fexceptions -fstack-protector-strong -grecord-gcc-switches -m64 -mtune=generic -fasynchronous-unwind-tables -fstack-clash-protection -fcf-protection -D_GNU_SOURCE -fPIC -fwrapv -fPIC -DMMCV_WITH_CUDA -I/var/tmp/pip-install-tuu00oal/mmcv_34709ec07a1247aa9f36a5c75a41ccbe/mmcv/ops/csrc/pytorch -I/var/tmp/pip-install-tuu00oal/mmcv_34709ec07a1247aa9f36a5c75a41ccbe/mmcv/ops/csrc/common -I/var/tmp/pip-install-tuu00oal/mmcv_34709ec07a1247aa9f36a5c75a41ccbe/mmcv/ops/csrc/common/cuda -I/home/taah3149/Documents/Group_Studies/.venv/lib64/python3.11/site-packages/torch/include -I/home/taah3149/Documents/Group_Studies/.venv/lib64/python3.11/site-packages/torch/include/torch/csrc/api/include -I/home/taah3149/Documents/Group_Studies/.venv/lib64/python3.11/site-packages/torch/include/TH -I/home/taah3149/Documents/Group_Studies/.venv/lib64/python3.11/site-packages/torch/include/THC -I/usr/app-soft1/cuda/cuda-12.2/include -I/home/taah3149/Documents/Group_Studies/.venv/include -I/usr/include/python3.11 -c -c /var/tmp/pip-install-tuu00oal/mmcv_34709ec07a1247aa9f36a5c75a41ccbe/mmcv/ops/csrc/pytorch/cpu/nms_quadri.cpp -o /var/tmp/pip-install-tuu00oal/mmcv_34709ec07a1247aa9f36a5c75a41ccbe/build/temp.linux-x86_64-cpython-311/mmcv/ops/csrc/pytorch/cpu/nms_quadri.o -std=c++17 -DTORCH_API_INCLUDE_EXTENSION_H '-DPYBIND11_COMPILER_TYPE="_gcc"' '-DPYBIND11_STDLIB="_libstdcpp"' '-DPYBIND11_BUILD_ABI="_cxxabi1011"' -DTORCH_EXTENSION_NAME=_ext -D_GLIBCXX_USE_CXX11_ABI=0
  In file included from /var/tmp/pip-install-tuu00oal/mmcv_34709ec07a1247aa9f36a5c75a41ccbe/mmcv/ops/csrc/pytorch/cpu/nms_quadri.cpp:2:
  /var/tmp/pip-install-tuu00oal/mmcv_34709ec07a1247aa9f36a5c75a41ccbe/mmcv/ops/csrc/common/box_iou_rotated_utils.hpp:276: warning: ignoring #pragma unroll  [-Wunknown-pragmas]
    276 | #pragma unroll
        |
  [25/136] c++ -MMD -MF /var/tmp/pip-install-tuu00oal/mmcv_34709ec07a1247aa9f36a5c75a41ccbe/build/temp.linux-x86_64-cpython-311/mmcv/ops/csrc/pytorch/cpu/deform_conv.o.d -pthread -Wsign-compare -DDYNAMIC_ANNOTATIONS_ENABLED=1 -DNDEBUG -O2 -g -pipe -Wall -Werror=format-security -Wp,-D_FORTIFY_SOURCE=2 -Wp,-D_GLIBCXX_ASSERTIONS -fexceptions -fstack-protector-strong -grecord-gcc-switches -m64 -mtune=generic -fasynchronous-unwind-tables -fstack-clash-protection -fcf-protection -D_GNU_SOURCE -fPIC -fwrapv -O2 -g -pipe -Wall -Werror=format-security -Wp,-D_FORTIFY_SOURCE=2 -Wp,-D_GLIBCXX_ASSERTIONS -fexceptions -fstack-protector-strong -grecord-gcc-switches -m64 -mtune=generic -fasynchronous-unwind-tables -fstack-clash-protection -fcf-protection -D_GNU_SOURCE -fPIC -fwrapv -O2 -g -pipe -Wall -Werror=format-security -Wp,-D_FORTIFY_SOURCE=2 -Wp,-D_GLIBCXX_ASSERTIONS -fexceptions -fstack-protector-strong -grecord-gcc-switches -m64 -mtune=generic -fasynchronous-unwind-tables -fstack-clash-protection -fcf-protection -D_GNU_SOURCE -fPIC -fwrapv -fPIC -DMMCV_WITH_CUDA -I/var/tmp/pip-install-tuu00oal/mmcv_34709ec07a1247aa9f36a5c75a41ccbe/mmcv/ops/csrc/pytorch -I/var/tmp/pip-install-tuu00oal/mmcv_34709ec07a1247aa9f36a5c75a41ccbe/mmcv/ops/csrc/common -I/var/tmp/pip-install-tuu00oal/mmcv_34709ec07a1247aa9f36a5c75a41ccbe/mmcv/ops/csrc/common/cuda -I/home/taah3149/Documents/Group_Studies/.venv/lib64/python3.11/site-packages/torch/include -I/home/taah3149/Documents/Group_Studies/.venv/lib64/python3.11/site-packages/torch/include/torch/csrc/api/include -I/home/taah3149/Documents/Group_Studies/.venv/lib64/python3.11/site-packages/torch/include/TH -I/home/taah3149/Documents/Group_Studies/.venv/lib64/python3.11/site-packages/torch/include/THC -I/usr/app-soft1/cuda/cuda-12.2/include -I/home/taah3149/Documents/Group_Studies/.venv/include -I/usr/include/python3.11 -c -c /var/tmp/pip-install-tuu00oal/mmcv_34709ec07a1247aa9f36a5c75a41ccbe/mmcv/ops/csrc/pytorch/cpu/deform_conv.cpp -o /var/tmp/pip-install-tuu00oal/mmcv_34709ec07a1247aa9f36a5c75a41ccbe/build/temp.linux-x86_64-cpython-311/mmcv/ops/csrc/pytorch/cpu/deform_conv.o -std=c++17 -DTORCH_API_INCLUDE_EXTENSION_H '-DPYBIND11_COMPILER_TYPE="_gcc"' '-DPYBIND11_STDLIB="_libstdcpp"' '-DPYBIND11_BUILD_ABI="_cxxabi1011"' -DTORCH_EXTENSION_NAME=_ext -D_GLIBCXX_USE_CXX11_ABI=0
  [26/136] c++ -MMD -MF /var/tmp/pip-install-tuu00oal/mmcv_34709ec07a1247aa9f36a5c75a41ccbe/build/temp.linux-x86_64-cpython-311/mmcv/ops/csrc/pytorch/cpu/modulated_deform_conv.o.d -pthread -Wsign-compare -DDYNAMIC_ANNOTATIONS_ENABLED=1 -DNDEBUG -O2 -g -pipe -Wall -Werror=format-security -Wp,-D_FORTIFY_SOURCE=2 -Wp,-D_GLIBCXX_ASSERTIONS -fexceptions -fstack-protector-strong -grecord-gcc-switches -m64 -mtune=generic -fasynchronous-unwind-tables -fstack-clash-protection -fcf-protection -D_GNU_SOURCE -fPIC -fwrapv -O2 -g -pipe -Wall -Werror=format-security -Wp,-D_FORTIFY_SOURCE=2 -Wp,-D_GLIBCXX_ASSERTIONS -fexceptions -fstack-protector-strong -grecord-gcc-switches -m64 -mtune=generic -fasynchronous-unwind-tables -fstack-clash-protection -fcf-protection -D_GNU_SOURCE -fPIC -fwrapv -O2 -g -pipe -Wall -Werror=format-security -Wp,-D_FORTIFY_SOURCE=2 -Wp,-D_GLIBCXX_ASSERTIONS -fexceptions -fstack-protector-strong -grecord-gcc-switches -m64 -mtune=generic -fasynchronous-unwind-tables -fstack-clash-protection -fcf-protection -D_GNU_SOURCE -fPIC -fwrapv -fPIC -DMMCV_WITH_CUDA -I/var/tmp/pip-install-tuu00oal/mmcv_34709ec07a1247aa9f36a5c75a41ccbe/mmcv/ops/csrc/pytorch -I/var/tmp/pip-install-tuu00oal/mmcv_34709ec07a1247aa9f36a5c75a41ccbe/mmcv/ops/csrc/common -I/var/tmp/pip-install-tuu00oal/mmcv_34709ec07a1247aa9f36a5c75a41ccbe/mmcv/ops/csrc/common/cuda -I/home/taah3149/Documents/Group_Studies/.venv/lib64/python3.11/site-packages/torch/include -I/home/taah3149/Documents/Group_Studies/.venv/lib64/python3.11/site-packages/torch/include/torch/csrc/api/include -I/home/taah3149/Documents/Group_Studies/.venv/lib64/python3.11/site-packages/torch/include/TH -I/home/taah3149/Documents/Group_Studies/.venv/lib64/python3.11/site-packages/torch/include/THC -I/usr/app-soft1/cuda/cuda-12.2/include -I/home/taah3149/Documents/Group_Studies/.venv/include -I/usr/include/python3.11 -c -c /var/tmp/pip-install-tuu00oal/mmcv_34709ec07a1247aa9f36a5c75a41ccbe/mmcv/ops/csrc/pytorch/cpu/modulated_deform_conv.cpp -o /var/tmp/pip-install-tuu00oal/mmcv_34709ec07a1247aa9f36a5c75a41ccbe/build/temp.linux-x86_64-cpython-311/mmcv/ops/csrc/pytorch/cpu/modulated_deform_conv.o -std=c++17 -DTORCH_API_INCLUDE_EXTENSION_H '-DPYBIND11_COMPILER_TYPE="_gcc"' '-DPYBIND11_STDLIB="_libstdcpp"' '-DPYBIND11_BUILD_ABI="_cxxabi1011"' -DTORCH_EXTENSION_NAME=_ext -D_GLIBCXX_USE_CXX11_ABI=0
  [27/136] c++ -MMD -MF /var/tmp/pip-install-tuu00oal/mmcv_34709ec07a1247aa9f36a5c75a41ccbe/build/temp.linux-x86_64-cpython-311/mmcv/ops/csrc/pytorch/cpu/nms.o.d -pthread -Wsign-compare -DDYNAMIC_ANNOTATIONS_ENABLED=1 -DNDEBUG -O2 -g -pipe -Wall -Werror=format-security -Wp,-D_FORTIFY_SOURCE=2 -Wp,-D_GLIBCXX_ASSERTIONS -fexceptions -fstack-protector-strong -grecord-gcc-switches -m64 -mtune=generic -fasynchronous-unwind-tables -fstack-clash-protection -fcf-protection -D_GNU_SOURCE -fPIC -fwrapv -O2 -g -pipe -Wall -Werror=format-security -Wp,-D_FORTIFY_SOURCE=2 -Wp,-D_GLIBCXX_ASSERTIONS -fexceptions -fstack-protector-strong -grecord-gcc-switches -m64 -mtune=generic -fasynchronous-unwind-tables -fstack-clash-protection -fcf-protection -D_GNU_SOURCE -fPIC -fwrapv -O2 -g -pipe -Wall -Werror=format-security -Wp,-D_FORTIFY_SOURCE=2 -Wp,-D_GLIBCXX_ASSERTIONS -fexceptions -fstack-protector-strong -grecord-gcc-switches -m64 -mtune=generic -fasynchronous-unwind-tables -fstack-clash-protection -fcf-protection -D_GNU_SOURCE -fPIC -fwrapv -fPIC -DMMCV_WITH_CUDA -I/var/tmp/pip-install-tuu00oal/mmcv_34709ec07a1247aa9f36a5c75a41ccbe/mmcv/ops/csrc/pytorch -I/var/tmp/pip-install-tuu00oal/mmcv_34709ec07a1247aa9f36a5c75a41ccbe/mmcv/ops/csrc/common -I/var/tmp/pip-install-tuu00oal/mmcv_34709ec07a1247aa9f36a5c75a41ccbe/mmcv/ops/csrc/common/cuda -I/home/taah3149/Documents/Group_Studies/.venv/lib64/python3.11/site-packages/torch/include -I/home/taah3149/Documents/Group_Studies/.venv/lib64/python3.11/site-packages/torch/include/torch/csrc/api/include -I/home/taah3149/Documents/Group_Studies/.venv/lib64/python3.11/site-packages/torch/include/TH -I/home/taah3149/Documents/Group_Studies/.venv/lib64/python3.11/site-packages/torch/include/THC -I/usr/app-soft1/cuda/cuda-12.2/include -I/home/taah3149/Documents/Group_Studies/.venv/include -I/usr/include/python3.11 -c -c /var/tmp/pip-install-tuu00oal/mmcv_34709ec07a1247aa9f36a5c75a41ccbe/mmcv/ops/csrc/pytorch/cpu/nms.cpp -o /var/tmp/pip-install-tuu00oal/mmcv_34709ec07a1247aa9f36a5c75a41ccbe/build/temp.linux-x86_64-cpython-311/mmcv/ops/csrc/pytorch/cpu/nms.o -std=c++17 -DTORCH_API_INCLUDE_EXTENSION_H '-DPYBIND11_COMPILER_TYPE="_gcc"' '-DPYBIND11_STDLIB="_libstdcpp"' '-DPYBIND11_BUILD_ABI="_cxxabi1011"' -DTORCH_EXTENSION_NAME=_ext -D_GLIBCXX_USE_CXX11_ABI=0
  [28/136] c++ -MMD -MF /var/tmp/pip-install-tuu00oal/mmcv_34709ec07a1247aa9f36a5c75a41ccbe/build/temp.linux-x86_64-cpython-311/mmcv/ops/csrc/pytorch/cpu/voxelization.o.d -pthread -Wsign-compare -DDYNAMIC_ANNOTATIONS_ENABLED=1 -DNDEBUG -O2 -g -pipe -Wall -Werror=format-security -Wp,-D_FORTIFY_SOURCE=2 -Wp,-D_GLIBCXX_ASSERTIONS -fexceptions -fstack-protector-strong -grecord-gcc-switches -m64 -mtune=generic -fasynchronous-unwind-tables -fstack-clash-protection -fcf-protection -D_GNU_SOURCE -fPIC -fwrapv -O2 -g -pipe -Wall -Werror=format-security -Wp,-D_FORTIFY_SOURCE=2 -Wp,-D_GLIBCXX_ASSERTIONS -fexceptions -fstack-protector-strong -grecord-gcc-switches -m64 -mtune=generic -fasynchronous-unwind-tables -fstack-clash-protection -fcf-protection -D_GNU_SOURCE -fPIC -fwrapv -O2 -g -pipe -Wall -Werror=format-security -Wp,-D_FORTIFY_SOURCE=2 -Wp,-D_GLIBCXX_ASSERTIONS -fexceptions -fstack-protector-strong -grecord-gcc-switches -m64 -mtune=generic -fasynchronous-unwind-tables -fstack-clash-protection -fcf-protection -D_GNU_SOURCE -fPIC -fwrapv -fPIC -DMMCV_WITH_CUDA -I/var/tmp/pip-install-tuu00oal/mmcv_34709ec07a1247aa9f36a5c75a41ccbe/mmcv/ops/csrc/pytorch -I/var/tmp/pip-install-tuu00oal/mmcv_34709ec07a1247aa9f36a5c75a41ccbe/mmcv/ops/csrc/common -I/var/tmp/pip-install-tuu00oal/mmcv_34709ec07a1247aa9f36a5c75a41ccbe/mmcv/ops/csrc/common/cuda -I/home/taah3149/Documents/Group_Studies/.venv/lib64/python3.11/site-packages/torch/include -I/home/taah3149/Documents/Group_Studies/.venv/lib64/python3.11/site-packages/torch/include/torch/csrc/api/include -I/home/taah3149/Documents/Group_Studies/.venv/lib64/python3.11/site-packages/torch/include/TH -I/home/taah3149/Documents/Group_Studies/.venv/lib64/python3.11/site-packages/torch/include/THC -I/usr/app-soft1/cuda/cuda-12.2/include -I/home/taah3149/Documents/Group_Studies/.venv/include -I/usr/include/python3.11 -c -c /var/tmp/pip-install-tuu00oal/mmcv_34709ec07a1247aa9f36a5c75a41ccbe/mmcv/ops/csrc/pytorch/cpu/voxelization.cpp -o /var/tmp/pip-install-tuu00oal/mmcv_34709ec07a1247aa9f36a5c75a41ccbe/build/temp.linux-x86_64-cpython-311/mmcv/ops/csrc/pytorch/cpu/voxelization.o -std=c++17 -DTORCH_API_INCLUDE_EXTENSION_H '-DPYBIND11_COMPILER_TYPE="_gcc"' '-DPYBIND11_STDLIB="_libstdcpp"' '-DPYBIND11_BUILD_ABI="_cxxabi1011"' -DTORCH_EXTENSION_NAME=_ext -D_GLIBCXX_USE_CXX11_ABI=0
  [29/136] c++ -MMD -MF /var/tmp/pip-install-tuu00oal/mmcv_34709ec07a1247aa9f36a5c75a41ccbe/build/temp.linux-x86_64-cpython-311/mmcv/ops/csrc/pytorch/cpu/bbox_overlaps_cpu.o.d -pthread -Wsign-compare -DDYNAMIC_ANNOTATIONS_ENABLED=1 -DNDEBUG -O2 -g -pipe -Wall -Werror=format-security -Wp,-D_FORTIFY_SOURCE=2 -Wp,-D_GLIBCXX_ASSERTIONS -fexceptions -fstack-protector-strong -grecord-gcc-switches -m64 -mtune=generic -fasynchronous-unwind-tables -fstack-clash-protection -fcf-protection -D_GNU_SOURCE -fPIC -fwrapv -O2 -g -pipe -Wall -Werror=format-security -Wp,-D_FORTIFY_SOURCE=2 -Wp,-D_GLIBCXX_ASSERTIONS -fexceptions -fstack-protector-strong -grecord-gcc-switches -m64 -mtune=generic -fasynchronous-unwind-tables -fstack-clash-protection -fcf-protection -D_GNU_SOURCE -fPIC -fwrapv -O2 -g -pipe -Wall -Werror=format-security -Wp,-D_FORTIFY_SOURCE=2 -Wp,-D_GLIBCXX_ASSERTIONS -fexceptions -fstack-protector-strong -grecord-gcc-switches -m64 -mtune=generic -fasynchronous-unwind-tables -fstack-clash-protection -fcf-protection -D_GNU_SOURCE -fPIC -fwrapv -fPIC -DMMCV_WITH_CUDA -I/var/tmp/pip-install-tuu00oal/mmcv_34709ec07a1247aa9f36a5c75a41ccbe/mmcv/ops/csrc/pytorch -I/var/tmp/pip-install-tuu00oal/mmcv_34709ec07a1247aa9f36a5c75a41ccbe/mmcv/ops/csrc/common -I/var/tmp/pip-install-tuu00oal/mmcv_34709ec07a1247aa9f36a5c75a41ccbe/mmcv/ops/csrc/common/cuda -I/home/taah3149/Documents/Group_Studies/.venv/lib64/python3.11/site-packages/torch/include -I/home/taah3149/Documents/Group_Studies/.venv/lib64/python3.11/site-packages/torch/include/torch/csrc/api/include -I/home/taah3149/Documents/Group_Studies/.venv/lib64/python3.11/site-packages/torch/include/TH -I/home/taah3149/Documents/Group_Studies/.venv/lib64/python3.11/site-packages/torch/include/THC -I/usr/app-soft1/cuda/cuda-12.2/include -I/home/taah3149/Documents/Group_Studies/.venv/include -I/usr/include/python3.11 -c -c /var/tmp/pip-install-tuu00oal/mmcv_34709ec07a1247aa9f36a5c75a41ccbe/mmcv/ops/csrc/pytorch/cpu/bbox_overlaps_cpu.cpp -o /var/tmp/pip-install-tuu00oal/mmcv_34709ec07a1247aa9f36a5c75a41ccbe/build/temp.linux-x86_64-cpython-311/mmcv/ops/csrc/pytorch/cpu/bbox_overlaps_cpu.o -std=c++17 -DTORCH_API_INCLUDE_EXTENSION_H '-DPYBIND11_COMPILER_TYPE="_gcc"' '-DPYBIND11_STDLIB="_libstdcpp"' '-DPYBIND11_BUILD_ABI="_cxxabi1011"' -DTORCH_EXTENSION_NAME=_ext -D_GLIBCXX_USE_CXX11_ABI=0
  [30/136] c++ -MMD -MF /var/tmp/pip-install-tuu00oal/mmcv_34709ec07a1247aa9f36a5c75a41ccbe/build/temp.linux-x86_64-cpython-311/mmcv/ops/csrc/pytorch/cpu/bezier_align.o.d -pthread -Wsign-compare -DDYNAMIC_ANNOTATIONS_ENABLED=1 -DNDEBUG -O2 -g -pipe -Wall -Werror=format-security -Wp,-D_FORTIFY_SOURCE=2 -Wp,-D_GLIBCXX_ASSERTIONS -fexceptions -fstack-protector-strong -grecord-gcc-switches -m64 -mtune=generic -fasynchronous-unwind-tables -fstack-clash-protection -fcf-protection -D_GNU_SOURCE -fPIC -fwrapv -O2 -g -pipe -Wall -Werror=format-security -Wp,-D_FORTIFY_SOURCE=2 -Wp,-D_GLIBCXX_ASSERTIONS -fexceptions -fstack-protector-strong -grecord-gcc-switches -m64 -mtune=generic -fasynchronous-unwind-tables -fstack-clash-protection -fcf-protection -D_GNU_SOURCE -fPIC -fwrapv -O2 -g -pipe -Wall -Werror=format-security -Wp,-D_FORTIFY_SOURCE=2 -Wp,-D_GLIBCXX_ASSERTIONS -fexceptions -fstack-protector-strong -grecord-gcc-switches -m64 -mtune=generic -fasynchronous-unwind-tables -fstack-clash-protection -fcf-protection -D_GNU_SOURCE -fPIC -fwrapv -fPIC -DMMCV_WITH_CUDA -I/var/tmp/pip-install-tuu00oal/mmcv_34709ec07a1247aa9f36a5c75a41ccbe/mmcv/ops/csrc/pytorch -I/var/tmp/pip-install-tuu00oal/mmcv_34709ec07a1247aa9f36a5c75a41ccbe/mmcv/ops/csrc/common -I/var/tmp/pip-install-tuu00oal/mmcv_34709ec07a1247aa9f36a5c75a41ccbe/mmcv/ops/csrc/common/cuda -I/home/taah3149/Documents/Group_Studies/.venv/lib64/python3.11/site-packages/torch/include -I/home/taah3149/Documents/Group_Studies/.venv/lib64/python3.11/site-packages/torch/include/torch/csrc/api/include -I/home/taah3149/Documents/Group_Studies/.venv/lib64/python3.11/site-packages/torch/include/TH -I/home/taah3149/Documents/Group_Studies/.venv/lib64/python3.11/site-packages/torch/include/THC -I/usr/app-soft1/cuda/cuda-12.2/include -I/home/taah3149/Documents/Group_Studies/.venv/include -I/usr/include/python3.11 -c -c /var/tmp/pip-install-tuu00oal/mmcv_34709ec07a1247aa9f36a5c75a41ccbe/mmcv/ops/csrc/pytorch/cpu/bezier_align.cpp -o /var/tmp/pip-install-tuu00oal/mmcv_34709ec07a1247aa9f36a5c75a41ccbe/build/temp.linux-x86_64-cpython-311/mmcv/ops/csrc/pytorch/cpu/bezier_align.o -std=c++17 -DTORCH_API_INCLUDE_EXTENSION_H '-DPYBIND11_COMPILER_TYPE="_gcc"' '-DPYBIND11_STDLIB="_libstdcpp"' '-DPYBIND11_BUILD_ABI="_cxxabi1011"' -DTORCH_EXTENSION_NAME=_ext -D_GLIBCXX_USE_CXX11_ABI=0
  [31/136] c++ -MMD -MF /var/tmp/pip-install-tuu00oal/mmcv_34709ec07a1247aa9f36a5c75a41ccbe/build/temp.linux-x86_64-cpython-311/mmcv/ops/csrc/pytorch/cpu/roi_align_rotated.o.d -pthread -Wsign-compare -DDYNAMIC_ANNOTATIONS_ENABLED=1 -DNDEBUG -O2 -g -pipe -Wall -Werror=format-security -Wp,-D_FORTIFY_SOURCE=2 -Wp,-D_GLIBCXX_ASSERTIONS -fexceptions -fstack-protector-strong -grecord-gcc-switches -m64 -mtune=generic -fasynchronous-unwind-tables -fstack-clash-protection -fcf-protection -D_GNU_SOURCE -fPIC -fwrapv -O2 -g -pipe -Wall -Werror=format-security -Wp,-D_FORTIFY_SOURCE=2 -Wp,-D_GLIBCXX_ASSERTIONS -fexceptions -fstack-protector-strong -grecord-gcc-switches -m64 -mtune=generic -fasynchronous-unwind-tables -fstack-clash-protection -fcf-protection -D_GNU_SOURCE -fPIC -fwrapv -O2 -g -pipe -Wall -Werror=format-security -Wp,-D_FORTIFY_SOURCE=2 -Wp,-D_GLIBCXX_ASSERTIONS -fexceptions -fstack-protector-strong -grecord-gcc-switches -m64 -mtune=generic -fasynchronous-unwind-tables -fstack-clash-protection -fcf-protection -D_GNU_SOURCE -fPIC -fwrapv -fPIC -DMMCV_WITH_CUDA -I/var/tmp/pip-install-tuu00oal/mmcv_34709ec07a1247aa9f36a5c75a41ccbe/mmcv/ops/csrc/pytorch -I/var/tmp/pip-install-tuu00oal/mmcv_34709ec07a1247aa9f36a5c75a41ccbe/mmcv/ops/csrc/common -I/var/tmp/pip-install-tuu00oal/mmcv_34709ec07a1247aa9f36a5c75a41ccbe/mmcv/ops/csrc/common/cuda -I/home/taah3149/Documents/Group_Studies/.venv/lib64/python3.11/site-packages/torch/include -I/home/taah3149/Documents/Group_Studies/.venv/lib64/python3.11/site-packages/torch/include/torch/csrc/api/include -I/home/taah3149/Documents/Group_Studies/.venv/lib64/python3.11/site-packages/torch/include/TH -I/home/taah3149/Documents/Group_Studies/.venv/lib64/python3.11/site-packages/torch/include/THC -I/usr/app-soft1/cuda/cuda-12.2/include -I/home/taah3149/Documents/Group_Studies/.venv/include -I/usr/include/python3.11 -c -c /var/tmp/pip-install-tuu00oal/mmcv_34709ec07a1247aa9f36a5c75a41ccbe/mmcv/ops/csrc/pytorch/cpu/roi_align_rotated.cpp -o /var/tmp/pip-install-tuu00oal/mmcv_34709ec07a1247aa9f36a5c75a41ccbe/build/temp.linux-x86_64-cpython-311/mmcv/ops/csrc/pytorch/cpu/roi_align_rotated.o -std=c++17 -DTORCH_API_INCLUDE_EXTENSION_H '-DPYBIND11_COMPILER_TYPE="_gcc"' '-DPYBIND11_STDLIB="_libstdcpp"' '-DPYBIND11_BUILD_ABI="_cxxabi1011"' -DTORCH_EXTENSION_NAME=_ext -D_GLIBCXX_USE_CXX11_ABI=0
  [32/136] c++ -MMD -MF /var/tmp/pip-install-tuu00oal/mmcv_34709ec07a1247aa9f36a5c75a41ccbe/build/temp.linux-x86_64-cpython-311/mmcv/ops/csrc/pytorch/cpu/roi_align.o.d -pthread -Wsign-compare -DDYNAMIC_ANNOTATIONS_ENABLED=1 -DNDEBUG -O2 -g -pipe -Wall -Werror=format-security -Wp,-D_FORTIFY_SOURCE=2 -Wp,-D_GLIBCXX_ASSERTIONS -fexceptions -fstack-protector-strong -grecord-gcc-switches -m64 -mtune=generic -fasynchronous-unwind-tables -fstack-clash-protection -fcf-protection -D_GNU_SOURCE -fPIC -fwrapv -O2 -g -pipe -Wall -Werror=format-security -Wp,-D_FORTIFY_SOURCE=2 -Wp,-D_GLIBCXX_ASSERTIONS -fexceptions -fstack-protector-strong -grecord-gcc-switches -m64 -mtune=generic -fasynchronous-unwind-tables -fstack-clash-protection -fcf-protection -D_GNU_SOURCE -fPIC -fwrapv -O2 -g -pipe -Wall -Werror=format-security -Wp,-D_FORTIFY_SOURCE=2 -Wp,-D_GLIBCXX_ASSERTIONS -fexceptions -fstack-protector-strong -grecord-gcc-switches -m64 -mtune=generic -fasynchronous-unwind-tables -fstack-clash-protection -fcf-protection -D_GNU_SOURCE -fPIC -fwrapv -fPIC -DMMCV_WITH_CUDA -I/var/tmp/pip-install-tuu00oal/mmcv_34709ec07a1247aa9f36a5c75a41ccbe/mmcv/ops/csrc/pytorch -I/var/tmp/pip-install-tuu00oal/mmcv_34709ec07a1247aa9f36a5c75a41ccbe/mmcv/ops/csrc/common -I/var/tmp/pip-install-tuu00oal/mmcv_34709ec07a1247aa9f36a5c75a41ccbe/mmcv/ops/csrc/common/cuda -I/home/taah3149/Documents/Group_Studies/.venv/lib64/python3.11/site-packages/torch/include -I/home/taah3149/Documents/Group_Studies/.venv/lib64/python3.11/site-packages/torch/include/torch/csrc/api/include -I/home/taah3149/Documents/Group_Studies/.venv/lib64/python3.11/site-packages/torch/include/TH -I/home/taah3149/Documents/Group_Studies/.venv/lib64/python3.11/site-packages/torch/include/THC -I/usr/app-soft1/cuda/cuda-12.2/include -I/home/taah3149/Documents/Group_Studies/.venv/include -I/usr/include/python3.11 -c -c /var/tmp/pip-install-tuu00oal/mmcv_34709ec07a1247aa9f36a5c75a41ccbe/mmcv/ops/csrc/pytorch/cpu/roi_align.cpp -o /var/tmp/pip-install-tuu00oal/mmcv_34709ec07a1247aa9f36a5c75a41ccbe/build/temp.linux-x86_64-cpython-311/mmcv/ops/csrc/pytorch/cpu/roi_align.o -std=c++17 -DTORCH_API_INCLUDE_EXTENSION_H '-DPYBIND11_COMPILER_TYPE="_gcc"' '-DPYBIND11_STDLIB="_libstdcpp"' '-DPYBIND11_BUILD_ABI="_cxxabi1011"' -DTORCH_EXTENSION_NAME=_ext -D_GLIBCXX_USE_CXX11_ABI=0
  [33/136] c++ -MMD -MF /var/tmp/pip-install-tuu00oal/mmcv_34709ec07a1247aa9f36a5c75a41ccbe/build/temp.linux-x86_64-cpython-311/mmcv/ops/csrc/pytorch/cpu/sparse_maxpool.o.d -pthread -Wsign-compare -DDYNAMIC_ANNOTATIONS_ENABLED=1 -DNDEBUG -O2 -g -pipe -Wall -Werror=format-security -Wp,-D_FORTIFY_SOURCE=2 -Wp,-D_GLIBCXX_ASSERTIONS -fexceptions -fstack-protector-strong -grecord-gcc-switches -m64 -mtune=generic -fasynchronous-unwind-tables -fstack-clash-protection -fcf-protection -D_GNU_SOURCE -fPIC -fwrapv -O2 -g -pipe -Wall -Werror=format-security -Wp,-D_FORTIFY_SOURCE=2 -Wp,-D_GLIBCXX_ASSERTIONS -fexceptions -fstack-protector-strong -grecord-gcc-switches -m64 -mtune=generic -fasynchronous-unwind-tables -fstack-clash-protection -fcf-protection -D_GNU_SOURCE -fPIC -fwrapv -O2 -g -pipe -Wall -Werror=format-security -Wp,-D_FORTIFY_SOURCE=2 -Wp,-D_GLIBCXX_ASSERTIONS -fexceptions -fstack-protector-strong -grecord-gcc-switches -m64 -mtune=generic -fasynchronous-unwind-tables -fstack-clash-protection -fcf-protection -D_GNU_SOURCE -fPIC -fwrapv -fPIC -DMMCV_WITH_CUDA -I/var/tmp/pip-install-tuu00oal/mmcv_34709ec07a1247aa9f36a5c75a41ccbe/mmcv/ops/csrc/pytorch -I/var/tmp/pip-install-tuu00oal/mmcv_34709ec07a1247aa9f36a5c75a41ccbe/mmcv/ops/csrc/common -I/var/tmp/pip-install-tuu00oal/mmcv_34709ec07a1247aa9f36a5c75a41ccbe/mmcv/ops/csrc/common/cuda -I/home/taah3149/Documents/Group_Studies/.venv/lib64/python3.11/site-packages/torch/include -I/home/taah3149/Documents/Group_Studies/.venv/lib64/python3.11/site-packages/torch/include/torch/csrc/api/include -I/home/taah3149/Documents/Group_Studies/.venv/lib64/python3.11/site-packages/torch/include/TH -I/home/taah3149/Documents/Group_Studies/.venv/lib64/python3.11/site-packages/torch/include/THC -I/usr/app-soft1/cuda/cuda-12.2/include -I/home/taah3149/Documents/Group_Studies/.venv/include -I/usr/include/python3.11 -c -c /var/tmp/pip-install-tuu00oal/mmcv_34709ec07a1247aa9f36a5c75a41ccbe/mmcv/ops/csrc/pytorch/cpu/sparse_maxpool.cpp -o /var/tmp/pip-install-tuu00oal/mmcv_34709ec07a1247aa9f36a5c75a41ccbe/build/temp.linux-x86_64-cpython-311/mmcv/ops/csrc/pytorch/cpu/sparse_maxpool.o -std=c++17 -DTORCH_API_INCLUDE_EXTENSION_H '-DPYBIND11_COMPILER_TYPE="_gcc"' '-DPYBIND11_STDLIB="_libstdcpp"' '-DPYBIND11_BUILD_ABI="_cxxabi1011"' -DTORCH_EXTENSION_NAME=_ext -D_GLIBCXX_USE_CXX11_ABI=0
  In file included from /var/tmp/pip-install-tuu00oal/mmcv_34709ec07a1247aa9f36a5c75a41ccbe/mmcv/ops/csrc/common/utils/spconv/spconv/maxpool.h:17,
                   from /var/tmp/pip-install-tuu00oal/mmcv_34709ec07a1247aa9f36a5c75a41ccbe/mmcv/ops/csrc/pytorch/cpu/sparse_maxpool.cpp:16:
  /var/tmp/pip-install-tuu00oal/mmcv_34709ec07a1247aa9f36a5c75a41ccbe/mmcv/ops/csrc/common/utils/spconv/tensorview/tensorview.h:387: warning: ignoring #pragma unroll  [-Wunknown-pragmas]
    387 | #pragma unroll
        |
  /var/tmp/pip-install-tuu00oal/mmcv_34709ec07a1247aa9f36a5c75a41ccbe/mmcv/ops/csrc/common/utils/spconv/tensorview/tensorview.h:412: warning: ignoring #pragma unroll  [-Wunknown-pragmas]
    412 | #pragma unroll
        |
  /var/tmp/pip-install-tuu00oal/mmcv_34709ec07a1247aa9f36a5c75a41ccbe/mmcv/ops/csrc/common/utils/spconv/tensorview/tensorview.h:436: warning: ignoring #pragma unroll  [-Wunknown-pragmas]
    436 | #pragma unroll
        |
  /var/tmp/pip-install-tuu00oal/mmcv_34709ec07a1247aa9f36a5c75a41ccbe/mmcv/ops/csrc/common/utils/spconv/tensorview/tensorview.h:447: warning: ignoring #pragma unroll  [-Wunknown-pragmas]
    447 | #pragma unroll
        |
  /var/tmp/pip-install-tuu00oal/mmcv_34709ec07a1247aa9f36a5c75a41ccbe/mmcv/ops/csrc/common/utils/spconv/tensorview/tensorview.h:885: warning: ignoring #pragma unroll  [-Wunknown-pragmas]
    885 | #pragma unroll
        |
  /var/tmp/pip-install-tuu00oal/mmcv_34709ec07a1247aa9f36a5c75a41ccbe/mmcv/ops/csrc/common/utils/spconv/tensorview/tensorview.h:895: warning: ignoring #pragma unroll  [-Wunknown-pragmas]
    895 | #pragma unroll
        |
  /var/tmp/pip-install-tuu00oal/mmcv_34709ec07a1247aa9f36a5c75a41ccbe/mmcv/ops/csrc/common/utils/spconv/tensorview/tensorview.h:901: warning: ignoring #pragma unroll  [-Wunknown-pragmas]
    901 | #pragma unroll
        |
  /var/tmp/pip-install-tuu00oal/mmcv_34709ec07a1247aa9f36a5c75a41ccbe/mmcv/ops/csrc/common/utils/spconv/tensorview/tensorview.h:907: warning: ignoring #pragma unroll  [-Wunknown-pragmas]
    907 | #pragma unroll
        |
  /var/tmp/pip-install-tuu00oal/mmcv_34709ec07a1247aa9f36a5c75a41ccbe/mmcv/ops/csrc/common/utils/spconv/tensorview/tensorview.h: In instantiation of ‘tv::ShapeBase<MaxDim> tv::ShapeBase<MaxDim>::subshape(int) const [with long unsigned int MaxDim = 6]’:
  /var/tmp/pip-install-tuu00oal/mmcv_34709ec07a1247aa9f36a5c75a41ccbe/mmcv/ops/csrc/common/utils/spconv/tensorview/tensorview.h:922:54:   required from ‘tv::TensorView<scalar_t, Rank> tv::TensorView<scalar_t, Rank>::subview(int, Integers ...) [with Integers = {}; scalar_t = const int; int Rank = -1]’
  /var/tmp/pip-install-tuu00oal/mmcv_34709ec07a1247aa9f36a5c75a41ccbe/mmcv/ops/csrc/pytorch/cpu/sparse_maxpool.cpp:29:41:   required from ‘void functor::SparseMaxPoolForwardFunctor<tv::CPU, scalar_t, Index>::operator()(const tv::CPU&, tv::TensorView<scalar_t>, tv::TensorView<const scalar_t>, tv::TensorView<const scalar_t>, int) [with scalar_t = float; Index = int]’
  /var/tmp/pip-install-tuu00oal/mmcv_34709ec07a1247aa9f36a5c75a41ccbe/mmcv/ops/csrc/pytorch/cpu/sparse_maxpool.cpp:77:1:   required from here
  /var/tmp/pip-install-tuu00oal/mmcv_34709ec07a1247aa9f36a5c75a41ccbe/mmcv/ops/csrc/common/utils/spconv/tensorview/tensorview.h:345:27: warning: comparison of integer expressions of different signedness: ‘int’ and ‘const size_t’ {aka ‘const long unsigned int’} [-Wsign-compare]
    345 |     for (int i = start; i < this->mSize; ++i) {
        |                         ~~^~~~~~~~~~~~~
  [34/136] c++ -MMD -MF /var/tmp/pip-install-tuu00oal/mmcv_34709ec07a1247aa9f36a5c75a41ccbe/build/temp.linux-x86_64-cpython-311/mmcv/ops/csrc/pytorch/cpu/sparse_reordering.o.d -pthread -Wsign-compare -DDYNAMIC_ANNOTATIONS_ENABLED=1 -DNDEBUG -O2 -g -pipe -Wall -Werror=format-security -Wp,-D_FORTIFY_SOURCE=2 -Wp,-D_GLIBCXX_ASSERTIONS -fexceptions -fstack-protector-strong -grecord-gcc-switches -m64 -mtune=generic -fasynchronous-unwind-tables -fstack-clash-protection -fcf-protection -D_GNU_SOURCE -fPIC -fwrapv -O2 -g -pipe -Wall -Werror=format-security -Wp,-D_FORTIFY_SOURCE=2 -Wp,-D_GLIBCXX_ASSERTIONS -fexceptions -fstack-protector-strong -grecord-gcc-switches -m64 -mtune=generic -fasynchronous-unwind-tables -fstack-clash-protection -fcf-protection -D_GNU_SOURCE -fPIC -fwrapv -O2 -g -pipe -Wall -Werror=format-security -Wp,-D_FORTIFY_SOURCE=2 -Wp,-D_GLIBCXX_ASSERTIONS -fexceptions -fstack-protector-strong -grecord-gcc-switches -m64 -mtune=generic -fasynchronous-unwind-tables -fstack-clash-protection -fcf-protection -D_GNU_SOURCE -fPIC -fwrapv -fPIC -DMMCV_WITH_CUDA -I/var/tmp/pip-install-tuu00oal/mmcv_34709ec07a1247aa9f36a5c75a41ccbe/mmcv/ops/csrc/pytorch -I/var/tmp/pip-install-tuu00oal/mmcv_34709ec07a1247aa9f36a5c75a41ccbe/mmcv/ops/csrc/common -I/var/tmp/pip-install-tuu00oal/mmcv_34709ec07a1247aa9f36a5c75a41ccbe/mmcv/ops/csrc/common/cuda -I/home/taah3149/Documents/Group_Studies/.venv/lib64/python3.11/site-packages/torch/include -I/home/taah3149/Documents/Group_Studies/.venv/lib64/python3.11/site-packages/torch/include/torch/csrc/api/include -I/home/taah3149/Documents/Group_Studies/.venv/lib64/python3.11/site-packages/torch/include/TH -I/home/taah3149/Documents/Group_Studies/.venv/lib64/python3.11/site-packages/torch/include/THC -I/usr/app-soft1/cuda/cuda-12.2/include -I/home/taah3149/Documents/Group_Studies/.venv/include -I/usr/include/python3.11 -c -c /var/tmp/pip-install-tuu00oal/mmcv_34709ec07a1247aa9f36a5c75a41ccbe/mmcv/ops/csrc/pytorch/cpu/sparse_reordering.cpp -o /var/tmp/pip-install-tuu00oal/mmcv_34709ec07a1247aa9f36a5c75a41ccbe/build/temp.linux-x86_64-cpython-311/mmcv/ops/csrc/pytorch/cpu/sparse_reordering.o -std=c++17 -DTORCH_API_INCLUDE_EXTENSION_H '-DPYBIND11_COMPILER_TYPE="_gcc"' '-DPYBIND11_STDLIB="_libstdcpp"' '-DPYBIND11_BUILD_ABI="_cxxabi1011"' -DTORCH_EXTENSION_NAME=_ext -D_GLIBCXX_USE_CXX11_ABI=0
  In file included from /var/tmp/pip-install-tuu00oal/mmcv_34709ec07a1247aa9f36a5c75a41ccbe/mmcv/ops/csrc/common/utils/spconv/spconv/reordering.h:17,
                   from /var/tmp/pip-install-tuu00oal/mmcv_34709ec07a1247aa9f36a5c75a41ccbe/mmcv/ops/csrc/pytorch/cpu/sparse_reordering.cpp:16:
  /var/tmp/pip-install-tuu00oal/mmcv_34709ec07a1247aa9f36a5c75a41ccbe/mmcv/ops/csrc/common/utils/spconv/tensorview/tensorview.h:387: warning: ignoring #pragma unroll  [-Wunknown-pragmas]
    387 | #pragma unroll
        |
  /var/tmp/pip-install-tuu00oal/mmcv_34709ec07a1247aa9f36a5c75a41ccbe/mmcv/ops/csrc/common/utils/spconv/tensorview/tensorview.h:412: warning: ignoring #pragma unroll  [-Wunknown-pragmas]
    412 | #pragma unroll
        |
  /var/tmp/pip-install-tuu00oal/mmcv_34709ec07a1247aa9f36a5c75a41ccbe/mmcv/ops/csrc/common/utils/spconv/tensorview/tensorview.h:436: warning: ignoring #pragma unroll  [-Wunknown-pragmas]
    436 | #pragma unroll
        |
  /var/tmp/pip-install-tuu00oal/mmcv_34709ec07a1247aa9f36a5c75a41ccbe/mmcv/ops/csrc/common/utils/spconv/tensorview/tensorview.h:447: warning: ignoring #pragma unroll  [-Wunknown-pragmas]
    447 | #pragma unroll
        |
  /var/tmp/pip-install-tuu00oal/mmcv_34709ec07a1247aa9f36a5c75a41ccbe/mmcv/ops/csrc/common/utils/spconv/tensorview/tensorview.h:885: warning: ignoring #pragma unroll  [-Wunknown-pragmas]
    885 | #pragma unroll
        |
  /var/tmp/pip-install-tuu00oal/mmcv_34709ec07a1247aa9f36a5c75a41ccbe/mmcv/ops/csrc/common/utils/spconv/tensorview/tensorview.h:895: warning: ignoring #pragma unroll  [-Wunknown-pragmas]
    895 | #pragma unroll
        |
  /var/tmp/pip-install-tuu00oal/mmcv_34709ec07a1247aa9f36a5c75a41ccbe/mmcv/ops/csrc/common/utils/spconv/tensorview/tensorview.h:901: warning: ignoring #pragma unroll  [-Wunknown-pragmas]
    901 | #pragma unroll
        |
  /var/tmp/pip-install-tuu00oal/mmcv_34709ec07a1247aa9f36a5c75a41ccbe/mmcv/ops/csrc/common/utils/spconv/tensorview/tensorview.h:907: warning: ignoring #pragma unroll  [-Wunknown-pragmas]
    907 | #pragma unroll
        |
  [35/136] c++ -MMD -MF /var/tmp/pip-install-tuu00oal/mmcv_34709ec07a1247aa9f36a5c75a41ccbe/build/temp.linux-x86_64-cpython-311/mmcv/ops/csrc/pytorch/cpu/sparse_indice.o.d -pthread -Wsign-compare -DDYNAMIC_ANNOTATIONS_ENABLED=1 -DNDEBUG -O2 -g -pipe -Wall -Werror=format-security -Wp,-D_FORTIFY_SOURCE=2 -Wp,-D_GLIBCXX_ASSERTIONS -fexceptions -fstack-protector-strong -grecord-gcc-switches -m64 -mtune=generic -fasynchronous-unwind-tables -fstack-clash-protection -fcf-protection -D_GNU_SOURCE -fPIC -fwrapv -O2 -g -pipe -Wall -Werror=format-security -Wp,-D_FORTIFY_SOURCE=2 -Wp,-D_GLIBCXX_ASSERTIONS -fexceptions -fstack-protector-strong -grecord-gcc-switches -m64 -mtune=generic -fasynchronous-unwind-tables -fstack-clash-protection -fcf-protection -D_GNU_SOURCE -fPIC -fwrapv -O2 -g -pipe -Wall -Werror=format-security -Wp,-D_FORTIFY_SOURCE=2 -Wp,-D_GLIBCXX_ASSERTIONS -fexceptions -fstack-protector-strong -grecord-gcc-switches -m64 -mtune=generic -fasynchronous-unwind-tables -fstack-clash-protection -fcf-protection -D_GNU_SOURCE -fPIC -fwrapv -fPIC -DMMCV_WITH_CUDA -I/var/tmp/pip-install-tuu00oal/mmcv_34709ec07a1247aa9f36a5c75a41ccbe/mmcv/ops/csrc/pytorch -I/var/tmp/pip-install-tuu00oal/mmcv_34709ec07a1247aa9f36a5c75a41ccbe/mmcv/ops/csrc/common -I/var/tmp/pip-install-tuu00oal/mmcv_34709ec07a1247aa9f36a5c75a41ccbe/mmcv/ops/csrc/common/cuda -I/home/taah3149/Documents/Group_Studies/.venv/lib64/python3.11/site-packages/torch/include -I/home/taah3149/Documents/Group_Studies/.venv/lib64/python3.11/site-packages/torch/include/torch/csrc/api/include -I/home/taah3149/Documents/Group_Studies/.venv/lib64/python3.11/site-packages/torch/include/TH -I/home/taah3149/Documents/Group_Studies/.venv/lib64/python3.11/site-packages/torch/include/THC -I/usr/app-soft1/cuda/cuda-12.2/include -I/home/taah3149/Documents/Group_Studies/.venv/include -I/usr/include/python3.11 -c -c /var/tmp/pip-install-tuu00oal/mmcv_34709ec07a1247aa9f36a5c75a41ccbe/mmcv/ops/csrc/pytorch/cpu/sparse_indice.cpp -o /var/tmp/pip-install-tuu00oal/mmcv_34709ec07a1247aa9f36a5c75a41ccbe/build/temp.linux-x86_64-cpython-311/mmcv/ops/csrc/pytorch/cpu/sparse_indice.o -std=c++17 -DTORCH_API_INCLUDE_EXTENSION_H '-DPYBIND11_COMPILER_TYPE="_gcc"' '-DPYBIND11_STDLIB="_libstdcpp"' '-DPYBIND11_BUILD_ABI="_cxxabi1011"' -DTORCH_EXTENSION_NAME=_ext -D_GLIBCXX_USE_CXX11_ABI=0
  In file included from /var/tmp/pip-install-tuu00oal/mmcv_34709ec07a1247aa9f36a5c75a41ccbe/mmcv/ops/csrc/common/utils/spconv/spconv/geometry.h:18,
                   from /var/tmp/pip-install-tuu00oal/mmcv_34709ec07a1247aa9f36a5c75a41ccbe/mmcv/ops/csrc/pytorch/cpu/sparse_indice.cpp:16:
  /var/tmp/pip-install-tuu00oal/mmcv_34709ec07a1247aa9f36a5c75a41ccbe/mmcv/ops/csrc/common/utils/spconv/tensorview/tensorview.h:387: warning: ignoring #pragma unroll  [-Wunknown-pragmas]
    387 | #pragma unroll
        |
  /var/tmp/pip-install-tuu00oal/mmcv_34709ec07a1247aa9f36a5c75a41ccbe/mmcv/ops/csrc/common/utils/spconv/tensorview/tensorview.h:412: warning: ignoring #pragma unroll  [-Wunknown-pragmas]
    412 | #pragma unroll
        |
  /var/tmp/pip-install-tuu00oal/mmcv_34709ec07a1247aa9f36a5c75a41ccbe/mmcv/ops/csrc/common/utils/spconv/tensorview/tensorview.h:436: warning: ignoring #pragma unroll  [-Wunknown-pragmas]
    436 | #pragma unroll
        |
  /var/tmp/pip-install-tuu00oal/mmcv_34709ec07a1247aa9f36a5c75a41ccbe/mmcv/ops/csrc/common/utils/spconv/tensorview/tensorview.h:447: warning: ignoring #pragma unroll  [-Wunknown-pragmas]
    447 | #pragma unroll
        |
  /var/tmp/pip-install-tuu00oal/mmcv_34709ec07a1247aa9f36a5c75a41ccbe/mmcv/ops/csrc/common/utils/spconv/tensorview/tensorview.h:885: warning: ignoring #pragma unroll  [-Wunknown-pragmas]
    885 | #pragma unroll
        |
  /var/tmp/pip-install-tuu00oal/mmcv_34709ec07a1247aa9f36a5c75a41ccbe/mmcv/ops/csrc/common/utils/spconv/tensorview/tensorview.h:895: warning: ignoring #pragma unroll  [-Wunknown-pragmas]
    895 | #pragma unroll
        |
  /var/tmp/pip-install-tuu00oal/mmcv_34709ec07a1247aa9f36a5c75a41ccbe/mmcv/ops/csrc/common/utils/spconv/tensorview/tensorview.h:901: warning: ignoring #pragma unroll  [-Wunknown-pragmas]
    901 | #pragma unroll
        |
  /var/tmp/pip-install-tuu00oal/mmcv_34709ec07a1247aa9f36a5c75a41ccbe/mmcv/ops/csrc/common/utils/spconv/tensorview/tensorview.h:907: warning: ignoring #pragma unroll  [-Wunknown-pragmas]
    907 | #pragma unroll
        |
  In file included from /var/tmp/pip-install-tuu00oal/mmcv_34709ec07a1247aa9f36a5c75a41ccbe/mmcv/ops/csrc/pytorch/cpu/sparse_indice.cpp:16:
  /var/tmp/pip-install-tuu00oal/mmcv_34709ec07a1247aa9f36a5c75a41ccbe/mmcv/ops/csrc/common/utils/spconv/spconv/geometry.h:38: warning: ignoring #pragma unroll  [-Wunknown-pragmas]
     38 | #pragma unroll
        |
  /var/tmp/pip-install-tuu00oal/mmcv_34709ec07a1247aa9f36a5c75a41ccbe/mmcv/ops/csrc/common/utils/spconv/spconv/geometry.h:46: warning: ignoring #pragma unroll  [-Wunknown-pragmas]
     46 | #pragma unroll
        |
  /var/tmp/pip-install-tuu00oal/mmcv_34709ec07a1247aa9f36a5c75a41ccbe/mmcv/ops/csrc/common/utils/spconv/spconv/geometry.h:52: warning: ignoring #pragma unroll  [-Wunknown-pragmas]
     52 | #pragma unroll
        |
  /var/tmp/pip-install-tuu00oal/mmcv_34709ec07a1247aa9f36a5c75a41ccbe/mmcv/ops/csrc/common/utils/spconv/spconv/geometry.h:60: warning: ignoring #pragma unroll  [-Wunknown-pragmas]
     60 | #pragma unroll
        |
  /var/tmp/pip-install-tuu00oal/mmcv_34709ec07a1247aa9f36a5c75a41ccbe/mmcv/ops/csrc/common/utils/spconv/spconv/geometry.h:75: warning: ignoring #pragma unroll  [-Wunknown-pragmas]
     75 | #pragma unroll
        |
  /var/tmp/pip-install-tuu00oal/mmcv_34709ec07a1247aa9f36a5c75a41ccbe/mmcv/ops/csrc/common/utils/spconv/spconv/geometry.h:100: warning: ignoring #pragma unroll  [-Wunknown-pragmas]
    100 | #pragma unroll
        |
  /var/tmp/pip-install-tuu00oal/mmcv_34709ec07a1247aa9f36a5c75a41ccbe/mmcv/ops/csrc/common/utils/spconv/spconv/geometry.h:105: warning: ignoring #pragma unroll  [-Wunknown-pragmas]
    105 | #pragma unroll
        |
  /var/tmp/pip-install-tuu00oal/mmcv_34709ec07a1247aa9f36a5c75a41ccbe/mmcv/ops/csrc/common/utils/spconv/spconv/geometry.h:110: warning: ignoring #pragma unroll  [-Wunknown-pragmas]
    110 | #pragma unroll
        |
  /var/tmp/pip-install-tuu00oal/mmcv_34709ec07a1247aa9f36a5c75a41ccbe/mmcv/ops/csrc/common/utils/spconv/spconv/geometry.h:118: warning: ignoring #pragma unroll  [-Wunknown-pragmas]
    118 | #pragma unroll
        |
  /var/tmp/pip-install-tuu00oal/mmcv_34709ec07a1247aa9f36a5c75a41ccbe/mmcv/ops/csrc/common/utils/spconv/spconv/geometry.h:131: warning: ignoring #pragma unroll  [-Wunknown-pragmas]
    131 | #pragma unroll
        |
  /var/tmp/pip-install-tuu00oal/mmcv_34709ec07a1247aa9f36a5c75a41ccbe/mmcv/ops/csrc/common/utils/spconv/spconv/geometry.h:156: warning: ignoring #pragma unroll  [-Wunknown-pragmas]
    156 | #pragma unroll
        |
  /var/tmp/pip-install-tuu00oal/mmcv_34709ec07a1247aa9f36a5c75a41ccbe/mmcv/ops/csrc/common/utils/spconv/spconv/geometry.h:161: warning: ignoring #pragma unroll  [-Wunknown-pragmas]
    161 | #pragma unroll
        |
  /var/tmp/pip-install-tuu00oal/mmcv_34709ec07a1247aa9f36a5c75a41ccbe/mmcv/ops/csrc/common/utils/spconv/spconv/geometry.h:207: warning: ignoring #pragma unroll  [-Wunknown-pragmas]
    207 | #pragma unroll
        |
  /var/tmp/pip-install-tuu00oal/mmcv_34709ec07a1247aa9f36a5c75a41ccbe/mmcv/ops/csrc/common/utils/spconv/spconv/geometry.h:212: warning: ignoring #pragma unroll  [-Wunknown-pragmas]
    212 | #pragma unroll
        |
  /var/tmp/pip-install-tuu00oal/mmcv_34709ec07a1247aa9f36a5c75a41ccbe/mmcv/ops/csrc/common/utils/spconv/spconv/geometry.h:256: warning: ignoring #pragma unroll  [-Wunknown-pragmas]
    256 | #pragma unroll
        |
  /var/tmp/pip-install-tuu00oal/mmcv_34709ec07a1247aa9f36a5c75a41ccbe/mmcv/ops/csrc/common/utils/spconv/spconv/geometry.h:261: warning: ignoring #pragma unroll  [-Wunknown-pragmas]
    261 | #pragma unroll
        |
  /var/tmp/pip-install-tuu00oal/mmcv_34709ec07a1247aa9f36a5c75a41ccbe/mmcv/ops/csrc/common/utils/spconv/spconv/geometry.h: In instantiation of ‘Index getIndicePairsDeConv(tv::TensorView<const scalar_t>, tv::TensorView<scalar_t>, tv::TensorView<IndexGrid>, tv::TensorView<scalar_t>, tv::TensorView<scalar_t>, const Index*, const Index*, const Index*, const Index*, const Index*) [with Index = int; IndexGrid = int; unsigned int NDim = 1]’:
  /var/tmp/pip-install-tuu00oal/mmcv_34709ec07a1247aa9f36a5c75a41ccbe/mmcv/ops/csrc/pytorch/cpu/sparse_indice.cpp:36:58:   required from ‘Index functor::CreateConvIndicePairFunctor<tv::CPU, Index, IndexGrid, NDim>::operator()(const tv::CPU&, tv::TensorView<const scalar_t>, tv::TensorView<scalar_t>, tv::TensorView<IndexGrid>, tv::TensorView<scalar_t>, tv::TensorView<scalar_t>, tv::SimpleVector<Index, NDim>, tv::SimpleVector<Index, NDim>, tv::SimpleVector<Index, NDim>, tv::SimpleVector<Index, NDim>, tv::SimpleVector<Index, NDim>, bool, bool) [with Index = int; IndexGrid = int; unsigned int NDim = 1]’
  /var/tmp/pip-install-tuu00oal/mmcv_34709ec07a1247aa9f36a5c75a41ccbe/mmcv/ops/csrc/pytorch/cpu/sparse_indice.cpp:80:1:   required from here
  /var/tmp/pip-install-tuu00oal/mmcv_34709ec07a1247aa9f36a5c75a41ccbe/mmcv/ops/csrc/common/utils/spconv/spconv/geometry.h:208:21: warning: comparison of integer expressions of different signedness: ‘int’ and ‘unsigned int’ [-Wsign-compare]
    208 |   for (int i = 0; i < NDim; ++i) {
        |                   ~~^~~~~~
  /var/tmp/pip-install-tuu00oal/mmcv_34709ec07a1247aa9f36a5c75a41ccbe/mmcv/ops/csrc/common/utils/spconv/spconv/geometry.h:213:21: warning: comparison of integer expressions of different signedness: ‘int’ and ‘unsigned int’ [-Wsign-compare]
    213 |   for (int i = 0; i < NDim; ++i) {
        |                   ~~^~~~~~
  /var/tmp/pip-install-tuu00oal/mmcv_34709ec07a1247aa9f36a5c75a41ccbe/mmcv/ops/csrc/common/utils/spconv/spconv/geometry.h: In instantiation of ‘Index getIndicePairsConv(tv::TensorView<const scalar_t>, tv::TensorView<scalar_t>, tv::TensorView<IndexGrid>, tv::TensorView<scalar_t>, tv::TensorView<scalar_t>, const Index*, const Index*, const Index*, const Index*, const Index*) [with Index = int; IndexGrid = int; unsigned int NDim = 1]’:
  /var/tmp/pip-install-tuu00oal/mmcv_34709ec07a1247aa9f36a5c75a41ccbe/mmcv/ops/csrc/pytorch/cpu/sparse_indice.cpp:41:56:   required from ‘Index functor::CreateConvIndicePairFunctor<tv::CPU, Index, IndexGrid, NDim>::operator()(const tv::CPU&, tv::TensorView<const scalar_t>, tv::TensorView<scalar_t>, tv::TensorView<IndexGrid>, tv::TensorView<scalar_t>, tv::TensorView<scalar_t>, tv::SimpleVector<Index, NDim>, tv::SimpleVector<Index, NDim>, tv::SimpleVector<Index, NDim>, tv::SimpleVector<Index, NDim>, tv::SimpleVector<Index, NDim>, bool, bool) [with Index = int; IndexGrid = int; unsigned int NDim = 1]’
  /var/tmp/pip-install-tuu00oal/mmcv_34709ec07a1247aa9f36a5c75a41ccbe/mmcv/ops/csrc/pytorch/cpu/sparse_indice.cpp:80:1:   required from here
  /var/tmp/pip-install-tuu00oal/mmcv_34709ec07a1247aa9f36a5c75a41ccbe/mmcv/ops/csrc/common/utils/spconv/spconv/geometry.h:157:21: warning: comparison of integer expressions of different signedness: ‘int’ and ‘unsigned int’ [-Wsign-compare]
    157 |   for (int i = 0; i < NDim; ++i) {
        |                   ~~^~~~~~
  /var/tmp/pip-install-tuu00oal/mmcv_34709ec07a1247aa9f36a5c75a41ccbe/mmcv/ops/csrc/common/utils/spconv/spconv/geometry.h:162:21: warning: comparison of integer expressions of different signedness: ‘int’ and ‘unsigned int’ [-Wsign-compare]
    162 |   for (int i = 0; i < NDim; ++i) {
        |                   ~~^~~~~~
  /var/tmp/pip-install-tuu00oal/mmcv_34709ec07a1247aa9f36a5c75a41ccbe/mmcv/ops/csrc/common/utils/spconv/spconv/geometry.h: In instantiation of ‘Index getIndicePairsSubM(tv::TensorView<const scalar_t>, tv::TensorView<IndexGrid>, tv::TensorView<scalar_t>, tv::TensorView<scalar_t>, const Index*, const Index*, const Index*, const Index*, const Index*) [with Index = int; IndexGrid = int; unsigned int NDim = 1]’:
  /var/tmp/pip-install-tuu00oal/mmcv_34709ec07a1247aa9f36a5c75a41ccbe/mmcv/ops/csrc/pytorch/cpu/sparse_indice.cpp:60:54:   required from ‘Index functor::CreateSubMIndicePairFunctor<tv::CPU, Index, IndexGrid, NDim>::operator()(const tv::CPU&, tv::TensorView<const scalar_t>, tv::TensorView<IndexGrid>, tv::TensorView<scalar_t>, tv::TensorView<scalar_t>, tv::SimpleVector<Index, NDim>, tv::SimpleVector<Index, NDim>, tv::SimpleVector<Index, NDim>, tv::SimpleVector<Index, NDim>, tv::SimpleVector<Index, NDim>, bool, bool) [with Index = int; IndexGrid = int; unsigned int NDim = 1]’
  /var/tmp/pip-install-tuu00oal/mmcv_34709ec07a1247aa9f36a5c75a41ccbe/mmcv/ops/csrc/pytorch/cpu/sparse_indice.cpp:80:1:   required from here
  /var/tmp/pip-install-tuu00oal/mmcv_34709ec07a1247aa9f36a5c75a41ccbe/mmcv/ops/csrc/common/utils/spconv/spconv/geometry.h:257:21: warning: comparison of integer expressions of different signedness: ‘int’ and ‘unsigned int’ [-Wsign-compare]
    257 |   for (int i = 0; i < NDim; ++i) {
        |                   ~~^~~~~~
  /var/tmp/pip-install-tuu00oal/mmcv_34709ec07a1247aa9f36a5c75a41ccbe/mmcv/ops/csrc/common/utils/spconv/spconv/geometry.h:262:21: warning: comparison of integer expressions of different signedness: ‘int’ and ‘unsigned int’ [-Wsign-compare]
    262 |   for (int i = 0; i < NDim; ++i) {
        |                   ~~^~~~~~
  /var/tmp/pip-install-tuu00oal/mmcv_34709ec07a1247aa9f36a5c75a41ccbe/mmcv/ops/csrc/common/utils/spconv/spconv/geometry.h: In instantiation of ‘Index getIndicePairsDeConv(tv::TensorView<const scalar_t>, tv::TensorView<scalar_t>, tv::TensorView<IndexGrid>, tv::TensorView<scalar_t>, tv::TensorView<scalar_t>, const Index*, const Index*, const Index*, const Index*, const Index*) [with Index = int; IndexGrid = int; unsigned int NDim = 2]’:
  /var/tmp/pip-install-tuu00oal/mmcv_34709ec07a1247aa9f36a5c75a41ccbe/mmcv/ops/csrc/pytorch/cpu/sparse_indice.cpp:36:58:   required from ‘Index functor::CreateConvIndicePairFunctor<tv::CPU, Index, IndexGrid, NDim>::operator()(const tv::CPU&, tv::TensorView<const scalar_t>, tv::TensorView<scalar_t>, tv::TensorView<IndexGrid>, tv::TensorView<scalar_t>, tv::TensorView<scalar_t>, tv::SimpleVector<Index, NDim>, tv::SimpleVector<Index, NDim>, tv::SimpleVector<Index, NDim>, tv::SimpleVector<Index, NDim>, tv::SimpleVector<Index, NDim>, bool, bool) [with Index = int; IndexGrid = int; unsigned int NDim = 2]’
  /var/tmp/pip-install-tuu00oal/mmcv_34709ec07a1247aa9f36a5c75a41ccbe/mmcv/ops/csrc/pytorch/cpu/sparse_indice.cpp:80:1:   required from here
  /var/tmp/pip-install-tuu00oal/mmcv_34709ec07a1247aa9f36a5c75a41ccbe/mmcv/ops/csrc/common/utils/spconv/spconv/geometry.h:208:21: warning: comparison of integer expressions of different signedness: ‘int’ and ‘unsigned int’ [-Wsign-compare]
    208 |   for (int i = 0; i < NDim; ++i) {
        |                   ~~^~~~~~
  /var/tmp/pip-install-tuu00oal/mmcv_34709ec07a1247aa9f36a5c75a41ccbe/mmcv/ops/csrc/common/utils/spconv/spconv/geometry.h:213:21: warning: comparison of integer expressions of different signedness: ‘int’ and ‘unsigned int’ [-Wsign-compare]
    213 |   for (int i = 0; i < NDim; ++i) {
        |                   ~~^~~~~~
  /var/tmp/pip-install-tuu00oal/mmcv_34709ec07a1247aa9f36a5c75a41ccbe/mmcv/ops/csrc/common/utils/spconv/spconv/geometry.h: In instantiation of ‘Index getIndicePairsConv(tv::TensorView<const scalar_t>, tv::TensorView<scalar_t>, tv::TensorView<IndexGrid>, tv::TensorView<scalar_t>, tv::TensorView<scalar_t>, const Index*, const Index*, const Index*, const Index*, const Index*) [with Index = int; IndexGrid = int; unsigned int NDim = 2]’:
  /var/tmp/pip-install-tuu00oal/mmcv_34709ec07a1247aa9f36a5c75a41ccbe/mmcv/ops/csrc/pytorch/cpu/sparse_indice.cpp:41:56:   required from ‘Index functor::CreateConvIndicePairFunctor<tv::CPU, Index, IndexGrid, NDim>::operator()(const tv::CPU&, tv::TensorView<const scalar_t>, tv::TensorView<scalar_t>, tv::TensorView<IndexGrid>, tv::TensorView<scalar_t>, tv::TensorView<scalar_t>, tv::SimpleVector<Index, NDim>, tv::SimpleVector<Index, NDim>, tv::SimpleVector<Index, NDim>, tv::SimpleVector<Index, NDim>, tv::SimpleVector<Index, NDim>, bool, bool) [with Index = int; IndexGrid = int; unsigned int NDim = 2]’
  /var/tmp/pip-install-tuu00oal/mmcv_34709ec07a1247aa9f36a5c75a41ccbe/mmcv/ops/csrc/pytorch/cpu/sparse_indice.cpp:80:1:   required from here
  /var/tmp/pip-install-tuu00oal/mmcv_34709ec07a1247aa9f36a5c75a41ccbe/mmcv/ops/csrc/common/utils/spconv/spconv/geometry.h:157:21: warning: comparison of integer expressions of different signedness: ‘int’ and ‘unsigned int’ [-Wsign-compare]
    157 |   for (int i = 0; i < NDim; ++i) {
        |                   ~~^~~~~~
  /var/tmp/pip-install-tuu00oal/mmcv_34709ec07a1247aa9f36a5c75a41ccbe/mmcv/ops/csrc/common/utils/spconv/spconv/geometry.h:162:21: warning: comparison of integer expressions of different signedness: ‘int’ and ‘unsigned int’ [-Wsign-compare]
    162 |   for (int i = 0; i < NDim; ++i) {
        |                   ~~^~~~~~
  /var/tmp/pip-install-tuu00oal/mmcv_34709ec07a1247aa9f36a5c75a41ccbe/mmcv/ops/csrc/common/utils/spconv/spconv/geometry.h: In instantiation of ‘Index getIndicePairsSubM(tv::TensorView<const scalar_t>, tv::TensorView<IndexGrid>, tv::TensorView<scalar_t>, tv::TensorView<scalar_t>, const Index*, const Index*, const Index*, const Index*, const Index*) [with Index = int; IndexGrid = int; unsigned int NDim = 2]’:
  /var/tmp/pip-install-tuu00oal/mmcv_34709ec07a1247aa9f36a5c75a41ccbe/mmcv/ops/csrc/pytorch/cpu/sparse_indice.cpp:60:54:   required from ‘Index functor::CreateSubMIndicePairFunctor<tv::CPU, Index, IndexGrid, NDim>::operator()(const tv::CPU&, tv::TensorView<const scalar_t>, tv::TensorView<IndexGrid>, tv::TensorView<scalar_t>, tv::TensorView<scalar_t>, tv::SimpleVector<Index, NDim>, tv::SimpleVector<Index, NDim>, tv::SimpleVector<Index, NDim>, tv::SimpleVector<Index, NDim>, tv::SimpleVector<Index, NDim>, bool, bool) [with Index = int; IndexGrid = int; unsigned int NDim = 2]’
  /var/tmp/pip-install-tuu00oal/mmcv_34709ec07a1247aa9f36a5c75a41ccbe/mmcv/ops/csrc/pytorch/cpu/sparse_indice.cpp:80:1:   required from here
  /var/tmp/pip-install-tuu00oal/mmcv_34709ec07a1247aa9f36a5c75a41ccbe/mmcv/ops/csrc/common/utils/spconv/spconv/geometry.h:257:21: warning: comparison of integer expressions of different signedness: ‘int’ and ‘unsigned int’ [-Wsign-compare]
    257 |   for (int i = 0; i < NDim; ++i) {
        |                   ~~^~~~~~
  /var/tmp/pip-install-tuu00oal/mmcv_34709ec07a1247aa9f36a5c75a41ccbe/mmcv/ops/csrc/common/utils/spconv/spconv/geometry.h:262:21: warning: comparison of integer expressions of different signedness: ‘int’ and ‘unsigned int’ [-Wsign-compare]
    262 |   for (int i = 0; i < NDim; ++i) {
        |                   ~~^~~~~~
  /var/tmp/pip-install-tuu00oal/mmcv_34709ec07a1247aa9f36a5c75a41ccbe/mmcv/ops/csrc/common/utils/spconv/spconv/geometry.h: In instantiation of ‘Index getIndicePairsDeConv(tv::TensorView<const scalar_t>, tv::TensorView<scalar_t>, tv::TensorView<IndexGrid>, tv::TensorView<scalar_t>, tv::TensorView<scalar_t>, const Index*, const Index*, const Index*, const Index*, const Index*) [with Index = int; IndexGrid = int; unsigned int NDim = 3]’:
  /var/tmp/pip-install-tuu00oal/mmcv_34709ec07a1247aa9f36a5c75a41ccbe/mmcv/ops/csrc/pytorch/cpu/sparse_indice.cpp:36:58:   required from ‘Index functor::CreateConvIndicePairFunctor<tv::CPU, Index, IndexGrid, NDim>::operator()(const tv::CPU&, tv::TensorView<const scalar_t>, tv::TensorView<scalar_t>, tv::TensorView<IndexGrid>, tv::TensorView<scalar_t>, tv::TensorView<scalar_t>, tv::SimpleVector<Index, NDim>, tv::SimpleVector<Index, NDim>, tv::SimpleVector<Index, NDim>, tv::SimpleVector<Index, NDim>, tv::SimpleVector<Index, NDim>, bool, bool) [with Index = int; IndexGrid = int; unsigned int NDim = 3]’
  /var/tmp/pip-install-tuu00oal/mmcv_34709ec07a1247aa9f36a5c75a41ccbe/mmcv/ops/csrc/pytorch/cpu/sparse_indice.cpp:80:1:   required from here
  /var/tmp/pip-install-tuu00oal/mmcv_34709ec07a1247aa9f36a5c75a41ccbe/mmcv/ops/csrc/common/utils/spconv/spconv/geometry.h:208:21: warning: comparison of integer expressions of different signedness: ‘int’ and ‘unsigned int’ [-Wsign-compare]
    208 |   for (int i = 0; i < NDim; ++i) {
        |                   ~~^~~~~~
  /var/tmp/pip-install-tuu00oal/mmcv_34709ec07a1247aa9f36a5c75a41ccbe/mmcv/ops/csrc/common/utils/spconv/spconv/geometry.h:213:21: warning: comparison of integer expressions of different signedness: ‘int’ and ‘unsigned int’ [-Wsign-compare]
    213 |   for (int i = 0; i < NDim; ++i) {
        |                   ~~^~~~~~
  /var/tmp/pip-install-tuu00oal/mmcv_34709ec07a1247aa9f36a5c75a41ccbe/mmcv/ops/csrc/common/utils/spconv/spconv/geometry.h: In instantiation of ‘Index getIndicePairsConv(tv::TensorView<const scalar_t>, tv::TensorView<scalar_t>, tv::TensorView<IndexGrid>, tv::TensorView<scalar_t>, tv::TensorView<scalar_t>, const Index*, const Index*, const Index*, const Index*, const Index*) [with Index = int; IndexGrid = int; unsigned int NDim = 3]’:
  /var/tmp/pip-install-tuu00oal/mmcv_34709ec07a1247aa9f36a5c75a41ccbe/mmcv/ops/csrc/pytorch/cpu/sparse_indice.cpp:41:56:   required from ‘Index functor::CreateConvIndicePairFunctor<tv::CPU, Index, IndexGrid, NDim>::operator()(const tv::CPU&, tv::TensorView<const scalar_t>, tv::TensorView<scalar_t>, tv::TensorView<IndexGrid>, tv::TensorView<scalar_t>, tv::TensorView<scalar_t>, tv::SimpleVector<Index, NDim>, tv::SimpleVector<Index, NDim>, tv::SimpleVector<Index, NDim>, tv::SimpleVector<Index, NDim>, tv::SimpleVector<Index, NDim>, bool, bool) [with Index = int; IndexGrid = int; unsigned int NDim = 3]’
  /var/tmp/pip-install-tuu00oal/mmcv_34709ec07a1247aa9f36a5c75a41ccbe/mmcv/ops/csrc/pytorch/cpu/sparse_indice.cpp:80:1:   required from here
  /var/tmp/pip-install-tuu00oal/mmcv_34709ec07a1247aa9f36a5c75a41ccbe/mmcv/ops/csrc/common/utils/spconv/spconv/geometry.h:157:21: warning: comparison of integer expressions of different signedness: ‘int’ and ‘unsigned int’ [-Wsign-compare]
    157 |   for (int i = 0; i < NDim; ++i) {
        |                   ~~^~~~~~
  /var/tmp/pip-install-tuu00oal/mmcv_34709ec07a1247aa9f36a5c75a41ccbe/mmcv/ops/csrc/common/utils/spconv/spconv/geometry.h:162:21: warning: comparison of integer expressions of different signedness: ‘int’ and ‘unsigned int’ [-Wsign-compare]
    162 |   for (int i = 0; i < NDim; ++i) {
        |                   ~~^~~~~~
  /var/tmp/pip-install-tuu00oal/mmcv_34709ec07a1247aa9f36a5c75a41ccbe/mmcv/ops/csrc/common/utils/spconv/spconv/geometry.h: In instantiation of ‘Index getIndicePairsSubM(tv::TensorView<const scalar_t>, tv::TensorView<IndexGrid>, tv::TensorView<scalar_t>, tv::TensorView<scalar_t>, const Index*, const Index*, const Index*, const Index*, const Index*) [with Index = int; IndexGrid = int; unsigned int NDim = 3]’:
  /var/tmp/pip-install-tuu00oal/mmcv_34709ec07a1247aa9f36a5c75a41ccbe/mmcv/ops/csrc/pytorch/cpu/sparse_indice.cpp:60:54:   required from ‘Index functor::CreateSubMIndicePairFunctor<tv::CPU, Index, IndexGrid, NDim>::operator()(const tv::CPU&, tv::TensorView<const scalar_t>, tv::TensorView<IndexGrid>, tv::TensorView<scalar_t>, tv::TensorView<scalar_t>, tv::SimpleVector<Index, NDim>, tv::SimpleVector<Index, NDim>, tv::SimpleVector<Index, NDim>, tv::SimpleVector<Index, NDim>, tv::SimpleVector<Index, NDim>, bool, bool) [with Index = int; IndexGrid = int; unsigned int NDim = 3]’
  /var/tmp/pip-install-tuu00oal/mmcv_34709ec07a1247aa9f36a5c75a41ccbe/mmcv/ops/csrc/pytorch/cpu/sparse_indice.cpp:80:1:   required from here
  /var/tmp/pip-install-tuu00oal/mmcv_34709ec07a1247aa9f36a5c75a41ccbe/mmcv/ops/csrc/common/utils/spconv/spconv/geometry.h:257:21: warning: comparison of integer expressions of different signedness: ‘int’ and ‘unsigned int’ [-Wsign-compare]
    257 |   for (int i = 0; i < NDim; ++i) {
        |                   ~~^~~~~~
  /var/tmp/pip-install-tuu00oal/mmcv_34709ec07a1247aa9f36a5c75a41ccbe/mmcv/ops/csrc/common/utils/spconv/spconv/geometry.h:262:21: warning: comparison of integer expressions of different signedness: ‘int’ and ‘unsigned int’ [-Wsign-compare]
    262 |   for (int i = 0; i < NDim; ++i) {
        |                   ~~^~~~~~
  /var/tmp/pip-install-tuu00oal/mmcv_34709ec07a1247aa9f36a5c75a41ccbe/mmcv/ops/csrc/common/utils/spconv/spconv/geometry.h: In instantiation of ‘Index getIndicePairsDeConv(tv::TensorView<const scalar_t>, tv::TensorView<scalar_t>, tv::TensorView<IndexGrid>, tv::TensorView<scalar_t>, tv::TensorView<scalar_t>, const Index*, const Index*, const Index*, const Index*, const Index*) [with Index = int; IndexGrid = int; unsigned int NDim = 4]’:
  /var/tmp/pip-install-tuu00oal/mmcv_34709ec07a1247aa9f36a5c75a41ccbe/mmcv/ops/csrc/pytorch/cpu/sparse_indice.cpp:36:58:   required from ‘Index functor::CreateConvIndicePairFunctor<tv::CPU, Index, IndexGrid, NDim>::operator()(const tv::CPU&, tv::TensorView<const scalar_t>, tv::TensorView<scalar_t>, tv::TensorView<IndexGrid>, tv::TensorView<scalar_t>, tv::TensorView<scalar_t>, tv::SimpleVector<Index, NDim>, tv::SimpleVector<Index, NDim>, tv::SimpleVector<Index, NDim>, tv::SimpleVector<Index, NDim>, tv::SimpleVector<Index, NDim>, bool, bool) [with Index = int; IndexGrid = int; unsigned int NDim = 4]’
  /var/tmp/pip-install-tuu00oal/mmcv_34709ec07a1247aa9f36a5c75a41ccbe/mmcv/ops/csrc/pytorch/cpu/sparse_indice.cpp:80:1:   required from here
  /var/tmp/pip-install-tuu00oal/mmcv_34709ec07a1247aa9f36a5c75a41ccbe/mmcv/ops/csrc/common/utils/spconv/spconv/geometry.h:208:21: warning: comparison of integer expressions of different signedness: ‘int’ and ‘unsigned int’ [-Wsign-compare]
    208 |   for (int i = 0; i < NDim; ++i) {
        |                   ~~^~~~~~
  /var/tmp/pip-install-tuu00oal/mmcv_34709ec07a1247aa9f36a5c75a41ccbe/mmcv/ops/csrc/common/utils/spconv/spconv/geometry.h:213:21: warning: comparison of integer expressions of different signedness: ‘int’ and ‘unsigned int’ [-Wsign-compare]
    213 |   for (int i = 0; i < NDim; ++i) {
        |                   ~~^~~~~~
  /var/tmp/pip-install-tuu00oal/mmcv_34709ec07a1247aa9f36a5c75a41ccbe/mmcv/ops/csrc/common/utils/spconv/spconv/geometry.h: In instantiation of ‘Index getIndicePairsConv(tv::TensorView<const scalar_t>, tv::TensorView<scalar_t>, tv::TensorView<IndexGrid>, tv::TensorView<scalar_t>, tv::TensorView<scalar_t>, const Index*, const Index*, const Index*, const Index*, const Index*) [with Index = int; IndexGrid = int; unsigned int NDim = 4]’:
  /var/tmp/pip-install-tuu00oal/mmcv_34709ec07a1247aa9f36a5c75a41ccbe/mmcv/ops/csrc/pytorch/cpu/sparse_indice.cpp:41:56:   required from ‘Index functor::CreateConvIndicePairFunctor<tv::CPU, Index, IndexGrid, NDim>::operator()(const tv::CPU&, tv::TensorView<const scalar_t>, tv::TensorView<scalar_t>, tv::TensorView<IndexGrid>, tv::TensorView<scalar_t>, tv::TensorView<scalar_t>, tv::SimpleVector<Index, NDim>, tv::SimpleVector<Index, NDim>, tv::SimpleVector<Index, NDim>, tv::SimpleVector<Index, NDim>, tv::SimpleVector<Index, NDim>, bool, bool) [with Index = int; IndexGrid = int; unsigned int NDim = 4]’
  /var/tmp/pip-install-tuu00oal/mmcv_34709ec07a1247aa9f36a5c75a41ccbe/mmcv/ops/csrc/pytorch/cpu/sparse_indice.cpp:80:1:   required from here
  /var/tmp/pip-install-tuu00oal/mmcv_34709ec07a1247aa9f36a5c75a41ccbe/mmcv/ops/csrc/common/utils/spconv/spconv/geometry.h:157:21: warning: comparison of integer expressions of different signedness: ‘int’ and ‘unsigned int’ [-Wsign-compare]
    157 |   for (int i = 0; i < NDim; ++i) {
        |                   ~~^~~~~~
  /var/tmp/pip-install-tuu00oal/mmcv_34709ec07a1247aa9f36a5c75a41ccbe/mmcv/ops/csrc/common/utils/spconv/spconv/geometry.h:162:21: warning: comparison of integer expressions of different signedness: ‘int’ and ‘unsigned int’ [-Wsign-compare]
    162 |   for (int i = 0; i < NDim; ++i) {
        |                   ~~^~~~~~
  /var/tmp/pip-install-tuu00oal/mmcv_34709ec07a1247aa9f36a5c75a41ccbe/mmcv/ops/csrc/common/utils/spconv/spconv/geometry.h: In instantiation of ‘Index getIndicePairsSubM(tv::TensorView<const scalar_t>, tv::TensorView<IndexGrid>, tv::TensorView<scalar_t>, tv::TensorView<scalar_t>, const Index*, const Index*, const Index*, const Index*, const Index*) [with Index = int; IndexGrid = int; unsigned int NDim = 4]’:
  /var/tmp/pip-install-tuu00oal/mmcv_34709ec07a1247aa9f36a5c75a41ccbe/mmcv/ops/csrc/pytorch/cpu/sparse_indice.cpp:60:54:   required from ‘Index functor::CreateSubMIndicePairFunctor<tv::CPU, Index, IndexGrid, NDim>::operator()(const tv::CPU&, tv::TensorView<const scalar_t>, tv::TensorView<IndexGrid>, tv::TensorView<scalar_t>, tv::TensorView<scalar_t>, tv::SimpleVector<Index, NDim>, tv::SimpleVector<Index, NDim>, tv::SimpleVector<Index, NDim>, tv::SimpleVector<Index, NDim>, tv::SimpleVector<Index, NDim>, bool, bool) [with Index = int; IndexGrid = int; unsigned int NDim = 4]’
  /var/tmp/pip-install-tuu00oal/mmcv_34709ec07a1247aa9f36a5c75a41ccbe/mmcv/ops/csrc/pytorch/cpu/sparse_indice.cpp:80:1:   required from here
  /var/tmp/pip-install-tuu00oal/mmcv_34709ec07a1247aa9f36a5c75a41ccbe/mmcv/ops/csrc/common/utils/spconv/spconv/geometry.h:257:21: warning: comparison of integer expressions of different signedness: ‘int’ and ‘unsigned int’ [-Wsign-compare]
    257 |   for (int i = 0; i < NDim; ++i) {
        |                   ~~^~~~~~
  /var/tmp/pip-install-tuu00oal/mmcv_34709ec07a1247aa9f36a5c75a41ccbe/mmcv/ops/csrc/common/utils/spconv/spconv/geometry.h:262:21: warning: comparison of integer expressions of different signedness: ‘int’ and ‘unsigned int’ [-Wsign-compare]
    262 |   for (int i = 0; i < NDim; ++i) {
        |                   ~~^~~~~~
  /var/tmp/pip-install-tuu00oal/mmcv_34709ec07a1247aa9f36a5c75a41ccbe/mmcv/ops/csrc/common/utils/spconv/spconv/geometry.h: In instantiation of ‘Index getIndicePairsDeConv(tv::TensorView<const scalar_t>, tv::TensorView<scalar_t>, tv::TensorView<IndexGrid>, tv::TensorView<scalar_t>, tv::TensorView<scalar_t>, const Index*, const Index*, const Index*, const Index*, const Index*) [with Index = long int; IndexGrid = int; unsigned int NDim = 1]’:
  /var/tmp/pip-install-tuu00oal/mmcv_34709ec07a1247aa9f36a5c75a41ccbe/mmcv/ops/csrc/pytorch/cpu/sparse_indice.cpp:36:58:   required from ‘Index functor::CreateConvIndicePairFunctor<tv::CPU, Index, IndexGrid, NDim>::operator()(const tv::CPU&, tv::TensorView<const scalar_t>, tv::TensorView<scalar_t>, tv::TensorView<IndexGrid>, tv::TensorView<scalar_t>, tv::TensorView<scalar_t>, tv::SimpleVector<Index, NDim>, tv::SimpleVector<Index, NDim>, tv::SimpleVector<Index, NDim>, tv::SimpleVector<Index, NDim>, tv::SimpleVector<Index, NDim>, bool, bool) [with Index = long int; IndexGrid = int; unsigned int NDim = 1]’
  /var/tmp/pip-install-tuu00oal/mmcv_34709ec07a1247aa9f36a5c75a41ccbe/mmcv/ops/csrc/pytorch/cpu/sparse_indice.cpp:81:1:   required from here
  /var/tmp/pip-install-tuu00oal/mmcv_34709ec07a1247aa9f36a5c75a41ccbe/mmcv/ops/csrc/common/utils/spconv/spconv/geometry.h:208:21: warning: comparison of integer expressions of different signedness: ‘int’ and ‘unsigned int’ [-Wsign-compare]
    208 |   for (int i = 0; i < NDim; ++i) {
        |                   ~~^~~~~~
  /var/tmp/pip-install-tuu00oal/mmcv_34709ec07a1247aa9f36a5c75a41ccbe/mmcv/ops/csrc/common/utils/spconv/spconv/geometry.h:213:21: warning: comparison of integer expressions of different signedness: ‘int’ and ‘unsigned int’ [-Wsign-compare]
    213 |   for (int i = 0; i < NDim; ++i) {
        |                   ~~^~~~~~
  /var/tmp/pip-install-tuu00oal/mmcv_34709ec07a1247aa9f36a5c75a41ccbe/mmcv/ops/csrc/common/utils/spconv/spconv/geometry.h: In instantiation of ‘Index getIndicePairsConv(tv::TensorView<const scalar_t>, tv::TensorView<scalar_t>, tv::TensorView<IndexGrid>, tv::TensorView<scalar_t>, tv::TensorView<scalar_t>, const Index*, const Index*, const Index*, const Index*, const Index*) [with Index = long int; IndexGrid = int; unsigned int NDim = 1]’:
  /var/tmp/pip-install-tuu00oal/mmcv_34709ec07a1247aa9f36a5c75a41ccbe/mmcv/ops/csrc/pytorch/cpu/sparse_indice.cpp:41:56:   required from ‘Index functor::CreateConvIndicePairFunctor<tv::CPU, Index, IndexGrid, NDim>::operator()(const tv::CPU&, tv::TensorView<const scalar_t>, tv::TensorView<scalar_t>, tv::TensorView<IndexGrid>, tv::TensorView<scalar_t>, tv::TensorView<scalar_t>, tv::SimpleVector<Index, NDim>, tv::SimpleVector<Index, NDim>, tv::SimpleVector<Index, NDim>, tv::SimpleVector<Index, NDim>, tv::SimpleVector<Index, NDim>, bool, bool) [with Index = long int; IndexGrid = int; unsigned int NDim = 1]’
  /var/tmp/pip-install-tuu00oal/mmcv_34709ec07a1247aa9f36a5c75a41ccbe/mmcv/ops/csrc/pytorch/cpu/sparse_indice.cpp:81:1:   required from here
  /var/tmp/pip-install-tuu00oal/mmcv_34709ec07a1247aa9f36a5c75a41ccbe/mmcv/ops/csrc/common/utils/spconv/spconv/geometry.h:157:21: warning: comparison of integer expressions of different signedness: ‘int’ and ‘unsigned int’ [-Wsign-compare]
    157 |   for (int i = 0; i < NDim; ++i) {
        |                   ~~^~~~~~
  /var/tmp/pip-install-tuu00oal/mmcv_34709ec07a1247aa9f36a5c75a41ccbe/mmcv/ops/csrc/common/utils/spconv/spconv/geometry.h:162:21: warning: comparison of integer expressions of different signedness: ‘int’ and ‘unsigned int’ [-Wsign-compare]
    162 |   for (int i = 0; i < NDim; ++i) {
        |                   ~~^~~~~~
  /var/tmp/pip-install-tuu00oal/mmcv_34709ec07a1247aa9f36a5c75a41ccbe/mmcv/ops/csrc/common/utils/spconv/spconv/geometry.h: In instantiation of ‘Index getIndicePairsSubM(tv::TensorView<const scalar_t>, tv::TensorView<IndexGrid>, tv::TensorView<scalar_t>, tv::TensorView<scalar_t>, const Index*, const Index*, const Index*, const Index*, const Index*) [with Index = long int; IndexGrid = int; unsigned int NDim = 1]’:
  /var/tmp/pip-install-tuu00oal/mmcv_34709ec07a1247aa9f36a5c75a41ccbe/mmcv/ops/csrc/pytorch/cpu/sparse_indice.cpp:60:54:   required from ‘Index functor::CreateSubMIndicePairFunctor<tv::CPU, Index, IndexGrid, NDim>::operator()(const tv::CPU&, tv::TensorView<const scalar_t>, tv::TensorView<IndexGrid>, tv::TensorView<scalar_t>, tv::TensorView<scalar_t>, tv::SimpleVector<Index, NDim>, tv::SimpleVector<Index, NDim>, tv::SimpleVector<Index, NDim>, tv::SimpleVector<Index, NDim>, tv::SimpleVector<Index, NDim>, bool, bool) [with Index = long int; IndexGrid = int; unsigned int NDim = 1]’
  /var/tmp/pip-install-tuu00oal/mmcv_34709ec07a1247aa9f36a5c75a41ccbe/mmcv/ops/csrc/pytorch/cpu/sparse_indice.cpp:81:1:   required from here
  /var/tmp/pip-install-tuu00oal/mmcv_34709ec07a1247aa9f36a5c75a41ccbe/mmcv/ops/csrc/common/utils/spconv/spconv/geometry.h:257:21: warning: comparison of integer expressions of different signedness: ‘int’ and ‘unsigned int’ [-Wsign-compare]
    257 |   for (int i = 0; i < NDim; ++i) {
        |                   ~~^~~~~~
  /var/tmp/pip-install-tuu00oal/mmcv_34709ec07a1247aa9f36a5c75a41ccbe/mmcv/ops/csrc/common/utils/spconv/spconv/geometry.h:262:21: warning: comparison of integer expressions of different signedness: ‘int’ and ‘unsigned int’ [-Wsign-compare]
    262 |   for (int i = 0; i < NDim; ++i) {
        |                   ~~^~~~~~
  /var/tmp/pip-install-tuu00oal/mmcv_34709ec07a1247aa9f36a5c75a41ccbe/mmcv/ops/csrc/common/utils/spconv/spconv/geometry.h: In instantiation of ‘Index getIndicePairsDeConv(tv::TensorView<const scalar_t>, tv::TensorView<scalar_t>, tv::TensorView<IndexGrid>, tv::TensorView<scalar_t>, tv::TensorView<scalar_t>, const Index*, const Index*, const Index*, const Index*, const Index*) [with Index = long int; IndexGrid = int; unsigned int NDim = 2]’:
  /var/tmp/pip-install-tuu00oal/mmcv_34709ec07a1247aa9f36a5c75a41ccbe/mmcv/ops/csrc/pytorch/cpu/sparse_indice.cpp:36:58:   required from ‘Index functor::CreateConvIndicePairFunctor<tv::CPU, Index, IndexGrid, NDim>::operator()(const tv::CPU&, tv::TensorView<const scalar_t>, tv::TensorView<scalar_t>, tv::TensorView<IndexGrid>, tv::TensorView<scalar_t>, tv::TensorView<scalar_t>, tv::SimpleVector<Index, NDim>, tv::SimpleVector<Index, NDim>, tv::SimpleVector<Index, NDim>, tv::SimpleVector<Index, NDim>, tv::SimpleVector<Index, NDim>, bool, bool) [with Index = long int; IndexGrid = int; unsigned int NDim = 2]’
  /var/tmp/pip-install-tuu00oal/mmcv_34709ec07a1247aa9f36a5c75a41ccbe/mmcv/ops/csrc/pytorch/cpu/sparse_indice.cpp:81:1:   required from here
  /var/tmp/pip-install-tuu00oal/mmcv_34709ec07a1247aa9f36a5c75a41ccbe/mmcv/ops/csrc/common/utils/spconv/spconv/geometry.h:208:21: warning: comparison of integer expressions of different signedness: ‘int’ and ‘unsigned int’ [-Wsign-compare]
    208 |   for (int i = 0; i < NDim; ++i) {
        |                   ~~^~~~~~
  /var/tmp/pip-install-tuu00oal/mmcv_34709ec07a1247aa9f36a5c75a41ccbe/mmcv/ops/csrc/common/utils/spconv/spconv/geometry.h:213:21: warning: comparison of integer expressions of different signedness: ‘int’ and ‘unsigned int’ [-Wsign-compare]
    213 |   for (int i = 0; i < NDim; ++i) {
        |                   ~~^~~~~~
  /var/tmp/pip-install-tuu00oal/mmcv_34709ec07a1247aa9f36a5c75a41ccbe/mmcv/ops/csrc/common/utils/spconv/spconv/geometry.h: In instantiation of ‘Index getIndicePairsConv(tv::TensorView<const scalar_t>, tv::TensorView<scalar_t>, tv::TensorView<IndexGrid>, tv::TensorView<scalar_t>, tv::TensorView<scalar_t>, const Index*, const Index*, const Index*, const Index*, const Index*) [with Index = long int; IndexGrid = int; unsigned int NDim = 2]’:
  /var/tmp/pip-install-tuu00oal/mmcv_34709ec07a1247aa9f36a5c75a41ccbe/mmcv/ops/csrc/pytorch/cpu/sparse_indice.cpp:41:56:   required from ‘Index functor::CreateConvIndicePairFunctor<tv::CPU, Index, IndexGrid, NDim>::operator()(const tv::CPU&, tv::TensorView<const scalar_t>, tv::TensorView<scalar_t>, tv::TensorView<IndexGrid>, tv::TensorView<scalar_t>, tv::TensorView<scalar_t>, tv::SimpleVector<Index, NDim>, tv::SimpleVector<Index, NDim>, tv::SimpleVector<Index, NDim>, tv::SimpleVector<Index, NDim>, tv::SimpleVector<Index, NDim>, bool, bool) [with Index = long int; IndexGrid = int; unsigned int NDim = 2]’
  /var/tmp/pip-install-tuu00oal/mmcv_34709ec07a1247aa9f36a5c75a41ccbe/mmcv/ops/csrc/pytorch/cpu/sparse_indice.cpp:81:1:   required from here
  /var/tmp/pip-install-tuu00oal/mmcv_34709ec07a1247aa9f36a5c75a41ccbe/mmcv/ops/csrc/common/utils/spconv/spconv/geometry.h:157:21: warning: comparison of integer expressions of different signedness: ‘int’ and ‘unsigned int’ [-Wsign-compare]
    157 |   for (int i = 0; i < NDim; ++i) {
        |                   ~~^~~~~~
  /var/tmp/pip-install-tuu00oal/mmcv_34709ec07a1247aa9f36a5c75a41ccbe/mmcv/ops/csrc/common/utils/spconv/spconv/geometry.h:162:21: warning: comparison of integer expressions of different signedness: ‘int’ and ‘unsigned int’ [-Wsign-compare]
    162 |   for (int i = 0; i < NDim; ++i) {
        |                   ~~^~~~~~
  /var/tmp/pip-install-tuu00oal/mmcv_34709ec07a1247aa9f36a5c75a41ccbe/mmcv/ops/csrc/common/utils/spconv/spconv/geometry.h: In instantiation of ‘Index getIndicePairsSubM(tv::TensorView<const scalar_t>, tv::TensorView<IndexGrid>, tv::TensorView<scalar_t>, tv::TensorView<scalar_t>, const Index*, const Index*, const Index*, const Index*, const Index*) [with Index = long int; IndexGrid = int; unsigned int NDim = 2]’:
  /var/tmp/pip-install-tuu00oal/mmcv_34709ec07a1247aa9f36a5c75a41ccbe/mmcv/ops/csrc/pytorch/cpu/sparse_indice.cpp:60:54:   required from ‘Index functor::CreateSubMIndicePairFunctor<tv::CPU, Index, IndexGrid, NDim>::operator()(const tv::CPU&, tv::TensorView<const scalar_t>, tv::TensorView<IndexGrid>, tv::TensorView<scalar_t>, tv::TensorView<scalar_t>, tv::SimpleVector<Index, NDim>, tv::SimpleVector<Index, NDim>, tv::SimpleVector<Index, NDim>, tv::SimpleVector<Index, NDim>, tv::SimpleVector<Index, NDim>, bool, bool) [with Index = long int; IndexGrid = int; unsigned int NDim = 2]’
  /var/tmp/pip-install-tuu00oal/mmcv_34709ec07a1247aa9f36a5c75a41ccbe/mmcv/ops/csrc/pytorch/cpu/sparse_indice.cpp:81:1:   required from here
  /var/tmp/pip-install-tuu00oal/mmcv_34709ec07a1247aa9f36a5c75a41ccbe/mmcv/ops/csrc/common/utils/spconv/spconv/geometry.h:257:21: warning: comparison of integer expressions of different signedness: ‘int’ and ‘unsigned int’ [-Wsign-compare]
    257 |   for (int i = 0; i < NDim; ++i) {
        |                   ~~^~~~~~
  /var/tmp/pip-install-tuu00oal/mmcv_34709ec07a1247aa9f36a5c75a41ccbe/mmcv/ops/csrc/common/utils/spconv/spconv/geometry.h:262:21: warning: comparison of integer expressions of different signedness: ‘int’ and ‘unsigned int’ [-Wsign-compare]
    262 |   for (int i = 0; i < NDim; ++i) {
        |                   ~~^~~~~~
  /var/tmp/pip-install-tuu00oal/mmcv_34709ec07a1247aa9f36a5c75a41ccbe/mmcv/ops/csrc/common/utils/spconv/spconv/geometry.h: In instantiation of ‘Index getIndicePairsDeConv(tv::TensorView<const scalar_t>, tv::TensorView<scalar_t>, tv::TensorView<IndexGrid>, tv::TensorView<scalar_t>, tv::TensorView<scalar_t>, const Index*, const Index*, const Index*, const Index*, const Index*) [with Index = long int; IndexGrid = int; unsigned int NDim = 3]’:
  /var/tmp/pip-install-tuu00oal/mmcv_34709ec07a1247aa9f36a5c75a41ccbe/mmcv/ops/csrc/pytorch/cpu/sparse_indice.cpp:36:58:   required from ‘Index functor::CreateConvIndicePairFunctor<tv::CPU, Index, IndexGrid, NDim>::operator()(const tv::CPU&, tv::TensorView<const scalar_t>, tv::TensorView<scalar_t>, tv::TensorView<IndexGrid>, tv::TensorView<scalar_t>, tv::TensorView<scalar_t>, tv::SimpleVector<Index, NDim>, tv::SimpleVector<Index, NDim>, tv::SimpleVector<Index, NDim>, tv::SimpleVector<Index, NDim>, tv::SimpleVector<Index, NDim>, bool, bool) [with Index = long int; IndexGrid = int; unsigned int NDim = 3]’
  /var/tmp/pip-install-tuu00oal/mmcv_34709ec07a1247aa9f36a5c75a41ccbe/mmcv/ops/csrc/pytorch/cpu/sparse_indice.cpp:81:1:   required from here
  /var/tmp/pip-install-tuu00oal/mmcv_34709ec07a1247aa9f36a5c75a41ccbe/mmcv/ops/csrc/common/utils/spconv/spconv/geometry.h:208:21: warning: comparison of integer expressions of different signedness: ‘int’ and ‘unsigned int’ [-Wsign-compare]
    208 |   for (int i = 0; i < NDim; ++i) {
        |                   ~~^~~~~~
  /var/tmp/pip-install-tuu00oal/mmcv_34709ec07a1247aa9f36a5c75a41ccbe/mmcv/ops/csrc/common/utils/spconv/spconv/geometry.h:213:21: warning: comparison of integer expressions of different signedness: ‘int’ and ‘unsigned int’ [-Wsign-compare]
    213 |   for (int i = 0; i < NDim; ++i) {
        |                   ~~^~~~~~
  /var/tmp/pip-install-tuu00oal/mmcv_34709ec07a1247aa9f36a5c75a41ccbe/mmcv/ops/csrc/common/utils/spconv/spconv/geometry.h: In instantiation of ‘Index getIndicePairsConv(tv::TensorView<const scalar_t>, tv::TensorView<scalar_t>, tv::TensorView<IndexGrid>, tv::TensorView<scalar_t>, tv::TensorView<scalar_t>, const Index*, const Index*, const Index*, const Index*, const Index*) [with Index = long int; IndexGrid = int; unsigned int NDim = 3]’:
  /var/tmp/pip-install-tuu00oal/mmcv_34709ec07a1247aa9f36a5c75a41ccbe/mmcv/ops/csrc/pytorch/cpu/sparse_indice.cpp:41:56:   required from ‘Index functor::CreateConvIndicePairFunctor<tv::CPU, Index, IndexGrid, NDim>::operator()(const tv::CPU&, tv::TensorView<const scalar_t>, tv::TensorView<scalar_t>, tv::TensorView<IndexGrid>, tv::TensorView<scalar_t>, tv::TensorView<scalar_t>, tv::SimpleVector<Index, NDim>, tv::SimpleVector<Index, NDim>, tv::SimpleVector<Index, NDim>, tv::SimpleVector<Index, NDim>, tv::SimpleVector<Index, NDim>, bool, bool) [with Index = long int; IndexGrid = int; unsigned int NDim = 3]’
  /var/tmp/pip-install-tuu00oal/mmcv_34709ec07a1247aa9f36a5c75a41ccbe/mmcv/ops/csrc/pytorch/cpu/sparse_indice.cpp:81:1:   required from here
  /var/tmp/pip-install-tuu00oal/mmcv_34709ec07a1247aa9f36a5c75a41ccbe/mmcv/ops/csrc/common/utils/spconv/spconv/geometry.h:157:21: warning: comparison of integer expressions of different signedness: ‘int’ and ‘unsigned int’ [-Wsign-compare]
    157 |   for (int i = 0; i < NDim; ++i) {
        |                   ~~^~~~~~
  /var/tmp/pip-install-tuu00oal/mmcv_34709ec07a1247aa9f36a5c75a41ccbe/mmcv/ops/csrc/common/utils/spconv/spconv/geometry.h:162:21: warning: comparison of integer expressions of different signedness: ‘int’ and ‘unsigned int’ [-Wsign-compare]
    162 |   for (int i = 0; i < NDim; ++i) {
        |                   ~~^~~~~~
  /var/tmp/pip-install-tuu00oal/mmcv_34709ec07a1247aa9f36a5c75a41ccbe/mmcv/ops/csrc/common/utils/spconv/spconv/geometry.h: In instantiation of ‘Index getIndicePairsSubM(tv::TensorView<const scalar_t>, tv::TensorView<IndexGrid>, tv::TensorView<scalar_t>, tv::TensorView<scalar_t>, const Index*, const Index*, const Index*, const Index*, const Index*) [with Index = long int; IndexGrid = int; unsigned int NDim = 3]’:
  /var/tmp/pip-install-tuu00oal/mmcv_34709ec07a1247aa9f36a5c75a41ccbe/mmcv/ops/csrc/pytorch/cpu/sparse_indice.cpp:60:54:   required from ‘Index functor::CreateSubMIndicePairFunctor<tv::CPU, Index, IndexGrid, NDim>::operator()(const tv::CPU&, tv::TensorView<const scalar_t>, tv::TensorView<IndexGrid>, tv::TensorView<scalar_t>, tv::TensorView<scalar_t>, tv::SimpleVector<Index, NDim>, tv::SimpleVector<Index, NDim>, tv::SimpleVector<Index, NDim>, tv::SimpleVector<Index, NDim>, tv::SimpleVector<Index, NDim>, bool, bool) [with Index = long int; IndexGrid = int; unsigned int NDim = 3]’
  /var/tmp/pip-install-tuu00oal/mmcv_34709ec07a1247aa9f36a5c75a41ccbe/mmcv/ops/csrc/pytorch/cpu/sparse_indice.cpp:81:1:   required from here
  /var/tmp/pip-install-tuu00oal/mmcv_34709ec07a1247aa9f36a5c75a41ccbe/mmcv/ops/csrc/common/utils/spconv/spconv/geometry.h:257:21: warning: comparison of integer expressions of different signedness: ‘int’ and ‘unsigned int’ [-Wsign-compare]
    257 |   for (int i = 0; i < NDim; ++i) {
        |                   ~~^~~~~~
  /var/tmp/pip-install-tuu00oal/mmcv_34709ec07a1247aa9f36a5c75a41ccbe/mmcv/ops/csrc/common/utils/spconv/spconv/geometry.h:262:21: warning: comparison of integer expressions of different signedness: ‘int’ and ‘unsigned int’ [-Wsign-compare]
    262 |   for (int i = 0; i < NDim; ++i) {
        |                   ~~^~~~~~
  /var/tmp/pip-install-tuu00oal/mmcv_34709ec07a1247aa9f36a5c75a41ccbe/mmcv/ops/csrc/common/utils/spconv/spconv/geometry.h: In instantiation of ‘Index getIndicePairsDeConv(tv::TensorView<const scalar_t>, tv::TensorView<scalar_t>, tv::TensorView<IndexGrid>, tv::TensorView<scalar_t>, tv::TensorView<scalar_t>, const Index*, const Index*, const Index*, const Index*, const Index*) [with Index = long int; IndexGrid = int; unsigned int NDim = 4]’:
  /var/tmp/pip-install-tuu00oal/mmcv_34709ec07a1247aa9f36a5c75a41ccbe/mmcv/ops/csrc/pytorch/cpu/sparse_indice.cpp:36:58:   required from ‘Index functor::CreateConvIndicePairFunctor<tv::CPU, Index, IndexGrid, NDim>::operator()(const tv::CPU&, tv::TensorView<const scalar_t>, tv::TensorView<scalar_t>, tv::TensorView<IndexGrid>, tv::TensorView<scalar_t>, tv::TensorView<scalar_t>, tv::SimpleVector<Index, NDim>, tv::SimpleVector<Index, NDim>, tv::SimpleVector<Index, NDim>, tv::SimpleVector<Index, NDim>, tv::SimpleVector<Index, NDim>, bool, bool) [with Index = long int; IndexGrid = int; unsigned int NDim = 4]’
  /var/tmp/pip-install-tuu00oal/mmcv_34709ec07a1247aa9f36a5c75a41ccbe/mmcv/ops/csrc/pytorch/cpu/sparse_indice.cpp:81:1:   required from here
  /var/tmp/pip-install-tuu00oal/mmcv_34709ec07a1247aa9f36a5c75a41ccbe/mmcv/ops/csrc/common/utils/spconv/spconv/geometry.h:208:21: warning: comparison of integer expressions of different signedness: ‘int’ and ‘unsigned int’ [-Wsign-compare]
    208 |   for (int i = 0; i < NDim; ++i) {
        |                   ~~^~~~~~
  /var/tmp/pip-install-tuu00oal/mmcv_34709ec07a1247aa9f36a5c75a41ccbe/mmcv/ops/csrc/common/utils/spconv/spconv/geometry.h:213:21: warning: comparison of integer expressions of different signedness: ‘int’ and ‘unsigned int’ [-Wsign-compare]
    213 |   for (int i = 0; i < NDim; ++i) {
        |                   ~~^~~~~~
  /var/tmp/pip-install-tuu00oal/mmcv_34709ec07a1247aa9f36a5c75a41ccbe/mmcv/ops/csrc/common/utils/spconv/spconv/geometry.h: In instantiation of ‘Index getIndicePairsConv(tv::TensorView<const scalar_t>, tv::TensorView<scalar_t>, tv::TensorView<IndexGrid>, tv::TensorView<scalar_t>, tv::TensorView<scalar_t>, const Index*, const Index*, const Index*, const Index*, const Index*) [with Index = long int; IndexGrid = int; unsigned int NDim = 4]’:
  /var/tmp/pip-install-tuu00oal/mmcv_34709ec07a1247aa9f36a5c75a41ccbe/mmcv/ops/csrc/pytorch/cpu/sparse_indice.cpp:41:56:   required from ‘Index functor::CreateConvIndicePairFunctor<tv::CPU, Index, IndexGrid, NDim>::operator()(const tv::CPU&, tv::TensorView<const scalar_t>, tv::TensorView<scalar_t>, tv::TensorView<IndexGrid>, tv::TensorView<scalar_t>, tv::TensorView<scalar_t>, tv::SimpleVector<Index, NDim>, tv::SimpleVector<Index, NDim>, tv::SimpleVector<Index, NDim>, tv::SimpleVector<Index, NDim>, tv::SimpleVector<Index, NDim>, bool, bool) [with Index = long int; IndexGrid = int; unsigned int NDim = 4]’
  /var/tmp/pip-install-tuu00oal/mmcv_34709ec07a1247aa9f36a5c75a41ccbe/mmcv/ops/csrc/pytorch/cpu/sparse_indice.cpp:81:1:   required from here
  /var/tmp/pip-install-tuu00oal/mmcv_34709ec07a1247aa9f36a5c75a41ccbe/mmcv/ops/csrc/common/utils/spconv/spconv/geometry.h:157:21: warning: comparison of integer expressions of different signedness: ‘int’ and ‘unsigned int’ [-Wsign-compare]
    157 |   for (int i = 0; i < NDim; ++i) {
        |                   ~~^~~~~~
  /var/tmp/pip-install-tuu00oal/mmcv_34709ec07a1247aa9f36a5c75a41ccbe/mmcv/ops/csrc/common/utils/spconv/spconv/geometry.h:162:21: warning: comparison of integer expressions of different signedness: ‘int’ and ‘unsigned int’ [-Wsign-compare]
    162 |   for (int i = 0; i < NDim; ++i) {
        |                   ~~^~~~~~
  /var/tmp/pip-install-tuu00oal/mmcv_34709ec07a1247aa9f36a5c75a41ccbe/mmcv/ops/csrc/common/utils/spconv/spconv/geometry.h: In instantiation of ‘Index getIndicePairsSubM(tv::TensorView<const scalar_t>, tv::TensorView<IndexGrid>, tv::TensorView<scalar_t>, tv::TensorView<scalar_t>, const Index*, const Index*, const Index*, const Index*, const Index*) [with Index = long int; IndexGrid = int; unsigned int NDim = 4]’:
  /var/tmp/pip-install-tuu00oal/mmcv_34709ec07a1247aa9f36a5c75a41ccbe/mmcv/ops/csrc/pytorch/cpu/sparse_indice.cpp:60:54:   required from ‘Index functor::CreateSubMIndicePairFunctor<tv::CPU, Index, IndexGrid, NDim>::operator()(const tv::CPU&, tv::TensorView<const scalar_t>, tv::TensorView<IndexGrid>, tv::TensorView<scalar_t>, tv::TensorView<scalar_t>, tv::SimpleVector<Index, NDim>, tv::SimpleVector<Index, NDim>, tv::SimpleVector<Index, NDim>, tv::SimpleVector<Index, NDim>, tv::SimpleVector<Index, NDim>, bool, bool) [with Index = long int; IndexGrid = int; unsigned int NDim = 4]’
  /var/tmp/pip-install-tuu00oal/mmcv_34709ec07a1247aa9f36a5c75a41ccbe/mmcv/ops/csrc/pytorch/cpu/sparse_indice.cpp:81:1:   required from here
  /var/tmp/pip-install-tuu00oal/mmcv_34709ec07a1247aa9f36a5c75a41ccbe/mmcv/ops/csrc/common/utils/spconv/spconv/geometry.h:257:21: warning: comparison of integer expressions of different signedness: ‘int’ and ‘unsigned int’ [-Wsign-compare]
    257 |   for (int i = 0; i < NDim; ++i) {
        |                   ~~^~~~~~
  /var/tmp/pip-install-tuu00oal/mmcv_34709ec07a1247aa9f36a5c75a41ccbe/mmcv/ops/csrc/common/utils/spconv/spconv/geometry.h:262:21: warning: comparison of integer expressions of different signedness: ‘int’ and ‘unsigned int’ [-Wsign-compare]
    262 |   for (int i = 0; i < NDim; ++i) {
        |                   ~~^~~~~~
  [36/136] /usr/app-soft1/cuda/cuda-12.2/bin/nvcc --generate-dependencies-with-compile --dependency-output /var/tmp/pip-install-tuu00oal/mmcv_34709ec07a1247aa9f36a5c75a41ccbe/build/temp.linux-x86_64-cpython-311/mmcv/ops/csrc/pytorch/cuda/bbox_overlaps_cuda.o.d -DMMCV_WITH_CUDA -I/var/tmp/pip-install-tuu00oal/mmcv_34709ec07a1247aa9f36a5c75a41ccbe/mmcv/ops/csrc/pytorch -I/var/tmp/pip-install-tuu00oal/mmcv_34709ec07a1247aa9f36a5c75a41ccbe/mmcv/ops/csrc/common -I/var/tmp/pip-install-tuu00oal/mmcv_34709ec07a1247aa9f36a5c75a41ccbe/mmcv/ops/csrc/common/cuda -I/home/taah3149/Documents/Group_Studies/.venv/lib64/python3.11/site-packages/torch/include -I/home/taah3149/Documents/Group_Studies/.venv/lib64/python3.11/site-packages/torch/include/torch/csrc/api/include -I/home/taah3149/Documents/Group_Studies/.venv/lib64/python3.11/site-packages/torch/include/TH -I/home/taah3149/Documents/Group_Studies/.venv/lib64/python3.11/site-packages/torch/include/THC -I/usr/app-soft1/cuda/cuda-12.2/include -I/home/taah3149/Documents/Group_Studies/.venv/include -I/usr/include/python3.11 -c -c /var/tmp/pip-install-tuu00oal/mmcv_34709ec07a1247aa9f36a5c75a41ccbe/mmcv/ops/csrc/pytorch/cuda/bbox_overlaps_cuda.cu -o /var/tmp/pip-install-tuu00oal/mmcv_34709ec07a1247aa9f36a5c75a41ccbe/build/temp.linux-x86_64-cpython-311/mmcv/ops/csrc/pytorch/cuda/bbox_overlaps_cuda.o -D__CUDA_NO_HALF_OPERATORS__ -D__CUDA_NO_HALF_CONVERSIONS__ -D__CUDA_NO_BFLOAT16_CONVERSIONS__ -D__CUDA_NO_HALF2_OPERATORS__ --expt-relaxed-constexpr --compiler-options ''"'"'-fPIC'"'"'' -std=c++17 -DTORCH_API_INCLUDE_EXTENSION_H '-DPYBIND11_COMPILER_TYPE="_gcc"' '-DPYBIND11_STDLIB="_libstdcpp"' '-DPYBIND11_BUILD_ABI="_cxxabi1011"' -DTORCH_EXTENSION_NAME=_ext -D_GLIBCXX_USE_CXX11_ABI=0 -gencode=arch=compute_86,code=sm_86
  [37/136] /usr/app-soft1/cuda/cuda-12.2/bin/nvcc --generate-dependencies-with-compile --dependency-output /var/tmp/pip-install-tuu00oal/mmcv_34709ec07a1247aa9f36a5c75a41ccbe/build/temp.linux-x86_64-cpython-311/mmcv/ops/csrc/pytorch/cuda/active_rotated_filter_cuda.o.d -DMMCV_WITH_CUDA -I/var/tmp/pip-install-tuu00oal/mmcv_34709ec07a1247aa9f36a5c75a41ccbe/mmcv/ops/csrc/pytorch -I/var/tmp/pip-install-tuu00oal/mmcv_34709ec07a1247aa9f36a5c75a41ccbe/mmcv/ops/csrc/common -I/var/tmp/pip-install-tuu00oal/mmcv_34709ec07a1247aa9f36a5c75a41ccbe/mmcv/ops/csrc/common/cuda -I/home/taah3149/Documents/Group_Studies/.venv/lib64/python3.11/site-packages/torch/include -I/home/taah3149/Documents/Group_Studies/.venv/lib64/python3.11/site-packages/torch/include/torch/csrc/api/include -I/home/taah3149/Documents/Group_Studies/.venv/lib64/python3.11/site-packages/torch/include/TH -I/home/taah3149/Documents/Group_Studies/.venv/lib64/python3.11/site-packages/torch/include/THC -I/usr/app-soft1/cuda/cuda-12.2/include -I/home/taah3149/Documents/Group_Studies/.venv/include -I/usr/include/python3.11 -c -c /var/tmp/pip-install-tuu00oal/mmcv_34709ec07a1247aa9f36a5c75a41ccbe/mmcv/ops/csrc/pytorch/cuda/active_rotated_filter_cuda.cu -o /var/tmp/pip-install-tuu00oal/mmcv_34709ec07a1247aa9f36a5c75a41ccbe/build/temp.linux-x86_64-cpython-311/mmcv/ops/csrc/pytorch/cuda/active_rotated_filter_cuda.o -D__CUDA_NO_HALF_OPERATORS__ -D__CUDA_NO_HALF_CONVERSIONS__ -D__CUDA_NO_BFLOAT16_CONVERSIONS__ -D__CUDA_NO_HALF2_OPERATORS__ --expt-relaxed-constexpr --compiler-options ''"'"'-fPIC'"'"'' -std=c++17 -DTORCH_API_INCLUDE_EXTENSION_H '-DPYBIND11_COMPILER_TYPE="_gcc"' '-DPYBIND11_STDLIB="_libstdcpp"' '-DPYBIND11_BUILD_ABI="_cxxabi1011"' -DTORCH_EXTENSION_NAME=_ext -D_GLIBCXX_USE_CXX11_ABI=0 -gencode=arch=compute_86,code=sm_86
  [38/136] /usr/app-soft1/cuda/cuda-12.2/bin/nvcc --generate-dependencies-with-compile --dependency-output /var/tmp/pip-install-tuu00oal/mmcv_34709ec07a1247aa9f36a5c75a41ccbe/build/temp.linux-x86_64-cpython-311/mmcv/ops/csrc/pytorch/cuda/ball_query_cuda.o.d -DMMCV_WITH_CUDA -I/var/tmp/pip-install-tuu00oal/mmcv_34709ec07a1247aa9f36a5c75a41ccbe/mmcv/ops/csrc/pytorch -I/var/tmp/pip-install-tuu00oal/mmcv_34709ec07a1247aa9f36a5c75a41ccbe/mmcv/ops/csrc/common -I/var/tmp/pip-install-tuu00oal/mmcv_34709ec07a1247aa9f36a5c75a41ccbe/mmcv/ops/csrc/common/cuda -I/home/taah3149/Documents/Group_Studies/.venv/lib64/python3.11/site-packages/torch/include -I/home/taah3149/Documents/Group_Studies/.venv/lib64/python3.11/site-packages/torch/include/torch/csrc/api/include -I/home/taah3149/Documents/Group_Studies/.venv/lib64/python3.11/site-packages/torch/include/TH -I/home/taah3149/Documents/Group_Studies/.venv/lib64/python3.11/site-packages/torch/include/THC -I/usr/app-soft1/cuda/cuda-12.2/include -I/home/taah3149/Documents/Group_Studies/.venv/include -I/usr/include/python3.11 -c -c /var/tmp/pip-install-tuu00oal/mmcv_34709ec07a1247aa9f36a5c75a41ccbe/mmcv/ops/csrc/pytorch/cuda/ball_query_cuda.cu -o /var/tmp/pip-install-tuu00oal/mmcv_34709ec07a1247aa9f36a5c75a41ccbe/build/temp.linux-x86_64-cpython-311/mmcv/ops/csrc/pytorch/cuda/ball_query_cuda.o -D__CUDA_NO_HALF_OPERATORS__ -D__CUDA_NO_HALF_CONVERSIONS__ -D__CUDA_NO_BFLOAT16_CONVERSIONS__ -D__CUDA_NO_HALF2_OPERATORS__ --expt-relaxed-constexpr --compiler-options ''"'"'-fPIC'"'"'' -std=c++17 -DTORCH_API_INCLUDE_EXTENSION_H '-DPYBIND11_COMPILER_TYPE="_gcc"' '-DPYBIND11_STDLIB="_libstdcpp"' '-DPYBIND11_BUILD_ABI="_cxxabi1011"' -DTORCH_EXTENSION_NAME=_ext -D_GLIBCXX_USE_CXX11_ABI=0 -gencode=arch=compute_86,code=sm_86
  [39/136] /usr/app-soft1/cuda/cuda-12.2/bin/nvcc --generate-dependencies-with-compile --dependency-output /var/tmp/pip-install-tuu00oal/mmcv_34709ec07a1247aa9f36a5c75a41ccbe/build/temp.linux-x86_64-cpython-311/mmcv/ops/csrc/pytorch/cuda/chamfer_distance_cuda.o.d -DMMCV_WITH_CUDA -I/var/tmp/pip-install-tuu00oal/mmcv_34709ec07a1247aa9f36a5c75a41ccbe/mmcv/ops/csrc/pytorch -I/var/tmp/pip-install-tuu00oal/mmcv_34709ec07a1247aa9f36a5c75a41ccbe/mmcv/ops/csrc/common -I/var/tmp/pip-install-tuu00oal/mmcv_34709ec07a1247aa9f36a5c75a41ccbe/mmcv/ops/csrc/common/cuda -I/home/taah3149/Documents/Group_Studies/.venv/lib64/python3.11/site-packages/torch/include -I/home/taah3149/Documents/Group_Studies/.venv/lib64/python3.11/site-packages/torch/include/torch/csrc/api/include -I/home/taah3149/Documents/Group_Studies/.venv/lib64/python3.11/site-packages/torch/include/TH -I/home/taah3149/Documents/Group_Studies/.venv/lib64/python3.11/site-packages/torch/include/THC -I/usr/app-soft1/cuda/cuda-12.2/include -I/home/taah3149/Documents/Group_Studies/.venv/include -I/usr/include/python3.11 -c -c /var/tmp/pip-install-tuu00oal/mmcv_34709ec07a1247aa9f36a5c75a41ccbe/mmcv/ops/csrc/pytorch/cuda/chamfer_distance_cuda.cu -o /var/tmp/pip-install-tuu00oal/mmcv_34709ec07a1247aa9f36a5c75a41ccbe/build/temp.linux-x86_64-cpython-311/mmcv/ops/csrc/pytorch/cuda/chamfer_distance_cuda.o -D__CUDA_NO_HALF_OPERATORS__ -D__CUDA_NO_HALF_CONVERSIONS__ -D__CUDA_NO_BFLOAT16_CONVERSIONS__ -D__CUDA_NO_HALF2_OPERATORS__ --expt-relaxed-constexpr --compiler-options ''"'"'-fPIC'"'"'' -std=c++17 -DTORCH_API_INCLUDE_EXTENSION_H '-DPYBIND11_COMPILER_TYPE="_gcc"' '-DPYBIND11_STDLIB="_libstdcpp"' '-DPYBIND11_BUILD_ABI="_cxxabi1011"' -DTORCH_EXTENSION_NAME=_ext -D_GLIBCXX_USE_CXX11_ABI=0 -gencode=arch=compute_86,code=sm_86
  [40/136] /usr/app-soft1/cuda/cuda-12.2/bin/nvcc --generate-dependencies-with-compile --dependency-output /var/tmp/pip-install-tuu00oal/mmcv_34709ec07a1247aa9f36a5c75a41ccbe/build/temp.linux-x86_64-cpython-311/mmcv/ops/csrc/pytorch/cuda/assign_score_withk_cuda.o.d -DMMCV_WITH_CUDA -I/var/tmp/pip-install-tuu00oal/mmcv_34709ec07a1247aa9f36a5c75a41ccbe/mmcv/ops/csrc/pytorch -I/var/tmp/pip-install-tuu00oal/mmcv_34709ec07a1247aa9f36a5c75a41ccbe/mmcv/ops/csrc/common -I/var/tmp/pip-install-tuu00oal/mmcv_34709ec07a1247aa9f36a5c75a41ccbe/mmcv/ops/csrc/common/cuda -I/home/taah3149/Documents/Group_Studies/.venv/lib64/python3.11/site-packages/torch/include -I/home/taah3149/Documents/Group_Studies/.venv/lib64/python3.11/site-packages/torch/include/torch/csrc/api/include -I/home/taah3149/Documents/Group_Studies/.venv/lib64/python3.11/site-packages/torch/include/TH -I/home/taah3149/Documents/Group_Studies/.venv/lib64/python3.11/site-packages/torch/include/THC -I/usr/app-soft1/cuda/cuda-12.2/include -I/home/taah3149/Documents/Group_Studies/.venv/include -I/usr/include/python3.11 -c -c /var/tmp/pip-install-tuu00oal/mmcv_34709ec07a1247aa9f36a5c75a41ccbe/mmcv/ops/csrc/pytorch/cuda/assign_score_withk_cuda.cu -o /var/tmp/pip-install-tuu00oal/mmcv_34709ec07a1247aa9f36a5c75a41ccbe/build/temp.linux-x86_64-cpython-311/mmcv/ops/csrc/pytorch/cuda/assign_score_withk_cuda.o -D__CUDA_NO_HALF_OPERATORS__ -D__CUDA_NO_HALF_CONVERSIONS__ -D__CUDA_NO_BFLOAT16_CONVERSIONS__ -D__CUDA_NO_HALF2_OPERATORS__ --expt-relaxed-constexpr --compiler-options ''"'"'-fPIC'"'"'' -std=c++17 -DTORCH_API_INCLUDE_EXTENSION_H '-DPYBIND11_COMPILER_TYPE="_gcc"' '-DPYBIND11_STDLIB="_libstdcpp"' '-DPYBIND11_BUILD_ABI="_cxxabi1011"' -DTORCH_EXTENSION_NAME=_ext -D_GLIBCXX_USE_CXX11_ABI=0 -gencode=arch=compute_86,code=sm_86
  [41/136] /usr/app-soft1/cuda/cuda-12.2/bin/nvcc --generate-dependencies-with-compile --dependency-output /var/tmp/pip-install-tuu00oal/mmcv_34709ec07a1247aa9f36a5c75a41ccbe/build/temp.linux-x86_64-cpython-311/mmcv/ops/csrc/pytorch/cuda/carafe_naive_cuda.o.d -DMMCV_WITH_CUDA -I/var/tmp/pip-install-tuu00oal/mmcv_34709ec07a1247aa9f36a5c75a41ccbe/mmcv/ops/csrc/pytorch -I/var/tmp/pip-install-tuu00oal/mmcv_34709ec07a1247aa9f36a5c75a41ccbe/mmcv/ops/csrc/common -I/var/tmp/pip-install-tuu00oal/mmcv_34709ec07a1247aa9f36a5c75a41ccbe/mmcv/ops/csrc/common/cuda -I/home/taah3149/Documents/Group_Studies/.venv/lib64/python3.11/site-packages/torch/include -I/home/taah3149/Documents/Group_Studies/.venv/lib64/python3.11/site-packages/torch/include/torch/csrc/api/include -I/home/taah3149/Documents/Group_Studies/.venv/lib64/python3.11/site-packages/torch/include/TH -I/home/taah3149/Documents/Group_Studies/.venv/lib64/python3.11/site-packages/torch/include/THC -I/usr/app-soft1/cuda/cuda-12.2/include -I/home/taah3149/Documents/Group_Studies/.venv/include -I/usr/include/python3.11 -c -c /var/tmp/pip-install-tuu00oal/mmcv_34709ec07a1247aa9f36a5c75a41ccbe/mmcv/ops/csrc/pytorch/cuda/carafe_naive_cuda.cu -o /var/tmp/pip-install-tuu00oal/mmcv_34709ec07a1247aa9f36a5c75a41ccbe/build/temp.linux-x86_64-cpython-311/mmcv/ops/csrc/pytorch/cuda/carafe_naive_cuda.o -D__CUDA_NO_HALF_OPERATORS__ -D__CUDA_NO_HALF_CONVERSIONS__ -D__CUDA_NO_BFLOAT16_CONVERSIONS__ -D__CUDA_NO_HALF2_OPERATORS__ --expt-relaxed-constexpr --compiler-options ''"'"'-fPIC'"'"'' -std=c++17 -DTORCH_API_INCLUDE_EXTENSION_H '-DPYBIND11_COMPILER_TYPE="_gcc"' '-DPYBIND11_STDLIB="_libstdcpp"' '-DPYBIND11_BUILD_ABI="_cxxabi1011"' -DTORCH_EXTENSION_NAME=_ext -D_GLIBCXX_USE_CXX11_ABI=0 -gencode=arch=compute_86,code=sm_86
  [42/136] /usr/app-soft1/cuda/cuda-12.2/bin/nvcc --generate-dependencies-with-compile --dependency-output /var/tmp/pip-install-tuu00oal/mmcv_34709ec07a1247aa9f36a5c75a41ccbe/build/temp.linux-x86_64-cpython-311/mmcv/ops/csrc/pytorch/cuda/border_align_cuda.o.d -DMMCV_WITH_CUDA -I/var/tmp/pip-install-tuu00oal/mmcv_34709ec07a1247aa9f36a5c75a41ccbe/mmcv/ops/csrc/pytorch -I/var/tmp/pip-install-tuu00oal/mmcv_34709ec07a1247aa9f36a5c75a41ccbe/mmcv/ops/csrc/common -I/var/tmp/pip-install-tuu00oal/mmcv_34709ec07a1247aa9f36a5c75a41ccbe/mmcv/ops/csrc/common/cuda -I/home/taah3149/Documents/Group_Studies/.venv/lib64/python3.11/site-packages/torch/include -I/home/taah3149/Documents/Group_Studies/.venv/lib64/python3.11/site-packages/torch/include/torch/csrc/api/include -I/home/taah3149/Documents/Group_Studies/.venv/lib64/python3.11/site-packages/torch/include/TH -I/home/taah3149/Documents/Group_Studies/.venv/lib64/python3.11/site-packages/torch/include/THC -I/usr/app-soft1/cuda/cuda-12.2/include -I/home/taah3149/Documents/Group_Studies/.venv/include -I/usr/include/python3.11 -c -c /var/tmp/pip-install-tuu00oal/mmcv_34709ec07a1247aa9f36a5c75a41ccbe/mmcv/ops/csrc/pytorch/cuda/border_align_cuda.cu -o /var/tmp/pip-install-tuu00oal/mmcv_34709ec07a1247aa9f36a5c75a41ccbe/build/temp.linux-x86_64-cpython-311/mmcv/ops/csrc/pytorch/cuda/border_align_cuda.o -D__CUDA_NO_HALF_OPERATORS__ -D__CUDA_NO_HALF_CONVERSIONS__ -D__CUDA_NO_BFLOAT16_CONVERSIONS__ -D__CUDA_NO_HALF2_OPERATORS__ --expt-relaxed-constexpr --compiler-options ''"'"'-fPIC'"'"'' -std=c++17 -DTORCH_API_INCLUDE_EXTENSION_H '-DPYBIND11_COMPILER_TYPE="_gcc"' '-DPYBIND11_STDLIB="_libstdcpp"' '-DPYBIND11_BUILD_ABI="_cxxabi1011"' -DTORCH_EXTENSION_NAME=_ext -D_GLIBCXX_USE_CXX11_ABI=0 -gencode=arch=compute_86,code=sm_86
  [43/136] /usr/app-soft1/cuda/cuda-12.2/bin/nvcc --generate-dependencies-with-compile --dependency-output /var/tmp/pip-install-tuu00oal/mmcv_34709ec07a1247aa9f36a5c75a41ccbe/build/temp.linux-x86_64-cpython-311/mmcv/ops/csrc/pytorch/cuda/bezier_align_cuda.o.d -DMMCV_WITH_CUDA -I/var/tmp/pip-install-tuu00oal/mmcv_34709ec07a1247aa9f36a5c75a41ccbe/mmcv/ops/csrc/pytorch -I/var/tmp/pip-install-tuu00oal/mmcv_34709ec07a1247aa9f36a5c75a41ccbe/mmcv/ops/csrc/common -I/var/tmp/pip-install-tuu00oal/mmcv_34709ec07a1247aa9f36a5c75a41ccbe/mmcv/ops/csrc/common/cuda -I/home/taah3149/Documents/Group_Studies/.venv/lib64/python3.11/site-packages/torch/include -I/home/taah3149/Documents/Group_Studies/.venv/lib64/python3.11/site-packages/torch/include/torch/csrc/api/include -I/home/taah3149/Documents/Group_Studies/.venv/lib64/python3.11/site-packages/torch/include/TH -I/home/taah3149/Documents/Group_Studies/.venv/lib64/python3.11/site-packages/torch/include/THC -I/usr/app-soft1/cuda/cuda-12.2/include -I/home/taah3149/Documents/Group_Studies/.venv/include -I/usr/include/python3.11 -c -c /var/tmp/pip-install-tuu00oal/mmcv_34709ec07a1247aa9f36a5c75a41ccbe/mmcv/ops/csrc/pytorch/cuda/bezier_align_cuda.cu -o /var/tmp/pip-install-tuu00oal/mmcv_34709ec07a1247aa9f36a5c75a41ccbe/build/temp.linux-x86_64-cpython-311/mmcv/ops/csrc/pytorch/cuda/bezier_align_cuda.o -D__CUDA_NO_HALF_OPERATORS__ -D__CUDA_NO_HALF_CONVERSIONS__ -D__CUDA_NO_BFLOAT16_CONVERSIONS__ -D__CUDA_NO_HALF2_OPERATORS__ --expt-relaxed-constexpr --compiler-options ''"'"'-fPIC'"'"'' -std=c++17 -DTORCH_API_INCLUDE_EXTENSION_H '-DPYBIND11_COMPILER_TYPE="_gcc"' '-DPYBIND11_STDLIB="_libstdcpp"' '-DPYBIND11_BUILD_ABI="_cxxabi1011"' -DTORCH_EXTENSION_NAME=_ext -D_GLIBCXX_USE_CXX11_ABI=0 -gencode=arch=compute_86,code=sm_86
  [44/136] /usr/app-soft1/cuda/cuda-12.2/bin/nvcc --generate-dependencies-with-compile --dependency-output /var/tmp/pip-install-tuu00oal/mmcv_34709ec07a1247aa9f36a5c75a41ccbe/build/temp.linux-x86_64-cpython-311/mmcv/ops/csrc/pytorch/cuda/carafe_cuda.o.d -DMMCV_WITH_CUDA -I/var/tmp/pip-install-tuu00oal/mmcv_34709ec07a1247aa9f36a5c75a41ccbe/mmcv/ops/csrc/pytorch -I/var/tmp/pip-install-tuu00oal/mmcv_34709ec07a1247aa9f36a5c75a41ccbe/mmcv/ops/csrc/common -I/var/tmp/pip-install-tuu00oal/mmcv_34709ec07a1247aa9f36a5c75a41ccbe/mmcv/ops/csrc/common/cuda -I/home/taah3149/Documents/Group_Studies/.venv/lib64/python3.11/site-packages/torch/include -I/home/taah3149/Documents/Group_Studies/.venv/lib64/python3.11/site-packages/torch/include/torch/csrc/api/include -I/home/taah3149/Documents/Group_Studies/.venv/lib64/python3.11/site-packages/torch/include/TH -I/home/taah3149/Documents/Group_Studies/.venv/lib64/python3.11/site-packages/torch/include/THC -I/usr/app-soft1/cuda/cuda-12.2/include -I/home/taah3149/Documents/Group_Studies/.venv/include -I/usr/include/python3.11 -c -c /var/tmp/pip-install-tuu00oal/mmcv_34709ec07a1247aa9f36a5c75a41ccbe/mmcv/ops/csrc/pytorch/cuda/carafe_cuda.cu -o /var/tmp/pip-install-tuu00oal/mmcv_34709ec07a1247aa9f36a5c75a41ccbe/build/temp.linux-x86_64-cpython-311/mmcv/ops/csrc/pytorch/cuda/carafe_cuda.o -D__CUDA_NO_HALF_OPERATORS__ -D__CUDA_NO_HALF_CONVERSIONS__ -D__CUDA_NO_BFLOAT16_CONVERSIONS__ -D__CUDA_NO_HALF2_OPERATORS__ --expt-relaxed-constexpr --compiler-options ''"'"'-fPIC'"'"'' -std=c++17 -DTORCH_API_INCLUDE_EXTENSION_H '-DPYBIND11_COMPILER_TYPE="_gcc"' '-DPYBIND11_STDLIB="_libstdcpp"' '-DPYBIND11_BUILD_ABI="_cxxabi1011"' -DTORCH_EXTENSION_NAME=_ext -D_GLIBCXX_USE_CXX11_ABI=0 -gencode=arch=compute_86,code=sm_86
  [45/136] /usr/app-soft1/cuda/cuda-12.2/bin/nvcc --generate-dependencies-with-compile --dependency-output /var/tmp/pip-install-tuu00oal/mmcv_34709ec07a1247aa9f36a5c75a41ccbe/build/temp.linux-x86_64-cpython-311/mmcv/ops/csrc/pytorch/cuda/box_iou_rotated_cuda.o.d -DMMCV_WITH_CUDA -I/var/tmp/pip-install-tuu00oal/mmcv_34709ec07a1247aa9f36a5c75a41ccbe/mmcv/ops/csrc/pytorch -I/var/tmp/pip-install-tuu00oal/mmcv_34709ec07a1247aa9f36a5c75a41ccbe/mmcv/ops/csrc/common -I/var/tmp/pip-install-tuu00oal/mmcv_34709ec07a1247aa9f36a5c75a41ccbe/mmcv/ops/csrc/common/cuda -I/home/taah3149/Documents/Group_Studies/.venv/lib64/python3.11/site-packages/torch/include -I/home/taah3149/Documents/Group_Studies/.venv/lib64/python3.11/site-packages/torch/include/torch/csrc/api/include -I/home/taah3149/Documents/Group_Studies/.venv/lib64/python3.11/site-packages/torch/include/TH -I/home/taah3149/Documents/Group_Studies/.venv/lib64/python3.11/site-packages/torch/include/THC -I/usr/app-soft1/cuda/cuda-12.2/include -I/home/taah3149/Documents/Group_Studies/.venv/include -I/usr/include/python3.11 -c -c /var/tmp/pip-install-tuu00oal/mmcv_34709ec07a1247aa9f36a5c75a41ccbe/mmcv/ops/csrc/pytorch/cuda/box_iou_rotated_cuda.cu -o /var/tmp/pip-install-tuu00oal/mmcv_34709ec07a1247aa9f36a5c75a41ccbe/build/temp.linux-x86_64-cpython-311/mmcv/ops/csrc/pytorch/cuda/box_iou_rotated_cuda.o -D__CUDA_NO_HALF_OPERATORS__ -D__CUDA_NO_HALF_CONVERSIONS__ -D__CUDA_NO_BFLOAT16_CONVERSIONS__ -D__CUDA_NO_HALF2_OPERATORS__ --expt-relaxed-constexpr --compiler-options ''"'"'-fPIC'"'"'' -std=c++17 -DTORCH_API_INCLUDE_EXTENSION_H '-DPYBIND11_COMPILER_TYPE="_gcc"' '-DPYBIND11_STDLIB="_libstdcpp"' '-DPYBIND11_BUILD_ABI="_cxxabi1011"' -DTORCH_EXTENSION_NAME=_ext -D_GLIBCXX_USE_CXX11_ABI=0 -gencode=arch=compute_86,code=sm_86
  [46/136] /usr/app-soft1/cuda/cuda-12.2/bin/nvcc --generate-dependencies-with-compile --dependency-output /var/tmp/pip-install-tuu00oal/mmcv_34709ec07a1247aa9f36a5c75a41ccbe/build/temp.linux-x86_64-cpython-311/mmcv/ops/csrc/pytorch/cuda/box_iou_quadri_cuda.o.d -DMMCV_WITH_CUDA -I/var/tmp/pip-install-tuu00oal/mmcv_34709ec07a1247aa9f36a5c75a41ccbe/mmcv/ops/csrc/pytorch -I/var/tmp/pip-install-tuu00oal/mmcv_34709ec07a1247aa9f36a5c75a41ccbe/mmcv/ops/csrc/common -I/var/tmp/pip-install-tuu00oal/mmcv_34709ec07a1247aa9f36a5c75a41ccbe/mmcv/ops/csrc/common/cuda -I/home/taah3149/Documents/Group_Studies/.venv/lib64/python3.11/site-packages/torch/include -I/home/taah3149/Documents/Group_Studies/.venv/lib64/python3.11/site-packages/torch/include/torch/csrc/api/include -I/home/taah3149/Documents/Group_Studies/.venv/lib64/python3.11/site-packages/torch/include/TH -I/home/taah3149/Documents/Group_Studies/.venv/lib64/python3.11/site-packages/torch/include/THC -I/usr/app-soft1/cuda/cuda-12.2/include -I/home/taah3149/Documents/Group_Studies/.venv/include -I/usr/include/python3.11 -c -c /var/tmp/pip-install-tuu00oal/mmcv_34709ec07a1247aa9f36a5c75a41ccbe/mmcv/ops/csrc/pytorch/cuda/box_iou_quadri_cuda.cu -o /var/tmp/pip-install-tuu00oal/mmcv_34709ec07a1247aa9f36a5c75a41ccbe/build/temp.linux-x86_64-cpython-311/mmcv/ops/csrc/pytorch/cuda/box_iou_quadri_cuda.o -D__CUDA_NO_HALF_OPERATORS__ -D__CUDA_NO_HALF_CONVERSIONS__ -D__CUDA_NO_BFLOAT16_CONVERSIONS__ -D__CUDA_NO_HALF2_OPERATORS__ --expt-relaxed-constexpr --compiler-options ''"'"'-fPIC'"'"'' -std=c++17 -DTORCH_API_INCLUDE_EXTENSION_H '-DPYBIND11_COMPILER_TYPE="_gcc"' '-DPYBIND11_STDLIB="_libstdcpp"' '-DPYBIND11_BUILD_ABI="_cxxabi1011"' -DTORCH_EXTENSION_NAME=_ext -D_GLIBCXX_USE_CXX11_ABI=0 -gencode=arch=compute_86,code=sm_86
  [47/136] /usr/app-soft1/cuda/cuda-12.2/bin/nvcc --generate-dependencies-with-compile --dependency-output /var/tmp/pip-install-tuu00oal/mmcv_34709ec07a1247aa9f36a5c75a41ccbe/build/temp.linux-x86_64-cpython-311/mmcv/ops/csrc/pytorch/cuda/bias_act_cuda.o.d -DMMCV_WITH_CUDA -I/var/tmp/pip-install-tuu00oal/mmcv_34709ec07a1247aa9f36a5c75a41ccbe/mmcv/ops/csrc/pytorch -I/var/tmp/pip-install-tuu00oal/mmcv_34709ec07a1247aa9f36a5c75a41ccbe/mmcv/ops/csrc/common -I/var/tmp/pip-install-tuu00oal/mmcv_34709ec07a1247aa9f36a5c75a41ccbe/mmcv/ops/csrc/common/cuda -I/home/taah3149/Documents/Group_Studies/.venv/lib64/python3.11/site-packages/torch/include -I/home/taah3149/Documents/Group_Studies/.venv/lib64/python3.11/site-packages/torch/include/torch/csrc/api/include -I/home/taah3149/Documents/Group_Studies/.venv/lib64/python3.11/site-packages/torch/include/TH -I/home/taah3149/Documents/Group_Studies/.venv/lib64/python3.11/site-packages/torch/include/THC -I/usr/app-soft1/cuda/cuda-12.2/include -I/home/taah3149/Documents/Group_Studies/.venv/include -I/usr/include/python3.11 -c -c /var/tmp/pip-install-tuu00oal/mmcv_34709ec07a1247aa9f36a5c75a41ccbe/mmcv/ops/csrc/pytorch/cuda/bias_act_cuda.cu -o /var/tmp/pip-install-tuu00oal/mmcv_34709ec07a1247aa9f36a5c75a41ccbe/build/temp.linux-x86_64-cpython-311/mmcv/ops/csrc/pytorch/cuda/bias_act_cuda.o -D__CUDA_NO_HALF_OPERATORS__ -D__CUDA_NO_HALF_CONVERSIONS__ -D__CUDA_NO_BFLOAT16_CONVERSIONS__ -D__CUDA_NO_HALF2_OPERATORS__ --expt-relaxed-constexpr --compiler-options ''"'"'-fPIC'"'"'' -std=c++17 -DTORCH_API_INCLUDE_EXTENSION_H '-DPYBIND11_COMPILER_TYPE="_gcc"' '-DPYBIND11_STDLIB="_libstdcpp"' '-DPYBIND11_BUILD_ABI="_cxxabi1011"' -DTORCH_EXTENSION_NAME=_ext -D_GLIBCXX_USE_CXX11_ABI=0 -gencode=arch=compute_86,code=sm_86
  [48/136] c++ -MMD -MF /var/tmp/pip-install-tuu00oal/mmcv_34709ec07a1247aa9f36a5c75a41ccbe/build/temp.linux-x86_64-cpython-311/mmcv/ops/csrc/pytorch/cuda/cudabind.o.d -pthread -Wsign-compare -DDYNAMIC_ANNOTATIONS_ENABLED=1 -DNDEBUG -O2 -g -pipe -Wall -Werror=format-security -Wp,-D_FORTIFY_SOURCE=2 -Wp,-D_GLIBCXX_ASSERTIONS -fexceptions -fstack-protector-strong -grecord-gcc-switches -m64 -mtune=generic -fasynchronous-unwind-tables -fstack-clash-protection -fcf-protection -D_GNU_SOURCE -fPIC -fwrapv -O2 -g -pipe -Wall -Werror=format-security -Wp,-D_FORTIFY_SOURCE=2 -Wp,-D_GLIBCXX_ASSERTIONS -fexceptions -fstack-protector-strong -grecord-gcc-switches -m64 -mtune=generic -fasynchronous-unwind-tables -fstack-clash-protection -fcf-protection -D_GNU_SOURCE -fPIC -fwrapv -O2 -g -pipe -Wall -Werror=format-security -Wp,-D_FORTIFY_SOURCE=2 -Wp,-D_GLIBCXX_ASSERTIONS -fexceptions -fstack-protector-strong -grecord-gcc-switches -m64 -mtune=generic -fasynchronous-unwind-tables -fstack-clash-protection -fcf-protection -D_GNU_SOURCE -fPIC -fwrapv -fPIC -DMMCV_WITH_CUDA -I/var/tmp/pip-install-tuu00oal/mmcv_34709ec07a1247aa9f36a5c75a41ccbe/mmcv/ops/csrc/pytorch -I/var/tmp/pip-install-tuu00oal/mmcv_34709ec07a1247aa9f36a5c75a41ccbe/mmcv/ops/csrc/common -I/var/tmp/pip-install-tuu00oal/mmcv_34709ec07a1247aa9f36a5c75a41ccbe/mmcv/ops/csrc/common/cuda -I/home/taah3149/Documents/Group_Studies/.venv/lib64/python3.11/site-packages/torch/include -I/home/taah3149/Documents/Group_Studies/.venv/lib64/python3.11/site-packages/torch/include/torch/csrc/api/include -I/home/taah3149/Documents/Group_Studies/.venv/lib64/python3.11/site-packages/torch/include/TH -I/home/taah3149/Documents/Group_Studies/.venv/lib64/python3.11/site-packages/torch/include/THC -I/usr/app-soft1/cuda/cuda-12.2/include -I/home/taah3149/Documents/Group_Studies/.venv/include -I/usr/include/python3.11 -c -c /var/tmp/pip-install-tuu00oal/mmcv_34709ec07a1247aa9f36a5c75a41ccbe/mmcv/ops/csrc/pytorch/cuda/cudabind.cpp -o /var/tmp/pip-install-tuu00oal/mmcv_34709ec07a1247aa9f36a5c75a41ccbe/build/temp.linux-x86_64-cpython-311/mmcv/ops/csrc/pytorch/cuda/cudabind.o -std=c++17 -DTORCH_API_INCLUDE_EXTENSION_H '-DPYBIND11_COMPILER_TYPE="_gcc"' '-DPYBIND11_STDLIB="_libstdcpp"' '-DPYBIND11_BUILD_ABI="_cxxabi1011"' -DTORCH_EXTENSION_NAME=_ext -D_GLIBCXX_USE_CXX11_ABI=0
  [49/136] /usr/app-soft1/cuda/cuda-12.2/bin/nvcc --generate-dependencies-with-compile --dependency-output /var/tmp/pip-install-tuu00oal/mmcv_34709ec07a1247aa9f36a5c75a41ccbe/build/temp.linux-x86_64-cpython-311/mmcv/ops/csrc/pytorch/cuda/group_points_cuda.o.d -DMMCV_WITH_CUDA -I/var/tmp/pip-install-tuu00oal/mmcv_34709ec07a1247aa9f36a5c75a41ccbe/mmcv/ops/csrc/pytorch -I/var/tmp/pip-install-tuu00oal/mmcv_34709ec07a1247aa9f36a5c75a41ccbe/mmcv/ops/csrc/common -I/var/tmp/pip-install-tuu00oal/mmcv_34709ec07a1247aa9f36a5c75a41ccbe/mmcv/ops/csrc/common/cuda -I/home/taah3149/Documents/Group_Studies/.venv/lib64/python3.11/site-packages/torch/include -I/home/taah3149/Documents/Group_Studies/.venv/lib64/python3.11/site-packages/torch/include/torch/csrc/api/include -I/home/taah3149/Documents/Group_Studies/.venv/lib64/python3.11/site-packages/torch/include/TH -I/home/taah3149/Documents/Group_Studies/.venv/lib64/python3.11/site-packages/torch/include/THC -I/usr/app-soft1/cuda/cuda-12.2/include -I/home/taah3149/Documents/Group_Studies/.venv/include -I/usr/include/python3.11 -c -c /var/tmp/pip-install-tuu00oal/mmcv_34709ec07a1247aa9f36a5c75a41ccbe/mmcv/ops/csrc/pytorch/cuda/group_points_cuda.cu -o /var/tmp/pip-install-tuu00oal/mmcv_34709ec07a1247aa9f36a5c75a41ccbe/build/temp.linux-x86_64-cpython-311/mmcv/ops/csrc/pytorch/cuda/group_points_cuda.o -D__CUDA_NO_HALF_OPERATORS__ -D__CUDA_NO_HALF_CONVERSIONS__ -D__CUDA_NO_BFLOAT16_CONVERSIONS__ -D__CUDA_NO_HALF2_OPERATORS__ --expt-relaxed-constexpr --compiler-options ''"'"'-fPIC'"'"'' -std=c++17 -DTORCH_API_INCLUDE_EXTENSION_H '-DPYBIND11_COMPILER_TYPE="_gcc"' '-DPYBIND11_STDLIB="_libstdcpp"' '-DPYBIND11_BUILD_ABI="_cxxabi1011"' -DTORCH_EXTENSION_NAME=_ext -D_GLIBCXX_USE_CXX11_ABI=0 -gencode=arch=compute_86,code=sm_86
  [50/136] /usr/app-soft1/cuda/cuda-12.2/bin/nvcc --generate-dependencies-with-compile --dependency-output /var/tmp/pip-install-tuu00oal/mmcv_34709ec07a1247aa9f36a5c75a41ccbe/build/temp.linux-x86_64-cpython-311/mmcv/ops/csrc/pytorch/cuda/focal_loss_cuda.o.d -DMMCV_WITH_CUDA -I/var/tmp/pip-install-tuu00oal/mmcv_34709ec07a1247aa9f36a5c75a41ccbe/mmcv/ops/csrc/pytorch -I/var/tmp/pip-install-tuu00oal/mmcv_34709ec07a1247aa9f36a5c75a41ccbe/mmcv/ops/csrc/common -I/var/tmp/pip-install-tuu00oal/mmcv_34709ec07a1247aa9f36a5c75a41ccbe/mmcv/ops/csrc/common/cuda -I/home/taah3149/Documents/Group_Studies/.venv/lib64/python3.11/site-packages/torch/include -I/home/taah3149/Documents/Group_Studies/.venv/lib64/python3.11/site-packages/torch/include/torch/csrc/api/include -I/home/taah3149/Documents/Group_Studies/.venv/lib64/python3.11/site-packages/torch/include/TH -I/home/taah3149/Documents/Group_Studies/.venv/lib64/python3.11/site-packages/torch/include/THC -I/usr/app-soft1/cuda/cuda-12.2/include -I/home/taah3149/Documents/Group_Studies/.venv/include -I/usr/include/python3.11 -c -c /var/tmp/pip-install-tuu00oal/mmcv_34709ec07a1247aa9f36a5c75a41ccbe/mmcv/ops/csrc/pytorch/cuda/focal_loss_cuda.cu -o /var/tmp/pip-install-tuu00oal/mmcv_34709ec07a1247aa9f36a5c75a41ccbe/build/temp.linux-x86_64-cpython-311/mmcv/ops/csrc/pytorch/cuda/focal_loss_cuda.o -D__CUDA_NO_HALF_OPERATORS__ -D__CUDA_NO_HALF_CONVERSIONS__ -D__CUDA_NO_BFLOAT16_CONVERSIONS__ -D__CUDA_NO_HALF2_OPERATORS__ --expt-relaxed-constexpr --compiler-options ''"'"'-fPIC'"'"'' -std=c++17 -DTORCH_API_INCLUDE_EXTENSION_H '-DPYBIND11_COMPILER_TYPE="_gcc"' '-DPYBIND11_STDLIB="_libstdcpp"' '-DPYBIND11_BUILD_ABI="_cxxabi1011"' -DTORCH_EXTENSION_NAME=_ext -D_GLIBCXX_USE_CXX11_ABI=0 -gencode=arch=compute_86,code=sm_86
  [51/136] /usr/app-soft1/cuda/cuda-12.2/bin/nvcc --generate-dependencies-with-compile --dependency-output /var/tmp/pip-install-tuu00oal/mmcv_34709ec07a1247aa9f36a5c75a41ccbe/build/temp.linux-x86_64-cpython-311/mmcv/ops/csrc/pytorch/cuda/deform_roi_pool_cuda.o.d -DMMCV_WITH_CUDA -I/var/tmp/pip-install-tuu00oal/mmcv_34709ec07a1247aa9f36a5c75a41ccbe/mmcv/ops/csrc/pytorch -I/var/tmp/pip-install-tuu00oal/mmcv_34709ec07a1247aa9f36a5c75a41ccbe/mmcv/ops/csrc/common -I/var/tmp/pip-install-tuu00oal/mmcv_34709ec07a1247aa9f36a5c75a41ccbe/mmcv/ops/csrc/common/cuda -I/home/taah3149/Documents/Group_Studies/.venv/lib64/python3.11/site-packages/torch/include -I/home/taah3149/Documents/Group_Studies/.venv/lib64/python3.11/site-packages/torch/include/torch/csrc/api/include -I/home/taah3149/Documents/Group_Studies/.venv/lib64/python3.11/site-packages/torch/include/TH -I/home/taah3149/Documents/Group_Studies/.venv/lib64/python3.11/site-packages/torch/include/THC -I/usr/app-soft1/cuda/cuda-12.2/include -I/home/taah3149/Documents/Group_Studies/.venv/include -I/usr/include/python3.11 -c -c /var/tmp/pip-install-tuu00oal/mmcv_34709ec07a1247aa9f36a5c75a41ccbe/mmcv/ops/csrc/pytorch/cuda/deform_roi_pool_cuda.cu -o /var/tmp/pip-install-tuu00oal/mmcv_34709ec07a1247aa9f36a5c75a41ccbe/build/temp.linux-x86_64-cpython-311/mmcv/ops/csrc/pytorch/cuda/deform_roi_pool_cuda.o -D__CUDA_NO_HALF_OPERATORS__ -D__CUDA_NO_HALF_CONVERSIONS__ -D__CUDA_NO_BFLOAT16_CONVERSIONS__ -D__CUDA_NO_HALF2_OPERATORS__ --expt-relaxed-constexpr --compiler-options ''"'"'-fPIC'"'"'' -std=c++17 -DTORCH_API_INCLUDE_EXTENSION_H '-DPYBIND11_COMPILER_TYPE="_gcc"' '-DPYBIND11_STDLIB="_libstdcpp"' '-DPYBIND11_BUILD_ABI="_cxxabi1011"' -DTORCH_EXTENSION_NAME=_ext -D_GLIBCXX_USE_CXX11_ABI=0 -gencode=arch=compute_86,code=sm_86
  [52/136] /usr/app-soft1/cuda/cuda-12.2/bin/nvcc --generate-dependencies-with-compile --dependency-output /var/tmp/pip-install-tuu00oal/mmcv_34709ec07a1247aa9f36a5c75a41ccbe/build/temp.linux-x86_64-cpython-311/mmcv/ops/csrc/pytorch/cuda/gather_points_cuda.o.d -DMMCV_WITH_CUDA -I/var/tmp/pip-install-tuu00oal/mmcv_34709ec07a1247aa9f36a5c75a41ccbe/mmcv/ops/csrc/pytorch -I/var/tmp/pip-install-tuu00oal/mmcv_34709ec07a1247aa9f36a5c75a41ccbe/mmcv/ops/csrc/common -I/var/tmp/pip-install-tuu00oal/mmcv_34709ec07a1247aa9f36a5c75a41ccbe/mmcv/ops/csrc/common/cuda -I/home/taah3149/Documents/Group_Studies/.venv/lib64/python3.11/site-packages/torch/include -I/home/taah3149/Documents/Group_Studies/.venv/lib64/python3.11/site-packages/torch/include/torch/csrc/api/include -I/home/taah3149/Documents/Group_Studies/.venv/lib64/python3.11/site-packages/torch/include/TH -I/home/taah3149/Documents/Group_Studies/.venv/lib64/python3.11/site-packages/torch/include/THC -I/usr/app-soft1/cuda/cuda-12.2/include -I/home/taah3149/Documents/Group_Studies/.venv/include -I/usr/include/python3.11 -c -c /var/tmp/pip-install-tuu00oal/mmcv_34709ec07a1247aa9f36a5c75a41ccbe/mmcv/ops/csrc/pytorch/cuda/gather_points_cuda.cu -o /var/tmp/pip-install-tuu00oal/mmcv_34709ec07a1247aa9f36a5c75a41ccbe/build/temp.linux-x86_64-cpython-311/mmcv/ops/csrc/pytorch/cuda/gather_points_cuda.o -D__CUDA_NO_HALF_OPERATORS__ -D__CUDA_NO_HALF_CONVERSIONS__ -D__CUDA_NO_BFLOAT16_CONVERSIONS__ -D__CUDA_NO_HALF2_OPERATORS__ --expt-relaxed-constexpr --compiler-options ''"'"'-fPIC'"'"'' -std=c++17 -DTORCH_API_INCLUDE_EXTENSION_H '-DPYBIND11_COMPILER_TYPE="_gcc"' '-DPYBIND11_STDLIB="_libstdcpp"' '-DPYBIND11_BUILD_ABI="_cxxabi1011"' -DTORCH_EXTENSION_NAME=_ext -D_GLIBCXX_USE_CXX11_ABI=0 -gencode=arch=compute_86,code=sm_86
  [53/136] /usr/app-soft1/cuda/cuda-12.2/bin/nvcc --generate-dependencies-with-compile --dependency-output /var/tmp/pip-install-tuu00oal/mmcv_34709ec07a1247aa9f36a5c75a41ccbe/build/temp.linux-x86_64-cpython-311/mmcv/ops/csrc/pytorch/cuda/masked_conv2d_cuda.o.d -DMMCV_WITH_CUDA -I/var/tmp/pip-install-tuu00oal/mmcv_34709ec07a1247aa9f36a5c75a41ccbe/mmcv/ops/csrc/pytorch -I/var/tmp/pip-install-tuu00oal/mmcv_34709ec07a1247aa9f36a5c75a41ccbe/mmcv/ops/csrc/common -I/var/tmp/pip-install-tuu00oal/mmcv_34709ec07a1247aa9f36a5c75a41ccbe/mmcv/ops/csrc/common/cuda -I/home/taah3149/Documents/Group_Studies/.venv/lib64/python3.11/site-packages/torch/include -I/home/taah3149/Documents/Group_Studies/.venv/lib64/python3.11/site-packages/torch/include/torch/csrc/api/include -I/home/taah3149/Documents/Group_Studies/.venv/lib64/python3.11/site-packages/torch/include/TH -I/home/taah3149/Documents/Group_Studies/.venv/lib64/python3.11/site-packages/torch/include/THC -I/usr/app-soft1/cuda/cuda-12.2/include -I/home/taah3149/Documents/Group_Studies/.venv/include -I/usr/include/python3.11 -c -c /var/tmp/pip-install-tuu00oal/mmcv_34709ec07a1247aa9f36a5c75a41ccbe/mmcv/ops/csrc/pytorch/cuda/masked_conv2d_cuda.cu -o /var/tmp/pip-install-tuu00oal/mmcv_34709ec07a1247aa9f36a5c75a41ccbe/build/temp.linux-x86_64-cpython-311/mmcv/ops/csrc/pytorch/cuda/masked_conv2d_cuda.o -D__CUDA_NO_HALF_OPERATORS__ -D__CUDA_NO_HALF_CONVERSIONS__ -D__CUDA_NO_BFLOAT16_CONVERSIONS__ -D__CUDA_NO_HALF2_OPERATORS__ --expt-relaxed-constexpr --compiler-options ''"'"'-fPIC'"'"'' -std=c++17 -DTORCH_API_INCLUDE_EXTENSION_H '-DPYBIND11_COMPILER_TYPE="_gcc"' '-DPYBIND11_STDLIB="_libstdcpp"' '-DPYBIND11_BUILD_ABI="_cxxabi1011"' -DTORCH_EXTENSION_NAME=_ext -D_GLIBCXX_USE_CXX11_ABI=0 -gencode=arch=compute_86,code=sm_86
  [54/136] /usr/app-soft1/cuda/cuda-12.2/bin/nvcc --generate-dependencies-with-compile --dependency-output /var/tmp/pip-install-tuu00oal/mmcv_34709ec07a1247aa9f36a5c75a41ccbe/build/temp.linux-x86_64-cpython-311/mmcv/ops/csrc/pytorch/cuda/deform_conv_cuda.o.d -DMMCV_WITH_CUDA -I/var/tmp/pip-install-tuu00oal/mmcv_34709ec07a1247aa9f36a5c75a41ccbe/mmcv/ops/csrc/pytorch -I/var/tmp/pip-install-tuu00oal/mmcv_34709ec07a1247aa9f36a5c75a41ccbe/mmcv/ops/csrc/common -I/var/tmp/pip-install-tuu00oal/mmcv_34709ec07a1247aa9f36a5c75a41ccbe/mmcv/ops/csrc/common/cuda -I/home/taah3149/Documents/Group_Studies/.venv/lib64/python3.11/site-packages/torch/include -I/home/taah3149/Documents/Group_Studies/.venv/lib64/python3.11/site-packages/torch/include/torch/csrc/api/include -I/home/taah3149/Documents/Group_Studies/.venv/lib64/python3.11/site-packages/torch/include/TH -I/home/taah3149/Documents/Group_Studies/.venv/lib64/python3.11/site-packages/torch/include/THC -I/usr/app-soft1/cuda/cuda-12.2/include -I/home/taah3149/Documents/Group_Studies/.venv/include -I/usr/include/python3.11 -c -c /var/tmp/pip-install-tuu00oal/mmcv_34709ec07a1247aa9f36a5c75a41ccbe/mmcv/ops/csrc/pytorch/cuda/deform_conv_cuda.cu -o /var/tmp/pip-install-tuu00oal/mmcv_34709ec07a1247aa9f36a5c75a41ccbe/build/temp.linux-x86_64-cpython-311/mmcv/ops/csrc/pytorch/cuda/deform_conv_cuda.o -D__CUDA_NO_HALF_OPERATORS__ -D__CUDA_NO_HALF_CONVERSIONS__ -D__CUDA_NO_BFLOAT16_CONVERSIONS__ -D__CUDA_NO_HALF2_OPERATORS__ --expt-relaxed-constexpr --compiler-options ''"'"'-fPIC'"'"'' -std=c++17 -DTORCH_API_INCLUDE_EXTENSION_H '-DPYBIND11_COMPILER_TYPE="_gcc"' '-DPYBIND11_STDLIB="_libstdcpp"' '-DPYBIND11_BUILD_ABI="_cxxabi1011"' -DTORCH_EXTENSION_NAME=_ext -D_GLIBCXX_USE_CXX11_ABI=0 -gencode=arch=compute_86,code=sm_86
  [55/136] /usr/app-soft1/cuda/cuda-12.2/bin/nvcc --generate-dependencies-with-compile --dependency-output /var/tmp/pip-install-tuu00oal/mmcv_34709ec07a1247aa9f36a5c75a41ccbe/build/temp.linux-x86_64-cpython-311/mmcv/ops/csrc/pytorch/cuda/furthest_point_sample_cuda.o.d -DMMCV_WITH_CUDA -I/var/tmp/pip-install-tuu00oal/mmcv_34709ec07a1247aa9f36a5c75a41ccbe/mmcv/ops/csrc/pytorch -I/var/tmp/pip-install-tuu00oal/mmcv_34709ec07a1247aa9f36a5c75a41ccbe/mmcv/ops/csrc/common -I/var/tmp/pip-install-tuu00oal/mmcv_34709ec07a1247aa9f36a5c75a41ccbe/mmcv/ops/csrc/common/cuda -I/home/taah3149/Documents/Group_Studies/.venv/lib64/python3.11/site-packages/torch/include -I/home/taah3149/Documents/Group_Studies/.venv/lib64/python3.11/site-packages/torch/include/torch/csrc/api/include -I/home/taah3149/Documents/Group_Studies/.venv/lib64/python3.11/site-packages/torch/include/TH -I/home/taah3149/Documents/Group_Studies/.venv/lib64/python3.11/site-packages/torch/include/THC -I/usr/app-soft1/cuda/cuda-12.2/include -I/home/taah3149/Documents/Group_Studies/.venv/include -I/usr/include/python3.11 -c -c /var/tmp/pip-install-tuu00oal/mmcv_34709ec07a1247aa9f36a5c75a41ccbe/mmcv/ops/csrc/pytorch/cuda/furthest_point_sample_cuda.cu -o /var/tmp/pip-install-tuu00oal/mmcv_34709ec07a1247aa9f36a5c75a41ccbe/build/temp.linux-x86_64-cpython-311/mmcv/ops/csrc/pytorch/cuda/furthest_point_sample_cuda.o -D__CUDA_NO_HALF_OPERATORS__ -D__CUDA_NO_HALF_CONVERSIONS__ -D__CUDA_NO_BFLOAT16_CONVERSIONS__ -D__CUDA_NO_HALF2_OPERATORS__ --expt-relaxed-constexpr --compiler-options ''"'"'-fPIC'"'"'' -std=c++17 -DTORCH_API_INCLUDE_EXTENSION_H '-DPYBIND11_COMPILER_TYPE="_gcc"' '-DPYBIND11_STDLIB="_libstdcpp"' '-DPYBIND11_BUILD_ABI="_cxxabi1011"' -DTORCH_EXTENSION_NAME=_ext -D_GLIBCXX_USE_CXX11_ABI=0 -gencode=arch=compute_86,code=sm_86
  [56/136] /usr/app-soft1/cuda/cuda-12.2/bin/nvcc --generate-dependencies-with-compile --dependency-output /var/tmp/pip-install-tuu00oal/mmcv_34709ec07a1247aa9f36a5c75a41ccbe/build/temp.linux-x86_64-cpython-311/mmcv/ops/csrc/pytorch/cuda/knn_cuda.o.d -DMMCV_WITH_CUDA -I/var/tmp/pip-install-tuu00oal/mmcv_34709ec07a1247aa9f36a5c75a41ccbe/mmcv/ops/csrc/pytorch -I/var/tmp/pip-install-tuu00oal/mmcv_34709ec07a1247aa9f36a5c75a41ccbe/mmcv/ops/csrc/common -I/var/tmp/pip-install-tuu00oal/mmcv_34709ec07a1247aa9f36a5c75a41ccbe/mmcv/ops/csrc/common/cuda -I/home/taah3149/Documents/Group_Studies/.venv/lib64/python3.11/site-packages/torch/include -I/home/taah3149/Documents/Group_Studies/.venv/lib64/python3.11/site-packages/torch/include/torch/csrc/api/include -I/home/taah3149/Documents/Group_Studies/.venv/lib64/python3.11/site-packages/torch/include/TH -I/home/taah3149/Documents/Group_Studies/.venv/lib64/python3.11/site-packages/torch/include/THC -I/usr/app-soft1/cuda/cuda-12.2/include -I/home/taah3149/Documents/Group_Studies/.venv/include -I/usr/include/python3.11 -c -c /var/tmp/pip-install-tuu00oal/mmcv_34709ec07a1247aa9f36a5c75a41ccbe/mmcv/ops/csrc/pytorch/cuda/knn_cuda.cu -o /var/tmp/pip-install-tuu00oal/mmcv_34709ec07a1247aa9f36a5c75a41ccbe/build/temp.linux-x86_64-cpython-311/mmcv/ops/csrc/pytorch/cuda/knn_cuda.o -D__CUDA_NO_HALF_OPERATORS__ -D__CUDA_NO_HALF_CONVERSIONS__ -D__CUDA_NO_BFLOAT16_CONVERSIONS__ -D__CUDA_NO_HALF2_OPERATORS__ --expt-relaxed-constexpr --compiler-options ''"'"'-fPIC'"'"'' -std=c++17 -DTORCH_API_INCLUDE_EXTENSION_H '-DPYBIND11_COMPILER_TYPE="_gcc"' '-DPYBIND11_STDLIB="_libstdcpp"' '-DPYBIND11_BUILD_ABI="_cxxabi1011"' -DTORCH_EXTENSION_NAME=_ext -D_GLIBCXX_USE_CXX11_ABI=0 -gencode=arch=compute_86,code=sm_86
  [57/136] /usr/app-soft1/cuda/cuda-12.2/bin/nvcc --generate-dependencies-with-compile --dependency-output /var/tmp/pip-install-tuu00oal/mmcv_34709ec07a1247aa9f36a5c75a41ccbe/build/temp.linux-x86_64-cpython-311/mmcv/ops/csrc/pytorch/cuda/nms_cuda.o.d -DMMCV_WITH_CUDA -I/var/tmp/pip-install-tuu00oal/mmcv_34709ec07a1247aa9f36a5c75a41ccbe/mmcv/ops/csrc/pytorch -I/var/tmp/pip-install-tuu00oal/mmcv_34709ec07a1247aa9f36a5c75a41ccbe/mmcv/ops/csrc/common -I/var/tmp/pip-install-tuu00oal/mmcv_34709ec07a1247aa9f36a5c75a41ccbe/mmcv/ops/csrc/common/cuda -I/home/taah3149/Documents/Group_Studies/.venv/lib64/python3.11/site-packages/torch/include -I/home/taah3149/Documents/Group_Studies/.venv/lib64/python3.11/site-packages/torch/include/torch/csrc/api/include -I/home/taah3149/Documents/Group_Studies/.venv/lib64/python3.11/site-packages/torch/include/TH -I/home/taah3149/Documents/Group_Studies/.venv/lib64/python3.11/site-packages/torch/include/THC -I/usr/app-soft1/cuda/cuda-12.2/include -I/home/taah3149/Documents/Group_Studies/.venv/include -I/usr/include/python3.11 -c -c /var/tmp/pip-install-tuu00oal/mmcv_34709ec07a1247aa9f36a5c75a41ccbe/mmcv/ops/csrc/pytorch/cuda/nms_cuda.cu -o /var/tmp/pip-install-tuu00oal/mmcv_34709ec07a1247aa9f36a5c75a41ccbe/build/temp.linux-x86_64-cpython-311/mmcv/ops/csrc/pytorch/cuda/nms_cuda.o -D__CUDA_NO_HALF_OPERATORS__ -D__CUDA_NO_HALF_CONVERSIONS__ -D__CUDA_NO_BFLOAT16_CONVERSIONS__ -D__CUDA_NO_HALF2_OPERATORS__ --expt-relaxed-constexpr --compiler-options ''"'"'-fPIC'"'"'' -std=c++17 -DTORCH_API_INCLUDE_EXTENSION_H '-DPYBIND11_COMPILER_TYPE="_gcc"' '-DPYBIND11_STDLIB="_libstdcpp"' '-DPYBIND11_BUILD_ABI="_cxxabi1011"' -DTORCH_EXTENSION_NAME=_ext -D_GLIBCXX_USE_CXX11_ABI=0 -gencode=arch=compute_86,code=sm_86
  [58/136] /usr/app-soft1/cuda/cuda-12.2/bin/nvcc --generate-dependencies-with-compile --dependency-output /var/tmp/pip-install-tuu00oal/mmcv_34709ec07a1247aa9f36a5c75a41ccbe/build/temp.linux-x86_64-cpython-311/mmcv/ops/csrc/pytorch/cuda/modulated_deform_conv_cuda.o.d -DMMCV_WITH_CUDA -I/var/tmp/pip-install-tuu00oal/mmcv_34709ec07a1247aa9f36a5c75a41ccbe/mmcv/ops/csrc/pytorch -I/var/tmp/pip-install-tuu00oal/mmcv_34709ec07a1247aa9f36a5c75a41ccbe/mmcv/ops/csrc/common -I/var/tmp/pip-install-tuu00oal/mmcv_34709ec07a1247aa9f36a5c75a41ccbe/mmcv/ops/csrc/common/cuda -I/home/taah3149/Documents/Group_Studies/.venv/lib64/python3.11/site-packages/torch/include -I/home/taah3149/Documents/Group_Studies/.venv/lib64/python3.11/site-packages/torch/include/torch/csrc/api/include -I/home/taah3149/Documents/Group_Studies/.venv/lib64/python3.11/site-packages/torch/include/TH -I/home/taah3149/Documents/Group_Studies/.venv/lib64/python3.11/site-packages/torch/include/THC -I/usr/app-soft1/cuda/cuda-12.2/include -I/home/taah3149/Documents/Group_Studies/.venv/include -I/usr/include/python3.11 -c -c /var/tmp/pip-install-tuu00oal/mmcv_34709ec07a1247aa9f36a5c75a41ccbe/mmcv/ops/csrc/pytorch/cuda/modulated_deform_conv_cuda.cu -o /var/tmp/pip-install-tuu00oal/mmcv_34709ec07a1247aa9f36a5c75a41ccbe/build/temp.linux-x86_64-cpython-311/mmcv/ops/csrc/pytorch/cuda/modulated_deform_conv_cuda.o -D__CUDA_NO_HALF_OPERATORS__ -D__CUDA_NO_HALF_CONVERSIONS__ -D__CUDA_NO_BFLOAT16_CONVERSIONS__ -D__CUDA_NO_HALF2_OPERATORS__ --expt-relaxed-constexpr --compiler-options ''"'"'-fPIC'"'"'' -std=c++17 -DTORCH_API_INCLUDE_EXTENSION_H '-DPYBIND11_COMPILER_TYPE="_gcc"' '-DPYBIND11_STDLIB="_libstdcpp"' '-DPYBIND11_BUILD_ABI="_cxxabi1011"' -DTORCH_EXTENSION_NAME=_ext -D_GLIBCXX_USE_CXX11_ABI=0 -gencode=arch=compute_86,code=sm_86
  [59/136] /usr/app-soft1/cuda/cuda-12.2/bin/nvcc --generate-dependencies-with-compile --dependency-output /var/tmp/pip-install-tuu00oal/mmcv_34709ec07a1247aa9f36a5c75a41ccbe/build/temp.linux-x86_64-cpython-311/mmcv/ops/csrc/pytorch/cuda/points_in_polygons_cuda.o.d -DMMCV_WITH_CUDA -I/var/tmp/pip-install-tuu00oal/mmcv_34709ec07a1247aa9f36a5c75a41ccbe/mmcv/ops/csrc/pytorch -I/var/tmp/pip-install-tuu00oal/mmcv_34709ec07a1247aa9f36a5c75a41ccbe/mmcv/ops/csrc/common -I/var/tmp/pip-install-tuu00oal/mmcv_34709ec07a1247aa9f36a5c75a41ccbe/mmcv/ops/csrc/common/cuda -I/home/taah3149/Documents/Group_Studies/.venv/lib64/python3.11/site-packages/torch/include -I/home/taah3149/Documents/Group_Studies/.venv/lib64/python3.11/site-packages/torch/include/torch/csrc/api/include -I/home/taah3149/Documents/Group_Studies/.venv/lib64/python3.11/site-packages/torch/include/TH -I/home/taah3149/Documents/Group_Studies/.venv/lib64/python3.11/site-packages/torch/include/THC -I/usr/app-soft1/cuda/cuda-12.2/include -I/home/taah3149/Documents/Group_Studies/.venv/include -I/usr/include/python3.11 -c -c /var/tmp/pip-install-tuu00oal/mmcv_34709ec07a1247aa9f36a5c75a41ccbe/mmcv/ops/csrc/pytorch/cuda/points_in_polygons_cuda.cu -o /var/tmp/pip-install-tuu00oal/mmcv_34709ec07a1247aa9f36a5c75a41ccbe/build/temp.linux-x86_64-cpython-311/mmcv/ops/csrc/pytorch/cuda/points_in_polygons_cuda.o -D__CUDA_NO_HALF_OPERATORS__ -D__CUDA_NO_HALF_CONVERSIONS__ -D__CUDA_NO_BFLOAT16_CONVERSIONS__ -D__CUDA_NO_HALF2_OPERATORS__ --expt-relaxed-constexpr --compiler-options ''"'"'-fPIC'"'"'' -std=c++17 -DTORCH_API_INCLUDE_EXTENSION_H '-DPYBIND11_COMPILER_TYPE="_gcc"' '-DPYBIND11_STDLIB="_libstdcpp"' '-DPYBIND11_BUILD_ABI="_cxxabi1011"' -DTORCH_EXTENSION_NAME=_ext -D_GLIBCXX_USE_CXX11_ABI=0 -gencode=arch=compute_86,code=sm_86
  [60/136] /usr/app-soft1/cuda/cuda-12.2/bin/nvcc --generate-dependencies-with-compile --dependency-output /var/tmp/pip-install-tuu00oal/mmcv_34709ec07a1247aa9f36a5c75a41ccbe/build/temp.linux-x86_64-cpython-311/mmcv/ops/csrc/pytorch/cuda/prroi_pool_cuda.o.d -DMMCV_WITH_CUDA -I/var/tmp/pip-install-tuu00oal/mmcv_34709ec07a1247aa9f36a5c75a41ccbe/mmcv/ops/csrc/pytorch -I/var/tmp/pip-install-tuu00oal/mmcv_34709ec07a1247aa9f36a5c75a41ccbe/mmcv/ops/csrc/common -I/var/tmp/pip-install-tuu00oal/mmcv_34709ec07a1247aa9f36a5c75a41ccbe/mmcv/ops/csrc/common/cuda -I/home/taah3149/Documents/Group_Studies/.venv/lib64/python3.11/site-packages/torch/include -I/home/taah3149/Documents/Group_Studies/.venv/lib64/python3.11/site-packages/torch/include/torch/csrc/api/include -I/home/taah3149/Documents/Group_Studies/.venv/lib64/python3.11/site-packages/torch/include/TH -I/home/taah3149/Documents/Group_Studies/.venv/lib64/python3.11/site-packages/torch/include/THC -I/usr/app-soft1/cuda/cuda-12.2/include -I/home/taah3149/Documents/Group_Studies/.venv/include -I/usr/include/python3.11 -c -c /var/tmp/pip-install-tuu00oal/mmcv_34709ec07a1247aa9f36a5c75a41ccbe/mmcv/ops/csrc/pytorch/cuda/prroi_pool_cuda.cu -o /var/tmp/pip-install-tuu00oal/mmcv_34709ec07a1247aa9f36a5c75a41ccbe/build/temp.linux-x86_64-cpython-311/mmcv/ops/csrc/pytorch/cuda/prroi_pool_cuda.o -D__CUDA_NO_HALF_OPERATORS__ -D__CUDA_NO_HALF_CONVERSIONS__ -D__CUDA_NO_BFLOAT16_CONVERSIONS__ -D__CUDA_NO_HALF2_OPERATORS__ --expt-relaxed-constexpr --compiler-options ''"'"'-fPIC'"'"'' -std=c++17 -DTORCH_API_INCLUDE_EXTENSION_H '-DPYBIND11_COMPILER_TYPE="_gcc"' '-DPYBIND11_STDLIB="_libstdcpp"' '-DPYBIND11_BUILD_ABI="_cxxabi1011"' -DTORCH_EXTENSION_NAME=_ext -D_GLIBCXX_USE_CXX11_ABI=0 -gencode=arch=compute_86,code=sm_86
  [61/136] /usr/app-soft1/cuda/cuda-12.2/bin/nvcc --generate-dependencies-with-compile --dependency-output /var/tmp/pip-install-tuu00oal/mmcv_34709ec07a1247aa9f36a5c75a41ccbe/build/temp.linux-x86_64-cpython-311/mmcv/ops/csrc/pytorch/cuda/points_in_boxes_cuda.o.d -DMMCV_WITH_CUDA -I/var/tmp/pip-install-tuu00oal/mmcv_34709ec07a1247aa9f36a5c75a41ccbe/mmcv/ops/csrc/pytorch -I/var/tmp/pip-install-tuu00oal/mmcv_34709ec07a1247aa9f36a5c75a41ccbe/mmcv/ops/csrc/common -I/var/tmp/pip-install-tuu00oal/mmcv_34709ec07a1247aa9f36a5c75a41ccbe/mmcv/ops/csrc/common/cuda -I/home/taah3149/Documents/Group_Studies/.venv/lib64/python3.11/site-packages/torch/include -I/home/taah3149/Documents/Group_Studies/.venv/lib64/python3.11/site-packages/torch/include/torch/csrc/api/include -I/home/taah3149/Documents/Group_Studies/.venv/lib64/python3.11/site-packages/torch/include/TH -I/home/taah3149/Documents/Group_Studies/.venv/lib64/python3.11/site-packages/torch/include/THC -I/usr/app-soft1/cuda/cuda-12.2/include -I/home/taah3149/Documents/Group_Studies/.venv/include -I/usr/include/python3.11 -c -c /var/tmp/pip-install-tuu00oal/mmcv_34709ec07a1247aa9f36a5c75a41ccbe/mmcv/ops/csrc/pytorch/cuda/points_in_boxes_cuda.cu -o /var/tmp/pip-install-tuu00oal/mmcv_34709ec07a1247aa9f36a5c75a41ccbe/build/temp.linux-x86_64-cpython-311/mmcv/ops/csrc/pytorch/cuda/points_in_boxes_cuda.o -D__CUDA_NO_HALF_OPERATORS__ -D__CUDA_NO_HALF_CONVERSIONS__ -D__CUDA_NO_BFLOAT16_CONVERSIONS__ -D__CUDA_NO_HALF2_OPERATORS__ --expt-relaxed-constexpr --compiler-options ''"'"'-fPIC'"'"'' -std=c++17 -DTORCH_API_INCLUDE_EXTENSION_H '-DPYBIND11_COMPILER_TYPE="_gcc"' '-DPYBIND11_STDLIB="_libstdcpp"' '-DPYBIND11_BUILD_ABI="_cxxabi1011"' -DTORCH_EXTENSION_NAME=_ext -D_GLIBCXX_USE_CXX11_ABI=0 -gencode=arch=compute_86,code=sm_86
  [62/136] /usr/app-soft1/cuda/cuda-12.2/bin/nvcc --generate-dependencies-with-compile --dependency-output /var/tmp/pip-install-tuu00oal/mmcv_34709ec07a1247aa9f36a5c75a41ccbe/build/temp.linux-x86_64-cpython-311/mmcv/ops/csrc/pytorch/cuda/iou3d_cuda.o.d -DMMCV_WITH_CUDA -I/var/tmp/pip-install-tuu00oal/mmcv_34709ec07a1247aa9f36a5c75a41ccbe/mmcv/ops/csrc/pytorch -I/var/tmp/pip-install-tuu00oal/mmcv_34709ec07a1247aa9f36a5c75a41ccbe/mmcv/ops/csrc/common -I/var/tmp/pip-install-tuu00oal/mmcv_34709ec07a1247aa9f36a5c75a41ccbe/mmcv/ops/csrc/common/cuda -I/home/taah3149/Documents/Group_Studies/.venv/lib64/python3.11/site-packages/torch/include -I/home/taah3149/Documents/Group_Studies/.venv/lib64/python3.11/site-packages/torch/include/torch/csrc/api/include -I/home/taah3149/Documents/Group_Studies/.venv/lib64/python3.11/site-packages/torch/include/TH -I/home/taah3149/Documents/Group_Studies/.venv/lib64/python3.11/site-packages/torch/include/THC -I/usr/app-soft1/cuda/cuda-12.2/include -I/home/taah3149/Documents/Group_Studies/.venv/include -I/usr/include/python3.11 -c -c /var/tmp/pip-install-tuu00oal/mmcv_34709ec07a1247aa9f36a5c75a41ccbe/mmcv/ops/csrc/pytorch/cuda/iou3d_cuda.cu -o /var/tmp/pip-install-tuu00oal/mmcv_34709ec07a1247aa9f36a5c75a41ccbe/build/temp.linux-x86_64-cpython-311/mmcv/ops/csrc/pytorch/cuda/iou3d_cuda.o -D__CUDA_NO_HALF_OPERATORS__ -D__CUDA_NO_HALF_CONVERSIONS__ -D__CUDA_NO_BFLOAT16_CONVERSIONS__ -D__CUDA_NO_HALF2_OPERATORS__ --expt-relaxed-constexpr --compiler-options ''"'"'-fPIC'"'"'' -std=c++17 -DTORCH_API_INCLUDE_EXTENSION_H '-DPYBIND11_COMPILER_TYPE="_gcc"' '-DPYBIND11_STDLIB="_libstdcpp"' '-DPYBIND11_BUILD_ABI="_cxxabi1011"' -DTORCH_EXTENSION_NAME=_ext -D_GLIBCXX_USE_CXX11_ABI=0 -gencode=arch=compute_86,code=sm_86
  [63/136] /usr/app-soft1/cuda/cuda-12.2/bin/nvcc --generate-dependencies-with-compile --dependency-output /var/tmp/pip-install-tuu00oal/mmcv_34709ec07a1247aa9f36a5c75a41ccbe/build/temp.linux-x86_64-cpython-311/mmcv/ops/csrc/pytorch/cuda/min_area_polygons.o.d -DMMCV_WITH_CUDA -I/var/tmp/pip-install-tuu00oal/mmcv_34709ec07a1247aa9f36a5c75a41ccbe/mmcv/ops/csrc/pytorch -I/var/tmp/pip-install-tuu00oal/mmcv_34709ec07a1247aa9f36a5c75a41ccbe/mmcv/ops/csrc/common -I/var/tmp/pip-install-tuu00oal/mmcv_34709ec07a1247aa9f36a5c75a41ccbe/mmcv/ops/csrc/common/cuda -I/home/taah3149/Documents/Group_Studies/.venv/lib64/python3.11/site-packages/torch/include -I/home/taah3149/Documents/Group_Studies/.venv/lib64/python3.11/site-packages/torch/include/torch/csrc/api/include -I/home/taah3149/Documents/Group_Studies/.venv/lib64/python3.11/site-packages/torch/include/TH -I/home/taah3149/Documents/Group_Studies/.venv/lib64/python3.11/site-packages/torch/include/THC -I/usr/app-soft1/cuda/cuda-12.2/include -I/home/taah3149/Documents/Group_Studies/.venv/include -I/usr/include/python3.11 -c -c /var/tmp/pip-install-tuu00oal/mmcv_34709ec07a1247aa9f36a5c75a41ccbe/mmcv/ops/csrc/pytorch/cuda/min_area_polygons.cu -o /var/tmp/pip-install-tuu00oal/mmcv_34709ec07a1247aa9f36a5c75a41ccbe/build/temp.linux-x86_64-cpython-311/mmcv/ops/csrc/pytorch/cuda/min_area_polygons.o -D__CUDA_NO_HALF_OPERATORS__ -D__CUDA_NO_HALF_CONVERSIONS__ -D__CUDA_NO_BFLOAT16_CONVERSIONS__ -D__CUDA_NO_HALF2_OPERATORS__ --expt-relaxed-constexpr --compiler-options ''"'"'-fPIC'"'"'' -std=c++17 -DTORCH_API_INCLUDE_EXTENSION_H '-DPYBIND11_COMPILER_TYPE="_gcc"' '-DPYBIND11_STDLIB="_libstdcpp"' '-DPYBIND11_BUILD_ABI="_cxxabi1011"' -DTORCH_EXTENSION_NAME=_ext -D_GLIBCXX_USE_CXX11_ABI=0 -gencode=arch=compute_86,code=sm_86
  [64/136] /usr/app-soft1/cuda/cuda-12.2/bin/nvcc --generate-dependencies-with-compile --dependency-output /var/tmp/pip-install-tuu00oal/mmcv_34709ec07a1247aa9f36a5c75a41ccbe/build/temp.linux-x86_64-cpython-311/mmcv/ops/csrc/pytorch/cuda/roi_align_rotated_cuda.o.d -DMMCV_WITH_CUDA -I/var/tmp/pip-install-tuu00oal/mmcv_34709ec07a1247aa9f36a5c75a41ccbe/mmcv/ops/csrc/pytorch -I/var/tmp/pip-install-tuu00oal/mmcv_34709ec07a1247aa9f36a5c75a41ccbe/mmcv/ops/csrc/common -I/var/tmp/pip-install-tuu00oal/mmcv_34709ec07a1247aa9f36a5c75a41ccbe/mmcv/ops/csrc/common/cuda -I/home/taah3149/Documents/Group_Studies/.venv/lib64/python3.11/site-packages/torch/include -I/home/taah3149/Documents/Group_Studies/.venv/lib64/python3.11/site-packages/torch/include/torch/csrc/api/include -I/home/taah3149/Documents/Group_Studies/.venv/lib64/python3.11/site-packages/torch/include/TH -I/home/taah3149/Documents/Group_Studies/.venv/lib64/python3.11/site-packages/torch/include/THC -I/usr/app-soft1/cuda/cuda-12.2/include -I/home/taah3149/Documents/Group_Studies/.venv/include -I/usr/include/python3.11 -c -c /var/tmp/pip-install-tuu00oal/mmcv_34709ec07a1247aa9f36a5c75a41ccbe/mmcv/ops/csrc/pytorch/cuda/roi_align_rotated_cuda.cu -o /var/tmp/pip-install-tuu00oal/mmcv_34709ec07a1247aa9f36a5c75a41ccbe/build/temp.linux-x86_64-cpython-311/mmcv/ops/csrc/pytorch/cuda/roi_align_rotated_cuda.o -D__CUDA_NO_HALF_OPERATORS__ -D__CUDA_NO_HALF_CONVERSIONS__ -D__CUDA_NO_BFLOAT16_CONVERSIONS__ -D__CUDA_NO_HALF2_OPERATORS__ --expt-relaxed-constexpr --compiler-options ''"'"'-fPIC'"'"'' -std=c++17 -DTORCH_API_INCLUDE_EXTENSION_H '-DPYBIND11_COMPILER_TYPE="_gcc"' '-DPYBIND11_STDLIB="_libstdcpp"' '-DPYBIND11_BUILD_ABI="_cxxabi1011"' -DTORCH_EXTENSION_NAME=_ext -D_GLIBCXX_USE_CXX11_ABI=0 -gencode=arch=compute_86,code=sm_86
  [65/136] /usr/app-soft1/cuda/cuda-12.2/bin/nvcc --generate-dependencies-with-compile --dependency-output /var/tmp/pip-install-tuu00oal/mmcv_34709ec07a1247aa9f36a5c75a41ccbe/build/temp.linux-x86_64-cpython-311/mmcv/ops/csrc/pytorch/cuda/riroi_align_rotated_cuda.o.d -DMMCV_WITH_CUDA -I/var/tmp/pip-install-tuu00oal/mmcv_34709ec07a1247aa9f36a5c75a41ccbe/mmcv/ops/csrc/pytorch -I/var/tmp/pip-install-tuu00oal/mmcv_34709ec07a1247aa9f36a5c75a41ccbe/mmcv/ops/csrc/common -I/var/tmp/pip-install-tuu00oal/mmcv_34709ec07a1247aa9f36a5c75a41ccbe/mmcv/ops/csrc/common/cuda -I/home/taah3149/Documents/Group_Studies/.venv/lib64/python3.11/site-packages/torch/include -I/home/taah3149/Documents/Group_Studies/.venv/lib64/python3.11/site-packages/torch/include/torch/csrc/api/include -I/home/taah3149/Documents/Group_Studies/.venv/lib64/python3.11/site-packages/torch/include/TH -I/home/taah3149/Documents/Group_Studies/.venv/lib64/python3.11/site-packages/torch/include/THC -I/usr/app-soft1/cuda/cuda-12.2/include -I/home/taah3149/Documents/Group_Studies/.venv/include -I/usr/include/python3.11 -c -c /var/tmp/pip-install-tuu00oal/mmcv_34709ec07a1247aa9f36a5c75a41ccbe/mmcv/ops/csrc/pytorch/cuda/riroi_align_rotated_cuda.cu -o /var/tmp/pip-install-tuu00oal/mmcv_34709ec07a1247aa9f36a5c75a41ccbe/build/temp.linux-x86_64-cpython-311/mmcv/ops/csrc/pytorch/cuda/riroi_align_rotated_cuda.o -D__CUDA_NO_HALF_OPERATORS__ -D__CUDA_NO_HALF_CONVERSIONS__ -D__CUDA_NO_BFLOAT16_CONVERSIONS__ -D__CUDA_NO_HALF2_OPERATORS__ --expt-relaxed-constexpr --compiler-options ''"'"'-fPIC'"'"'' -std=c++17 -DTORCH_API_INCLUDE_EXTENSION_H '-DPYBIND11_COMPILER_TYPE="_gcc"' '-DPYBIND11_STDLIB="_libstdcpp"' '-DPYBIND11_BUILD_ABI="_cxxabi1011"' -DTORCH_EXTENSION_NAME=_ext -D_GLIBCXX_USE_CXX11_ABI=0 -gencode=arch=compute_86,code=sm_86
  [66/136] /usr/app-soft1/cuda/cuda-12.2/bin/nvcc --generate-dependencies-with-compile --dependency-output /var/tmp/pip-install-tuu00oal/mmcv_34709ec07a1247aa9f36a5c75a41ccbe/build/temp.linux-x86_64-cpython-311/mmcv/ops/csrc/pytorch/cuda/roi_align_cuda.o.d -DMMCV_WITH_CUDA -I/var/tmp/pip-install-tuu00oal/mmcv_34709ec07a1247aa9f36a5c75a41ccbe/mmcv/ops/csrc/pytorch -I/var/tmp/pip-install-tuu00oal/mmcv_34709ec07a1247aa9f36a5c75a41ccbe/mmcv/ops/csrc/common -I/var/tmp/pip-install-tuu00oal/mmcv_34709ec07a1247aa9f36a5c75a41ccbe/mmcv/ops/csrc/common/cuda -I/home/taah3149/Documents/Group_Studies/.venv/lib64/python3.11/site-packages/torch/include -I/home/taah3149/Documents/Group_Studies/.venv/lib64/python3.11/site-packages/torch/include/torch/csrc/api/include -I/home/taah3149/Documents/Group_Studies/.venv/lib64/python3.11/site-packages/torch/include/TH -I/home/taah3149/Documents/Group_Studies/.venv/lib64/python3.11/site-packages/torch/include/THC -I/usr/app-soft1/cuda/cuda-12.2/include -I/home/taah3149/Documents/Group_Studies/.venv/include -I/usr/include/python3.11 -c -c /var/tmp/pip-install-tuu00oal/mmcv_34709ec07a1247aa9f36a5c75a41ccbe/mmcv/ops/csrc/pytorch/cuda/roi_align_cuda.cu -o /var/tmp/pip-install-tuu00oal/mmcv_34709ec07a1247aa9f36a5c75a41ccbe/build/temp.linux-x86_64-cpython-311/mmcv/ops/csrc/pytorch/cuda/roi_align_cuda.o -D__CUDA_NO_HALF_OPERATORS__ -D__CUDA_NO_HALF_CONVERSIONS__ -D__CUDA_NO_BFLOAT16_CONVERSIONS__ -D__CUDA_NO_HALF2_OPERATORS__ --expt-relaxed-constexpr --compiler-options ''"'"'-fPIC'"'"'' -std=c++17 -DTORCH_API_INCLUDE_EXTENSION_H '-DPYBIND11_COMPILER_TYPE="_gcc"' '-DPYBIND11_STDLIB="_libstdcpp"' '-DPYBIND11_BUILD_ABI="_cxxabi1011"' -DTORCH_EXTENSION_NAME=_ext -D_GLIBCXX_USE_CXX11_ABI=0 -gencode=arch=compute_86,code=sm_86
  [67/136] /usr/app-soft1/cuda/cuda-12.2/bin/nvcc --generate-dependencies-with-compile --dependency-output /var/tmp/pip-install-tuu00oal/mmcv_34709ec07a1247aa9f36a5c75a41ccbe/build/temp.linux-x86_64-cpython-311/mmcv/ops/csrc/pytorch/cuda/roi_pool_cuda.o.d -DMMCV_WITH_CUDA -I/var/tmp/pip-install-tuu00oal/mmcv_34709ec07a1247aa9f36a5c75a41ccbe/mmcv/ops/csrc/pytorch -I/var/tmp/pip-install-tuu00oal/mmcv_34709ec07a1247aa9f36a5c75a41ccbe/mmcv/ops/csrc/common -I/var/tmp/pip-install-tuu00oal/mmcv_34709ec07a1247aa9f36a5c75a41ccbe/mmcv/ops/csrc/common/cuda -I/home/taah3149/Documents/Group_Studies/.venv/lib64/python3.11/site-packages/torch/include -I/home/taah3149/Documents/Group_Studies/.venv/lib64/python3.11/site-packages/torch/include/torch/csrc/api/include -I/home/taah3149/Documents/Group_Studies/.venv/lib64/python3.11/site-packages/torch/include/TH -I/home/taah3149/Documents/Group_Studies/.venv/lib64/python3.11/site-packages/torch/include/THC -I/usr/app-soft1/cuda/cuda-12.2/include -I/home/taah3149/Documents/Group_Studies/.venv/include -I/usr/include/python3.11 -c -c /var/tmp/pip-install-tuu00oal/mmcv_34709ec07a1247aa9f36a5c75a41ccbe/mmcv/ops/csrc/pytorch/cuda/roi_pool_cuda.cu -o /var/tmp/pip-install-tuu00oal/mmcv_34709ec07a1247aa9f36a5c75a41ccbe/build/temp.linux-x86_64-cpython-311/mmcv/ops/csrc/pytorch/cuda/roi_pool_cuda.o -D__CUDA_NO_HALF_OPERATORS__ -D__CUDA_NO_HALF_CONVERSIONS__ -D__CUDA_NO_BFLOAT16_CONVERSIONS__ -D__CUDA_NO_HALF2_OPERATORS__ --expt-relaxed-constexpr --compiler-options ''"'"'-fPIC'"'"'' -std=c++17 -DTORCH_API_INCLUDE_EXTENSION_H '-DPYBIND11_COMPILER_TYPE="_gcc"' '-DPYBIND11_STDLIB="_libstdcpp"' '-DPYBIND11_BUILD_ABI="_cxxabi1011"' -DTORCH_EXTENSION_NAME=_ext -D_GLIBCXX_USE_CXX11_ABI=0 -gencode=arch=compute_86,code=sm_86
  [68/136] /usr/app-soft1/cuda/cuda-12.2/bin/nvcc --generate-dependencies-with-compile --dependency-output /var/tmp/pip-install-tuu00oal/mmcv_34709ec07a1247aa9f36a5c75a41ccbe/build/temp.linux-x86_64-cpython-311/mmcv/ops/csrc/pytorch/cuda/ms_deform_attn_cuda.o.d -DMMCV_WITH_CUDA -I/var/tmp/pip-install-tuu00oal/mmcv_34709ec07a1247aa9f36a5c75a41ccbe/mmcv/ops/csrc/pytorch -I/var/tmp/pip-install-tuu00oal/mmcv_34709ec07a1247aa9f36a5c75a41ccbe/mmcv/ops/csrc/common -I/var/tmp/pip-install-tuu00oal/mmcv_34709ec07a1247aa9f36a5c75a41ccbe/mmcv/ops/csrc/common/cuda -I/home/taah3149/Documents/Group_Studies/.venv/lib64/python3.11/site-packages/torch/include -I/home/taah3149/Documents/Group_Studies/.venv/lib64/python3.11/site-packages/torch/include/torch/csrc/api/include -I/home/taah3149/Documents/Group_Studies/.venv/lib64/python3.11/site-packages/torch/include/TH -I/home/taah3149/Documents/Group_Studies/.venv/lib64/python3.11/site-packages/torch/include/THC -I/usr/app-soft1/cuda/cuda-12.2/include -I/home/taah3149/Documents/Group_Studies/.venv/include -I/usr/include/python3.11 -c -c /var/tmp/pip-install-tuu00oal/mmcv_34709ec07a1247aa9f36a5c75a41ccbe/mmcv/ops/csrc/pytorch/cuda/ms_deform_attn_cuda.cu -o /var/tmp/pip-install-tuu00oal/mmcv_34709ec07a1247aa9f36a5c75a41ccbe/build/temp.linux-x86_64-cpython-311/mmcv/ops/csrc/pytorch/cuda/ms_deform_attn_cuda.o -D__CUDA_NO_HALF_OPERATORS__ -D__CUDA_NO_HALF_CONVERSIONS__ -D__CUDA_NO_BFLOAT16_CONVERSIONS__ -D__CUDA_NO_HALF2_OPERATORS__ --expt-relaxed-constexpr --compiler-options ''"'"'-fPIC'"'"'' -std=c++17 -DTORCH_API_INCLUDE_EXTENSION_H '-DPYBIND11_COMPILER_TYPE="_gcc"' '-DPYBIND11_STDLIB="_libstdcpp"' '-DPYBIND11_BUILD_ABI="_cxxabi1011"' -DTORCH_EXTENSION_NAME=_ext -D_GLIBCXX_USE_CXX11_ABI=0 -gencode=arch=compute_86,code=sm_86
  [69/136] /usr/app-soft1/cuda/cuda-12.2/bin/nvcc --generate-dependencies-with-compile --dependency-output /var/tmp/pip-install-tuu00oal/mmcv_34709ec07a1247aa9f36a5c75a41ccbe/build/temp.linux-x86_64-cpython-311/mmcv/ops/csrc/pytorch/cuda/roipoint_pool3d_cuda.o.d -DMMCV_WITH_CUDA -I/var/tmp/pip-install-tuu00oal/mmcv_34709ec07a1247aa9f36a5c75a41ccbe/mmcv/ops/csrc/pytorch -I/var/tmp/pip-install-tuu00oal/mmcv_34709ec07a1247aa9f36a5c75a41ccbe/mmcv/ops/csrc/common -I/var/tmp/pip-install-tuu00oal/mmcv_34709ec07a1247aa9f36a5c75a41ccbe/mmcv/ops/csrc/common/cuda -I/home/taah3149/Documents/Group_Studies/.venv/lib64/python3.11/site-packages/torch/include -I/home/taah3149/Documents/Group_Studies/.venv/lib64/python3.11/site-packages/torch/include/torch/csrc/api/include -I/home/taah3149/Documents/Group_Studies/.venv/lib64/python3.11/site-packages/torch/include/TH -I/home/taah3149/Documents/Group_Studies/.venv/lib64/python3.11/site-packages/torch/include/THC -I/usr/app-soft1/cuda/cuda-12.2/include -I/home/taah3149/Documents/Group_Studies/.venv/include -I/usr/include/python3.11 -c -c /var/tmp/pip-install-tuu00oal/mmcv_34709ec07a1247aa9f36a5c75a41ccbe/mmcv/ops/csrc/pytorch/cuda/roipoint_pool3d_cuda.cu -o /var/tmp/pip-install-tuu00oal/mmcv_34709ec07a1247aa9f36a5c75a41ccbe/build/temp.linux-x86_64-cpython-311/mmcv/ops/csrc/pytorch/cuda/roipoint_pool3d_cuda.o -D__CUDA_NO_HALF_OPERATORS__ -D__CUDA_NO_HALF_CONVERSIONS__ -D__CUDA_NO_BFLOAT16_CONVERSIONS__ -D__CUDA_NO_HALF2_OPERATORS__ --expt-relaxed-constexpr --compiler-options ''"'"'-fPIC'"'"'' -std=c++17 -DTORCH_API_INCLUDE_EXTENSION_H '-DPYBIND11_COMPILER_TYPE="_gcc"' '-DPYBIND11_STDLIB="_libstdcpp"' '-DPYBIND11_BUILD_ABI="_cxxabi1011"' -DTORCH_EXTENSION_NAME=_ext -D_GLIBCXX_USE_CXX11_ABI=0 -gencode=arch=compute_86,code=sm_86
  [70/136] /usr/app-soft1/cuda/cuda-12.2/bin/nvcc --generate-dependencies-with-compile --dependency-output /var/tmp/pip-install-tuu00oal/mmcv_34709ec07a1247aa9f36a5c75a41ccbe/build/temp.linux-x86_64-cpython-311/mmcv/ops/csrc/pytorch/cuda/fused_bias_leakyrelu_cuda.o.d -DMMCV_WITH_CUDA -I/var/tmp/pip-install-tuu00oal/mmcv_34709ec07a1247aa9f36a5c75a41ccbe/mmcv/ops/csrc/pytorch -I/var/tmp/pip-install-tuu00oal/mmcv_34709ec07a1247aa9f36a5c75a41ccbe/mmcv/ops/csrc/common -I/var/tmp/pip-install-tuu00oal/mmcv_34709ec07a1247aa9f36a5c75a41ccbe/mmcv/ops/csrc/common/cuda -I/home/taah3149/Documents/Group_Studies/.venv/lib64/python3.11/site-packages/torch/include -I/home/taah3149/Documents/Group_Studies/.venv/lib64/python3.11/site-packages/torch/include/torch/csrc/api/include -I/home/taah3149/Documents/Group_Studies/.venv/lib64/python3.11/site-packages/torch/include/TH -I/home/taah3149/Documents/Group_Studies/.venv/lib64/python3.11/site-packages/torch/include/THC -I/usr/app-soft1/cuda/cuda-12.2/include -I/home/taah3149/Documents/Group_Studies/.venv/include -I/usr/include/python3.11 -c -c /var/tmp/pip-install-tuu00oal/mmcv_34709ec07a1247aa9f36a5c75a41ccbe/mmcv/ops/csrc/pytorch/cuda/fused_bias_leakyrelu_cuda.cu -o /var/tmp/pip-install-tuu00oal/mmcv_34709ec07a1247aa9f36a5c75a41ccbe/build/temp.linux-x86_64-cpython-311/mmcv/ops/csrc/pytorch/cuda/fused_bias_leakyrelu_cuda.o -D__CUDA_NO_HALF_OPERATORS__ -D__CUDA_NO_HALF_CONVERSIONS__ -D__CUDA_NO_BFLOAT16_CONVERSIONS__ -D__CUDA_NO_HALF2_OPERATORS__ --expt-relaxed-constexpr --compiler-options ''"'"'-fPIC'"'"'' -std=c++17 -DTORCH_API_INCLUDE_EXTENSION_H '-DPYBIND11_COMPILER_TYPE="_gcc"' '-DPYBIND11_STDLIB="_libstdcpp"' '-DPYBIND11_BUILD_ABI="_cxxabi1011"' -DTORCH_EXTENSION_NAME=_ext -D_GLIBCXX_USE_CXX11_ABI=0 -gencode=arch=compute_86,code=sm_86
  [71/136] /usr/app-soft1/cuda/cuda-12.2/bin/nvcc --generate-dependencies-with-compile --dependency-output /var/tmp/pip-install-tuu00oal/mmcv_34709ec07a1247aa9f36a5c75a41ccbe/build/temp.linux-x86_64-cpython-311/mmcv/ops/csrc/pytorch/cuda/roiaware_pool3d_cuda.o.d -DMMCV_WITH_CUDA -I/var/tmp/pip-install-tuu00oal/mmcv_34709ec07a1247aa9f36a5c75a41ccbe/mmcv/ops/csrc/pytorch -I/var/tmp/pip-install-tuu00oal/mmcv_34709ec07a1247aa9f36a5c75a41ccbe/mmcv/ops/csrc/common -I/var/tmp/pip-install-tuu00oal/mmcv_34709ec07a1247aa9f36a5c75a41ccbe/mmcv/ops/csrc/common/cuda -I/home/taah3149/Documents/Group_Studies/.venv/lib64/python3.11/site-packages/torch/include -I/home/taah3149/Documents/Group_Studies/.venv/lib64/python3.11/site-packages/torch/include/torch/csrc/api/include -I/home/taah3149/Documents/Group_Studies/.venv/lib64/python3.11/site-packages/torch/include/TH -I/home/taah3149/Documents/Group_Studies/.venv/lib64/python3.11/site-packages/torch/include/THC -I/usr/app-soft1/cuda/cuda-12.2/include -I/home/taah3149/Documents/Group_Studies/.venv/include -I/usr/include/python3.11 -c -c /var/tmp/pip-install-tuu00oal/mmcv_34709ec07a1247aa9f36a5c75a41ccbe/mmcv/ops/csrc/pytorch/cuda/roiaware_pool3d_cuda.cu -o /var/tmp/pip-install-tuu00oal/mmcv_34709ec07a1247aa9f36a5c75a41ccbe/build/temp.linux-x86_64-cpython-311/mmcv/ops/csrc/pytorch/cuda/roiaware_pool3d_cuda.o -D__CUDA_NO_HALF_OPERATORS__ -D__CUDA_NO_HALF_CONVERSIONS__ -D__CUDA_NO_BFLOAT16_CONVERSIONS__ -D__CUDA_NO_HALF2_OPERATORS__ --expt-relaxed-constexpr --compiler-options ''"'"'-fPIC'"'"'' -std=c++17 -DTORCH_API_INCLUDE_EXTENSION_H '-DPYBIND11_COMPILER_TYPE="_gcc"' '-DPYBIND11_STDLIB="_libstdcpp"' '-DPYBIND11_BUILD_ABI="_cxxabi1011"' -DTORCH_EXTENSION_NAME=_ext -D_GLIBCXX_USE_CXX11_ABI=0 -gencode=arch=compute_86,code=sm_86
  [72/136] /usr/app-soft1/cuda/cuda-12.2/bin/nvcc --generate-dependencies-with-compile --dependency-output /var/tmp/pip-install-tuu00oal/mmcv_34709ec07a1247aa9f36a5c75a41ccbe/build/temp.linux-x86_64-cpython-311/mmcv/ops/csrc/pytorch/cuda/rotated_feature_align_cuda.o.d -DMMCV_WITH_CUDA -I/var/tmp/pip-install-tuu00oal/mmcv_34709ec07a1247aa9f36a5c75a41ccbe/mmcv/ops/csrc/pytorch -I/var/tmp/pip-install-tuu00oal/mmcv_34709ec07a1247aa9f36a5c75a41ccbe/mmcv/ops/csrc/common -I/var/tmp/pip-install-tuu00oal/mmcv_34709ec07a1247aa9f36a5c75a41ccbe/mmcv/ops/csrc/common/cuda -I/home/taah3149/Documents/Group_Studies/.venv/lib64/python3.11/site-packages/torch/include -I/home/taah3149/Documents/Group_Studies/.venv/lib64/python3.11/site-packages/torch/include/torch/csrc/api/include -I/home/taah3149/Documents/Group_Studies/.venv/lib64/python3.11/site-packages/torch/include/TH -I/home/taah3149/Documents/Group_Studies/.venv/lib64/python3.11/site-packages/torch/include/THC -I/usr/app-soft1/cuda/cuda-12.2/include -I/home/taah3149/Documents/Group_Studies/.venv/include -I/usr/include/python3.11 -c -c /var/tmp/pip-install-tuu00oal/mmcv_34709ec07a1247aa9f36a5c75a41ccbe/mmcv/ops/csrc/pytorch/cuda/rotated_feature_align_cuda.cu -o /var/tmp/pip-install-tuu00oal/mmcv_34709ec07a1247aa9f36a5c75a41ccbe/build/temp.linux-x86_64-cpython-311/mmcv/ops/csrc/pytorch/cuda/rotated_feature_align_cuda.o -D__CUDA_NO_HALF_OPERATORS__ -D__CUDA_NO_HALF_CONVERSIONS__ -D__CUDA_NO_BFLOAT16_CONVERSIONS__ -D__CUDA_NO_HALF2_OPERATORS__ --expt-relaxed-constexpr --compiler-options ''"'"'-fPIC'"'"'' -std=c++17 -DTORCH_API_INCLUDE_EXTENSION_H '-DPYBIND11_COMPILER_TYPE="_gcc"' '-DPYBIND11_STDLIB="_libstdcpp"' '-DPYBIND11_BUILD_ABI="_cxxabi1011"' -DTORCH_EXTENSION_NAME=_ext -D_GLIBCXX_USE_CXX11_ABI=0 -gencode=arch=compute_86,code=sm_86
  [73/136] /usr/app-soft1/cuda/cuda-12.2/bin/nvcc --generate-dependencies-with-compile --dependency-output /var/tmp/pip-install-tuu00oal/mmcv_34709ec07a1247aa9f36a5c75a41ccbe/build/temp.linux-x86_64-cpython-311/mmcv/ops/csrc/pytorch/cuda/diff_iou_rotated_cuda.o.d -DMMCV_WITH_CUDA -I/var/tmp/pip-install-tuu00oal/mmcv_34709ec07a1247aa9f36a5c75a41ccbe/mmcv/ops/csrc/pytorch -I/var/tmp/pip-install-tuu00oal/mmcv_34709ec07a1247aa9f36a5c75a41ccbe/mmcv/ops/csrc/common -I/var/tmp/pip-install-tuu00oal/mmcv_34709ec07a1247aa9f36a5c75a41ccbe/mmcv/ops/csrc/common/cuda -I/home/taah3149/Documents/Group_Studies/.venv/lib64/python3.11/site-packages/torch/include -I/home/taah3149/Documents/Group_Studies/.venv/lib64/python3.11/site-packages/torch/include/torch/csrc/api/include -I/home/taah3149/Documents/Group_Studies/.venv/lib64/python3.11/site-packages/torch/include/TH -I/home/taah3149/Documents/Group_Studies/.venv/lib64/python3.11/site-packages/torch/include/THC -I/usr/app-soft1/cuda/cuda-12.2/include -I/home/taah3149/Documents/Group_Studies/.venv/include -I/usr/include/python3.11 -c -c /var/tmp/pip-install-tuu00oal/mmcv_34709ec07a1247aa9f36a5c75a41ccbe/mmcv/ops/csrc/pytorch/cuda/diff_iou_rotated_cuda.cu -o /var/tmp/pip-install-tuu00oal/mmcv_34709ec07a1247aa9f36a5c75a41ccbe/build/temp.linux-x86_64-cpython-311/mmcv/ops/csrc/pytorch/cuda/diff_iou_rotated_cuda.o -D__CUDA_NO_HALF_OPERATORS__ -D__CUDA_NO_HALF_CONVERSIONS__ -D__CUDA_NO_BFLOAT16_CONVERSIONS__ -D__CUDA_NO_HALF2_OPERATORS__ --expt-relaxed-constexpr --compiler-options ''"'"'-fPIC'"'"'' -std=c++17 -DTORCH_API_INCLUDE_EXTENSION_H '-DPYBIND11_COMPILER_TYPE="_gcc"' '-DPYBIND11_STDLIB="_libstdcpp"' '-DPYBIND11_BUILD_ABI="_cxxabi1011"' -DTORCH_EXTENSION_NAME=_ext -D_GLIBCXX_USE_CXX11_ABI=0 -gencode=arch=compute_86,code=sm_86
  [74/136] /usr/app-soft1/cuda/cuda-12.2/bin/nvcc --generate-dependencies-with-compile --dependency-output /var/tmp/pip-install-tuu00oal/mmcv_34709ec07a1247aa9f36a5c75a41ccbe/build/temp.linux-x86_64-cpython-311/mmcv/ops/csrc/pytorch/cuda/correlation_cuda.o.d -DMMCV_WITH_CUDA -I/var/tmp/pip-install-tuu00oal/mmcv_34709ec07a1247aa9f36a5c75a41ccbe/mmcv/ops/csrc/pytorch -I/var/tmp/pip-install-tuu00oal/mmcv_34709ec07a1247aa9f36a5c75a41ccbe/mmcv/ops/csrc/common -I/var/tmp/pip-install-tuu00oal/mmcv_34709ec07a1247aa9f36a5c75a41ccbe/mmcv/ops/csrc/common/cuda -I/home/taah3149/Documents/Group_Studies/.venv/lib64/python3.11/site-packages/torch/include -I/home/taah3149/Documents/Group_Studies/.venv/lib64/python3.11/site-packages/torch/include/torch/csrc/api/include -I/home/taah3149/Documents/Group_Studies/.venv/lib64/python3.11/site-packages/torch/include/TH -I/home/taah3149/Documents/Group_Studies/.venv/lib64/python3.11/site-packages/torch/include/THC -I/usr/app-soft1/cuda/cuda-12.2/include -I/home/taah3149/Documents/Group_Studies/.venv/include -I/usr/include/python3.11 -c -c /var/tmp/pip-install-tuu00oal/mmcv_34709ec07a1247aa9f36a5c75a41ccbe/mmcv/ops/csrc/pytorch/cuda/correlation_cuda.cu -o /var/tmp/pip-install-tuu00oal/mmcv_34709ec07a1247aa9f36a5c75a41ccbe/build/temp.linux-x86_64-cpython-311/mmcv/ops/csrc/pytorch/cuda/correlation_cuda.o -D__CUDA_NO_HALF_OPERATORS__ -D__CUDA_NO_HALF_CONVERSIONS__ -D__CUDA_NO_BFLOAT16_CONVERSIONS__ -D__CUDA_NO_HALF2_OPERATORS__ --expt-relaxed-constexpr --compiler-options ''"'"'-fPIC'"'"'' -std=c++17 -DTORCH_API_INCLUDE_EXTENSION_H '-DPYBIND11_COMPILER_TYPE="_gcc"' '-DPYBIND11_STDLIB="_libstdcpp"' '-DPYBIND11_BUILD_ABI="_cxxabi1011"' -DTORCH_EXTENSION_NAME=_ext -D_GLIBCXX_USE_CXX11_ABI=0 -gencode=arch=compute_86,code=sm_86
  [75/136] c++ -MMD -MF /var/tmp/pip-install-tuu00oal/mmcv_34709ec07a1247aa9f36a5c75a41ccbe/build/temp.linux-x86_64-cpython-311/mmcv/ops/csrc/pytorch/pybind.o.d -pthread -Wsign-compare -DDYNAMIC_ANNOTATIONS_ENABLED=1 -DNDEBUG -O2 -g -pipe -Wall -Werror=format-security -Wp,-D_FORTIFY_SOURCE=2 -Wp,-D_GLIBCXX_ASSERTIONS -fexceptions -fstack-protector-strong -grecord-gcc-switches -m64 -mtune=generic -fasynchronous-unwind-tables -fstack-clash-protection -fcf-protection -D_GNU_SOURCE -fPIC -fwrapv -O2 -g -pipe -Wall -Werror=format-security -Wp,-D_FORTIFY_SOURCE=2 -Wp,-D_GLIBCXX_ASSERTIONS -fexceptions -fstack-protector-strong -grecord-gcc-switches -m64 -mtune=generic -fasynchronous-unwind-tables -fstack-clash-protection -fcf-protection -D_GNU_SOURCE -fPIC -fwrapv -O2 -g -pipe -Wall -Werror=format-security -Wp,-D_FORTIFY_SOURCE=2 -Wp,-D_GLIBCXX_ASSERTIONS -fexceptions -fstack-protector-strong -grecord-gcc-switches -m64 -mtune=generic -fasynchronous-unwind-tables -fstack-clash-protection -fcf-protection -D_GNU_SOURCE -fPIC -fwrapv -fPIC -DMMCV_WITH_CUDA -I/var/tmp/pip-install-tuu00oal/mmcv_34709ec07a1247aa9f36a5c75a41ccbe/mmcv/ops/csrc/pytorch -I/var/tmp/pip-install-tuu00oal/mmcv_34709ec07a1247aa9f36a5c75a41ccbe/mmcv/ops/csrc/common -I/var/tmp/pip-install-tuu00oal/mmcv_34709ec07a1247aa9f36a5c75a41ccbe/mmcv/ops/csrc/common/cuda -I/home/taah3149/Documents/Group_Studies/.venv/lib64/python3.11/site-packages/torch/include -I/home/taah3149/Documents/Group_Studies/.venv/lib64/python3.11/site-packages/torch/include/torch/csrc/api/include -I/home/taah3149/Documents/Group_Studies/.venv/lib64/python3.11/site-packages/torch/include/TH -I/home/taah3149/Documents/Group_Studies/.venv/lib64/python3.11/site-packages/torch/include/THC -I/usr/app-soft1/cuda/cuda-12.2/include -I/home/taah3149/Documents/Group_Studies/.venv/include -I/usr/include/python3.11 -c -c /var/tmp/pip-install-tuu00oal/mmcv_34709ec07a1247aa9f36a5c75a41ccbe/mmcv/ops/csrc/pytorch/pybind.cpp -o /var/tmp/pip-install-tuu00oal/mmcv_34709ec07a1247aa9f36a5c75a41ccbe/build/temp.linux-x86_64-cpython-311/mmcv/ops/csrc/pytorch/pybind.o -std=c++17 -DTORCH_API_INCLUDE_EXTENSION_H '-DPYBIND11_COMPILER_TYPE="_gcc"' '-DPYBIND11_STDLIB="_libstdcpp"' '-DPYBIND11_BUILD_ABI="_cxxabi1011"' -DTORCH_EXTENSION_NAME=_ext -D_GLIBCXX_USE_CXX11_ABI=0
  FAILED: [code=1] /var/tmp/pip-install-tuu00oal/mmcv_34709ec07a1247aa9f36a5c75a41ccbe/build/temp.linux-x86_64-cpython-311/mmcv/ops/csrc/pytorch/pybind.o
  c++ -MMD -MF /var/tmp/pip-install-tuu00oal/mmcv_34709ec07a1247aa9f36a5c75a41ccbe/build/temp.linux-x86_64-cpython-311/mmcv/ops/csrc/pytorch/pybind.o.d -pthread -Wsign-compare -DDYNAMIC_ANNOTATIONS_ENABLED=1 -DNDEBUG -O2 -g -pipe -Wall -Werror=format-security -Wp,-D_FORTIFY_SOURCE=2 -Wp,-D_GLIBCXX_ASSERTIONS -fexceptions -fstack-protector-strong -grecord-gcc-switches -m64 -mtune=generic -fasynchronous-unwind-tables -fstack-clash-protection -fcf-protection -D_GNU_SOURCE -fPIC -fwrapv -O2 -g -pipe -Wall -Werror=format-security -Wp,-D_FORTIFY_SOURCE=2 -Wp,-D_GLIBCXX_ASSERTIONS -fexceptions -fstack-protector-strong -grecord-gcc-switches -m64 -mtune=generic -fasynchronous-unwind-tables -fstack-clash-protection -fcf-protection -D_GNU_SOURCE -fPIC -fwrapv -O2 -g -pipe -Wall -Werror=format-security -Wp,-D_FORTIFY_SOURCE=2 -Wp,-D_GLIBCXX_ASSERTIONS -fexceptions -fstack-protector-strong -grecord-gcc-switches -m64 -mtune=generic -fasynchronous-unwind-tables -fstack-clash-protection -fcf-protection -D_GNU_SOURCE -fPIC -fwrapv -fPIC -DMMCV_WITH_CUDA -I/var/tmp/pip-install-tuu00oal/mmcv_34709ec07a1247aa9f36a5c75a41ccbe/mmcv/ops/csrc/pytorch -I/var/tmp/pip-install-tuu00oal/mmcv_34709ec07a1247aa9f36a5c75a41ccbe/mmcv/ops/csrc/common -I/var/tmp/pip-install-tuu00oal/mmcv_34709ec07a1247aa9f36a5c75a41ccbe/mmcv/ops/csrc/common/cuda -I/home/taah3149/Documents/Group_Studies/.venv/lib64/python3.11/site-packages/torch/include -I/home/taah3149/Documents/Group_Studies/.venv/lib64/python3.11/site-packages/torch/include/torch/csrc/api/include -I/home/taah3149/Documents/Group_Studies/.venv/lib64/python3.11/site-packages/torch/include/TH -I/home/taah3149/Documents/Group_Studies/.venv/lib64/python3.11/site-packages/torch/include/THC -I/usr/app-soft1/cuda/cuda-12.2/include -I/home/taah3149/Documents/Group_Studies/.venv/include -I/usr/include/python3.11 -c -c /var/tmp/pip-install-tuu00oal/mmcv_34709ec07a1247aa9f36a5c75a41ccbe/mmcv/ops/csrc/pytorch/pybind.cpp -o /var/tmp/pip-install-tuu00oal/mmcv_34709ec07a1247aa9f36a5c75a41ccbe/build/temp.linux-x86_64-cpython-311/mmcv/ops/csrc/pytorch/pybind.o -std=c++17 -DTORCH_API_INCLUDE_EXTENSION_H '-DPYBIND11_COMPILER_TYPE="_gcc"' '-DPYBIND11_STDLIB="_libstdcpp"' '-DPYBIND11_BUILD_ABI="_cxxabi1011"' -DTORCH_EXTENSION_NAME=_ext -D_GLIBCXX_USE_CXX11_ABI=0
  In file included from /home/taah3149/Documents/Group_Studies/.venv/lib64/python3.11/site-packages/torch/include/torch/csrc/Device.h:4,
                   from /home/taah3149/Documents/Group_Studies/.venv/lib64/python3.11/site-packages/torch/include/torch/csrc/api/include/torch/python.h:8,
                   from /home/taah3149/Documents/Group_Studies/.venv/lib64/python3.11/site-packages/torch/include/torch/extension.h:9,
                   from /var/tmp/pip-install-tuu00oal/mmcv_34709ec07a1247aa9f36a5c75a41ccbe/mmcv/ops/csrc/pytorch/pybind.cpp:2:
  /home/taah3149/Documents/Group_Studies/.venv/lib64/python3.11/site-packages/torch/include/torch/csrc/python_headers.h:12:10: fatal error: Python.h: No such file or directory
     12 | #include <Python.h>
        |          ^~~~~~~~~~
  compilation terminated.
  [76/136] c++ -MMD -MF /var/tmp/pip-install-tuu00oal/mmcv_34709ec07a1247aa9f36a5c75a41ccbe/build/temp.linux-x86_64-cpython-311/mmcv/ops/csrc/pytorch/deform_conv.o.d -pthread -Wsign-compare -DDYNAMIC_ANNOTATIONS_ENABLED=1 -DNDEBUG -O2 -g -pipe -Wall -Werror=format-security -Wp,-D_FORTIFY_SOURCE=2 -Wp,-D_GLIBCXX_ASSERTIONS -fexceptions -fstack-protector-strong -grecord-gcc-switches -m64 -mtune=generic -fasynchronous-unwind-tables -fstack-clash-protection -fcf-protection -D_GNU_SOURCE -fPIC -fwrapv -O2 -g -pipe -Wall -Werror=format-security -Wp,-D_FORTIFY_SOURCE=2 -Wp,-D_GLIBCXX_ASSERTIONS -fexceptions -fstack-protector-strong -grecord-gcc-switches -m64 -mtune=generic -fasynchronous-unwind-tables -fstack-clash-protection -fcf-protection -D_GNU_SOURCE -fPIC -fwrapv -O2 -g -pipe -Wall -Werror=format-security -Wp,-D_FORTIFY_SOURCE=2 -Wp,-D_GLIBCXX_ASSERTIONS -fexceptions -fstack-protector-strong -grecord-gcc-switches -m64 -mtune=generic -fasynchronous-unwind-tables -fstack-clash-protection -fcf-protection -D_GNU_SOURCE -fPIC -fwrapv -fPIC -DMMCV_WITH_CUDA -I/var/tmp/pip-install-tuu00oal/mmcv_34709ec07a1247aa9f36a5c75a41ccbe/mmcv/ops/csrc/pytorch -I/var/tmp/pip-install-tuu00oal/mmcv_34709ec07a1247aa9f36a5c75a41ccbe/mmcv/ops/csrc/common -I/var/tmp/pip-install-tuu00oal/mmcv_34709ec07a1247aa9f36a5c75a41ccbe/mmcv/ops/csrc/common/cuda -I/home/taah3149/Documents/Group_Studies/.venv/lib64/python3.11/site-packages/torch/include -I/home/taah3149/Documents/Group_Studies/.venv/lib64/python3.11/site-packages/torch/include/torch/csrc/api/include -I/home/taah3149/Documents/Group_Studies/.venv/lib64/python3.11/site-packages/torch/include/TH -I/home/taah3149/Documents/Group_Studies/.venv/lib64/python3.11/site-packages/torch/include/THC -I/usr/app-soft1/cuda/cuda-12.2/include -I/home/taah3149/Documents/Group_Studies/.venv/include -I/usr/include/python3.11 -c -c /var/tmp/pip-install-tuu00oal/mmcv_34709ec07a1247aa9f36a5c75a41ccbe/mmcv/ops/csrc/pytorch/deform_conv.cpp -o /var/tmp/pip-install-tuu00oal/mmcv_34709ec07a1247aa9f36a5c75a41ccbe/build/temp.linux-x86_64-cpython-311/mmcv/ops/csrc/pytorch/deform_conv.o -std=c++17 -DTORCH_API_INCLUDE_EXTENSION_H '-DPYBIND11_COMPILER_TYPE="_gcc"' '-DPYBIND11_STDLIB="_libstdcpp"' '-DPYBIND11_BUILD_ABI="_cxxabi1011"' -DTORCH_EXTENSION_NAME=_ext -D_GLIBCXX_USE_CXX11_ABI=0
  [77/136] /usr/app-soft1/cuda/cuda-12.2/bin/nvcc --generate-dependencies-with-compile --dependency-output /var/tmp/pip-install-tuu00oal/mmcv_34709ec07a1247aa9f36a5c75a41ccbe/build/temp.linux-x86_64-cpython-311/mmcv/ops/csrc/pytorch/cuda/scatter_points_cuda.o.d -DMMCV_WITH_CUDA -I/var/tmp/pip-install-tuu00oal/mmcv_34709ec07a1247aa9f36a5c75a41ccbe/mmcv/ops/csrc/pytorch -I/var/tmp/pip-install-tuu00oal/mmcv_34709ec07a1247aa9f36a5c75a41ccbe/mmcv/ops/csrc/common -I/var/tmp/pip-install-tuu00oal/mmcv_34709ec07a1247aa9f36a5c75a41ccbe/mmcv/ops/csrc/common/cuda -I/home/taah3149/Documents/Group_Studies/.venv/lib64/python3.11/site-packages/torch/include -I/home/taah3149/Documents/Group_Studies/.venv/lib64/python3.11/site-packages/torch/include/torch/csrc/api/include -I/home/taah3149/Documents/Group_Studies/.venv/lib64/python3.11/site-packages/torch/include/TH -I/home/taah3149/Documents/Group_Studies/.venv/lib64/python3.11/site-packages/torch/include/THC -I/usr/app-soft1/cuda/cuda-12.2/include -I/home/taah3149/Documents/Group_Studies/.venv/include -I/usr/include/python3.11 -c -c /var/tmp/pip-install-tuu00oal/mmcv_34709ec07a1247aa9f36a5c75a41ccbe/mmcv/ops/csrc/pytorch/cuda/scatter_points_cuda.cu -o /var/tmp/pip-install-tuu00oal/mmcv_34709ec07a1247aa9f36a5c75a41ccbe/build/temp.linux-x86_64-cpython-311/mmcv/ops/csrc/pytorch/cuda/scatter_points_cuda.o -D__CUDA_NO_HALF_OPERATORS__ -D__CUDA_NO_HALF_CONVERSIONS__ -D__CUDA_NO_BFLOAT16_CONVERSIONS__ -D__CUDA_NO_HALF2_OPERATORS__ --expt-relaxed-constexpr --compiler-options ''"'"'-fPIC'"'"'' -std=c++17 -DTORCH_API_INCLUDE_EXTENSION_H '-DPYBIND11_COMPILER_TYPE="_gcc"' '-DPYBIND11_STDLIB="_libstdcpp"' '-DPYBIND11_BUILD_ABI="_cxxabi1011"' -DTORCH_EXTENSION_NAME=_ext -D_GLIBCXX_USE_CXX11_ABI=0 -gencode=arch=compute_86,code=sm_86
  [78/136] /usr/app-soft1/cuda/cuda-12.2/bin/nvcc --generate-dependencies-with-compile --dependency-output /var/tmp/pip-install-tuu00oal/mmcv_34709ec07a1247aa9f36a5c75a41ccbe/build/temp.linux-x86_64-cpython-311/mmcv/ops/csrc/pytorch/cuda/convex_iou.o.d -DMMCV_WITH_CUDA -I/var/tmp/pip-install-tuu00oal/mmcv_34709ec07a1247aa9f36a5c75a41ccbe/mmcv/ops/csrc/pytorch -I/var/tmp/pip-install-tuu00oal/mmcv_34709ec07a1247aa9f36a5c75a41ccbe/mmcv/ops/csrc/common -I/var/tmp/pip-install-tuu00oal/mmcv_34709ec07a1247aa9f36a5c75a41ccbe/mmcv/ops/csrc/common/cuda -I/home/taah3149/Documents/Group_Studies/.venv/lib64/python3.11/site-packages/torch/include -I/home/taah3149/Documents/Group_Studies/.venv/lib64/python3.11/site-packages/torch/include/torch/csrc/api/include -I/home/taah3149/Documents/Group_Studies/.venv/lib64/python3.11/site-packages/torch/include/TH -I/home/taah3149/Documents/Group_Studies/.venv/lib64/python3.11/site-packages/torch/include/THC -I/usr/app-soft1/cuda/cuda-12.2/include -I/home/taah3149/Documents/Group_Studies/.venv/include -I/usr/include/python3.11 -c -c /var/tmp/pip-install-tuu00oal/mmcv_34709ec07a1247aa9f36a5c75a41ccbe/mmcv/ops/csrc/pytorch/cuda/convex_iou.cu -o /var/tmp/pip-install-tuu00oal/mmcv_34709ec07a1247aa9f36a5c75a41ccbe/build/temp.linux-x86_64-cpython-311/mmcv/ops/csrc/pytorch/cuda/convex_iou.o -D__CUDA_NO_HALF_OPERATORS__ -D__CUDA_NO_HALF_CONVERSIONS__ -D__CUDA_NO_BFLOAT16_CONVERSIONS__ -D__CUDA_NO_HALF2_OPERATORS__ --expt-relaxed-constexpr --compiler-options ''"'"'-fPIC'"'"'' -std=c++17 -DTORCH_API_INCLUDE_EXTENSION_H '-DPYBIND11_COMPILER_TYPE="_gcc"' '-DPYBIND11_STDLIB="_libstdcpp"' '-DPYBIND11_BUILD_ABI="_cxxabi1011"' -DTORCH_EXTENSION_NAME=_ext -D_GLIBCXX_USE_CXX11_ABI=0 -gencode=arch=compute_86,code=sm_86
  [79/136] /usr/app-soft1/cuda/cuda-12.2/bin/nvcc --generate-dependencies-with-compile --dependency-output /var/tmp/pip-install-tuu00oal/mmcv_34709ec07a1247aa9f36a5c75a41ccbe/build/temp.linux-x86_64-cpython-311/mmcv/ops/csrc/pytorch/cuda/stack_group_points_cuda.o.d -DMMCV_WITH_CUDA -I/var/tmp/pip-install-tuu00oal/mmcv_34709ec07a1247aa9f36a5c75a41ccbe/mmcv/ops/csrc/pytorch -I/var/tmp/pip-install-tuu00oal/mmcv_34709ec07a1247aa9f36a5c75a41ccbe/mmcv/ops/csrc/common -I/var/tmp/pip-install-tuu00oal/mmcv_34709ec07a1247aa9f36a5c75a41ccbe/mmcv/ops/csrc/common/cuda -I/home/taah3149/Documents/Group_Studies/.venv/lib64/python3.11/site-packages/torch/include -I/home/taah3149/Documents/Group_Studies/.venv/lib64/python3.11/site-packages/torch/include/torch/csrc/api/include -I/home/taah3149/Documents/Group_Studies/.venv/lib64/python3.11/site-packages/torch/include/TH -I/home/taah3149/Documents/Group_Studies/.venv/lib64/python3.11/site-packages/torch/include/THC -I/usr/app-soft1/cuda/cuda-12.2/include -I/home/taah3149/Documents/Group_Studies/.venv/include -I/usr/include/python3.11 -c -c /var/tmp/pip-install-tuu00oal/mmcv_34709ec07a1247aa9f36a5c75a41ccbe/mmcv/ops/csrc/pytorch/cuda/stack_group_points_cuda.cu -o /var/tmp/pip-install-tuu00oal/mmcv_34709ec07a1247aa9f36a5c75a41ccbe/build/temp.linux-x86_64-cpython-311/mmcv/ops/csrc/pytorch/cuda/stack_group_points_cuda.o -D__CUDA_NO_HALF_OPERATORS__ -D__CUDA_NO_HALF_CONVERSIONS__ -D__CUDA_NO_BFLOAT16_CONVERSIONS__ -D__CUDA_NO_HALF2_OPERATORS__ --expt-relaxed-constexpr --compiler-options ''"'"'-fPIC'"'"'' -std=c++17 -DTORCH_API_INCLUDE_EXTENSION_H '-DPYBIND11_COMPILER_TYPE="_gcc"' '-DPYBIND11_STDLIB="_libstdcpp"' '-DPYBIND11_BUILD_ABI="_cxxabi1011"' -DTORCH_EXTENSION_NAME=_ext -D_GLIBCXX_USE_CXX11_ABI=0 -gencode=arch=compute_86,code=sm_86
  [80/136] /usr/app-soft1/cuda/cuda-12.2/bin/nvcc --generate-dependencies-with-compile --dependency-output /var/tmp/pip-install-tuu00oal/mmcv_34709ec07a1247aa9f36a5c75a41ccbe/build/temp.linux-x86_64-cpython-311/mmcv/ops/csrc/pytorch/cuda/stack_ball_query_cuda.o.d -DMMCV_WITH_CUDA -I/var/tmp/pip-install-tuu00oal/mmcv_34709ec07a1247aa9f36a5c75a41ccbe/mmcv/ops/csrc/pytorch -I/var/tmp/pip-install-tuu00oal/mmcv_34709ec07a1247aa9f36a5c75a41ccbe/mmcv/ops/csrc/common -I/var/tmp/pip-install-tuu00oal/mmcv_34709ec07a1247aa9f36a5c75a41ccbe/mmcv/ops/csrc/common/cuda -I/home/taah3149/Documents/Group_Studies/.venv/lib64/python3.11/site-packages/torch/include -I/home/taah3149/Documents/Group_Studies/.venv/lib64/python3.11/site-packages/torch/include/torch/csrc/api/include -I/home/taah3149/Documents/Group_Studies/.venv/lib64/python3.11/site-packages/torch/include/TH -I/home/taah3149/Documents/Group_Studies/.venv/lib64/python3.11/site-packages/torch/include/THC -I/usr/app-soft1/cuda/cuda-12.2/include -I/home/taah3149/Documents/Group_Studies/.venv/include -I/usr/include/python3.11 -c -c /var/tmp/pip-install-tuu00oal/mmcv_34709ec07a1247aa9f36a5c75a41ccbe/mmcv/ops/csrc/pytorch/cuda/stack_ball_query_cuda.cu -o /var/tmp/pip-install-tuu00oal/mmcv_34709ec07a1247aa9f36a5c75a41ccbe/build/temp.linux-x86_64-cpython-311/mmcv/ops/csrc/pytorch/cuda/stack_ball_query_cuda.o -D__CUDA_NO_HALF_OPERATORS__ -D__CUDA_NO_HALF_CONVERSIONS__ -D__CUDA_NO_BFLOAT16_CONVERSIONS__ -D__CUDA_NO_HALF2_OPERATORS__ --expt-relaxed-constexpr --compiler-options ''"'"'-fPIC'"'"'' -std=c++17 -DTORCH_API_INCLUDE_EXTENSION_H '-DPYBIND11_COMPILER_TYPE="_gcc"' '-DPYBIND11_STDLIB="_libstdcpp"' '-DPYBIND11_BUILD_ABI="_cxxabi1011"' -DTORCH_EXTENSION_NAME=_ext -D_GLIBCXX_USE_CXX11_ABI=0 -gencode=arch=compute_86,code=sm_86
  [81/136] /usr/app-soft1/cuda/cuda-12.2/bin/nvcc --generate-dependencies-with-compile --dependency-output /var/tmp/pip-install-tuu00oal/mmcv_34709ec07a1247aa9f36a5c75a41ccbe/build/temp.linux-x86_64-cpython-311/mmcv/ops/csrc/pytorch/cuda/psamask_cuda.o.d -DMMCV_WITH_CUDA -I/var/tmp/pip-install-tuu00oal/mmcv_34709ec07a1247aa9f36a5c75a41ccbe/mmcv/ops/csrc/pytorch -I/var/tmp/pip-install-tuu00oal/mmcv_34709ec07a1247aa9f36a5c75a41ccbe/mmcv/ops/csrc/common -I/var/tmp/pip-install-tuu00oal/mmcv_34709ec07a1247aa9f36a5c75a41ccbe/mmcv/ops/csrc/common/cuda -I/home/taah3149/Documents/Group_Studies/.venv/lib64/python3.11/site-packages/torch/include -I/home/taah3149/Documents/Group_Studies/.venv/lib64/python3.11/site-packages/torch/include/torch/csrc/api/include -I/home/taah3149/Documents/Group_Studies/.venv/lib64/python3.11/site-packages/torch/include/TH -I/home/taah3149/Documents/Group_Studies/.venv/lib64/python3.11/site-packages/torch/include/THC -I/usr/app-soft1/cuda/cuda-12.2/include -I/home/taah3149/Documents/Group_Studies/.venv/include -I/usr/include/python3.11 -c -c /var/tmp/pip-install-tuu00oal/mmcv_34709ec07a1247aa9f36a5c75a41ccbe/mmcv/ops/csrc/pytorch/cuda/psamask_cuda.cu -o /var/tmp/pip-install-tuu00oal/mmcv_34709ec07a1247aa9f36a5c75a41ccbe/build/temp.linux-x86_64-cpython-311/mmcv/ops/csrc/pytorch/cuda/psamask_cuda.o -D__CUDA_NO_HALF_OPERATORS__ -D__CUDA_NO_HALF_CONVERSIONS__ -D__CUDA_NO_BFLOAT16_CONVERSIONS__ -D__CUDA_NO_HALF2_OPERATORS__ --expt-relaxed-constexpr --compiler-options ''"'"'-fPIC'"'"'' -std=c++17 -DTORCH_API_INCLUDE_EXTENSION_H '-DPYBIND11_COMPILER_TYPE="_gcc"' '-DPYBIND11_STDLIB="_libstdcpp"' '-DPYBIND11_BUILD_ABI="_cxxabi1011"' -DTORCH_EXTENSION_NAME=_ext -D_GLIBCXX_USE_CXX11_ABI=0 -gencode=arch=compute_86,code=sm_86
  [82/136] /usr/app-soft1/cuda/cuda-12.2/bin/nvcc --generate-dependencies-with-compile --dependency-output /var/tmp/pip-install-tuu00oal/mmcv_34709ec07a1247aa9f36a5c75a41ccbe/build/temp.linux-x86_64-cpython-311/mmcv/ops/csrc/pytorch/cuda/three_nn_cuda.o.d -DMMCV_WITH_CUDA -I/var/tmp/pip-install-tuu00oal/mmcv_34709ec07a1247aa9f36a5c75a41ccbe/mmcv/ops/csrc/pytorch -I/var/tmp/pip-install-tuu00oal/mmcv_34709ec07a1247aa9f36a5c75a41ccbe/mmcv/ops/csrc/common -I/var/tmp/pip-install-tuu00oal/mmcv_34709ec07a1247aa9f36a5c75a41ccbe/mmcv/ops/csrc/common/cuda -I/home/taah3149/Documents/Group_Studies/.venv/lib64/python3.11/site-packages/torch/include -I/home/taah3149/Documents/Group_Studies/.venv/lib64/python3.11/site-packages/torch/include/torch/csrc/api/include -I/home/taah3149/Documents/Group_Studies/.venv/lib64/python3.11/site-packages/torch/include/TH -I/home/taah3149/Documents/Group_Studies/.venv/lib64/python3.11/site-packages/torch/include/THC -I/usr/app-soft1/cuda/cuda-12.2/include -I/home/taah3149/Documents/Group_Studies/.venv/include -I/usr/include/python3.11 -c -c /var/tmp/pip-install-tuu00oal/mmcv_34709ec07a1247aa9f36a5c75a41ccbe/mmcv/ops/csrc/pytorch/cuda/three_nn_cuda.cu -o /var/tmp/pip-install-tuu00oal/mmcv_34709ec07a1247aa9f36a5c75a41ccbe/build/temp.linux-x86_64-cpython-311/mmcv/ops/csrc/pytorch/cuda/three_nn_cuda.o -D__CUDA_NO_HALF_OPERATORS__ -D__CUDA_NO_HALF_CONVERSIONS__ -D__CUDA_NO_BFLOAT16_CONVERSIONS__ -D__CUDA_NO_HALF2_OPERATORS__ --expt-relaxed-constexpr --compiler-options ''"'"'-fPIC'"'"'' -std=c++17 -DTORCH_API_INCLUDE_EXTENSION_H '-DPYBIND11_COMPILER_TYPE="_gcc"' '-DPYBIND11_STDLIB="_libstdcpp"' '-DPYBIND11_BUILD_ABI="_cxxabi1011"' -DTORCH_EXTENSION_NAME=_ext -D_GLIBCXX_USE_CXX11_ABI=0 -gencode=arch=compute_86,code=sm_86
  [83/136] /usr/app-soft1/cuda/cuda-12.2/bin/nvcc --generate-dependencies-with-compile --dependency-output /var/tmp/pip-install-tuu00oal/mmcv_34709ec07a1247aa9f36a5c75a41ccbe/build/temp.linux-x86_64-cpython-311/mmcv/ops/csrc/pytorch/cuda/sync_bn_cuda.o.d -DMMCV_WITH_CUDA -I/var/tmp/pip-install-tuu00oal/mmcv_34709ec07a1247aa9f36a5c75a41ccbe/mmcv/ops/csrc/pytorch -I/var/tmp/pip-install-tuu00oal/mmcv_34709ec07a1247aa9f36a5c75a41ccbe/mmcv/ops/csrc/common -I/var/tmp/pip-install-tuu00oal/mmcv_34709ec07a1247aa9f36a5c75a41ccbe/mmcv/ops/csrc/common/cuda -I/home/taah3149/Documents/Group_Studies/.venv/lib64/python3.11/site-packages/torch/include -I/home/taah3149/Documents/Group_Studies/.venv/lib64/python3.11/site-packages/torch/include/torch/csrc/api/include -I/home/taah3149/Documents/Group_Studies/.venv/lib64/python3.11/site-packages/torch/include/TH -I/home/taah3149/Documents/Group_Studies/.venv/lib64/python3.11/site-packages/torch/include/THC -I/usr/app-soft1/cuda/cuda-12.2/include -I/home/taah3149/Documents/Group_Studies/.venv/include -I/usr/include/python3.11 -c -c /var/tmp/pip-install-tuu00oal/mmcv_34709ec07a1247aa9f36a5c75a41ccbe/mmcv/ops/csrc/pytorch/cuda/sync_bn_cuda.cu -o /var/tmp/pip-install-tuu00oal/mmcv_34709ec07a1247aa9f36a5c75a41ccbe/build/temp.linux-x86_64-cpython-311/mmcv/ops/csrc/pytorch/cuda/sync_bn_cuda.o -D__CUDA_NO_HALF_OPERATORS__ -D__CUDA_NO_HALF_CONVERSIONS__ -D__CUDA_NO_BFLOAT16_CONVERSIONS__ -D__CUDA_NO_HALF2_OPERATORS__ --expt-relaxed-constexpr --compiler-options ''"'"'-fPIC'"'"'' -std=c++17 -DTORCH_API_INCLUDE_EXTENSION_H '-DPYBIND11_COMPILER_TYPE="_gcc"' '-DPYBIND11_STDLIB="_libstdcpp"' '-DPYBIND11_BUILD_ABI="_cxxabi1011"' -DTORCH_EXTENSION_NAME=_ext -D_GLIBCXX_USE_CXX11_ABI=0 -gencode=arch=compute_86,code=sm_86
  [84/136] /usr/app-soft1/cuda/cuda-12.2/bin/nvcc --generate-dependencies-with-compile --dependency-output /var/tmp/pip-install-tuu00oal/mmcv_34709ec07a1247aa9f36a5c75a41ccbe/build/temp.linux-x86_64-cpython-311/mmcv/ops/csrc/pytorch/cuda/three_interpolate_cuda.o.d -DMMCV_WITH_CUDA -I/var/tmp/pip-install-tuu00oal/mmcv_34709ec07a1247aa9f36a5c75a41ccbe/mmcv/ops/csrc/pytorch -I/var/tmp/pip-install-tuu00oal/mmcv_34709ec07a1247aa9f36a5c75a41ccbe/mmcv/ops/csrc/common -I/var/tmp/pip-install-tuu00oal/mmcv_34709ec07a1247aa9f36a5c75a41ccbe/mmcv/ops/csrc/common/cuda -I/home/taah3149/Documents/Group_Studies/.venv/lib64/python3.11/site-packages/torch/include -I/home/taah3149/Documents/Group_Studies/.venv/lib64/python3.11/site-packages/torch/include/torch/csrc/api/include -I/home/taah3149/Documents/Group_Studies/.venv/lib64/python3.11/site-packages/torch/include/TH -I/home/taah3149/Documents/Group_Studies/.venv/lib64/python3.11/site-packages/torch/include/THC -I/usr/app-soft1/cuda/cuda-12.2/include -I/home/taah3149/Documents/Group_Studies/.venv/include -I/usr/include/python3.11 -c -c /var/tmp/pip-install-tuu00oal/mmcv_34709ec07a1247aa9f36a5c75a41ccbe/mmcv/ops/csrc/pytorch/cuda/three_interpolate_cuda.cu -o /var/tmp/pip-install-tuu00oal/mmcv_34709ec07a1247aa9f36a5c75a41ccbe/build/temp.linux-x86_64-cpython-311/mmcv/ops/csrc/pytorch/cuda/three_interpolate_cuda.o -D__CUDA_NO_HALF_OPERATORS__ -D__CUDA_NO_HALF_CONVERSIONS__ -D__CUDA_NO_BFLOAT16_CONVERSIONS__ -D__CUDA_NO_HALF2_OPERATORS__ --expt-relaxed-constexpr --compiler-options ''"'"'-fPIC'"'"'' -std=c++17 -DTORCH_API_INCLUDE_EXTENSION_H '-DPYBIND11_COMPILER_TYPE="_gcc"' '-DPYBIND11_STDLIB="_libstdcpp"' '-DPYBIND11_BUILD_ABI="_cxxabi1011"' -DTORCH_EXTENSION_NAME=_ext -D_GLIBCXX_USE_CXX11_ABI=0 -gencode=arch=compute_86,code=sm_86
  [85/136] c++ -MMD -MF /var/tmp/pip-install-tuu00oal/mmcv_34709ec07a1247aa9f36a5c75a41ccbe/build/temp.linux-x86_64-cpython-311/mmcv/ops/csrc/pytorch/fused_spconv_ops.o.d -pthread -Wsign-compare -DDYNAMIC_ANNOTATIONS_ENABLED=1 -DNDEBUG -O2 -g -pipe -Wall -Werror=format-security -Wp,-D_FORTIFY_SOURCE=2 -Wp,-D_GLIBCXX_ASSERTIONS -fexceptions -fstack-protector-strong -grecord-gcc-switches -m64 -mtune=generic -fasynchronous-unwind-tables -fstack-clash-protection -fcf-protection -D_GNU_SOURCE -fPIC -fwrapv -O2 -g -pipe -Wall -Werror=format-security -Wp,-D_FORTIFY_SOURCE=2 -Wp,-D_GLIBCXX_ASSERTIONS -fexceptions -fstack-protector-strong -grecord-gcc-switches -m64 -mtune=generic -fasynchronous-unwind-tables -fstack-clash-protection -fcf-protection -D_GNU_SOURCE -fPIC -fwrapv -O2 -g -pipe -Wall -Werror=format-security -Wp,-D_FORTIFY_SOURCE=2 -Wp,-D_GLIBCXX_ASSERTIONS -fexceptions -fstack-protector-strong -grecord-gcc-switches -m64 -mtune=generic -fasynchronous-unwind-tables -fstack-clash-protection -fcf-protection -D_GNU_SOURCE -fPIC -fwrapv -fPIC -DMMCV_WITH_CUDA -I/var/tmp/pip-install-tuu00oal/mmcv_34709ec07a1247aa9f36a5c75a41ccbe/mmcv/ops/csrc/pytorch -I/var/tmp/pip-install-tuu00oal/mmcv_34709ec07a1247aa9f36a5c75a41ccbe/mmcv/ops/csrc/common -I/var/tmp/pip-install-tuu00oal/mmcv_34709ec07a1247aa9f36a5c75a41ccbe/mmcv/ops/csrc/common/cuda -I/home/taah3149/Documents/Group_Studies/.venv/lib64/python3.11/site-packages/torch/include -I/home/taah3149/Documents/Group_Studies/.venv/lib64/python3.11/site-packages/torch/include/torch/csrc/api/include -I/home/taah3149/Documents/Group_Studies/.venv/lib64/python3.11/site-packages/torch/include/TH -I/home/taah3149/Documents/Group_Studies/.venv/lib64/python3.11/site-packages/torch/include/THC -I/usr/app-soft1/cuda/cuda-12.2/include -I/home/taah3149/Documents/Group_Studies/.venv/include -I/usr/include/python3.11 -c -c /var/tmp/pip-install-tuu00oal/mmcv_34709ec07a1247aa9f36a5c75a41ccbe/mmcv/ops/csrc/pytorch/fused_spconv_ops.cpp -o /var/tmp/pip-install-tuu00oal/mmcv_34709ec07a1247aa9f36a5c75a41ccbe/build/temp.linux-x86_64-cpython-311/mmcv/ops/csrc/pytorch/fused_spconv_ops.o -std=c++17 -DTORCH_API_INCLUDE_EXTENSION_H '-DPYBIND11_COMPILER_TYPE="_gcc"' '-DPYBIND11_STDLIB="_libstdcpp"' '-DPYBIND11_BUILD_ABI="_cxxabi1011"' -DTORCH_EXTENSION_NAME=_ext -D_GLIBCXX_USE_CXX11_ABI=0
  [86/136] c++ -MMD -MF /var/tmp/pip-install-tuu00oal/mmcv_34709ec07a1247aa9f36a5c75a41ccbe/build/temp.linux-x86_64-cpython-311/mmcv/ops/csrc/pytorch/furthest_point_sample.o.d -pthread -Wsign-compare -DDYNAMIC_ANNOTATIONS_ENABLED=1 -DNDEBUG -O2 -g -pipe -Wall -Werror=format-security -Wp,-D_FORTIFY_SOURCE=2 -Wp,-D_GLIBCXX_ASSERTIONS -fexceptions -fstack-protector-strong -grecord-gcc-switches -m64 -mtune=generic -fasynchronous-unwind-tables -fstack-clash-protection -fcf-protection -D_GNU_SOURCE -fPIC -fwrapv -O2 -g -pipe -Wall -Werror=format-security -Wp,-D_FORTIFY_SOURCE=2 -Wp,-D_GLIBCXX_ASSERTIONS -fexceptions -fstack-protector-strong -grecord-gcc-switches -m64 -mtune=generic -fasynchronous-unwind-tables -fstack-clash-protection -fcf-protection -D_GNU_SOURCE -fPIC -fwrapv -O2 -g -pipe -Wall -Werror=format-security -Wp,-D_FORTIFY_SOURCE=2 -Wp,-D_GLIBCXX_ASSERTIONS -fexceptions -fstack-protector-strong -grecord-gcc-switches -m64 -mtune=generic -fasynchronous-unwind-tables -fstack-clash-protection -fcf-protection -D_GNU_SOURCE -fPIC -fwrapv -fPIC -DMMCV_WITH_CUDA -I/var/tmp/pip-install-tuu00oal/mmcv_34709ec07a1247aa9f36a5c75a41ccbe/mmcv/ops/csrc/pytorch -I/var/tmp/pip-install-tuu00oal/mmcv_34709ec07a1247aa9f36a5c75a41ccbe/mmcv/ops/csrc/common -I/var/tmp/pip-install-tuu00oal/mmcv_34709ec07a1247aa9f36a5c75a41ccbe/mmcv/ops/csrc/common/cuda -I/home/taah3149/Documents/Group_Studies/.venv/lib64/python3.11/site-packages/torch/include -I/home/taah3149/Documents/Group_Studies/.venv/lib64/python3.11/site-packages/torch/include/torch/csrc/api/include -I/home/taah3149/Documents/Group_Studies/.venv/lib64/python3.11/site-packages/torch/include/TH -I/home/taah3149/Documents/Group_Studies/.venv/lib64/python3.11/site-packages/torch/include/THC -I/usr/app-soft1/cuda/cuda-12.2/include -I/home/taah3149/Documents/Group_Studies/.venv/include -I/usr/include/python3.11 -c -c /var/tmp/pip-install-tuu00oal/mmcv_34709ec07a1247aa9f36a5c75a41ccbe/mmcv/ops/csrc/pytorch/furthest_point_sample.cpp -o /var/tmp/pip-install-tuu00oal/mmcv_34709ec07a1247aa9f36a5c75a41ccbe/build/temp.linux-x86_64-cpython-311/mmcv/ops/csrc/pytorch/furthest_point_sample.o -std=c++17 -DTORCH_API_INCLUDE_EXTENSION_H '-DPYBIND11_COMPILER_TYPE="_gcc"' '-DPYBIND11_STDLIB="_libstdcpp"' '-DPYBIND11_BUILD_ABI="_cxxabi1011"' -DTORCH_EXTENSION_NAME=_ext -D_GLIBCXX_USE_CXX11_ABI=0
  [87/136] c++ -MMD -MF /var/tmp/pip-install-tuu00oal/mmcv_34709ec07a1247aa9f36a5c75a41ccbe/build/temp.linux-x86_64-cpython-311/mmcv/ops/csrc/pytorch/fused_bias_leakyrelu.o.d -pthread -Wsign-compare -DDYNAMIC_ANNOTATIONS_ENABLED=1 -DNDEBUG -O2 -g -pipe -Wall -Werror=format-security -Wp,-D_FORTIFY_SOURCE=2 -Wp,-D_GLIBCXX_ASSERTIONS -fexceptions -fstack-protector-strong -grecord-gcc-switches -m64 -mtune=generic -fasynchronous-unwind-tables -fstack-clash-protection -fcf-protection -D_GNU_SOURCE -fPIC -fwrapv -O2 -g -pipe -Wall -Werror=format-security -Wp,-D_FORTIFY_SOURCE=2 -Wp,-D_GLIBCXX_ASSERTIONS -fexceptions -fstack-protector-strong -grecord-gcc-switches -m64 -mtune=generic -fasynchronous-unwind-tables -fstack-clash-protection -fcf-protection -D_GNU_SOURCE -fPIC -fwrapv -O2 -g -pipe -Wall -Werror=format-security -Wp,-D_FORTIFY_SOURCE=2 -Wp,-D_GLIBCXX_ASSERTIONS -fexceptions -fstack-protector-strong -grecord-gcc-switches -m64 -mtune=generic -fasynchronous-unwind-tables -fstack-clash-protection -fcf-protection -D_GNU_SOURCE -fPIC -fwrapv -fPIC -DMMCV_WITH_CUDA -I/var/tmp/pip-install-tuu00oal/mmcv_34709ec07a1247aa9f36a5c75a41ccbe/mmcv/ops/csrc/pytorch -I/var/tmp/pip-install-tuu00oal/mmcv_34709ec07a1247aa9f36a5c75a41ccbe/mmcv/ops/csrc/common -I/var/tmp/pip-install-tuu00oal/mmcv_34709ec07a1247aa9f36a5c75a41ccbe/mmcv/ops/csrc/common/cuda -I/home/taah3149/Documents/Group_Studies/.venv/lib64/python3.11/site-packages/torch/include -I/home/taah3149/Documents/Group_Studies/.venv/lib64/python3.11/site-packages/torch/include/torch/csrc/api/include -I/home/taah3149/Documents/Group_Studies/.venv/lib64/python3.11/site-packages/torch/include/TH -I/home/taah3149/Documents/Group_Studies/.venv/lib64/python3.11/site-packages/torch/include/THC -I/usr/app-soft1/cuda/cuda-12.2/include -I/home/taah3149/Documents/Group_Studies/.venv/include -I/usr/include/python3.11 -c -c /var/tmp/pip-install-tuu00oal/mmcv_34709ec07a1247aa9f36a5c75a41ccbe/mmcv/ops/csrc/pytorch/fused_bias_leakyrelu.cpp -o /var/tmp/pip-install-tuu00oal/mmcv_34709ec07a1247aa9f36a5c75a41ccbe/build/temp.linux-x86_64-cpython-311/mmcv/ops/csrc/pytorch/fused_bias_leakyrelu.o -std=c++17 -DTORCH_API_INCLUDE_EXTENSION_H '-DPYBIND11_COMPILER_TYPE="_gcc"' '-DPYBIND11_STDLIB="_libstdcpp"' '-DPYBIND11_BUILD_ABI="_cxxabi1011"' -DTORCH_EXTENSION_NAME=_ext -D_GLIBCXX_USE_CXX11_ABI=0
  [88/136] c++ -MMD -MF /var/tmp/pip-install-tuu00oal/mmcv_34709ec07a1247aa9f36a5c75a41ccbe/build/temp.linux-x86_64-cpython-311/mmcv/ops/csrc/pytorch/info.o.d -pthread -Wsign-compare -DDYNAMIC_ANNOTATIONS_ENABLED=1 -DNDEBUG -O2 -g -pipe -Wall -Werror=format-security -Wp,-D_FORTIFY_SOURCE=2 -Wp,-D_GLIBCXX_ASSERTIONS -fexceptions -fstack-protector-strong -grecord-gcc-switches -m64 -mtune=generic -fasynchronous-unwind-tables -fstack-clash-protection -fcf-protection -D_GNU_SOURCE -fPIC -fwrapv -O2 -g -pipe -Wall -Werror=format-security -Wp,-D_FORTIFY_SOURCE=2 -Wp,-D_GLIBCXX_ASSERTIONS -fexceptions -fstack-protector-strong -grecord-gcc-switches -m64 -mtune=generic -fasynchronous-unwind-tables -fstack-clash-protection -fcf-protection -D_GNU_SOURCE -fPIC -fwrapv -O2 -g -pipe -Wall -Werror=format-security -Wp,-D_FORTIFY_SOURCE=2 -Wp,-D_GLIBCXX_ASSERTIONS -fexceptions -fstack-protector-strong -grecord-gcc-switches -m64 -mtune=generic -fasynchronous-unwind-tables -fstack-clash-protection -fcf-protection -D_GNU_SOURCE -fPIC -fwrapv -fPIC -DMMCV_WITH_CUDA -I/var/tmp/pip-install-tuu00oal/mmcv_34709ec07a1247aa9f36a5c75a41ccbe/mmcv/ops/csrc/pytorch -I/var/tmp/pip-install-tuu00oal/mmcv_34709ec07a1247aa9f36a5c75a41ccbe/mmcv/ops/csrc/common -I/var/tmp/pip-install-tuu00oal/mmcv_34709ec07a1247aa9f36a5c75a41ccbe/mmcv/ops/csrc/common/cuda -I/home/taah3149/Documents/Group_Studies/.venv/lib64/python3.11/site-packages/torch/include -I/home/taah3149/Documents/Group_Studies/.venv/lib64/python3.11/site-packages/torch/include/torch/csrc/api/include -I/home/taah3149/Documents/Group_Studies/.venv/lib64/python3.11/site-packages/torch/include/TH -I/home/taah3149/Documents/Group_Studies/.venv/lib64/python3.11/site-packages/torch/include/THC -I/usr/app-soft1/cuda/cuda-12.2/include -I/home/taah3149/Documents/Group_Studies/.venv/include -I/usr/include/python3.11 -c -c /var/tmp/pip-install-tuu00oal/mmcv_34709ec07a1247aa9f36a5c75a41ccbe/mmcv/ops/csrc/pytorch/info.cpp -o /var/tmp/pip-install-tuu00oal/mmcv_34709ec07a1247aa9f36a5c75a41ccbe/build/temp.linux-x86_64-cpython-311/mmcv/ops/csrc/pytorch/info.o -std=c++17 -DTORCH_API_INCLUDE_EXTENSION_H '-DPYBIND11_COMPILER_TYPE="_gcc"' '-DPYBIND11_STDLIB="_libstdcpp"' '-DPYBIND11_BUILD_ABI="_cxxabi1011"' -DTORCH_EXTENSION_NAME=_ext -D_GLIBCXX_USE_CXX11_ABI=0
  [89/136] c++ -MMD -MF /var/tmp/pip-install-tuu00oal/mmcv_34709ec07a1247aa9f36a5c75a41ccbe/build/temp.linux-x86_64-cpython-311/mmcv/ops/csrc/pytorch/gather_points.o.d -pthread -Wsign-compare -DDYNAMIC_ANNOTATIONS_ENABLED=1 -DNDEBUG -O2 -g -pipe -Wall -Werror=format-security -Wp,-D_FORTIFY_SOURCE=2 -Wp,-D_GLIBCXX_ASSERTIONS -fexceptions -fstack-protector-strong -grecord-gcc-switches -m64 -mtune=generic -fasynchronous-unwind-tables -fstack-clash-protection -fcf-protection -D_GNU_SOURCE -fPIC -fwrapv -O2 -g -pipe -Wall -Werror=format-security -Wp,-D_FORTIFY_SOURCE=2 -Wp,-D_GLIBCXX_ASSERTIONS -fexceptions -fstack-protector-strong -grecord-gcc-switches -m64 -mtune=generic -fasynchronous-unwind-tables -fstack-clash-protection -fcf-protection -D_GNU_SOURCE -fPIC -fwrapv -O2 -g -pipe -Wall -Werror=format-security -Wp,-D_FORTIFY_SOURCE=2 -Wp,-D_GLIBCXX_ASSERTIONS -fexceptions -fstack-protector-strong -grecord-gcc-switches -m64 -mtune=generic -fasynchronous-unwind-tables -fstack-clash-protection -fcf-protection -D_GNU_SOURCE -fPIC -fwrapv -fPIC -DMMCV_WITH_CUDA -I/var/tmp/pip-install-tuu00oal/mmcv_34709ec07a1247aa9f36a5c75a41ccbe/mmcv/ops/csrc/pytorch -I/var/tmp/pip-install-tuu00oal/mmcv_34709ec07a1247aa9f36a5c75a41ccbe/mmcv/ops/csrc/common -I/var/tmp/pip-install-tuu00oal/mmcv_34709ec07a1247aa9f36a5c75a41ccbe/mmcv/ops/csrc/common/cuda -I/home/taah3149/Documents/Group_Studies/.venv/lib64/python3.11/site-packages/torch/include -I/home/taah3149/Documents/Group_Studies/.venv/lib64/python3.11/site-packages/torch/include/torch/csrc/api/include -I/home/taah3149/Documents/Group_Studies/.venv/lib64/python3.11/site-packages/torch/include/TH -I/home/taah3149/Documents/Group_Studies/.venv/lib64/python3.11/site-packages/torch/include/THC -I/usr/app-soft1/cuda/cuda-12.2/include -I/home/taah3149/Documents/Group_Studies/.venv/include -I/usr/include/python3.11 -c -c /var/tmp/pip-install-tuu00oal/mmcv_34709ec07a1247aa9f36a5c75a41ccbe/mmcv/ops/csrc/pytorch/gather_points.cpp -o /var/tmp/pip-install-tuu00oal/mmcv_34709ec07a1247aa9f36a5c75a41ccbe/build/temp.linux-x86_64-cpython-311/mmcv/ops/csrc/pytorch/gather_points.o -std=c++17 -DTORCH_API_INCLUDE_EXTENSION_H '-DPYBIND11_COMPILER_TYPE="_gcc"' '-DPYBIND11_STDLIB="_libstdcpp"' '-DPYBIND11_BUILD_ABI="_cxxabi1011"' -DTORCH_EXTENSION_NAME=_ext -D_GLIBCXX_USE_CXX11_ABI=0
  [90/136] c++ -MMD -MF /var/tmp/pip-install-tuu00oal/mmcv_34709ec07a1247aa9f36a5c75a41ccbe/build/temp.linux-x86_64-cpython-311/mmcv/ops/csrc/pytorch/filtered_lrelu.o.d -pthread -Wsign-compare -DDYNAMIC_ANNOTATIONS_ENABLED=1 -DNDEBUG -O2 -g -pipe -Wall -Werror=format-security -Wp,-D_FORTIFY_SOURCE=2 -Wp,-D_GLIBCXX_ASSERTIONS -fexceptions -fstack-protector-strong -grecord-gcc-switches -m64 -mtune=generic -fasynchronous-unwind-tables -fstack-clash-protection -fcf-protection -D_GNU_SOURCE -fPIC -fwrapv -O2 -g -pipe -Wall -Werror=format-security -Wp,-D_FORTIFY_SOURCE=2 -Wp,-D_GLIBCXX_ASSERTIONS -fexceptions -fstack-protector-strong -grecord-gcc-switches -m64 -mtune=generic -fasynchronous-unwind-tables -fstack-clash-protection -fcf-protection -D_GNU_SOURCE -fPIC -fwrapv -O2 -g -pipe -Wall -Werror=format-security -Wp,-D_FORTIFY_SOURCE=2 -Wp,-D_GLIBCXX_ASSERTIONS -fexceptions -fstack-protector-strong -grecord-gcc-switches -m64 -mtune=generic -fasynchronous-unwind-tables -fstack-clash-protection -fcf-protection -D_GNU_SOURCE -fPIC -fwrapv -fPIC -DMMCV_WITH_CUDA -I/var/tmp/pip-install-tuu00oal/mmcv_34709ec07a1247aa9f36a5c75a41ccbe/mmcv/ops/csrc/pytorch -I/var/tmp/pip-install-tuu00oal/mmcv_34709ec07a1247aa9f36a5c75a41ccbe/mmcv/ops/csrc/common -I/var/tmp/pip-install-tuu00oal/mmcv_34709ec07a1247aa9f36a5c75a41ccbe/mmcv/ops/csrc/common/cuda -I/home/taah3149/Documents/Group_Studies/.venv/lib64/python3.11/site-packages/torch/include -I/home/taah3149/Documents/Group_Studies/.venv/lib64/python3.11/site-packages/torch/include/torch/csrc/api/include -I/home/taah3149/Documents/Group_Studies/.venv/lib64/python3.11/site-packages/torch/include/TH -I/home/taah3149/Documents/Group_Studies/.venv/lib64/python3.11/site-packages/torch/include/THC -I/usr/app-soft1/cuda/cuda-12.2/include -I/home/taah3149/Documents/Group_Studies/.venv/include -I/usr/include/python3.11 -c -c /var/tmp/pip-install-tuu00oal/mmcv_34709ec07a1247aa9f36a5c75a41ccbe/mmcv/ops/csrc/pytorch/filtered_lrelu.cpp -o /var/tmp/pip-install-tuu00oal/mmcv_34709ec07a1247aa9f36a5c75a41ccbe/build/temp.linux-x86_64-cpython-311/mmcv/ops/csrc/pytorch/filtered_lrelu.o -std=c++17 -DTORCH_API_INCLUDE_EXTENSION_H '-DPYBIND11_COMPILER_TYPE="_gcc"' '-DPYBIND11_STDLIB="_libstdcpp"' '-DPYBIND11_BUILD_ABI="_cxxabi1011"' -DTORCH_EXTENSION_NAME=_ext -D_GLIBCXX_USE_CXX11_ABI=0
  [91/136] c++ -MMD -MF /var/tmp/pip-install-tuu00oal/mmcv_34709ec07a1247aa9f36a5c75a41ccbe/build/temp.linux-x86_64-cpython-311/mmcv/ops/csrc/pytorch/diff_iou_rotated.o.d -pthread -Wsign-compare -DDYNAMIC_ANNOTATIONS_ENABLED=1 -DNDEBUG -O2 -g -pipe -Wall -Werror=format-security -Wp,-D_FORTIFY_SOURCE=2 -Wp,-D_GLIBCXX_ASSERTIONS -fexceptions -fstack-protector-strong -grecord-gcc-switches -m64 -mtune=generic -fasynchronous-unwind-tables -fstack-clash-protection -fcf-protection -D_GNU_SOURCE -fPIC -fwrapv -O2 -g -pipe -Wall -Werror=format-security -Wp,-D_FORTIFY_SOURCE=2 -Wp,-D_GLIBCXX_ASSERTIONS -fexceptions -fstack-protector-strong -grecord-gcc-switches -m64 -mtune=generic -fasynchronous-unwind-tables -fstack-clash-protection -fcf-protection -D_GNU_SOURCE -fPIC -fwrapv -O2 -g -pipe -Wall -Werror=format-security -Wp,-D_FORTIFY_SOURCE=2 -Wp,-D_GLIBCXX_ASSERTIONS -fexceptions -fstack-protector-strong -grecord-gcc-switches -m64 -mtune=generic -fasynchronous-unwind-tables -fstack-clash-protection -fcf-protection -D_GNU_SOURCE -fPIC -fwrapv -fPIC -DMMCV_WITH_CUDA -I/var/tmp/pip-install-tuu00oal/mmcv_34709ec07a1247aa9f36a5c75a41ccbe/mmcv/ops/csrc/pytorch -I/var/tmp/pip-install-tuu00oal/mmcv_34709ec07a1247aa9f36a5c75a41ccbe/mmcv/ops/csrc/common -I/var/tmp/pip-install-tuu00oal/mmcv_34709ec07a1247aa9f36a5c75a41ccbe/mmcv/ops/csrc/common/cuda -I/home/taah3149/Documents/Group_Studies/.venv/lib64/python3.11/site-packages/torch/include -I/home/taah3149/Documents/Group_Studies/.venv/lib64/python3.11/site-packages/torch/include/torch/csrc/api/include -I/home/taah3149/Documents/Group_Studies/.venv/lib64/python3.11/site-packages/torch/include/TH -I/home/taah3149/Documents/Group_Studies/.venv/lib64/python3.11/site-packages/torch/include/THC -I/usr/app-soft1/cuda/cuda-12.2/include -I/home/taah3149/Documents/Group_Studies/.venv/include -I/usr/include/python3.11 -c -c /var/tmp/pip-install-tuu00oal/mmcv_34709ec07a1247aa9f36a5c75a41ccbe/mmcv/ops/csrc/pytorch/diff_iou_rotated.cpp -o /var/tmp/pip-install-tuu00oal/mmcv_34709ec07a1247aa9f36a5c75a41ccbe/build/temp.linux-x86_64-cpython-311/mmcv/ops/csrc/pytorch/diff_iou_rotated.o -std=c++17 -DTORCH_API_INCLUDE_EXTENSION_H '-DPYBIND11_COMPILER_TYPE="_gcc"' '-DPYBIND11_STDLIB="_libstdcpp"' '-DPYBIND11_BUILD_ABI="_cxxabi1011"' -DTORCH_EXTENSION_NAME=_ext -D_GLIBCXX_USE_CXX11_ABI=0
  [92/136] c++ -MMD -MF /var/tmp/pip-install-tuu00oal/mmcv_34709ec07a1247aa9f36a5c75a41ccbe/build/temp.linux-x86_64-cpython-311/mmcv/ops/csrc/pytorch/deform_roi_pool.o.d -pthread -Wsign-compare -DDYNAMIC_ANNOTATIONS_ENABLED=1 -DNDEBUG -O2 -g -pipe -Wall -Werror=format-security -Wp,-D_FORTIFY_SOURCE=2 -Wp,-D_GLIBCXX_ASSERTIONS -fexceptions -fstack-protector-strong -grecord-gcc-switches -m64 -mtune=generic -fasynchronous-unwind-tables -fstack-clash-protection -fcf-protection -D_GNU_SOURCE -fPIC -fwrapv -O2 -g -pipe -Wall -Werror=format-security -Wp,-D_FORTIFY_SOURCE=2 -Wp,-D_GLIBCXX_ASSERTIONS -fexceptions -fstack-protector-strong -grecord-gcc-switches -m64 -mtune=generic -fasynchronous-unwind-tables -fstack-clash-protection -fcf-protection -D_GNU_SOURCE -fPIC -fwrapv -O2 -g -pipe -Wall -Werror=format-security -Wp,-D_FORTIFY_SOURCE=2 -Wp,-D_GLIBCXX_ASSERTIONS -fexceptions -fstack-protector-strong -grecord-gcc-switches -m64 -mtune=generic -fasynchronous-unwind-tables -fstack-clash-protection -fcf-protection -D_GNU_SOURCE -fPIC -fwrapv -fPIC -DMMCV_WITH_CUDA -I/var/tmp/pip-install-tuu00oal/mmcv_34709ec07a1247aa9f36a5c75a41ccbe/mmcv/ops/csrc/pytorch -I/var/tmp/pip-install-tuu00oal/mmcv_34709ec07a1247aa9f36a5c75a41ccbe/mmcv/ops/csrc/common -I/var/tmp/pip-install-tuu00oal/mmcv_34709ec07a1247aa9f36a5c75a41ccbe/mmcv/ops/csrc/common/cuda -I/home/taah3149/Documents/Group_Studies/.venv/lib64/python3.11/site-packages/torch/include -I/home/taah3149/Documents/Group_Studies/.venv/lib64/python3.11/site-packages/torch/include/torch/csrc/api/include -I/home/taah3149/Documents/Group_Studies/.venv/lib64/python3.11/site-packages/torch/include/TH -I/home/taah3149/Documents/Group_Studies/.venv/lib64/python3.11/site-packages/torch/include/THC -I/usr/app-soft1/cuda/cuda-12.2/include -I/home/taah3149/Documents/Group_Studies/.venv/include -I/usr/include/python3.11 -c -c /var/tmp/pip-install-tuu00oal/mmcv_34709ec07a1247aa9f36a5c75a41ccbe/mmcv/ops/csrc/pytorch/deform_roi_pool.cpp -o /var/tmp/pip-install-tuu00oal/mmcv_34709ec07a1247aa9f36a5c75a41ccbe/build/temp.linux-x86_64-cpython-311/mmcv/ops/csrc/pytorch/deform_roi_pool.o -std=c++17 -DTORCH_API_INCLUDE_EXTENSION_H '-DPYBIND11_COMPILER_TYPE="_gcc"' '-DPYBIND11_STDLIB="_libstdcpp"' '-DPYBIND11_BUILD_ABI="_cxxabi1011"' -DTORCH_EXTENSION_NAME=_ext -D_GLIBCXX_USE_CXX11_ABI=0
  [93/136] c++ -MMD -MF /var/tmp/pip-install-tuu00oal/mmcv_34709ec07a1247aa9f36a5c75a41ccbe/build/temp.linux-x86_64-cpython-311/mmcv/ops/csrc/pytorch/focal_loss.o.d -pthread -Wsign-compare -DDYNAMIC_ANNOTATIONS_ENABLED=1 -DNDEBUG -O2 -g -pipe -Wall -Werror=format-security -Wp,-D_FORTIFY_SOURCE=2 -Wp,-D_GLIBCXX_ASSERTIONS -fexceptions -fstack-protector-strong -grecord-gcc-switches -m64 -mtune=generic -fasynchronous-unwind-tables -fstack-clash-protection -fcf-protection -D_GNU_SOURCE -fPIC -fwrapv -O2 -g -pipe -Wall -Werror=format-security -Wp,-D_FORTIFY_SOURCE=2 -Wp,-D_GLIBCXX_ASSERTIONS -fexceptions -fstack-protector-strong -grecord-gcc-switches -m64 -mtune=generic -fasynchronous-unwind-tables -fstack-clash-protection -fcf-protection -D_GNU_SOURCE -fPIC -fwrapv -O2 -g -pipe -Wall -Werror=format-security -Wp,-D_FORTIFY_SOURCE=2 -Wp,-D_GLIBCXX_ASSERTIONS -fexceptions -fstack-protector-strong -grecord-gcc-switches -m64 -mtune=generic -fasynchronous-unwind-tables -fstack-clash-protection -fcf-protection -D_GNU_SOURCE -fPIC -fwrapv -fPIC -DMMCV_WITH_CUDA -I/var/tmp/pip-install-tuu00oal/mmcv_34709ec07a1247aa9f36a5c75a41ccbe/mmcv/ops/csrc/pytorch -I/var/tmp/pip-install-tuu00oal/mmcv_34709ec07a1247aa9f36a5c75a41ccbe/mmcv/ops/csrc/common -I/var/tmp/pip-install-tuu00oal/mmcv_34709ec07a1247aa9f36a5c75a41ccbe/mmcv/ops/csrc/common/cuda -I/home/taah3149/Documents/Group_Studies/.venv/lib64/python3.11/site-packages/torch/include -I/home/taah3149/Documents/Group_Studies/.venv/lib64/python3.11/site-packages/torch/include/torch/csrc/api/include -I/home/taah3149/Documents/Group_Studies/.venv/lib64/python3.11/site-packages/torch/include/TH -I/home/taah3149/Documents/Group_Studies/.venv/lib64/python3.11/site-packages/torch/include/THC -I/usr/app-soft1/cuda/cuda-12.2/include -I/home/taah3149/Documents/Group_Studies/.venv/include -I/usr/include/python3.11 -c -c /var/tmp/pip-install-tuu00oal/mmcv_34709ec07a1247aa9f36a5c75a41ccbe/mmcv/ops/csrc/pytorch/focal_loss.cpp -o /var/tmp/pip-install-tuu00oal/mmcv_34709ec07a1247aa9f36a5c75a41ccbe/build/temp.linux-x86_64-cpython-311/mmcv/ops/csrc/pytorch/focal_loss.o -std=c++17 -DTORCH_API_INCLUDE_EXTENSION_H '-DPYBIND11_COMPILER_TYPE="_gcc"' '-DPYBIND11_STDLIB="_libstdcpp"' '-DPYBIND11_BUILD_ABI="_cxxabi1011"' -DTORCH_EXTENSION_NAME=_ext -D_GLIBCXX_USE_CXX11_ABI=0
  [94/136] c++ -MMD -MF /var/tmp/pip-install-tuu00oal/mmcv_34709ec07a1247aa9f36a5c75a41ccbe/build/temp.linux-x86_64-cpython-311/mmcv/ops/csrc/pytorch/knn.o.d -pthread -Wsign-compare -DDYNAMIC_ANNOTATIONS_ENABLED=1 -DNDEBUG -O2 -g -pipe -Wall -Werror=format-security -Wp,-D_FORTIFY_SOURCE=2 -Wp,-D_GLIBCXX_ASSERTIONS -fexceptions -fstack-protector-strong -grecord-gcc-switches -m64 -mtune=generic -fasynchronous-unwind-tables -fstack-clash-protection -fcf-protection -D_GNU_SOURCE -fPIC -fwrapv -O2 -g -pipe -Wall -Werror=format-security -Wp,-D_FORTIFY_SOURCE=2 -Wp,-D_GLIBCXX_ASSERTIONS -fexceptions -fstack-protector-strong -grecord-gcc-switches -m64 -mtune=generic -fasynchronous-unwind-tables -fstack-clash-protection -fcf-protection -D_GNU_SOURCE -fPIC -fwrapv -O2 -g -pipe -Wall -Werror=format-security -Wp,-D_FORTIFY_SOURCE=2 -Wp,-D_GLIBCXX_ASSERTIONS -fexceptions -fstack-protector-strong -grecord-gcc-switches -m64 -mtune=generic -fasynchronous-unwind-tables -fstack-clash-protection -fcf-protection -D_GNU_SOURCE -fPIC -fwrapv -fPIC -DMMCV_WITH_CUDA -I/var/tmp/pip-install-tuu00oal/mmcv_34709ec07a1247aa9f36a5c75a41ccbe/mmcv/ops/csrc/pytorch -I/var/tmp/pip-install-tuu00oal/mmcv_34709ec07a1247aa9f36a5c75a41ccbe/mmcv/ops/csrc/common -I/var/tmp/pip-install-tuu00oal/mmcv_34709ec07a1247aa9f36a5c75a41ccbe/mmcv/ops/csrc/common/cuda -I/home/taah3149/Documents/Group_Studies/.venv/lib64/python3.11/site-packages/torch/include -I/home/taah3149/Documents/Group_Studies/.venv/lib64/python3.11/site-packages/torch/include/torch/csrc/api/include -I/home/taah3149/Documents/Group_Studies/.venv/lib64/python3.11/site-packages/torch/include/TH -I/home/taah3149/Documents/Group_Studies/.venv/lib64/python3.11/site-packages/torch/include/THC -I/usr/app-soft1/cuda/cuda-12.2/include -I/home/taah3149/Documents/Group_Studies/.venv/include -I/usr/include/python3.11 -c -c /var/tmp/pip-install-tuu00oal/mmcv_34709ec07a1247aa9f36a5c75a41ccbe/mmcv/ops/csrc/pytorch/knn.cpp -o /var/tmp/pip-install-tuu00oal/mmcv_34709ec07a1247aa9f36a5c75a41ccbe/build/temp.linux-x86_64-cpython-311/mmcv/ops/csrc/pytorch/knn.o -std=c++17 -DTORCH_API_INCLUDE_EXTENSION_H '-DPYBIND11_COMPILER_TYPE="_gcc"' '-DPYBIND11_STDLIB="_libstdcpp"' '-DPYBIND11_BUILD_ABI="_cxxabi1011"' -DTORCH_EXTENSION_NAME=_ext -D_GLIBCXX_USE_CXX11_ABI=0
  [95/136] c++ -MMD -MF /var/tmp/pip-install-tuu00oal/mmcv_34709ec07a1247aa9f36a5c75a41ccbe/build/temp.linux-x86_64-cpython-311/mmcv/ops/csrc/pytorch/masked_conv2d.o.d -pthread -Wsign-compare -DDYNAMIC_ANNOTATIONS_ENABLED=1 -DNDEBUG -O2 -g -pipe -Wall -Werror=format-security -Wp,-D_FORTIFY_SOURCE=2 -Wp,-D_GLIBCXX_ASSERTIONS -fexceptions -fstack-protector-strong -grecord-gcc-switches -m64 -mtune=generic -fasynchronous-unwind-tables -fstack-clash-protection -fcf-protection -D_GNU_SOURCE -fPIC -fwrapv -O2 -g -pipe -Wall -Werror=format-security -Wp,-D_FORTIFY_SOURCE=2 -Wp,-D_GLIBCXX_ASSERTIONS -fexceptions -fstack-protector-strong -grecord-gcc-switches -m64 -mtune=generic -fasynchronous-unwind-tables -fstack-clash-protection -fcf-protection -D_GNU_SOURCE -fPIC -fwrapv -O2 -g -pipe -Wall -Werror=format-security -Wp,-D_FORTIFY_SOURCE=2 -Wp,-D_GLIBCXX_ASSERTIONS -fexceptions -fstack-protector-strong -grecord-gcc-switches -m64 -mtune=generic -fasynchronous-unwind-tables -fstack-clash-protection -fcf-protection -D_GNU_SOURCE -fPIC -fwrapv -fPIC -DMMCV_WITH_CUDA -I/var/tmp/pip-install-tuu00oal/mmcv_34709ec07a1247aa9f36a5c75a41ccbe/mmcv/ops/csrc/pytorch -I/var/tmp/pip-install-tuu00oal/mmcv_34709ec07a1247aa9f36a5c75a41ccbe/mmcv/ops/csrc/common -I/var/tmp/pip-install-tuu00oal/mmcv_34709ec07a1247aa9f36a5c75a41ccbe/mmcv/ops/csrc/common/cuda -I/home/taah3149/Documents/Group_Studies/.venv/lib64/python3.11/site-packages/torch/include -I/home/taah3149/Documents/Group_Studies/.venv/lib64/python3.11/site-packages/torch/include/torch/csrc/api/include -I/home/taah3149/Documents/Group_Studies/.venv/lib64/python3.11/site-packages/torch/include/TH -I/home/taah3149/Documents/Group_Studies/.venv/lib64/python3.11/site-packages/torch/include/THC -I/usr/app-soft1/cuda/cuda-12.2/include -I/home/taah3149/Documents/Group_Studies/.venv/include -I/usr/include/python3.11 -c -c /var/tmp/pip-install-tuu00oal/mmcv_34709ec07a1247aa9f36a5c75a41ccbe/mmcv/ops/csrc/pytorch/masked_conv2d.cpp -o /var/tmp/pip-install-tuu00oal/mmcv_34709ec07a1247aa9f36a5c75a41ccbe/build/temp.linux-x86_64-cpython-311/mmcv/ops/csrc/pytorch/masked_conv2d.o -std=c++17 -DTORCH_API_INCLUDE_EXTENSION_H '-DPYBIND11_COMPILER_TYPE="_gcc"' '-DPYBIND11_STDLIB="_libstdcpp"' '-DPYBIND11_BUILD_ABI="_cxxabi1011"' -DTORCH_EXTENSION_NAME=_ext -D_GLIBCXX_USE_CXX11_ABI=0
  [96/136] /usr/app-soft1/cuda/cuda-12.2/bin/nvcc --generate-dependencies-with-compile --dependency-output /var/tmp/pip-install-tuu00oal/mmcv_34709ec07a1247aa9f36a5c75a41ccbe/build/temp.linux-x86_64-cpython-311/mmcv/ops/csrc/pytorch/cuda/fused_spconv_ops_cuda.o.d -DMMCV_WITH_CUDA -I/var/tmp/pip-install-tuu00oal/mmcv_34709ec07a1247aa9f36a5c75a41ccbe/mmcv/ops/csrc/pytorch -I/var/tmp/pip-install-tuu00oal/mmcv_34709ec07a1247aa9f36a5c75a41ccbe/mmcv/ops/csrc/common -I/var/tmp/pip-install-tuu00oal/mmcv_34709ec07a1247aa9f36a5c75a41ccbe/mmcv/ops/csrc/common/cuda -I/home/taah3149/Documents/Group_Studies/.venv/lib64/python3.11/site-packages/torch/include -I/home/taah3149/Documents/Group_Studies/.venv/lib64/python3.11/site-packages/torch/include/torch/csrc/api/include -I/home/taah3149/Documents/Group_Studies/.venv/lib64/python3.11/site-packages/torch/include/TH -I/home/taah3149/Documents/Group_Studies/.venv/lib64/python3.11/site-packages/torch/include/THC -I/usr/app-soft1/cuda/cuda-12.2/include -I/home/taah3149/Documents/Group_Studies/.venv/include -I/usr/include/python3.11 -c -c /var/tmp/pip-install-tuu00oal/mmcv_34709ec07a1247aa9f36a5c75a41ccbe/mmcv/ops/csrc/pytorch/cuda/fused_spconv_ops_cuda.cu -o /var/tmp/pip-install-tuu00oal/mmcv_34709ec07a1247aa9f36a5c75a41ccbe/build/temp.linux-x86_64-cpython-311/mmcv/ops/csrc/pytorch/cuda/fused_spconv_ops_cuda.o -D__CUDA_NO_HALF_OPERATORS__ -D__CUDA_NO_HALF_CONVERSIONS__ -D__CUDA_NO_BFLOAT16_CONVERSIONS__ -D__CUDA_NO_HALF2_OPERATORS__ --expt-relaxed-constexpr --compiler-options ''"'"'-fPIC'"'"'' -std=c++17 -DTORCH_API_INCLUDE_EXTENSION_H '-DPYBIND11_COMPILER_TYPE="_gcc"' '-DPYBIND11_STDLIB="_libstdcpp"' '-DPYBIND11_BUILD_ABI="_cxxabi1011"' -DTORCH_EXTENSION_NAME=_ext -D_GLIBCXX_USE_CXX11_ABI=0 -gencode=arch=compute_86,code=sm_86
  /var/tmp/pip-install-tuu00oal/mmcv_34709ec07a1247aa9f36a5c75a41ccbe/mmcv/ops/csrc/pytorch/cuda/../spconv_utils.h: In instantiation of ‘void tv::check_torch_dtype(const at::Tensor&) [with scalar_t = double]’:
  /var/tmp/pip-install-tuu00oal/mmcv_34709ec07a1247aa9f36a5c75a41ccbe/mmcv/ops/csrc/pytorch/cuda/../spconv_utils.h:71:30:   required from ‘tv::TensorView<scalar_t> tv::torch2tv(const at::Tensor&) [with scalar_t = double]’
  /var/tmp/pip-install-tuu00oal/mmcv_34709ec07a1247aa9f36a5c75a41ccbe/mmcv/ops/csrc/pytorch/cuda/fused_spconv_ops_cuda.cu:52:1396:   required from here
  /var/tmp/pip-install-tuu00oal/mmcv_34709ec07a1247aa9f36a5c75a41ccbe/mmcv/ops/csrc/pytorch/cuda/../spconv_utils.h:38:20: warning: ‘at::DeprecatedTypeProperties& at::Tensor::type() const’ is deprecated: Tensor.type() is deprecated. Instead use Tensor.options(), which in many cases (e.g. in a constructor) is a drop-in replacement. If you were using data from type(), that is now available from Tensor itself, so instead of tensor.type().scalar_type(), use tensor.scalar_type() instead and instead of tensor.type().backend() use tensor.device(). [-Wdeprecated-declarations]
     38 |   switch (tensor.type().scalarType()) {
        |         ~~~~~~~~~~~^~
  /home/taah3149/Documents/Group_Studies/.venv/lib64/python3.11/site-packages/torch/include/ATen/core/TensorBody.h:225:1: note: declared here
    225 |   DeprecatedTypeProperties & type() const {
        | ^ ~~
  /var/tmp/pip-install-tuu00oal/mmcv_34709ec07a1247aa9f36a5c75a41ccbe/mmcv/ops/csrc/pytorch/cuda/../spconv_utils.h:38:20: warning: ‘at::DeprecatedTypeProperties& at::Tensor::type() const’ is deprecated: Tensor.type() is deprecated. Instead use Tensor.options(), which in many cases (e.g. in a constructor) is a drop-in replacement. If you were using data from type(), that is now available from Tensor itself, so instead of tensor.type().scalar_type(), use tensor.scalar_type() instead and instead of tensor.type().backend() use tensor.device(). [-Wdeprecated-declarations]
     38 |   switch (tensor.type().scalarType()) {
        |         ~~~~~~~~~~~^~
  /home/taah3149/Documents/Group_Studies/.venv/lib64/python3.11/site-packages/torch/include/ATen/core/TensorBody.h:225:1: note: declared here
    225 |   DeprecatedTypeProperties & type() const {
        | ^ ~~
  /var/tmp/pip-install-tuu00oal/mmcv_34709ec07a1247aa9f36a5c75a41ccbe/mmcv/ops/csrc/pytorch/cuda/../spconv_utils.h: In instantiation of ‘void tv::check_torch_dtype(const at::Tensor&) [with scalar_t = const double]’:
  /var/tmp/pip-install-tuu00oal/mmcv_34709ec07a1247aa9f36a5c75a41ccbe/mmcv/ops/csrc/pytorch/cuda/../spconv_utils.h:71:30:   required from ‘tv::TensorView<scalar_t> tv::torch2tv(const at::Tensor&) [with scalar_t = const double]’
  /var/tmp/pip-install-tuu00oal/mmcv_34709ec07a1247aa9f36a5c75a41ccbe/mmcv/ops/csrc/pytorch/cuda/fused_spconv_ops_cuda.cu:52:1436:   required from here
  /var/tmp/pip-install-tuu00oal/mmcv_34709ec07a1247aa9f36a5c75a41ccbe/mmcv/ops/csrc/pytorch/cuda/../spconv_utils.h:38:20: warning: ‘at::DeprecatedTypeProperties& at::Tensor::type() const’ is deprecated: Tensor.type() is deprecated. Instead use Tensor.options(), which in many cases (e.g. in a constructor) is a drop-in replacement. If you were using data from type(), that is now available from Tensor itself, so instead of tensor.type().scalar_type(), use tensor.scalar_type() instead and instead of tensor.type().backend() use tensor.device(). [-Wdeprecated-declarations]
     38 |   switch (tensor.type().scalarType()) {
        |         ~~~~~~~~~~~^~
  /home/taah3149/Documents/Group_Studies/.venv/lib64/python3.11/site-packages/torch/include/ATen/core/TensorBody.h:225:1: note: declared here
    225 |   DeprecatedTypeProperties & type() const {
        | ^ ~~
  /var/tmp/pip-install-tuu00oal/mmcv_34709ec07a1247aa9f36a5c75a41ccbe/mmcv/ops/csrc/pytorch/cuda/../spconv_utils.h:38:20: warning: ‘at::DeprecatedTypeProperties& at::Tensor::type() const’ is deprecated: Tensor.type() is deprecated. Instead use Tensor.options(), which in many cases (e.g. in a constructor) is a drop-in replacement. If you were using data from type(), that is now available from Tensor itself, so instead of tensor.type().scalar_type(), use tensor.scalar_type() instead and instead of tensor.type().backend() use tensor.device(). [-Wdeprecated-declarations]
     38 |   switch (tensor.type().scalarType()) {
        |         ~~~~~~~~~~~^~
  /home/taah3149/Documents/Group_Studies/.venv/lib64/python3.11/site-packages/torch/include/ATen/core/TensorBody.h:225:1: note: declared here
    225 |   DeprecatedTypeProperties & type() const {
        | ^ ~~
  /var/tmp/pip-install-tuu00oal/mmcv_34709ec07a1247aa9f36a5c75a41ccbe/mmcv/ops/csrc/pytorch/cuda/../spconv_utils.h: In instantiation of ‘void tv::check_torch_dtype(const at::Tensor&) [with scalar_t = const int]’:
  /var/tmp/pip-install-tuu00oal/mmcv_34709ec07a1247aa9f36a5c75a41ccbe/mmcv/ops/csrc/pytorch/cuda/../spconv_utils.h:71:30:   required from ‘tv::TensorView<scalar_t> tv::torch2tv(const at::Tensor&) [with scalar_t = const int]’
  /var/tmp/pip-install-tuu00oal/mmcv_34709ec07a1247aa9f36a5c75a41ccbe/mmcv/ops/csrc/pytorch/cuda/fused_spconv_ops_cuda.cu:52:1477:   required from here
  /var/tmp/pip-install-tuu00oal/mmcv_34709ec07a1247aa9f36a5c75a41ccbe/mmcv/ops/csrc/pytorch/cuda/../spconv_utils.h:38:20: warning: ‘at::DeprecatedTypeProperties& at::Tensor::type() const’ is deprecated: Tensor.type() is deprecated. Instead use Tensor.options(), which in many cases (e.g. in a constructor) is a drop-in replacement. If you were using data from type(), that is now available from Tensor itself, so instead of tensor.type().scalar_type(), use tensor.scalar_type() instead and instead of tensor.type().backend() use tensor.device(). [-Wdeprecated-declarations]
     38 |   switch (tensor.type().scalarType()) {
        |         ~~~~~~~~~~~^~
  /home/taah3149/Documents/Group_Studies/.venv/lib64/python3.11/site-packages/torch/include/ATen/core/TensorBody.h:225:1: note: declared here
    225 |   DeprecatedTypeProperties & type() const {
        | ^ ~~
  /var/tmp/pip-install-tuu00oal/mmcv_34709ec07a1247aa9f36a5c75a41ccbe/mmcv/ops/csrc/pytorch/cuda/../spconv_utils.h:38:20: warning: ‘at::DeprecatedTypeProperties& at::Tensor::type() const’ is deprecated: Tensor.type() is deprecated. Instead use Tensor.options(), which in many cases (e.g. in a constructor) is a drop-in replacement. If you were using data from type(), that is now available from Tensor itself, so instead of tensor.type().scalar_type(), use tensor.scalar_type() instead and instead of tensor.type().backend() use tensor.device(). [-Wdeprecated-declarations]
     38 |   switch (tensor.type().scalarType()) {
        |         ~~~~~~~~~~~^~
  /home/taah3149/Documents/Group_Studies/.venv/lib64/python3.11/site-packages/torch/include/ATen/core/TensorBody.h:225:1: note: declared here
    225 |   DeprecatedTypeProperties & type() const {
        | ^ ~~
  /var/tmp/pip-install-tuu00oal/mmcv_34709ec07a1247aa9f36a5c75a41ccbe/mmcv/ops/csrc/pytorch/cuda/../spconv_utils.h: In instantiation of ‘void tv::check_torch_dtype(const at::Tensor&) [with scalar_t = float]’:
  /var/tmp/pip-install-tuu00oal/mmcv_34709ec07a1247aa9f36a5c75a41ccbe/mmcv/ops/csrc/pytorch/cuda/../spconv_utils.h:71:30:   required from ‘tv::TensorView<scalar_t> tv::torch2tv(const at::Tensor&) [with scalar_t = float]’
  /var/tmp/pip-install-tuu00oal/mmcv_34709ec07a1247aa9f36a5c75a41ccbe/mmcv/ops/csrc/pytorch/cuda/fused_spconv_ops_cuda.cu:52:0:   required from here
  /var/tmp/pip-install-tuu00oal/mmcv_34709ec07a1247aa9f36a5c75a41ccbe/mmcv/ops/csrc/pytorch/cuda/../spconv_utils.h:38:20: warning: ‘at::DeprecatedTypeProperties& at::Tensor::type() const’ is deprecated: Tensor.type() is deprecated. Instead use Tensor.options(), which in many cases (e.g. in a constructor) is a drop-in replacement. If you were using data from type(), that is now available from Tensor itself, so instead of tensor.type().scalar_type(), use tensor.scalar_type() instead and instead of tensor.type().backend() use tensor.device(). [-Wdeprecated-declarations]
     38 |   switch (tensor.type().scalarType()) {
        |         ~~~~~~~~~~~^~
  /home/taah3149/Documents/Group_Studies/.venv/lib64/python3.11/site-packages/torch/include/ATen/core/TensorBody.h:225:1: note: declared here
    225 |   DeprecatedTypeProperties & type() const {
        | ^ ~~
  /var/tmp/pip-install-tuu00oal/mmcv_34709ec07a1247aa9f36a5c75a41ccbe/mmcv/ops/csrc/pytorch/cuda/../spconv_utils.h:38:20: warning: ‘at::DeprecatedTypeProperties& at::Tensor::type() const’ is deprecated: Tensor.type() is deprecated. Instead use Tensor.options(), which in many cases (e.g. in a constructor) is a drop-in replacement. If you were using data from type(), that is now available from Tensor itself, so instead of tensor.type().scalar_type(), use tensor.scalar_type() instead and instead of tensor.type().backend() use tensor.device(). [-Wdeprecated-declarations]
     38 |   switch (tensor.type().scalarType()) {
        |         ~~~~~~~~~~~^~
  /home/taah3149/Documents/Group_Studies/.venv/lib64/python3.11/site-packages/torch/include/ATen/core/TensorBody.h:225:1: note: declared here
    225 |   DeprecatedTypeProperties & type() const {
        | ^ ~~
  /var/tmp/pip-install-tuu00oal/mmcv_34709ec07a1247aa9f36a5c75a41ccbe/mmcv/ops/csrc/pytorch/cuda/../spconv_utils.h: In instantiation of ‘void tv::check_torch_dtype(const at::Tensor&) [with scalar_t = const float]’:
  /var/tmp/pip-install-tuu00oal/mmcv_34709ec07a1247aa9f36a5c75a41ccbe/mmcv/ops/csrc/pytorch/cuda/../spconv_utils.h:71:30:   required from ‘tv::TensorView<scalar_t> tv::torch2tv(const at::Tensor&) [with scalar_t = const float]’
  /var/tmp/pip-install-tuu00oal/mmcv_34709ec07a1247aa9f36a5c75a41ccbe/mmcv/ops/csrc/pytorch/cuda/fused_spconv_ops_cuda.cu:52:0:   required from here
  /var/tmp/pip-install-tuu00oal/mmcv_34709ec07a1247aa9f36a5c75a41ccbe/mmcv/ops/csrc/pytorch/cuda/../spconv_utils.h:38:20: warning: ‘at::DeprecatedTypeProperties& at::Tensor::type() const’ is deprecated: Tensor.type() is deprecated. Instead use Tensor.options(), which in many cases (e.g. in a constructor) is a drop-in replacement. If you were using data from type(), that is now available from Tensor itself, so instead of tensor.type().scalar_type(), use tensor.scalar_type() instead and instead of tensor.type().backend() use tensor.device(). [-Wdeprecated-declarations]
     38 |   switch (tensor.type().scalarType()) {
        |         ~~~~~~~~~~~^~
  /home/taah3149/Documents/Group_Studies/.venv/lib64/python3.11/site-packages/torch/include/ATen/core/TensorBody.h:225:1: note: declared here
    225 |   DeprecatedTypeProperties & type() const {
        | ^ ~~
  /var/tmp/pip-install-tuu00oal/mmcv_34709ec07a1247aa9f36a5c75a41ccbe/mmcv/ops/csrc/pytorch/cuda/../spconv_utils.h:38:20: warning: ‘at::DeprecatedTypeProperties& at::Tensor::type() const’ is deprecated: Tensor.type() is deprecated. Instead use Tensor.options(), which in many cases (e.g. in a constructor) is a drop-in replacement. If you were using data from type(), that is now available from Tensor itself, so instead of tensor.type().scalar_type(), use tensor.scalar_type() instead and instead of tensor.type().backend() use tensor.device(). [-Wdeprecated-declarations]
     38 |   switch (tensor.type().scalarType()) {
        |         ~~~~~~~~~~~^~
  /home/taah3149/Documents/Group_Studies/.venv/lib64/python3.11/site-packages/torch/include/ATen/core/TensorBody.h:225:1: note: declared here
    225 |   DeprecatedTypeProperties & type() const {
        | ^ ~~
  /var/tmp/pip-install-tuu00oal/mmcv_34709ec07a1247aa9f36a5c75a41ccbe/mmcv/ops/csrc/pytorch/cuda/../spconv_utils.h: In instantiation of ‘void tv::check_torch_dtype(const at::Tensor&) [with scalar_t = c10::Half]’:
  /var/tmp/pip-install-tuu00oal/mmcv_34709ec07a1247aa9f36a5c75a41ccbe/mmcv/ops/csrc/pytorch/cuda/../spconv_utils.h:71:30:   required from ‘tv::TensorView<scalar_t> tv::torch2tv(const at::Tensor&) [with scalar_t = c10::Half]’
  /var/tmp/pip-install-tuu00oal/mmcv_34709ec07a1247aa9f36a5c75a41ccbe/mmcv/ops/csrc/pytorch/cuda/fused_spconv_ops_cuda.cu:52:0:   required from here
  /var/tmp/pip-install-tuu00oal/mmcv_34709ec07a1247aa9f36a5c75a41ccbe/mmcv/ops/csrc/pytorch/cuda/../spconv_utils.h:38:20: warning: ‘at::DeprecatedTypeProperties& at::Tensor::type() const’ is deprecated: Tensor.type() is deprecated. Instead use Tensor.options(), which in many cases (e.g. in a constructor) is a drop-in replacement. If you were using data from type(), that is now available from Tensor itself, so instead of tensor.type().scalar_type(), use tensor.scalar_type() instead and instead of tensor.type().backend() use tensor.device(). [-Wdeprecated-declarations]
     38 |   switch (tensor.type().scalarType()) {
        |         ~~~~~~~~~~~^~
  /home/taah3149/Documents/Group_Studies/.venv/lib64/python3.11/site-packages/torch/include/ATen/core/TensorBody.h:225:1: note: declared here
    225 |   DeprecatedTypeProperties & type() const {
        | ^ ~~
  /var/tmp/pip-install-tuu00oal/mmcv_34709ec07a1247aa9f36a5c75a41ccbe/mmcv/ops/csrc/pytorch/cuda/../spconv_utils.h:38:20: warning: ‘at::DeprecatedTypeProperties& at::Tensor::type() const’ is deprecated: Tensor.type() is deprecated. Instead use Tensor.options(), which in many cases (e.g. in a constructor) is a drop-in replacement. If you were using data from type(), that is now available from Tensor itself, so instead of tensor.type().scalar_type(), use tensor.scalar_type() instead and instead of tensor.type().backend() use tensor.device(). [-Wdeprecated-declarations]
     38 |   switch (tensor.type().scalarType()) {
        |         ~~~~~~~~~~~^~
  /home/taah3149/Documents/Group_Studies/.venv/lib64/python3.11/site-packages/torch/include/ATen/core/TensorBody.h:225:1: note: declared here
    225 |   DeprecatedTypeProperties & type() const {
        | ^ ~~
  /var/tmp/pip-install-tuu00oal/mmcv_34709ec07a1247aa9f36a5c75a41ccbe/mmcv/ops/csrc/pytorch/cuda/../spconv_utils.h: In instantiation of ‘void tv::check_torch_dtype(const at::Tensor&) [with scalar_t = const c10::Half]’:
  /var/tmp/pip-install-tuu00oal/mmcv_34709ec07a1247aa9f36a5c75a41ccbe/mmcv/ops/csrc/pytorch/cuda/../spconv_utils.h:71:30:   required from ‘tv::TensorView<scalar_t> tv::torch2tv(const at::Tensor&) [with scalar_t = const c10::Half]’
  /var/tmp/pip-install-tuu00oal/mmcv_34709ec07a1247aa9f36a5c75a41ccbe/mmcv/ops/csrc/pytorch/cuda/fused_spconv_ops_cuda.cu:52:0:   required from here
  /var/tmp/pip-install-tuu00oal/mmcv_34709ec07a1247aa9f36a5c75a41ccbe/mmcv/ops/csrc/pytorch/cuda/../spconv_utils.h:38:20: warning: ‘at::DeprecatedTypeProperties& at::Tensor::type() const’ is deprecated: Tensor.type() is deprecated. Instead use Tensor.options(), which in many cases (e.g. in a constructor) is a drop-in replacement. If you were using data from type(), that is now available from Tensor itself, so instead of tensor.type().scalar_type(), use tensor.scalar_type() instead and instead of tensor.type().backend() use tensor.device(). [-Wdeprecated-declarations]
     38 |   switch (tensor.type().scalarType()) {
        |         ~~~~~~~~~~~^~
  /home/taah3149/Documents/Group_Studies/.venv/lib64/python3.11/site-packages/torch/include/ATen/core/TensorBody.h:225:1: note: declared here
    225 |   DeprecatedTypeProperties & type() const {
        | ^ ~~
  /var/tmp/pip-install-tuu00oal/mmcv_34709ec07a1247aa9f36a5c75a41ccbe/mmcv/ops/csrc/pytorch/cuda/../spconv_utils.h:38:20: warning: ‘at::DeprecatedTypeProperties& at::Tensor::type() const’ is deprecated: Tensor.type() is deprecated. Instead use Tensor.options(), which in many cases (e.g. in a constructor) is a drop-in replacement. If you were using data from type(), that is now available from Tensor itself, so instead of tensor.type().scalar_type(), use tensor.scalar_type() instead and instead of tensor.type().backend() use tensor.device(). [-Wdeprecated-declarations]
     38 |   switch (tensor.type().scalarType()) {
        |         ~~~~~~~~~~~^~
  /home/taah3149/Documents/Group_Studies/.venv/lib64/python3.11/site-packages/torch/include/ATen/core/TensorBody.h:225:1: note: declared here
    225 |   DeprecatedTypeProperties & type() const {
        | ^ ~~
  [97/136] c++ -MMD -MF /var/tmp/pip-install-tuu00oal/mmcv_34709ec07a1247aa9f36a5c75a41ccbe/build/temp.linux-x86_64-cpython-311/mmcv/ops/csrc/pytorch/nms_quadri.o.d -pthread -Wsign-compare -DDYNAMIC_ANNOTATIONS_ENABLED=1 -DNDEBUG -O2 -g -pipe -Wall -Werror=format-security -Wp,-D_FORTIFY_SOURCE=2 -Wp,-D_GLIBCXX_ASSERTIONS -fexceptions -fstack-protector-strong -grecord-gcc-switches -m64 -mtune=generic -fasynchronous-unwind-tables -fstack-clash-protection -fcf-protection -D_GNU_SOURCE -fPIC -fwrapv -O2 -g -pipe -Wall -Werror=format-security -Wp,-D_FORTIFY_SOURCE=2 -Wp,-D_GLIBCXX_ASSERTIONS -fexceptions -fstack-protector-strong -grecord-gcc-switches -m64 -mtune=generic -fasynchronous-unwind-tables -fstack-clash-protection -fcf-protection -D_GNU_SOURCE -fPIC -fwrapv -O2 -g -pipe -Wall -Werror=format-security -Wp,-D_FORTIFY_SOURCE=2 -Wp,-D_GLIBCXX_ASSERTIONS -fexceptions -fstack-protector-strong -grecord-gcc-switches -m64 -mtune=generic -fasynchronous-unwind-tables -fstack-clash-protection -fcf-protection -D_GNU_SOURCE -fPIC -fwrapv -fPIC -DMMCV_WITH_CUDA -I/var/tmp/pip-install-tuu00oal/mmcv_34709ec07a1247aa9f36a5c75a41ccbe/mmcv/ops/csrc/pytorch -I/var/tmp/pip-install-tuu00oal/mmcv_34709ec07a1247aa9f36a5c75a41ccbe/mmcv/ops/csrc/common -I/var/tmp/pip-install-tuu00oal/mmcv_34709ec07a1247aa9f36a5c75a41ccbe/mmcv/ops/csrc/common/cuda -I/home/taah3149/Documents/Group_Studies/.venv/lib64/python3.11/site-packages/torch/include -I/home/taah3149/Documents/Group_Studies/.venv/lib64/python3.11/site-packages/torch/include/torch/csrc/api/include -I/home/taah3149/Documents/Group_Studies/.venv/lib64/python3.11/site-packages/torch/include/TH -I/home/taah3149/Documents/Group_Studies/.venv/lib64/python3.11/site-packages/torch/include/THC -I/usr/app-soft1/cuda/cuda-12.2/include -I/home/taah3149/Documents/Group_Studies/.venv/include -I/usr/include/python3.11 -c -c /var/tmp/pip-install-tuu00oal/mmcv_34709ec07a1247aa9f36a5c75a41ccbe/mmcv/ops/csrc/pytorch/nms_quadri.cpp -o /var/tmp/pip-install-tuu00oal/mmcv_34709ec07a1247aa9f36a5c75a41ccbe/build/temp.linux-x86_64-cpython-311/mmcv/ops/csrc/pytorch/nms_quadri.o -std=c++17 -DTORCH_API_INCLUDE_EXTENSION_H '-DPYBIND11_COMPILER_TYPE="_gcc"' '-DPYBIND11_STDLIB="_libstdcpp"' '-DPYBIND11_BUILD_ABI="_cxxabi1011"' -DTORCH_EXTENSION_NAME=_ext -D_GLIBCXX_USE_CXX11_ABI=0
  [98/136] c++ -MMD -MF /var/tmp/pip-install-tuu00oal/mmcv_34709ec07a1247aa9f36a5c75a41ccbe/build/temp.linux-x86_64-cpython-311/mmcv/ops/csrc/pytorch/iou3d.o.d -pthread -Wsign-compare -DDYNAMIC_ANNOTATIONS_ENABLED=1 -DNDEBUG -O2 -g -pipe -Wall -Werror=format-security -Wp,-D_FORTIFY_SOURCE=2 -Wp,-D_GLIBCXX_ASSERTIONS -fexceptions -fstack-protector-strong -grecord-gcc-switches -m64 -mtune=generic -fasynchronous-unwind-tables -fstack-clash-protection -fcf-protection -D_GNU_SOURCE -fPIC -fwrapv -O2 -g -pipe -Wall -Werror=format-security -Wp,-D_FORTIFY_SOURCE=2 -Wp,-D_GLIBCXX_ASSERTIONS -fexceptions -fstack-protector-strong -grecord-gcc-switches -m64 -mtune=generic -fasynchronous-unwind-tables -fstack-clash-protection -fcf-protection -D_GNU_SOURCE -fPIC -fwrapv -O2 -g -pipe -Wall -Werror=format-security -Wp,-D_FORTIFY_SOURCE=2 -Wp,-D_GLIBCXX_ASSERTIONS -fexceptions -fstack-protector-strong -grecord-gcc-switches -m64 -mtune=generic -fasynchronous-unwind-tables -fstack-clash-protection -fcf-protection -D_GNU_SOURCE -fPIC -fwrapv -fPIC -DMMCV_WITH_CUDA -I/var/tmp/pip-install-tuu00oal/mmcv_34709ec07a1247aa9f36a5c75a41ccbe/mmcv/ops/csrc/pytorch -I/var/tmp/pip-install-tuu00oal/mmcv_34709ec07a1247aa9f36a5c75a41ccbe/mmcv/ops/csrc/common -I/var/tmp/pip-install-tuu00oal/mmcv_34709ec07a1247aa9f36a5c75a41ccbe/mmcv/ops/csrc/common/cuda -I/home/taah3149/Documents/Group_Studies/.venv/lib64/python3.11/site-packages/torch/include -I/home/taah3149/Documents/Group_Studies/.venv/lib64/python3.11/site-packages/torch/include/torch/csrc/api/include -I/home/taah3149/Documents/Group_Studies/.venv/lib64/python3.11/site-packages/torch/include/TH -I/home/taah3149/Documents/Group_Studies/.venv/lib64/python3.11/site-packages/torch/include/THC -I/usr/app-soft1/cuda/cuda-12.2/include -I/home/taah3149/Documents/Group_Studies/.venv/include -I/usr/include/python3.11 -c -c /var/tmp/pip-install-tuu00oal/mmcv_34709ec07a1247aa9f36a5c75a41ccbe/mmcv/ops/csrc/pytorch/iou3d.cpp -o /var/tmp/pip-install-tuu00oal/mmcv_34709ec07a1247aa9f36a5c75a41ccbe/build/temp.linux-x86_64-cpython-311/mmcv/ops/csrc/pytorch/iou3d.o -std=c++17 -DTORCH_API_INCLUDE_EXTENSION_H '-DPYBIND11_COMPILER_TYPE="_gcc"' '-DPYBIND11_STDLIB="_libstdcpp"' '-DPYBIND11_BUILD_ABI="_cxxabi1011"' -DTORCH_EXTENSION_NAME=_ext -D_GLIBCXX_USE_CXX11_ABI=0
  [99/136] c++ -MMD -MF /var/tmp/pip-install-tuu00oal/mmcv_34709ec07a1247aa9f36a5c75a41ccbe/build/temp.linux-x86_64-cpython-311/mmcv/ops/csrc/pytorch/nms_rotated.o.d -pthread -Wsign-compare -DDYNAMIC_ANNOTATIONS_ENABLED=1 -DNDEBUG -O2 -g -pipe -Wall -Werror=format-security -Wp,-D_FORTIFY_SOURCE=2 -Wp,-D_GLIBCXX_ASSERTIONS -fexceptions -fstack-protector-strong -grecord-gcc-switches -m64 -mtune=generic -fasynchronous-unwind-tables -fstack-clash-protection -fcf-protection -D_GNU_SOURCE -fPIC -fwrapv -O2 -g -pipe -Wall -Werror=format-security -Wp,-D_FORTIFY_SOURCE=2 -Wp,-D_GLIBCXX_ASSERTIONS -fexceptions -fstack-protector-strong -grecord-gcc-switches -m64 -mtune=generic -fasynchronous-unwind-tables -fstack-clash-protection -fcf-protection -D_GNU_SOURCE -fPIC -fwrapv -O2 -g -pipe -Wall -Werror=format-security -Wp,-D_FORTIFY_SOURCE=2 -Wp,-D_GLIBCXX_ASSERTIONS -fexceptions -fstack-protector-strong -grecord-gcc-switches -m64 -mtune=generic -fasynchronous-unwind-tables -fstack-clash-protection -fcf-protection -D_GNU_SOURCE -fPIC -fwrapv -fPIC -DMMCV_WITH_CUDA -I/var/tmp/pip-install-tuu00oal/mmcv_34709ec07a1247aa9f36a5c75a41ccbe/mmcv/ops/csrc/pytorch -I/var/tmp/pip-install-tuu00oal/mmcv_34709ec07a1247aa9f36a5c75a41ccbe/mmcv/ops/csrc/common -I/var/tmp/pip-install-tuu00oal/mmcv_34709ec07a1247aa9f36a5c75a41ccbe/mmcv/ops/csrc/common/cuda -I/home/taah3149/Documents/Group_Studies/.venv/lib64/python3.11/site-packages/torch/include -I/home/taah3149/Documents/Group_Studies/.venv/lib64/python3.11/site-packages/torch/include/torch/csrc/api/include -I/home/taah3149/Documents/Group_Studies/.venv/lib64/python3.11/site-packages/torch/include/TH -I/home/taah3149/Documents/Group_Studies/.venv/lib64/python3.11/site-packages/torch/include/THC -I/usr/app-soft1/cuda/cuda-12.2/include -I/home/taah3149/Documents/Group_Studies/.venv/include -I/usr/include/python3.11 -c -c /var/tmp/pip-install-tuu00oal/mmcv_34709ec07a1247aa9f36a5c75a41ccbe/mmcv/ops/csrc/pytorch/nms_rotated.cpp -o /var/tmp/pip-install-tuu00oal/mmcv_34709ec07a1247aa9f36a5c75a41ccbe/build/temp.linux-x86_64-cpython-311/mmcv/ops/csrc/pytorch/nms_rotated.o -std=c++17 -DTORCH_API_INCLUDE_EXTENSION_H '-DPYBIND11_COMPILER_TYPE="_gcc"' '-DPYBIND11_STDLIB="_libstdcpp"' '-DPYBIND11_BUILD_ABI="_cxxabi1011"' -DTORCH_EXTENSION_NAME=_ext -D_GLIBCXX_USE_CXX11_ABI=0
  [100/136] c++ -MMD -MF /var/tmp/pip-install-tuu00oal/mmcv_34709ec07a1247aa9f36a5c75a41ccbe/build/temp.linux-x86_64-cpython-311/mmcv/ops/csrc/pytorch/ms_deform_attn.o.d -pthread -Wsign-compare -DDYNAMIC_ANNOTATIONS_ENABLED=1 -DNDEBUG -O2 -g -pipe -Wall -Werror=format-security -Wp,-D_FORTIFY_SOURCE=2 -Wp,-D_GLIBCXX_ASSERTIONS -fexceptions -fstack-protector-strong -grecord-gcc-switches -m64 -mtune=generic -fasynchronous-unwind-tables -fstack-clash-protection -fcf-protection -D_GNU_SOURCE -fPIC -fwrapv -O2 -g -pipe -Wall -Werror=format-security -Wp,-D_FORTIFY_SOURCE=2 -Wp,-D_GLIBCXX_ASSERTIONS -fexceptions -fstack-protector-strong -grecord-gcc-switches -m64 -mtune=generic -fasynchronous-unwind-tables -fstack-clash-protection -fcf-protection -D_GNU_SOURCE -fPIC -fwrapv -O2 -g -pipe -Wall -Werror=format-security -Wp,-D_FORTIFY_SOURCE=2 -Wp,-D_GLIBCXX_ASSERTIONS -fexceptions -fstack-protector-strong -grecord-gcc-switches -m64 -mtune=generic -fasynchronous-unwind-tables -fstack-clash-protection -fcf-protection -D_GNU_SOURCE -fPIC -fwrapv -fPIC -DMMCV_WITH_CUDA -I/var/tmp/pip-install-tuu00oal/mmcv_34709ec07a1247aa9f36a5c75a41ccbe/mmcv/ops/csrc/pytorch -I/var/tmp/pip-install-tuu00oal/mmcv_34709ec07a1247aa9f36a5c75a41ccbe/mmcv/ops/csrc/common -I/var/tmp/pip-install-tuu00oal/mmcv_34709ec07a1247aa9f36a5c75a41ccbe/mmcv/ops/csrc/common/cuda -I/home/taah3149/Documents/Group_Studies/.venv/lib64/python3.11/site-packages/torch/include -I/home/taah3149/Documents/Group_Studies/.venv/lib64/python3.11/site-packages/torch/include/torch/csrc/api/include -I/home/taah3149/Documents/Group_Studies/.venv/lib64/python3.11/site-packages/torch/include/TH -I/home/taah3149/Documents/Group_Studies/.venv/lib64/python3.11/site-packages/torch/include/THC -I/usr/app-soft1/cuda/cuda-12.2/include -I/home/taah3149/Documents/Group_Studies/.venv/include -I/usr/include/python3.11 -c -c /var/tmp/pip-install-tuu00oal/mmcv_34709ec07a1247aa9f36a5c75a41ccbe/mmcv/ops/csrc/pytorch/ms_deform_attn.cpp -o /var/tmp/pip-install-tuu00oal/mmcv_34709ec07a1247aa9f36a5c75a41ccbe/build/temp.linux-x86_64-cpython-311/mmcv/ops/csrc/pytorch/ms_deform_attn.o -std=c++17 -DTORCH_API_INCLUDE_EXTENSION_H '-DPYBIND11_COMPILER_TYPE="_gcc"' '-DPYBIND11_STDLIB="_libstdcpp"' '-DPYBIND11_BUILD_ABI="_cxxabi1011"' -DTORCH_EXTENSION_NAME=_ext -D_GLIBCXX_USE_CXX11_ABI=0
  [101/136] c++ -MMD -MF /var/tmp/pip-install-tuu00oal/mmcv_34709ec07a1247aa9f36a5c75a41ccbe/build/temp.linux-x86_64-cpython-311/mmcv/ops/csrc/pytorch/nms.o.d -pthread -Wsign-compare -DDYNAMIC_ANNOTATIONS_ENABLED=1 -DNDEBUG -O2 -g -pipe -Wall -Werror=format-security -Wp,-D_FORTIFY_SOURCE=2 -Wp,-D_GLIBCXX_ASSERTIONS -fexceptions -fstack-protector-strong -grecord-gcc-switches -m64 -mtune=generic -fasynchronous-unwind-tables -fstack-clash-protection -fcf-protection -D_GNU_SOURCE -fPIC -fwrapv -O2 -g -pipe -Wall -Werror=format-security -Wp,-D_FORTIFY_SOURCE=2 -Wp,-D_GLIBCXX_ASSERTIONS -fexceptions -fstack-protector-strong -grecord-gcc-switches -m64 -mtune=generic -fasynchronous-unwind-tables -fstack-clash-protection -fcf-protection -D_GNU_SOURCE -fPIC -fwrapv -O2 -g -pipe -Wall -Werror=format-security -Wp,-D_FORTIFY_SOURCE=2 -Wp,-D_GLIBCXX_ASSERTIONS -fexceptions -fstack-protector-strong -grecord-gcc-switches -m64 -mtune=generic -fasynchronous-unwind-tables -fstack-clash-protection -fcf-protection -D_GNU_SOURCE -fPIC -fwrapv -fPIC -DMMCV_WITH_CUDA -I/var/tmp/pip-install-tuu00oal/mmcv_34709ec07a1247aa9f36a5c75a41ccbe/mmcv/ops/csrc/pytorch -I/var/tmp/pip-install-tuu00oal/mmcv_34709ec07a1247aa9f36a5c75a41ccbe/mmcv/ops/csrc/common -I/var/tmp/pip-install-tuu00oal/mmcv_34709ec07a1247aa9f36a5c75a41ccbe/mmcv/ops/csrc/common/cuda -I/home/taah3149/Documents/Group_Studies/.venv/lib64/python3.11/site-packages/torch/include -I/home/taah3149/Documents/Group_Studies/.venv/lib64/python3.11/site-packages/torch/include/torch/csrc/api/include -I/home/taah3149/Documents/Group_Studies/.venv/lib64/python3.11/site-packages/torch/include/TH -I/home/taah3149/Documents/Group_Studies/.venv/lib64/python3.11/site-packages/torch/include/THC -I/usr/app-soft1/cuda/cuda-12.2/include -I/home/taah3149/Documents/Group_Studies/.venv/include -I/usr/include/python3.11 -c -c /var/tmp/pip-install-tuu00oal/mmcv_34709ec07a1247aa9f36a5c75a41ccbe/mmcv/ops/csrc/pytorch/nms.cpp -o /var/tmp/pip-install-tuu00oal/mmcv_34709ec07a1247aa9f36a5c75a41ccbe/build/temp.linux-x86_64-cpython-311/mmcv/ops/csrc/pytorch/nms.o -std=c++17 -DTORCH_API_INCLUDE_EXTENSION_H '-DPYBIND11_COMPILER_TYPE="_gcc"' '-DPYBIND11_STDLIB="_libstdcpp"' '-DPYBIND11_BUILD_ABI="_cxxabi1011"' -DTORCH_EXTENSION_NAME=_ext -D_GLIBCXX_USE_CXX11_ABI=0
  [102/136] c++ -MMD -MF /var/tmp/pip-install-tuu00oal/mmcv_34709ec07a1247aa9f36a5c75a41ccbe/build/temp.linux-x86_64-cpython-311/mmcv/ops/csrc/pytorch/group_points.o.d -pthread -Wsign-compare -DDYNAMIC_ANNOTATIONS_ENABLED=1 -DNDEBUG -O2 -g -pipe -Wall -Werror=format-security -Wp,-D_FORTIFY_SOURCE=2 -Wp,-D_GLIBCXX_ASSERTIONS -fexceptions -fstack-protector-strong -grecord-gcc-switches -m64 -mtune=generic -fasynchronous-unwind-tables -fstack-clash-protection -fcf-protection -D_GNU_SOURCE -fPIC -fwrapv -O2 -g -pipe -Wall -Werror=format-security -Wp,-D_FORTIFY_SOURCE=2 -Wp,-D_GLIBCXX_ASSERTIONS -fexceptions -fstack-protector-strong -grecord-gcc-switches -m64 -mtune=generic -fasynchronous-unwind-tables -fstack-clash-protection -fcf-protection -D_GNU_SOURCE -fPIC -fwrapv -O2 -g -pipe -Wall -Werror=format-security -Wp,-D_FORTIFY_SOURCE=2 -Wp,-D_GLIBCXX_ASSERTIONS -fexceptions -fstack-protector-strong -grecord-gcc-switches -m64 -mtune=generic -fasynchronous-unwind-tables -fstack-clash-protection -fcf-protection -D_GNU_SOURCE -fPIC -fwrapv -fPIC -DMMCV_WITH_CUDA -I/var/tmp/pip-install-tuu00oal/mmcv_34709ec07a1247aa9f36a5c75a41ccbe/mmcv/ops/csrc/pytorch -I/var/tmp/pip-install-tuu00oal/mmcv_34709ec07a1247aa9f36a5c75a41ccbe/mmcv/ops/csrc/common -I/var/tmp/pip-install-tuu00oal/mmcv_34709ec07a1247aa9f36a5c75a41ccbe/mmcv/ops/csrc/common/cuda -I/home/taah3149/Documents/Group_Studies/.venv/lib64/python3.11/site-packages/torch/include -I/home/taah3149/Documents/Group_Studies/.venv/lib64/python3.11/site-packages/torch/include/torch/csrc/api/include -I/home/taah3149/Documents/Group_Studies/.venv/lib64/python3.11/site-packages/torch/include/TH -I/home/taah3149/Documents/Group_Studies/.venv/lib64/python3.11/site-packages/torch/include/THC -I/usr/app-soft1/cuda/cuda-12.2/include -I/home/taah3149/Documents/Group_Studies/.venv/include -I/usr/include/python3.11 -c -c /var/tmp/pip-install-tuu00oal/mmcv_34709ec07a1247aa9f36a5c75a41ccbe/mmcv/ops/csrc/pytorch/group_points.cpp -o /var/tmp/pip-install-tuu00oal/mmcv_34709ec07a1247aa9f36a5c75a41ccbe/build/temp.linux-x86_64-cpython-311/mmcv/ops/csrc/pytorch/group_points.o -std=c++17 -DTORCH_API_INCLUDE_EXTENSION_H '-DPYBIND11_COMPILER_TYPE="_gcc"' '-DPYBIND11_STDLIB="_libstdcpp"' '-DPYBIND11_BUILD_ABI="_cxxabi1011"' -DTORCH_EXTENSION_NAME=_ext -D_GLIBCXX_USE_CXX11_ABI=0
  [103/136] c++ -MMD -MF /var/tmp/pip-install-tuu00oal/mmcv_34709ec07a1247aa9f36a5c75a41ccbe/build/temp.linux-x86_64-cpython-311/mmcv/ops/csrc/pytorch/pixel_group.o.d -pthread -Wsign-compare -DDYNAMIC_ANNOTATIONS_ENABLED=1 -DNDEBUG -O2 -g -pipe -Wall -Werror=format-security -Wp,-D_FORTIFY_SOURCE=2 -Wp,-D_GLIBCXX_ASSERTIONS -fexceptions -fstack-protector-strong -grecord-gcc-switches -m64 -mtune=generic -fasynchronous-unwind-tables -fstack-clash-protection -fcf-protection -D_GNU_SOURCE -fPIC -fwrapv -O2 -g -pipe -Wall -Werror=format-security -Wp,-D_FORTIFY_SOURCE=2 -Wp,-D_GLIBCXX_ASSERTIONS -fexceptions -fstack-protector-strong -grecord-gcc-switches -m64 -mtune=generic -fasynchronous-unwind-tables -fstack-clash-protection -fcf-protection -D_GNU_SOURCE -fPIC -fwrapv -O2 -g -pipe -Wall -Werror=format-security -Wp,-D_FORTIFY_SOURCE=2 -Wp,-D_GLIBCXX_ASSERTIONS -fexceptions -fstack-protector-strong -grecord-gcc-switches -m64 -mtune=generic -fasynchronous-unwind-tables -fstack-clash-protection -fcf-protection -D_GNU_SOURCE -fPIC -fwrapv -fPIC -DMMCV_WITH_CUDA -I/var/tmp/pip-install-tuu00oal/mmcv_34709ec07a1247aa9f36a5c75a41ccbe/mmcv/ops/csrc/pytorch -I/var/tmp/pip-install-tuu00oal/mmcv_34709ec07a1247aa9f36a5c75a41ccbe/mmcv/ops/csrc/common -I/var/tmp/pip-install-tuu00oal/mmcv_34709ec07a1247aa9f36a5c75a41ccbe/mmcv/ops/csrc/common/cuda -I/home/taah3149/Documents/Group_Studies/.venv/lib64/python3.11/site-packages/torch/include -I/home/taah3149/Documents/Group_Studies/.venv/lib64/python3.11/site-packages/torch/include/torch/csrc/api/include -I/home/taah3149/Documents/Group_Studies/.venv/lib64/python3.11/site-packages/torch/include/TH -I/home/taah3149/Documents/Group_Studies/.venv/lib64/python3.11/site-packages/torch/include/THC -I/usr/app-soft1/cuda/cuda-12.2/include -I/home/taah3149/Documents/Group_Studies/.venv/include -I/usr/include/python3.11 -c -c /var/tmp/pip-install-tuu00oal/mmcv_34709ec07a1247aa9f36a5c75a41ccbe/mmcv/ops/csrc/pytorch/pixel_group.cpp -o /var/tmp/pip-install-tuu00oal/mmcv_34709ec07a1247aa9f36a5c75a41ccbe/build/temp.linux-x86_64-cpython-311/mmcv/ops/csrc/pytorch/pixel_group.o -std=c++17 -DTORCH_API_INCLUDE_EXTENSION_H '-DPYBIND11_COMPILER_TYPE="_gcc"' '-DPYBIND11_STDLIB="_libstdcpp"' '-DPYBIND11_BUILD_ABI="_cxxabi1011"' -DTORCH_EXTENSION_NAME=_ext -D_GLIBCXX_USE_CXX11_ABI=0
  [104/136] c++ -MMD -MF /var/tmp/pip-install-tuu00oal/mmcv_34709ec07a1247aa9f36a5c75a41ccbe/build/temp.linux-x86_64-cpython-311/mmcv/ops/csrc/pytorch/points_in_polygons.o.d -pthread -Wsign-compare -DDYNAMIC_ANNOTATIONS_ENABLED=1 -DNDEBUG -O2 -g -pipe -Wall -Werror=format-security -Wp,-D_FORTIFY_SOURCE=2 -Wp,-D_GLIBCXX_ASSERTIONS -fexceptions -fstack-protector-strong -grecord-gcc-switches -m64 -mtune=generic -fasynchronous-unwind-tables -fstack-clash-protection -fcf-protection -D_GNU_SOURCE -fPIC -fwrapv -O2 -g -pipe -Wall -Werror=format-security -Wp,-D_FORTIFY_SOURCE=2 -Wp,-D_GLIBCXX_ASSERTIONS -fexceptions -fstack-protector-strong -grecord-gcc-switches -m64 -mtune=generic -fasynchronous-unwind-tables -fstack-clash-protection -fcf-protection -D_GNU_SOURCE -fPIC -fwrapv -O2 -g -pipe -Wall -Werror=format-security -Wp,-D_FORTIFY_SOURCE=2 -Wp,-D_GLIBCXX_ASSERTIONS -fexceptions -fstack-protector-strong -grecord-gcc-switches -m64 -mtune=generic -fasynchronous-unwind-tables -fstack-clash-protection -fcf-protection -D_GNU_SOURCE -fPIC -fwrapv -fPIC -DMMCV_WITH_CUDA -I/var/tmp/pip-install-tuu00oal/mmcv_34709ec07a1247aa9f36a5c75a41ccbe/mmcv/ops/csrc/pytorch -I/var/tmp/pip-install-tuu00oal/mmcv_34709ec07a1247aa9f36a5c75a41ccbe/mmcv/ops/csrc/common -I/var/tmp/pip-install-tuu00oal/mmcv_34709ec07a1247aa9f36a5c75a41ccbe/mmcv/ops/csrc/common/cuda -I/home/taah3149/Documents/Group_Studies/.venv/lib64/python3.11/site-packages/torch/include -I/home/taah3149/Documents/Group_Studies/.venv/lib64/python3.11/site-packages/torch/include/torch/csrc/api/include -I/home/taah3149/Documents/Group_Studies/.venv/lib64/python3.11/site-packages/torch/include/TH -I/home/taah3149/Documents/Group_Studies/.venv/lib64/python3.11/site-packages/torch/include/THC -I/usr/app-soft1/cuda/cuda-12.2/include -I/home/taah3149/Documents/Group_Studies/.venv/include -I/usr/include/python3.11 -c -c /var/tmp/pip-install-tuu00oal/mmcv_34709ec07a1247aa9f36a5c75a41ccbe/mmcv/ops/csrc/pytorch/points_in_polygons.cpp -o /var/tmp/pip-install-tuu00oal/mmcv_34709ec07a1247aa9f36a5c75a41ccbe/build/temp.linux-x86_64-cpython-311/mmcv/ops/csrc/pytorch/points_in_polygons.o -std=c++17 -DTORCH_API_INCLUDE_EXTENSION_H '-DPYBIND11_COMPILER_TYPE="_gcc"' '-DPYBIND11_STDLIB="_libstdcpp"' '-DPYBIND11_BUILD_ABI="_cxxabi1011"' -DTORCH_EXTENSION_NAME=_ext -D_GLIBCXX_USE_CXX11_ABI=0
  [105/136] c++ -MMD -MF /var/tmp/pip-install-tuu00oal/mmcv_34709ec07a1247aa9f36a5c75a41ccbe/build/temp.linux-x86_64-cpython-311/mmcv/ops/csrc/pytorch/points_in_boxes.o.d -pthread -Wsign-compare -DDYNAMIC_ANNOTATIONS_ENABLED=1 -DNDEBUG -O2 -g -pipe -Wall -Werror=format-security -Wp,-D_FORTIFY_SOURCE=2 -Wp,-D_GLIBCXX_ASSERTIONS -fexceptions -fstack-protector-strong -grecord-gcc-switches -m64 -mtune=generic -fasynchronous-unwind-tables -fstack-clash-protection -fcf-protection -D_GNU_SOURCE -fPIC -fwrapv -O2 -g -pipe -Wall -Werror=format-security -Wp,-D_FORTIFY_SOURCE=2 -Wp,-D_GLIBCXX_ASSERTIONS -fexceptions -fstack-protector-strong -grecord-gcc-switches -m64 -mtune=generic -fasynchronous-unwind-tables -fstack-clash-protection -fcf-protection -D_GNU_SOURCE -fPIC -fwrapv -O2 -g -pipe -Wall -Werror=format-security -Wp,-D_FORTIFY_SOURCE=2 -Wp,-D_GLIBCXX_ASSERTIONS -fexceptions -fstack-protector-strong -grecord-gcc-switches -m64 -mtune=generic -fasynchronous-unwind-tables -fstack-clash-protection -fcf-protection -D_GNU_SOURCE -fPIC -fwrapv -fPIC -DMMCV_WITH_CUDA -I/var/tmp/pip-install-tuu00oal/mmcv_34709ec07a1247aa9f36a5c75a41ccbe/mmcv/ops/csrc/pytorch -I/var/tmp/pip-install-tuu00oal/mmcv_34709ec07a1247aa9f36a5c75a41ccbe/mmcv/ops/csrc/common -I/var/tmp/pip-install-tuu00oal/mmcv_34709ec07a1247aa9f36a5c75a41ccbe/mmcv/ops/csrc/common/cuda -I/home/taah3149/Documents/Group_Studies/.venv/lib64/python3.11/site-packages/torch/include -I/home/taah3149/Documents/Group_Studies/.venv/lib64/python3.11/site-packages/torch/include/torch/csrc/api/include -I/home/taah3149/Documents/Group_Studies/.venv/lib64/python3.11/site-packages/torch/include/TH -I/home/taah3149/Documents/Group_Studies/.venv/lib64/python3.11/site-packages/torch/include/THC -I/usr/app-soft1/cuda/cuda-12.2/include -I/home/taah3149/Documents/Group_Studies/.venv/include -I/usr/include/python3.11 -c -c /var/tmp/pip-install-tuu00oal/mmcv_34709ec07a1247aa9f36a5c75a41ccbe/mmcv/ops/csrc/pytorch/points_in_boxes.cpp -o /var/tmp/pip-install-tuu00oal/mmcv_34709ec07a1247aa9f36a5c75a41ccbe/build/temp.linux-x86_64-cpython-311/mmcv/ops/csrc/pytorch/points_in_boxes.o -std=c++17 -DTORCH_API_INCLUDE_EXTENSION_H '-DPYBIND11_COMPILER_TYPE="_gcc"' '-DPYBIND11_STDLIB="_libstdcpp"' '-DPYBIND11_BUILD_ABI="_cxxabi1011"' -DTORCH_EXTENSION_NAME=_ext -D_GLIBCXX_USE_CXX11_ABI=0
  [106/136] c++ -MMD -MF /var/tmp/pip-install-tuu00oal/mmcv_34709ec07a1247aa9f36a5c75a41ccbe/build/temp.linux-x86_64-cpython-311/mmcv/ops/csrc/pytorch/min_area_polygons.o.d -pthread -Wsign-compare -DDYNAMIC_ANNOTATIONS_ENABLED=1 -DNDEBUG -O2 -g -pipe -Wall -Werror=format-security -Wp,-D_FORTIFY_SOURCE=2 -Wp,-D_GLIBCXX_ASSERTIONS -fexceptions -fstack-protector-strong -grecord-gcc-switches -m64 -mtune=generic -fasynchronous-unwind-tables -fstack-clash-protection -fcf-protection -D_GNU_SOURCE -fPIC -fwrapv -O2 -g -pipe -Wall -Werror=format-security -Wp,-D_FORTIFY_SOURCE=2 -Wp,-D_GLIBCXX_ASSERTIONS -fexceptions -fstack-protector-strong -grecord-gcc-switches -m64 -mtune=generic -fasynchronous-unwind-tables -fstack-clash-protection -fcf-protection -D_GNU_SOURCE -fPIC -fwrapv -O2 -g -pipe -Wall -Werror=format-security -Wp,-D_FORTIFY_SOURCE=2 -Wp,-D_GLIBCXX_ASSERTIONS -fexceptions -fstack-protector-strong -grecord-gcc-switches -m64 -mtune=generic -fasynchronous-unwind-tables -fstack-clash-protection -fcf-protection -D_GNU_SOURCE -fPIC -fwrapv -fPIC -DMMCV_WITH_CUDA -I/var/tmp/pip-install-tuu00oal/mmcv_34709ec07a1247aa9f36a5c75a41ccbe/mmcv/ops/csrc/pytorch -I/var/tmp/pip-install-tuu00oal/mmcv_34709ec07a1247aa9f36a5c75a41ccbe/mmcv/ops/csrc/common -I/var/tmp/pip-install-tuu00oal/mmcv_34709ec07a1247aa9f36a5c75a41ccbe/mmcv/ops/csrc/common/cuda -I/home/taah3149/Documents/Group_Studies/.venv/lib64/python3.11/site-packages/torch/include -I/home/taah3149/Documents/Group_Studies/.venv/lib64/python3.11/site-packages/torch/include/torch/csrc/api/include -I/home/taah3149/Documents/Group_Studies/.venv/lib64/python3.11/site-packages/torch/include/TH -I/home/taah3149/Documents/Group_Studies/.venv/lib64/python3.11/site-packages/torch/include/THC -I/usr/app-soft1/cuda/cuda-12.2/include -I/home/taah3149/Documents/Group_Studies/.venv/include -I/usr/include/python3.11 -c -c /var/tmp/pip-install-tuu00oal/mmcv_34709ec07a1247aa9f36a5c75a41ccbe/mmcv/ops/csrc/pytorch/min_area_polygons.cpp -o /var/tmp/pip-install-tuu00oal/mmcv_34709ec07a1247aa9f36a5c75a41ccbe/build/temp.linux-x86_64-cpython-311/mmcv/ops/csrc/pytorch/min_area_polygons.o -std=c++17 -DTORCH_API_INCLUDE_EXTENSION_H '-DPYBIND11_COMPILER_TYPE="_gcc"' '-DPYBIND11_STDLIB="_libstdcpp"' '-DPYBIND11_BUILD_ABI="_cxxabi1011"' -DTORCH_EXTENSION_NAME=_ext -D_GLIBCXX_USE_CXX11_ABI=0
  [107/136] c++ -MMD -MF /var/tmp/pip-install-tuu00oal/mmcv_34709ec07a1247aa9f36a5c75a41ccbe/build/temp.linux-x86_64-cpython-311/mmcv/ops/csrc/pytorch/prroi_pool.o.d -pthread -Wsign-compare -DDYNAMIC_ANNOTATIONS_ENABLED=1 -DNDEBUG -O2 -g -pipe -Wall -Werror=format-security -Wp,-D_FORTIFY_SOURCE=2 -Wp,-D_GLIBCXX_ASSERTIONS -fexceptions -fstack-protector-strong -grecord-gcc-switches -m64 -mtune=generic -fasynchronous-unwind-tables -fstack-clash-protection -fcf-protection -D_GNU_SOURCE -fPIC -fwrapv -O2 -g -pipe -Wall -Werror=format-security -Wp,-D_FORTIFY_SOURCE=2 -Wp,-D_GLIBCXX_ASSERTIONS -fexceptions -fstack-protector-strong -grecord-gcc-switches -m64 -mtune=generic -fasynchronous-unwind-tables -fstack-clash-protection -fcf-protection -D_GNU_SOURCE -fPIC -fwrapv -O2 -g -pipe -Wall -Werror=format-security -Wp,-D_FORTIFY_SOURCE=2 -Wp,-D_GLIBCXX_ASSERTIONS -fexceptions -fstack-protector-strong -grecord-gcc-switches -m64 -mtune=generic -fasynchronous-unwind-tables -fstack-clash-protection -fcf-protection -D_GNU_SOURCE -fPIC -fwrapv -fPIC -DMMCV_WITH_CUDA -I/var/tmp/pip-install-tuu00oal/mmcv_34709ec07a1247aa9f36a5c75a41ccbe/mmcv/ops/csrc/pytorch -I/var/tmp/pip-install-tuu00oal/mmcv_34709ec07a1247aa9f36a5c75a41ccbe/mmcv/ops/csrc/common -I/var/tmp/pip-install-tuu00oal/mmcv_34709ec07a1247aa9f36a5c75a41ccbe/mmcv/ops/csrc/common/cuda -I/home/taah3149/Documents/Group_Studies/.venv/lib64/python3.11/site-packages/torch/include -I/home/taah3149/Documents/Group_Studies/.venv/lib64/python3.11/site-packages/torch/include/torch/csrc/api/include -I/home/taah3149/Documents/Group_Studies/.venv/lib64/python3.11/site-packages/torch/include/TH -I/home/taah3149/Documents/Group_Studies/.venv/lib64/python3.11/site-packages/torch/include/THC -I/usr/app-soft1/cuda/cuda-12.2/include -I/home/taah3149/Documents/Group_Studies/.venv/include -I/usr/include/python3.11 -c -c /var/tmp/pip-install-tuu00oal/mmcv_34709ec07a1247aa9f36a5c75a41ccbe/mmcv/ops/csrc/pytorch/prroi_pool.cpp -o /var/tmp/pip-install-tuu00oal/mmcv_34709ec07a1247aa9f36a5c75a41ccbe/build/temp.linux-x86_64-cpython-311/mmcv/ops/csrc/pytorch/prroi_pool.o -std=c++17 -DTORCH_API_INCLUDE_EXTENSION_H '-DPYBIND11_COMPILER_TYPE="_gcc"' '-DPYBIND11_STDLIB="_libstdcpp"' '-DPYBIND11_BUILD_ABI="_cxxabi1011"' -DTORCH_EXTENSION_NAME=_ext -D_GLIBCXX_USE_CXX11_ABI=0
  [108/136] /usr/app-soft1/cuda/cuda-12.2/bin/nvcc --generate-dependencies-with-compile --dependency-output /var/tmp/pip-install-tuu00oal/mmcv_34709ec07a1247aa9f36a5c75a41ccbe/build/temp.linux-x86_64-cpython-311/mmcv/ops/csrc/pytorch/cuda/voxelization_cuda.o.d -DMMCV_WITH_CUDA -I/var/tmp/pip-install-tuu00oal/mmcv_34709ec07a1247aa9f36a5c75a41ccbe/mmcv/ops/csrc/pytorch -I/var/tmp/pip-install-tuu00oal/mmcv_34709ec07a1247aa9f36a5c75a41ccbe/mmcv/ops/csrc/common -I/var/tmp/pip-install-tuu00oal/mmcv_34709ec07a1247aa9f36a5c75a41ccbe/mmcv/ops/csrc/common/cuda -I/home/taah3149/Documents/Group_Studies/.venv/lib64/python3.11/site-packages/torch/include -I/home/taah3149/Documents/Group_Studies/.venv/lib64/python3.11/site-packages/torch/include/torch/csrc/api/include -I/home/taah3149/Documents/Group_Studies/.venv/lib64/python3.11/site-packages/torch/include/TH -I/home/taah3149/Documents/Group_Studies/.venv/lib64/python3.11/site-packages/torch/include/THC -I/usr/app-soft1/cuda/cuda-12.2/include -I/home/taah3149/Documents/Group_Studies/.venv/include -I/usr/include/python3.11 -c -c /var/tmp/pip-install-tuu00oal/mmcv_34709ec07a1247aa9f36a5c75a41ccbe/mmcv/ops/csrc/pytorch/cuda/voxelization_cuda.cu -o /var/tmp/pip-install-tuu00oal/mmcv_34709ec07a1247aa9f36a5c75a41ccbe/build/temp.linux-x86_64-cpython-311/mmcv/ops/csrc/pytorch/cuda/voxelization_cuda.o -D__CUDA_NO_HALF_OPERATORS__ -D__CUDA_NO_HALF_CONVERSIONS__ -D__CUDA_NO_BFLOAT16_CONVERSIONS__ -D__CUDA_NO_HALF2_OPERATORS__ --expt-relaxed-constexpr --compiler-options ''"'"'-fPIC'"'"'' -std=c++17 -DTORCH_API_INCLUDE_EXTENSION_H '-DPYBIND11_COMPILER_TYPE="_gcc"' '-DPYBIND11_STDLIB="_libstdcpp"' '-DPYBIND11_BUILD_ABI="_cxxabi1011"' -DTORCH_EXTENSION_NAME=_ext -D_GLIBCXX_USE_CXX11_ABI=0 -gencode=arch=compute_86,code=sm_86
  [109/136] c++ -MMD -MF /var/tmp/pip-install-tuu00oal/mmcv_34709ec07a1247aa9f36a5c75a41ccbe/build/temp.linux-x86_64-cpython-311/mmcv/ops/csrc/pytorch/psamask.o.d -pthread -Wsign-compare -DDYNAMIC_ANNOTATIONS_ENABLED=1 -DNDEBUG -O2 -g -pipe -Wall -Werror=format-security -Wp,-D_FORTIFY_SOURCE=2 -Wp,-D_GLIBCXX_ASSERTIONS -fexceptions -fstack-protector-strong -grecord-gcc-switches -m64 -mtune=generic -fasynchronous-unwind-tables -fstack-clash-protection -fcf-protection -D_GNU_SOURCE -fPIC -fwrapv -O2 -g -pipe -Wall -Werror=format-security -Wp,-D_FORTIFY_SOURCE=2 -Wp,-D_GLIBCXX_ASSERTIONS -fexceptions -fstack-protector-strong -grecord-gcc-switches -m64 -mtune=generic -fasynchronous-unwind-tables -fstack-clash-protection -fcf-protection -D_GNU_SOURCE -fPIC -fwrapv -O2 -g -pipe -Wall -Werror=format-security -Wp,-D_FORTIFY_SOURCE=2 -Wp,-D_GLIBCXX_ASSERTIONS -fexceptions -fstack-protector-strong -grecord-gcc-switches -m64 -mtune=generic -fasynchronous-unwind-tables -fstack-clash-protection -fcf-protection -D_GNU_SOURCE -fPIC -fwrapv -fPIC -DMMCV_WITH_CUDA -I/var/tmp/pip-install-tuu00oal/mmcv_34709ec07a1247aa9f36a5c75a41ccbe/mmcv/ops/csrc/pytorch -I/var/tmp/pip-install-tuu00oal/mmcv_34709ec07a1247aa9f36a5c75a41ccbe/mmcv/ops/csrc/common -I/var/tmp/pip-install-tuu00oal/mmcv_34709ec07a1247aa9f36a5c75a41ccbe/mmcv/ops/csrc/common/cuda -I/home/taah3149/Documents/Group_Studies/.venv/lib64/python3.11/site-packages/torch/include -I/home/taah3149/Documents/Group_Studies/.venv/lib64/python3.11/site-packages/torch/include/torch/csrc/api/include -I/home/taah3149/Documents/Group_Studies/.venv/lib64/python3.11/site-packages/torch/include/TH -I/home/taah3149/Documents/Group_Studies/.venv/lib64/python3.11/site-packages/torch/include/THC -I/usr/app-soft1/cuda/cuda-12.2/include -I/home/taah3149/Documents/Group_Studies/.venv/include -I/usr/include/python3.11 -c -c /var/tmp/pip-install-tuu00oal/mmcv_34709ec07a1247aa9f36a5c75a41ccbe/mmcv/ops/csrc/pytorch/psamask.cpp -o /var/tmp/pip-install-tuu00oal/mmcv_34709ec07a1247aa9f36a5c75a41ccbe/build/temp.linux-x86_64-cpython-311/mmcv/ops/csrc/pytorch/psamask.o -std=c++17 -DTORCH_API_INCLUDE_EXTENSION_H '-DPYBIND11_COMPILER_TYPE="_gcc"' '-DPYBIND11_STDLIB="_libstdcpp"' '-DPYBIND11_BUILD_ABI="_cxxabi1011"' -DTORCH_EXTENSION_NAME=_ext -D_GLIBCXX_USE_CXX11_ABI=0
  [110/136] /usr/app-soft1/cuda/cuda-12.2/bin/nvcc --generate-dependencies-with-compile --dependency-output /var/tmp/pip-install-tuu00oal/mmcv_34709ec07a1247aa9f36a5c75a41ccbe/build/temp.linux-x86_64-cpython-311/mmcv/ops/csrc/pytorch/cuda/nms_quadri_cuda.o.d -DMMCV_WITH_CUDA -I/var/tmp/pip-install-tuu00oal/mmcv_34709ec07a1247aa9f36a5c75a41ccbe/mmcv/ops/csrc/pytorch -I/var/tmp/pip-install-tuu00oal/mmcv_34709ec07a1247aa9f36a5c75a41ccbe/mmcv/ops/csrc/common -I/var/tmp/pip-install-tuu00oal/mmcv_34709ec07a1247aa9f36a5c75a41ccbe/mmcv/ops/csrc/common/cuda -I/home/taah3149/Documents/Group_Studies/.venv/lib64/python3.11/site-packages/torch/include -I/home/taah3149/Documents/Group_Studies/.venv/lib64/python3.11/site-packages/torch/include/torch/csrc/api/include -I/home/taah3149/Documents/Group_Studies/.venv/lib64/python3.11/site-packages/torch/include/TH -I/home/taah3149/Documents/Group_Studies/.venv/lib64/python3.11/site-packages/torch/include/THC -I/usr/app-soft1/cuda/cuda-12.2/include -I/home/taah3149/Documents/Group_Studies/.venv/include -I/usr/include/python3.11 -c -c /var/tmp/pip-install-tuu00oal/mmcv_34709ec07a1247aa9f36a5c75a41ccbe/mmcv/ops/csrc/pytorch/cuda/nms_quadri_cuda.cu -o /var/tmp/pip-install-tuu00oal/mmcv_34709ec07a1247aa9f36a5c75a41ccbe/build/temp.linux-x86_64-cpython-311/mmcv/ops/csrc/pytorch/cuda/nms_quadri_cuda.o -D__CUDA_NO_HALF_OPERATORS__ -D__CUDA_NO_HALF_CONVERSIONS__ -D__CUDA_NO_BFLOAT16_CONVERSIONS__ -D__CUDA_NO_HALF2_OPERATORS__ --expt-relaxed-constexpr --compiler-options ''"'"'-fPIC'"'"'' -std=c++17 -DTORCH_API_INCLUDE_EXTENSION_H '-DPYBIND11_COMPILER_TYPE="_gcc"' '-DPYBIND11_STDLIB="_libstdcpp"' '-DPYBIND11_BUILD_ABI="_cxxabi1011"' -DTORCH_EXTENSION_NAME=_ext -D_GLIBCXX_USE_CXX11_ABI=0 -gencode=arch=compute_86,code=sm_86
  [111/136] c++ -MMD -MF /var/tmp/pip-install-tuu00oal/mmcv_34709ec07a1247aa9f36a5c75a41ccbe/build/temp.linux-x86_64-cpython-311/mmcv/ops/csrc/pytorch/modulated_deform_conv.o.d -pthread -Wsign-compare -DDYNAMIC_ANNOTATIONS_ENABLED=1 -DNDEBUG -O2 -g -pipe -Wall -Werror=format-security -Wp,-D_FORTIFY_SOURCE=2 -Wp,-D_GLIBCXX_ASSERTIONS -fexceptions -fstack-protector-strong -grecord-gcc-switches -m64 -mtune=generic -fasynchronous-unwind-tables -fstack-clash-protection -fcf-protection -D_GNU_SOURCE -fPIC -fwrapv -O2 -g -pipe -Wall -Werror=format-security -Wp,-D_FORTIFY_SOURCE=2 -Wp,-D_GLIBCXX_ASSERTIONS -fexceptions -fstack-protector-strong -grecord-gcc-switches -m64 -mtune=generic -fasynchronous-unwind-tables -fstack-clash-protection -fcf-protection -D_GNU_SOURCE -fPIC -fwrapv -O2 -g -pipe -Wall -Werror=format-security -Wp,-D_FORTIFY_SOURCE=2 -Wp,-D_GLIBCXX_ASSERTIONS -fexceptions -fstack-protector-strong -grecord-gcc-switches -m64 -mtune=generic -fasynchronous-unwind-tables -fstack-clash-protection -fcf-protection -D_GNU_SOURCE -fPIC -fwrapv -fPIC -DMMCV_WITH_CUDA -I/var/tmp/pip-install-tuu00oal/mmcv_34709ec07a1247aa9f36a5c75a41ccbe/mmcv/ops/csrc/pytorch -I/var/tmp/pip-install-tuu00oal/mmcv_34709ec07a1247aa9f36a5c75a41ccbe/mmcv/ops/csrc/common -I/var/tmp/pip-install-tuu00oal/mmcv_34709ec07a1247aa9f36a5c75a41ccbe/mmcv/ops/csrc/common/cuda -I/home/taah3149/Documents/Group_Studies/.venv/lib64/python3.11/site-packages/torch/include -I/home/taah3149/Documents/Group_Studies/.venv/lib64/python3.11/site-packages/torch/include/torch/csrc/api/include -I/home/taah3149/Documents/Group_Studies/.venv/lib64/python3.11/site-packages/torch/include/TH -I/home/taah3149/Documents/Group_Studies/.venv/lib64/python3.11/site-packages/torch/include/THC -I/usr/app-soft1/cuda/cuda-12.2/include -I/home/taah3149/Documents/Group_Studies/.venv/include -I/usr/include/python3.11 -c -c /var/tmp/pip-install-tuu00oal/mmcv_34709ec07a1247aa9f36a5c75a41ccbe/mmcv/ops/csrc/pytorch/modulated_deform_conv.cpp -o /var/tmp/pip-install-tuu00oal/mmcv_34709ec07a1247aa9f36a5c75a41ccbe/build/temp.linux-x86_64-cpython-311/mmcv/ops/csrc/pytorch/modulated_deform_conv.o -std=c++17 -DTORCH_API_INCLUDE_EXTENSION_H '-DPYBIND11_COMPILER_TYPE="_gcc"' '-DPYBIND11_STDLIB="_libstdcpp"' '-DPYBIND11_BUILD_ABI="_cxxabi1011"' -DTORCH_EXTENSION_NAME=_ext -D_GLIBCXX_USE_CXX11_ABI=0
  [112/136] c++ -MMD -MF /var/tmp/pip-install-tuu00oal/mmcv_34709ec07a1247aa9f36a5c75a41ccbe/build/temp.linux-x86_64-cpython-311/mmcv/ops/csrc/pytorch/riroi_align_rotated.o.d -pthread -Wsign-compare -DDYNAMIC_ANNOTATIONS_ENABLED=1 -DNDEBUG -O2 -g -pipe -Wall -Werror=format-security -Wp,-D_FORTIFY_SOURCE=2 -Wp,-D_GLIBCXX_ASSERTIONS -fexceptions -fstack-protector-strong -grecord-gcc-switches -m64 -mtune=generic -fasynchronous-unwind-tables -fstack-clash-protection -fcf-protection -D_GNU_SOURCE -fPIC -fwrapv -O2 -g -pipe -Wall -Werror=format-security -Wp,-D_FORTIFY_SOURCE=2 -Wp,-D_GLIBCXX_ASSERTIONS -fexceptions -fstack-protector-strong -grecord-gcc-switches -m64 -mtune=generic -fasynchronous-unwind-tables -fstack-clash-protection -fcf-protection -D_GNU_SOURCE -fPIC -fwrapv -O2 -g -pipe -Wall -Werror=format-security -Wp,-D_FORTIFY_SOURCE=2 -Wp,-D_GLIBCXX_ASSERTIONS -fexceptions -fstack-protector-strong -grecord-gcc-switches -m64 -mtune=generic -fasynchronous-unwind-tables -fstack-clash-protection -fcf-protection -D_GNU_SOURCE -fPIC -fwrapv -fPIC -DMMCV_WITH_CUDA -I/var/tmp/pip-install-tuu00oal/mmcv_34709ec07a1247aa9f36a5c75a41ccbe/mmcv/ops/csrc/pytorch -I/var/tmp/pip-install-tuu00oal/mmcv_34709ec07a1247aa9f36a5c75a41ccbe/mmcv/ops/csrc/common -I/var/tmp/pip-install-tuu00oal/mmcv_34709ec07a1247aa9f36a5c75a41ccbe/mmcv/ops/csrc/common/cuda -I/home/taah3149/Documents/Group_Studies/.venv/lib64/python3.11/site-packages/torch/include -I/home/taah3149/Documents/Group_Studies/.venv/lib64/python3.11/site-packages/torch/include/torch/csrc/api/include -I/home/taah3149/Documents/Group_Studies/.venv/lib64/python3.11/site-packages/torch/include/TH -I/home/taah3149/Documents/Group_Studies/.venv/lib64/python3.11/site-packages/torch/include/THC -I/usr/app-soft1/cuda/cuda-12.2/include -I/home/taah3149/Documents/Group_Studies/.venv/include -I/usr/include/python3.11 -c -c /var/tmp/pip-install-tuu00oal/mmcv_34709ec07a1247aa9f36a5c75a41ccbe/mmcv/ops/csrc/pytorch/riroi_align_rotated.cpp -o /var/tmp/pip-install-tuu00oal/mmcv_34709ec07a1247aa9f36a5c75a41ccbe/build/temp.linux-x86_64-cpython-311/mmcv/ops/csrc/pytorch/riroi_align_rotated.o -std=c++17 -DTORCH_API_INCLUDE_EXTENSION_H '-DPYBIND11_COMPILER_TYPE="_gcc"' '-DPYBIND11_STDLIB="_libstdcpp"' '-DPYBIND11_BUILD_ABI="_cxxabi1011"' -DTORCH_EXTENSION_NAME=_ext -D_GLIBCXX_USE_CXX11_ABI=0
  [113/136] /usr/app-soft1/cuda/cuda-12.2/bin/nvcc --generate-dependencies-with-compile --dependency-output /var/tmp/pip-install-tuu00oal/mmcv_34709ec07a1247aa9f36a5c75a41ccbe/build/temp.linux-x86_64-cpython-311/mmcv/ops/csrc/pytorch/cuda/nms_rotated_cuda.o.d -DMMCV_WITH_CUDA -I/var/tmp/pip-install-tuu00oal/mmcv_34709ec07a1247aa9f36a5c75a41ccbe/mmcv/ops/csrc/pytorch -I/var/tmp/pip-install-tuu00oal/mmcv_34709ec07a1247aa9f36a5c75a41ccbe/mmcv/ops/csrc/common -I/var/tmp/pip-install-tuu00oal/mmcv_34709ec07a1247aa9f36a5c75a41ccbe/mmcv/ops/csrc/common/cuda -I/home/taah3149/Documents/Group_Studies/.venv/lib64/python3.11/site-packages/torch/include -I/home/taah3149/Documents/Group_Studies/.venv/lib64/python3.11/site-packages/torch/include/torch/csrc/api/include -I/home/taah3149/Documents/Group_Studies/.venv/lib64/python3.11/site-packages/torch/include/TH -I/home/taah3149/Documents/Group_Studies/.venv/lib64/python3.11/site-packages/torch/include/THC -I/usr/app-soft1/cuda/cuda-12.2/include -I/home/taah3149/Documents/Group_Studies/.venv/include -I/usr/include/python3.11 -c -c /var/tmp/pip-install-tuu00oal/mmcv_34709ec07a1247aa9f36a5c75a41ccbe/mmcv/ops/csrc/pytorch/cuda/nms_rotated_cuda.cu -o /var/tmp/pip-install-tuu00oal/mmcv_34709ec07a1247aa9f36a5c75a41ccbe/build/temp.linux-x86_64-cpython-311/mmcv/ops/csrc/pytorch/cuda/nms_rotated_cuda.o -D__CUDA_NO_HALF_OPERATORS__ -D__CUDA_NO_HALF_CONVERSIONS__ -D__CUDA_NO_BFLOAT16_CONVERSIONS__ -D__CUDA_NO_HALF2_OPERATORS__ --expt-relaxed-constexpr --compiler-options ''"'"'-fPIC'"'"'' -std=c++17 -DTORCH_API_INCLUDE_EXTENSION_H '-DPYBIND11_COMPILER_TYPE="_gcc"' '-DPYBIND11_STDLIB="_libstdcpp"' '-DPYBIND11_BUILD_ABI="_cxxabi1011"' -DTORCH_EXTENSION_NAME=_ext -D_GLIBCXX_USE_CXX11_ABI=0 -gencode=arch=compute_86,code=sm_86
  [114/136] /usr/app-soft1/cuda/cuda-12.2/bin/nvcc --generate-dependencies-with-compile --dependency-output /var/tmp/pip-install-tuu00oal/mmcv_34709ec07a1247aa9f36a5c75a41ccbe/build/temp.linux-x86_64-cpython-311/mmcv/ops/csrc/pytorch/cuda/tin_shift_cuda.o.d -DMMCV_WITH_CUDA -I/var/tmp/pip-install-tuu00oal/mmcv_34709ec07a1247aa9f36a5c75a41ccbe/mmcv/ops/csrc/pytorch -I/var/tmp/pip-install-tuu00oal/mmcv_34709ec07a1247aa9f36a5c75a41ccbe/mmcv/ops/csrc/common -I/var/tmp/pip-install-tuu00oal/mmcv_34709ec07a1247aa9f36a5c75a41ccbe/mmcv/ops/csrc/common/cuda -I/home/taah3149/Documents/Group_Studies/.venv/lib64/python3.11/site-packages/torch/include -I/home/taah3149/Documents/Group_Studies/.venv/lib64/python3.11/site-packages/torch/include/torch/csrc/api/include -I/home/taah3149/Documents/Group_Studies/.venv/lib64/python3.11/site-packages/torch/include/TH -I/home/taah3149/Documents/Group_Studies/.venv/lib64/python3.11/site-packages/torch/include/THC -I/usr/app-soft1/cuda/cuda-12.2/include -I/home/taah3149/Documents/Group_Studies/.venv/include -I/usr/include/python3.11 -c -c /var/tmp/pip-install-tuu00oal/mmcv_34709ec07a1247aa9f36a5c75a41ccbe/mmcv/ops/csrc/pytorch/cuda/tin_shift_cuda.cu -o /var/tmp/pip-install-tuu00oal/mmcv_34709ec07a1247aa9f36a5c75a41ccbe/build/temp.linux-x86_64-cpython-311/mmcv/ops/csrc/pytorch/cuda/tin_shift_cuda.o -D__CUDA_NO_HALF_OPERATORS__ -D__CUDA_NO_HALF_CONVERSIONS__ -D__CUDA_NO_BFLOAT16_CONVERSIONS__ -D__CUDA_NO_HALF2_OPERATORS__ --expt-relaxed-constexpr --compiler-options ''"'"'-fPIC'"'"'' -std=c++17 -DTORCH_API_INCLUDE_EXTENSION_H '-DPYBIND11_COMPILER_TYPE="_gcc"' '-DPYBIND11_STDLIB="_libstdcpp"' '-DPYBIND11_BUILD_ABI="_cxxabi1011"' -DTORCH_EXTENSION_NAME=_ext -D_GLIBCXX_USE_CXX11_ABI=0 -gencode=arch=compute_86,code=sm_86
  [115/136] /usr/app-soft1/cuda/cuda-12.2/bin/nvcc --generate-dependencies-with-compile --dependency-output /var/tmp/pip-install-tuu00oal/mmcv_34709ec07a1247aa9f36a5c75a41ccbe/build/temp.linux-x86_64-cpython-311/mmcv/ops/csrc/pytorch/cuda/sparse_indice.o.d -DMMCV_WITH_CUDA -I/var/tmp/pip-install-tuu00oal/mmcv_34709ec07a1247aa9f36a5c75a41ccbe/mmcv/ops/csrc/pytorch -I/var/tmp/pip-install-tuu00oal/mmcv_34709ec07a1247aa9f36a5c75a41ccbe/mmcv/ops/csrc/common -I/var/tmp/pip-install-tuu00oal/mmcv_34709ec07a1247aa9f36a5c75a41ccbe/mmcv/ops/csrc/common/cuda -I/home/taah3149/Documents/Group_Studies/.venv/lib64/python3.11/site-packages/torch/include -I/home/taah3149/Documents/Group_Studies/.venv/lib64/python3.11/site-packages/torch/include/torch/csrc/api/include -I/home/taah3149/Documents/Group_Studies/.venv/lib64/python3.11/site-packages/torch/include/TH -I/home/taah3149/Documents/Group_Studies/.venv/lib64/python3.11/site-packages/torch/include/THC -I/usr/app-soft1/cuda/cuda-12.2/include -I/home/taah3149/Documents/Group_Studies/.venv/include -I/usr/include/python3.11 -c -c /var/tmp/pip-install-tuu00oal/mmcv_34709ec07a1247aa9f36a5c75a41ccbe/mmcv/ops/csrc/pytorch/cuda/sparse_indice.cu -o /var/tmp/pip-install-tuu00oal/mmcv_34709ec07a1247aa9f36a5c75a41ccbe/build/temp.linux-x86_64-cpython-311/mmcv/ops/csrc/pytorch/cuda/sparse_indice.o -D__CUDA_NO_HALF_OPERATORS__ -D__CUDA_NO_HALF_CONVERSIONS__ -D__CUDA_NO_BFLOAT16_CONVERSIONS__ -D__CUDA_NO_HALF2_OPERATORS__ --expt-relaxed-constexpr --compiler-options ''"'"'-fPIC'"'"'' -std=c++17 -DTORCH_API_INCLUDE_EXTENSION_H '-DPYBIND11_COMPILER_TYPE="_gcc"' '-DPYBIND11_STDLIB="_libstdcpp"' '-DPYBIND11_BUILD_ABI="_cxxabi1011"' -DTORCH_EXTENSION_NAME=_ext -D_GLIBCXX_USE_CXX11_ABI=0 -gencode=arch=compute_86,code=sm_86
  [116/136] /usr/app-soft1/cuda/cuda-12.2/bin/nvcc --generate-dependencies-with-compile --dependency-output /var/tmp/pip-install-tuu00oal/mmcv_34709ec07a1247aa9f36a5c75a41ccbe/build/temp.linux-x86_64-cpython-311/mmcv/ops/csrc/pytorch/cuda/sparse_pool_ops_cuda.o.d -DMMCV_WITH_CUDA -I/var/tmp/pip-install-tuu00oal/mmcv_34709ec07a1247aa9f36a5c75a41ccbe/mmcv/ops/csrc/pytorch -I/var/tmp/pip-install-tuu00oal/mmcv_34709ec07a1247aa9f36a5c75a41ccbe/mmcv/ops/csrc/common -I/var/tmp/pip-install-tuu00oal/mmcv_34709ec07a1247aa9f36a5c75a41ccbe/mmcv/ops/csrc/common/cuda -I/home/taah3149/Documents/Group_Studies/.venv/lib64/python3.11/site-packages/torch/include -I/home/taah3149/Documents/Group_Studies/.venv/lib64/python3.11/site-packages/torch/include/torch/csrc/api/include -I/home/taah3149/Documents/Group_Studies/.venv/lib64/python3.11/site-packages/torch/include/TH -I/home/taah3149/Documents/Group_Studies/.venv/lib64/python3.11/site-packages/torch/include/THC -I/usr/app-soft1/cuda/cuda-12.2/include -I/home/taah3149/Documents/Group_Studies/.venv/include -I/usr/include/python3.11 -c -c /var/tmp/pip-install-tuu00oal/mmcv_34709ec07a1247aa9f36a5c75a41ccbe/mmcv/ops/csrc/pytorch/cuda/sparse_pool_ops_cuda.cu -o /var/tmp/pip-install-tuu00oal/mmcv_34709ec07a1247aa9f36a5c75a41ccbe/build/temp.linux-x86_64-cpython-311/mmcv/ops/csrc/pytorch/cuda/sparse_pool_ops_cuda.o -D__CUDA_NO_HALF_OPERATORS__ -D__CUDA_NO_HALF_CONVERSIONS__ -D__CUDA_NO_BFLOAT16_CONVERSIONS__ -D__CUDA_NO_HALF2_OPERATORS__ --expt-relaxed-constexpr --compiler-options ''"'"'-fPIC'"'"'' -std=c++17 -DTORCH_API_INCLUDE_EXTENSION_H '-DPYBIND11_COMPILER_TYPE="_gcc"' '-DPYBIND11_STDLIB="_libstdcpp"' '-DPYBIND11_BUILD_ABI="_cxxabi1011"' -DTORCH_EXTENSION_NAME=_ext -D_GLIBCXX_USE_CXX11_ABI=0 -gencode=arch=compute_86,code=sm_86
  /var/tmp/pip-install-tuu00oal/mmcv_34709ec07a1247aa9f36a5c75a41ccbe/mmcv/ops/csrc/pytorch/cuda/../spconv_utils.h: In instantiation of ‘void tv::check_torch_dtype(const at::Tensor&) [with scalar_t = double]’:
  /var/tmp/pip-install-tuu00oal/mmcv_34709ec07a1247aa9f36a5c75a41ccbe/mmcv/ops/csrc/pytorch/cuda/../spconv_utils.h:71:30:   required from ‘tv::TensorView<scalar_t> tv::torch2tv(const at::Tensor&) [with scalar_t = double]’
  /var/tmp/pip-install-tuu00oal/mmcv_34709ec07a1247aa9f36a5c75a41ccbe/mmcv/ops/csrc/pytorch/cuda/sparse_pool_ops_cuda.cu:28:1179:   required from here
  /var/tmp/pip-install-tuu00oal/mmcv_34709ec07a1247aa9f36a5c75a41ccbe/mmcv/ops/csrc/pytorch/cuda/../spconv_utils.h:38:20: warning: ‘at::DeprecatedTypeProperties& at::Tensor::type() const’ is deprecated: Tensor.type() is deprecated. Instead use Tensor.options(), which in many cases (e.g. in a constructor) is a drop-in replacement. If you were using data from type(), that is now available from Tensor itself, so instead of tensor.type().scalar_type(), use tensor.scalar_type() instead and instead of tensor.type().backend() use tensor.device(). [-Wdeprecated-declarations]
     38 |   switch (tensor.type().scalarType()) {
        |         ~~~~~~~~~~~^~
  /home/taah3149/Documents/Group_Studies/.venv/lib64/python3.11/site-packages/torch/include/ATen/core/TensorBody.h:225:1: note: declared here
    225 |   DeprecatedTypeProperties & type() const {
        | ^ ~~
  /var/tmp/pip-install-tuu00oal/mmcv_34709ec07a1247aa9f36a5c75a41ccbe/mmcv/ops/csrc/pytorch/cuda/../spconv_utils.h:38:20: warning: ‘at::DeprecatedTypeProperties& at::Tensor::type() const’ is deprecated: Tensor.type() is deprecated. Instead use Tensor.options(), which in many cases (e.g. in a constructor) is a drop-in replacement. If you were using data from type(), that is now available from Tensor itself, so instead of tensor.type().scalar_type(), use tensor.scalar_type() instead and instead of tensor.type().backend() use tensor.device(). [-Wdeprecated-declarations]
     38 |   switch (tensor.type().scalarType()) {
        |         ~~~~~~~~~~~^~
  /home/taah3149/Documents/Group_Studies/.venv/lib64/python3.11/site-packages/torch/include/ATen/core/TensorBody.h:225:1: note: declared here
    225 |   DeprecatedTypeProperties & type() const {
        | ^ ~~
  /var/tmp/pip-install-tuu00oal/mmcv_34709ec07a1247aa9f36a5c75a41ccbe/mmcv/ops/csrc/pytorch/cuda/../spconv_utils.h: In instantiation of ‘void tv::check_torch_dtype(const at::Tensor&) [with scalar_t = const double]’:
  /var/tmp/pip-install-tuu00oal/mmcv_34709ec07a1247aa9f36a5c75a41ccbe/mmcv/ops/csrc/pytorch/cuda/../spconv_utils.h:71:30:   required from ‘tv::TensorView<scalar_t> tv::torch2tv(const at::Tensor&) [with scalar_t = const double]’
  /var/tmp/pip-install-tuu00oal/mmcv_34709ec07a1247aa9f36a5c75a41ccbe/mmcv/ops/csrc/pytorch/cuda/sparse_pool_ops_cuda.cu:28:1219:   required from here
  /var/tmp/pip-install-tuu00oal/mmcv_34709ec07a1247aa9f36a5c75a41ccbe/mmcv/ops/csrc/pytorch/cuda/../spconv_utils.h:38:20: warning: ‘at::DeprecatedTypeProperties& at::Tensor::type() const’ is deprecated: Tensor.type() is deprecated. Instead use Tensor.options(), which in many cases (e.g. in a constructor) is a drop-in replacement. If you were using data from type(), that is now available from Tensor itself, so instead of tensor.type().scalar_type(), use tensor.scalar_type() instead and instead of tensor.type().backend() use tensor.device(). [-Wdeprecated-declarations]
     38 |   switch (tensor.type().scalarType()) {
        |         ~~~~~~~~~~~^~
  /home/taah3149/Documents/Group_Studies/.venv/lib64/python3.11/site-packages/torch/include/ATen/core/TensorBody.h:225:1: note: declared here
    225 |   DeprecatedTypeProperties & type() const {
        | ^ ~~
  /var/tmp/pip-install-tuu00oal/mmcv_34709ec07a1247aa9f36a5c75a41ccbe/mmcv/ops/csrc/pytorch/cuda/../spconv_utils.h:38:20: warning: ‘at::DeprecatedTypeProperties& at::Tensor::type() const’ is deprecated: Tensor.type() is deprecated. Instead use Tensor.options(), which in many cases (e.g. in a constructor) is a drop-in replacement. If you were using data from type(), that is now available from Tensor itself, so instead of tensor.type().scalar_type(), use tensor.scalar_type() instead and instead of tensor.type().backend() use tensor.device(). [-Wdeprecated-declarations]
     38 |   switch (tensor.type().scalarType()) {
        |         ~~~~~~~~~~~^~
  /home/taah3149/Documents/Group_Studies/.venv/lib64/python3.11/site-packages/torch/include/ATen/core/TensorBody.h:225:1: note: declared here
    225 |   DeprecatedTypeProperties & type() const {
        | ^ ~~
  /var/tmp/pip-install-tuu00oal/mmcv_34709ec07a1247aa9f36a5c75a41ccbe/mmcv/ops/csrc/pytorch/cuda/../spconv_utils.h: In instantiation of ‘void tv::check_torch_dtype(const at::Tensor&) [with scalar_t = const int]’:
  /var/tmp/pip-install-tuu00oal/mmcv_34709ec07a1247aa9f36a5c75a41ccbe/mmcv/ops/csrc/pytorch/cuda/../spconv_utils.h:71:30:   required from ‘tv::TensorView<scalar_t> tv::torch2tv(const at::Tensor&) [with scalar_t = const int]’
  /var/tmp/pip-install-tuu00oal/mmcv_34709ec07a1247aa9f36a5c75a41ccbe/mmcv/ops/csrc/pytorch/cuda/sparse_pool_ops_cuda.cu:28:1260:   required from here
  /var/tmp/pip-install-tuu00oal/mmcv_34709ec07a1247aa9f36a5c75a41ccbe/mmcv/ops/csrc/pytorch/cuda/../spconv_utils.h:38:20: warning: ‘at::DeprecatedTypeProperties& at::Tensor::type() const’ is deprecated: Tensor.type() is deprecated. Instead use Tensor.options(), which in many cases (e.g. in a constructor) is a drop-in replacement. If you were using data from type(), that is now available from Tensor itself, so instead of tensor.type().scalar_type(), use tensor.scalar_type() instead and instead of tensor.type().backend() use tensor.device(). [-Wdeprecated-declarations]
     38 |   switch (tensor.type().scalarType()) {
        |         ~~~~~~~~~~~^~
  /home/taah3149/Documents/Group_Studies/.venv/lib64/python3.11/site-packages/torch/include/ATen/core/TensorBody.h:225:1: note: declared here
    225 |   DeprecatedTypeProperties & type() const {
        | ^ ~~
  /var/tmp/pip-install-tuu00oal/mmcv_34709ec07a1247aa9f36a5c75a41ccbe/mmcv/ops/csrc/pytorch/cuda/../spconv_utils.h:38:20: warning: ‘at::DeprecatedTypeProperties& at::Tensor::type() const’ is deprecated: Tensor.type() is deprecated. Instead use Tensor.options(), which in many cases (e.g. in a constructor) is a drop-in replacement. If you were using data from type(), that is now available from Tensor itself, so instead of tensor.type().scalar_type(), use tensor.scalar_type() instead and instead of tensor.type().backend() use tensor.device(). [-Wdeprecated-declarations]
     38 |   switch (tensor.type().scalarType()) {
        |         ~~~~~~~~~~~^~
  /home/taah3149/Documents/Group_Studies/.venv/lib64/python3.11/site-packages/torch/include/ATen/core/TensorBody.h:225:1: note: declared here
    225 |   DeprecatedTypeProperties & type() const {
        | ^ ~~
  /var/tmp/pip-install-tuu00oal/mmcv_34709ec07a1247aa9f36a5c75a41ccbe/mmcv/ops/csrc/pytorch/cuda/../spconv_utils.h: In instantiation of ‘void tv::check_torch_dtype(const at::Tensor&) [with scalar_t = float]’:
  /var/tmp/pip-install-tuu00oal/mmcv_34709ec07a1247aa9f36a5c75a41ccbe/mmcv/ops/csrc/pytorch/cuda/../spconv_utils.h:71:30:   required from ‘tv::TensorView<scalar_t> tv::torch2tv(const at::Tensor&) [with scalar_t = float]’
  /var/tmp/pip-install-tuu00oal/mmcv_34709ec07a1247aa9f36a5c75a41ccbe/mmcv/ops/csrc/pytorch/cuda/sparse_pool_ops_cuda.cu:28:2901:   required from here
  /var/tmp/pip-install-tuu00oal/mmcv_34709ec07a1247aa9f36a5c75a41ccbe/mmcv/ops/csrc/pytorch/cuda/../spconv_utils.h:38:20: warning: ‘at::DeprecatedTypeProperties& at::Tensor::type() const’ is deprecated: Tensor.type() is deprecated. Instead use Tensor.options(), which in many cases (e.g. in a constructor) is a drop-in replacement. If you were using data from type(), that is now available from Tensor itself, so instead of tensor.type().scalar_type(), use tensor.scalar_type() instead and instead of tensor.type().backend() use tensor.device(). [-Wdeprecated-declarations]
     38 |   switch (tensor.type().scalarType()) {
        |         ~~~~~~~~~~~^~
  /home/taah3149/Documents/Group_Studies/.venv/lib64/python3.11/site-packages/torch/include/ATen/core/TensorBody.h:225:1: note: declared here
    225 |   DeprecatedTypeProperties & type() const {
        | ^ ~~
  /var/tmp/pip-install-tuu00oal/mmcv_34709ec07a1247aa9f36a5c75a41ccbe/mmcv/ops/csrc/pytorch/cuda/../spconv_utils.h:38:20: warning: ‘at::DeprecatedTypeProperties& at::Tensor::type() const’ is deprecated: Tensor.type() is deprecated. Instead use Tensor.options(), which in many cases (e.g. in a constructor) is a drop-in replacement. If you were using data from type(), that is now available from Tensor itself, so instead of tensor.type().scalar_type(), use tensor.scalar_type() instead and instead of tensor.type().backend() use tensor.device(). [-Wdeprecated-declarations]
     38 |   switch (tensor.type().scalarType()) {
        |         ~~~~~~~~~~~^~
  /home/taah3149/Documents/Group_Studies/.venv/lib64/python3.11/site-packages/torch/include/ATen/core/TensorBody.h:225:1: note: declared here
    225 |   DeprecatedTypeProperties & type() const {
        | ^ ~~
  /var/tmp/pip-install-tuu00oal/mmcv_34709ec07a1247aa9f36a5c75a41ccbe/mmcv/ops/csrc/pytorch/cuda/../spconv_utils.h: In instantiation of ‘void tv::check_torch_dtype(const at::Tensor&) [with scalar_t = const float]’:
  /var/tmp/pip-install-tuu00oal/mmcv_34709ec07a1247aa9f36a5c75a41ccbe/mmcv/ops/csrc/pytorch/cuda/../spconv_utils.h:71:30:   required from ‘tv::TensorView<scalar_t> tv::torch2tv(const at::Tensor&) [with scalar_t = const float]’
  /var/tmp/pip-install-tuu00oal/mmcv_34709ec07a1247aa9f36a5c75a41ccbe/mmcv/ops/csrc/pytorch/cuda/sparse_pool_ops_cuda.cu:28:2940:   required from here
  /var/tmp/pip-install-tuu00oal/mmcv_34709ec07a1247aa9f36a5c75a41ccbe/mmcv/ops/csrc/pytorch/cuda/../spconv_utils.h:38:20: warning: ‘at::DeprecatedTypeProperties& at::Tensor::type() const’ is deprecated: Tensor.type() is deprecated. Instead use Tensor.options(), which in many cases (e.g. in a constructor) is a drop-in replacement. If you were using data from type(), that is now available from Tensor itself, so instead of tensor.type().scalar_type(), use tensor.scalar_type() instead and instead of tensor.type().backend() use tensor.device(). [-Wdeprecated-declarations]
     38 |   switch (tensor.type().scalarType()) {
        |         ~~~~~~~~~~~^~
  /home/taah3149/Documents/Group_Studies/.venv/lib64/python3.11/site-packages/torch/include/ATen/core/TensorBody.h:225:1: note: declared here
    225 |   DeprecatedTypeProperties & type() const {
        | ^ ~~
  /var/tmp/pip-install-tuu00oal/mmcv_34709ec07a1247aa9f36a5c75a41ccbe/mmcv/ops/csrc/pytorch/cuda/../spconv_utils.h:38:20: warning: ‘at::DeprecatedTypeProperties& at::Tensor::type() const’ is deprecated: Tensor.type() is deprecated. Instead use Tensor.options(), which in many cases (e.g. in a constructor) is a drop-in replacement. If you were using data from type(), that is now available from Tensor itself, so instead of tensor.type().scalar_type(), use tensor.scalar_type() instead and instead of tensor.type().backend() use tensor.device(). [-Wdeprecated-declarations]
     38 |   switch (tensor.type().scalarType()) {
        |         ~~~~~~~~~~~^~
  /home/taah3149/Documents/Group_Studies/.venv/lib64/python3.11/site-packages/torch/include/ATen/core/TensorBody.h:225:1: note: declared here
    225 |   DeprecatedTypeProperties & type() const {
        | ^ ~~
  /var/tmp/pip-install-tuu00oal/mmcv_34709ec07a1247aa9f36a5c75a41ccbe/mmcv/ops/csrc/pytorch/cuda/../spconv_utils.h: In instantiation of ‘void tv::check_torch_dtype(const at::Tensor&) [with scalar_t = c10::Half]’:
  /var/tmp/pip-install-tuu00oal/mmcv_34709ec07a1247aa9f36a5c75a41ccbe/mmcv/ops/csrc/pytorch/cuda/../spconv_utils.h:71:30:   required from ‘tv::TensorView<scalar_t> tv::torch2tv(const at::Tensor&) [with scalar_t = c10::Half]’
  /var/tmp/pip-install-tuu00oal/mmcv_34709ec07a1247aa9f36a5c75a41ccbe/mmcv/ops/csrc/pytorch/cuda/sparse_pool_ops_cuda.cu:28:0:   required from here
  /var/tmp/pip-install-tuu00oal/mmcv_34709ec07a1247aa9f36a5c75a41ccbe/mmcv/ops/csrc/pytorch/cuda/../spconv_utils.h:38:20: warning: ‘at::DeprecatedTypeProperties& at::Tensor::type() const’ is deprecated: Tensor.type() is deprecated. Instead use Tensor.options(), which in many cases (e.g. in a constructor) is a drop-in replacement. If you were using data from type(), that is now available from Tensor itself, so instead of tensor.type().scalar_type(), use tensor.scalar_type() instead and instead of tensor.type().backend() use tensor.device(). [-Wdeprecated-declarations]
     38 |   switch (tensor.type().scalarType()) {
        |         ~~~~~~~~~~~^~
  /home/taah3149/Documents/Group_Studies/.venv/lib64/python3.11/site-packages/torch/include/ATen/core/TensorBody.h:225:1: note: declared here
    225 |   DeprecatedTypeProperties & type() const {
        | ^ ~~
  /var/tmp/pip-install-tuu00oal/mmcv_34709ec07a1247aa9f36a5c75a41ccbe/mmcv/ops/csrc/pytorch/cuda/../spconv_utils.h:38:20: warning: ‘at::DeprecatedTypeProperties& at::Tensor::type() const’ is deprecated: Tensor.type() is deprecated. Instead use Tensor.options(), which in many cases (e.g. in a constructor) is a drop-in replacement. If you were using data from type(), that is now available from Tensor itself, so instead of tensor.type().scalar_type(), use tensor.scalar_type() instead and instead of tensor.type().backend() use tensor.device(). [-Wdeprecated-declarations]
     38 |   switch (tensor.type().scalarType()) {
        |         ~~~~~~~~~~~^~
  /home/taah3149/Documents/Group_Studies/.venv/lib64/python3.11/site-packages/torch/include/ATen/core/TensorBody.h:225:1: note: declared here
    225 |   DeprecatedTypeProperties & type() const {
        | ^ ~~
  /var/tmp/pip-install-tuu00oal/mmcv_34709ec07a1247aa9f36a5c75a41ccbe/mmcv/ops/csrc/pytorch/cuda/../spconv_utils.h: In instantiation of ‘void tv::check_torch_dtype(const at::Tensor&) [with scalar_t = const c10::Half]’:
  /var/tmp/pip-install-tuu00oal/mmcv_34709ec07a1247aa9f36a5c75a41ccbe/mmcv/ops/csrc/pytorch/cuda/../spconv_utils.h:71:30:   required from ‘tv::TensorView<scalar_t> tv::torch2tv(const at::Tensor&) [with scalar_t = const c10::Half]’
  /var/tmp/pip-install-tuu00oal/mmcv_34709ec07a1247aa9f36a5c75a41ccbe/mmcv/ops/csrc/pytorch/cuda/sparse_pool_ops_cuda.cu:28:0:   required from here
  /var/tmp/pip-install-tuu00oal/mmcv_34709ec07a1247aa9f36a5c75a41ccbe/mmcv/ops/csrc/pytorch/cuda/../spconv_utils.h:38:20: warning: ‘at::DeprecatedTypeProperties& at::Tensor::type() const’ is deprecated: Tensor.type() is deprecated. Instead use Tensor.options(), which in many cases (e.g. in a constructor) is a drop-in replacement. If you were using data from type(), that is now available from Tensor itself, so instead of tensor.type().scalar_type(), use tensor.scalar_type() instead and instead of tensor.type().backend() use tensor.device(). [-Wdeprecated-declarations]
     38 |   switch (tensor.type().scalarType()) {
        |         ~~~~~~~~~~~^~
  /home/taah3149/Documents/Group_Studies/.venv/lib64/python3.11/site-packages/torch/include/ATen/core/TensorBody.h:225:1: note: declared here
    225 |   DeprecatedTypeProperties & type() const {
        | ^ ~~
  /var/tmp/pip-install-tuu00oal/mmcv_34709ec07a1247aa9f36a5c75a41ccbe/mmcv/ops/csrc/pytorch/cuda/../spconv_utils.h:38:20: warning: ‘at::DeprecatedTypeProperties& at::Tensor::type() const’ is deprecated: Tensor.type() is deprecated. Instead use Tensor.options(), which in many cases (e.g. in a constructor) is a drop-in replacement. If you were using data from type(), that is now available from Tensor itself, so instead of tensor.type().scalar_type(), use tensor.scalar_type() instead and instead of tensor.type().backend() use tensor.device(). [-Wdeprecated-declarations]
     38 |   switch (tensor.type().scalarType()) {
        |         ~~~~~~~~~~~^~
  /home/taah3149/Documents/Group_Studies/.venv/lib64/python3.11/site-packages/torch/include/ATen/core/TensorBody.h:225:1: note: declared here
    225 |   DeprecatedTypeProperties & type() const {
        | ^ ~~
  [117/136] /usr/app-soft1/cuda/cuda-12.2/bin/nvcc --generate-dependencies-with-compile --dependency-output /var/tmp/pip-install-tuu00oal/mmcv_34709ec07a1247aa9f36a5c75a41ccbe/build/temp.linux-x86_64-cpython-311/mmcv/ops/csrc/pytorch/cuda/spconv_ops_cuda.o.d -DMMCV_WITH_CUDA -I/var/tmp/pip-install-tuu00oal/mmcv_34709ec07a1247aa9f36a5c75a41ccbe/mmcv/ops/csrc/pytorch -I/var/tmp/pip-install-tuu00oal/mmcv_34709ec07a1247aa9f36a5c75a41ccbe/mmcv/ops/csrc/common -I/var/tmp/pip-install-tuu00oal/mmcv_34709ec07a1247aa9f36a5c75a41ccbe/mmcv/ops/csrc/common/cuda -I/home/taah3149/Documents/Group_Studies/.venv/lib64/python3.11/site-packages/torch/include -I/home/taah3149/Documents/Group_Studies/.venv/lib64/python3.11/site-packages/torch/include/torch/csrc/api/include -I/home/taah3149/Documents/Group_Studies/.venv/lib64/python3.11/site-packages/torch/include/TH -I/home/taah3149/Documents/Group_Studies/.venv/lib64/python3.11/site-packages/torch/include/THC -I/usr/app-soft1/cuda/cuda-12.2/include -I/home/taah3149/Documents/Group_Studies/.venv/include -I/usr/include/python3.11 -c -c /var/tmp/pip-install-tuu00oal/mmcv_34709ec07a1247aa9f36a5c75a41ccbe/mmcv/ops/csrc/pytorch/cuda/spconv_ops_cuda.cu -o /var/tmp/pip-install-tuu00oal/mmcv_34709ec07a1247aa9f36a5c75a41ccbe/build/temp.linux-x86_64-cpython-311/mmcv/ops/csrc/pytorch/cuda/spconv_ops_cuda.o -D__CUDA_NO_HALF_OPERATORS__ -D__CUDA_NO_HALF_CONVERSIONS__ -D__CUDA_NO_BFLOAT16_CONVERSIONS__ -D__CUDA_NO_HALF2_OPERATORS__ --expt-relaxed-constexpr --compiler-options ''"'"'-fPIC'"'"'' -std=c++17 -DTORCH_API_INCLUDE_EXTENSION_H '-DPYBIND11_COMPILER_TYPE="_gcc"' '-DPYBIND11_STDLIB="_libstdcpp"' '-DPYBIND11_BUILD_ABI="_cxxabi1011"' -DTORCH_EXTENSION_NAME=_ext -D_GLIBCXX_USE_CXX11_ABI=0 -gencode=arch=compute_86,code=sm_86
  /var/tmp/pip-install-tuu00oal/mmcv_34709ec07a1247aa9f36a5c75a41ccbe/mmcv/ops/csrc/pytorch/cuda/spconv_ops_cuda.cu(279): warning #177-D: variable "totalGatherTime" was declared but never referenced
      double totalGatherTime = 0;
             ^

  Remark: The warnings can be suppressed with "-diag-suppress <warning-number>"

  /var/tmp/pip-install-tuu00oal/mmcv_34709ec07a1247aa9f36a5c75a41ccbe/mmcv/ops/csrc/pytorch/cuda/spconv_ops_cuda.cu(280): warning #177-D: variable "totalGEMMTime" was declared but never referenced
      double totalGEMMTime = 0;
             ^

  /var/tmp/pip-install-tuu00oal/mmcv_34709ec07a1247aa9f36a5c75a41ccbe/mmcv/ops/csrc/pytorch/cuda/spconv_ops_cuda.cu(281): warning #177-D: variable "totalSAddTime" was declared but never referenced
      double totalSAddTime = 0;
             ^

  /var/tmp/pip-install-tuu00oal/mmcv_34709ec07a1247aa9f36a5c75a41ccbe/mmcv/ops/csrc/pytorch/cuda/../spconv_utils.h: In instantiation of ‘void tv::check_torch_dtype(const at::Tensor&) [with scalar_t = double]’:
  /var/tmp/pip-install-tuu00oal/mmcv_34709ec07a1247aa9f36a5c75a41ccbe/mmcv/ops/csrc/pytorch/cuda/../spconv_utils.h:71:30:   required from ‘tv::TensorView<scalar_t> tv::torch2tv(const at::Tensor&) [with scalar_t = double]’
  /var/tmp/pip-install-tuu00oal/mmcv_34709ec07a1247aa9f36a5c75a41ccbe/mmcv/ops/csrc/pytorch/cuda/spconv_ops_cuda.cu:288:1384:   required from here
  /var/tmp/pip-install-tuu00oal/mmcv_34709ec07a1247aa9f36a5c75a41ccbe/mmcv/ops/csrc/pytorch/cuda/../spconv_utils.h:38:20: warning: ‘at::DeprecatedTypeProperties& at::Tensor::type() const’ is deprecated: Tensor.type() is deprecated. Instead use Tensor.options(), which in many cases (e.g. in a constructor) is a drop-in replacement. If you were using data from type(), that is now available from Tensor itself, so instead of tensor.type().scalar_type(), use tensor.scalar_type() instead and instead of tensor.type().backend() use tensor.device(). [-Wdeprecated-declarations]
     38 |   switch (tensor.type().scalarType()) {
        |         ~~~~~~~~~~~^~
  /home/taah3149/Documents/Group_Studies/.venv/lib64/python3.11/site-packages/torch/include/ATen/core/TensorBody.h:225:1: note: declared here
    225 |   DeprecatedTypeProperties & type() const {
        | ^ ~~
  /var/tmp/pip-install-tuu00oal/mmcv_34709ec07a1247aa9f36a5c75a41ccbe/mmcv/ops/csrc/pytorch/cuda/../spconv_utils.h:38:20: warning: ‘at::DeprecatedTypeProperties& at::Tensor::type() const’ is deprecated: Tensor.type() is deprecated. Instead use Tensor.options(), which in many cases (e.g. in a constructor) is a drop-in replacement. If you were using data from type(), that is now available from Tensor itself, so instead of tensor.type().scalar_type(), use tensor.scalar_type() instead and instead of tensor.type().backend() use tensor.device(). [-Wdeprecated-declarations]
     38 |   switch (tensor.type().scalarType()) {
        |         ~~~~~~~~~~~^~
  /home/taah3149/Documents/Group_Studies/.venv/lib64/python3.11/site-packages/torch/include/ATen/core/TensorBody.h:225:1: note: declared here
    225 |   DeprecatedTypeProperties & type() const {
        | ^ ~~
  /var/tmp/pip-install-tuu00oal/mmcv_34709ec07a1247aa9f36a5c75a41ccbe/mmcv/ops/csrc/pytorch/cuda/../spconv_utils.h: In instantiation of ‘void tv::check_torch_dtype(const at::Tensor&) [with scalar_t = const double]’:
  /var/tmp/pip-install-tuu00oal/mmcv_34709ec07a1247aa9f36a5c75a41ccbe/mmcv/ops/csrc/pytorch/cuda/../spconv_utils.h:71:30:   required from ‘tv::TensorView<scalar_t> tv::torch2tv(const at::Tensor&) [with scalar_t = const double]’
  /var/tmp/pip-install-tuu00oal/mmcv_34709ec07a1247aa9f36a5c75a41ccbe/mmcv/ops/csrc/pytorch/cuda/spconv_ops_cuda.cu:288:1424:   required from here
  /var/tmp/pip-install-tuu00oal/mmcv_34709ec07a1247aa9f36a5c75a41ccbe/mmcv/ops/csrc/pytorch/cuda/../spconv_utils.h:38:20: warning: ‘at::DeprecatedTypeProperties& at::Tensor::type() const’ is deprecated: Tensor.type() is deprecated. Instead use Tensor.options(), which in many cases (e.g. in a constructor) is a drop-in replacement. If you were using data from type(), that is now available from Tensor itself, so instead of tensor.type().scalar_type(), use tensor.scalar_type() instead and instead of tensor.type().backend() use tensor.device(). [-Wdeprecated-declarations]
     38 |   switch (tensor.type().scalarType()) {
        |         ~~~~~~~~~~~^~
  /home/taah3149/Documents/Group_Studies/.venv/lib64/python3.11/site-packages/torch/include/ATen/core/TensorBody.h:225:1: note: declared here
    225 |   DeprecatedTypeProperties & type() const {
        | ^ ~~
  /var/tmp/pip-install-tuu00oal/mmcv_34709ec07a1247aa9f36a5c75a41ccbe/mmcv/ops/csrc/pytorch/cuda/../spconv_utils.h:38:20: warning: ‘at::DeprecatedTypeProperties& at::Tensor::type() const’ is deprecated: Tensor.type() is deprecated. Instead use Tensor.options(), which in many cases (e.g. in a constructor) is a drop-in replacement. If you were using data from type(), that is now available from Tensor itself, so instead of tensor.type().scalar_type(), use tensor.scalar_type() instead and instead of tensor.type().backend() use tensor.device(). [-Wdeprecated-declarations]
     38 |   switch (tensor.type().scalarType()) {
        |         ~~~~~~~~~~~^~
  /home/taah3149/Documents/Group_Studies/.venv/lib64/python3.11/site-packages/torch/include/ATen/core/TensorBody.h:225:1: note: declared here
    225 |   DeprecatedTypeProperties & type() const {
        | ^ ~~
  /var/tmp/pip-install-tuu00oal/mmcv_34709ec07a1247aa9f36a5c75a41ccbe/mmcv/ops/csrc/pytorch/cuda/../spconv_utils.h: In instantiation of ‘void tv::check_torch_dtype(const at::Tensor&) [with scalar_t = const int]’:
  /var/tmp/pip-install-tuu00oal/mmcv_34709ec07a1247aa9f36a5c75a41ccbe/mmcv/ops/csrc/pytorch/cuda/../spconv_utils.h:71:30:   required from ‘tv::TensorView<scalar_t> tv::torch2tv(const at::Tensor&) [with scalar_t = const int]’
  /var/tmp/pip-install-tuu00oal/mmcv_34709ec07a1247aa9f36a5c75a41ccbe/mmcv/ops/csrc/pytorch/cuda/spconv_ops_cuda.cu:288:1465:   required from here
  /var/tmp/pip-install-tuu00oal/mmcv_34709ec07a1247aa9f36a5c75a41ccbe/mmcv/ops/csrc/pytorch/cuda/../spconv_utils.h:38:20: warning: ‘at::DeprecatedTypeProperties& at::Tensor::type() const’ is deprecated: Tensor.type() is deprecated. Instead use Tensor.options(), which in many cases (e.g. in a constructor) is a drop-in replacement. If you were using data from type(), that is now available from Tensor itself, so instead of tensor.type().scalar_type(), use tensor.scalar_type() instead and instead of tensor.type().backend() use tensor.device(). [-Wdeprecated-declarations]
     38 |   switch (tensor.type().scalarType()) {
        |         ~~~~~~~~~~~^~
  /home/taah3149/Documents/Group_Studies/.venv/lib64/python3.11/site-packages/torch/include/ATen/core/TensorBody.h:225:1: note: declared here
    225 |   DeprecatedTypeProperties & type() const {
        | ^ ~~
  /var/tmp/pip-install-tuu00oal/mmcv_34709ec07a1247aa9f36a5c75a41ccbe/mmcv/ops/csrc/pytorch/cuda/../spconv_utils.h:38:20: warning: ‘at::DeprecatedTypeProperties& at::Tensor::type() const’ is deprecated: Tensor.type() is deprecated. Instead use Tensor.options(), which in many cases (e.g. in a constructor) is a drop-in replacement. If you were using data from type(), that is now available from Tensor itself, so instead of tensor.type().scalar_type(), use tensor.scalar_type() instead and instead of tensor.type().backend() use tensor.device(). [-Wdeprecated-declarations]
     38 |   switch (tensor.type().scalarType()) {
        |         ~~~~~~~~~~~^~
  /home/taah3149/Documents/Group_Studies/.venv/lib64/python3.11/site-packages/torch/include/ATen/core/TensorBody.h:225:1: note: declared here
    225 |   DeprecatedTypeProperties & type() const {
        | ^ ~~
  /var/tmp/pip-install-tuu00oal/mmcv_34709ec07a1247aa9f36a5c75a41ccbe/mmcv/ops/csrc/pytorch/cuda/../spconv_utils.h: In instantiation of ‘void tv::check_torch_dtype(const at::Tensor&) [with scalar_t = float]’:
  /var/tmp/pip-install-tuu00oal/mmcv_34709ec07a1247aa9f36a5c75a41ccbe/mmcv/ops/csrc/pytorch/cuda/../spconv_utils.h:71:30:   required from ‘tv::TensorView<scalar_t> tv::torch2tv(const at::Tensor&) [with scalar_t = float]’
  /var/tmp/pip-install-tuu00oal/mmcv_34709ec07a1247aa9f36a5c75a41ccbe/mmcv/ops/csrc/pytorch/cuda/spconv_ops_cuda.cu:288:0:   required from here
  /var/tmp/pip-install-tuu00oal/mmcv_34709ec07a1247aa9f36a5c75a41ccbe/mmcv/ops/csrc/pytorch/cuda/../spconv_utils.h:38:20: warning: ‘at::DeprecatedTypeProperties& at::Tensor::type() const’ is deprecated: Tensor.type() is deprecated. Instead use Tensor.options(), which in many cases (e.g. in a constructor) is a drop-in replacement. If you were using data from type(), that is now available from Tensor itself, so instead of tensor.type().scalar_type(), use tensor.scalar_type() instead and instead of tensor.type().backend() use tensor.device(). [-Wdeprecated-declarations]
     38 |   switch (tensor.type().scalarType()) {
        |         ~~~~~~~~~~~^~
  /home/taah3149/Documents/Group_Studies/.venv/lib64/python3.11/site-packages/torch/include/ATen/core/TensorBody.h:225:1: note: declared here
    225 |   DeprecatedTypeProperties & type() const {
        | ^ ~~
  /var/tmp/pip-install-tuu00oal/mmcv_34709ec07a1247aa9f36a5c75a41ccbe/mmcv/ops/csrc/pytorch/cuda/../spconv_utils.h:38:20: warning: ‘at::DeprecatedTypeProperties& at::Tensor::type() const’ is deprecated: Tensor.type() is deprecated. Instead use Tensor.options(), which in many cases (e.g. in a constructor) is a drop-in replacement. If you were using data from type(), that is now available from Tensor itself, so instead of tensor.type().scalar_type(), use tensor.scalar_type() instead and instead of tensor.type().backend() use tensor.device(). [-Wdeprecated-declarations]
     38 |   switch (tensor.type().scalarType()) {
        |         ~~~~~~~~~~~^~
  /home/taah3149/Documents/Group_Studies/.venv/lib64/python3.11/site-packages/torch/include/ATen/core/TensorBody.h:225:1: note: declared here
    225 |   DeprecatedTypeProperties & type() const {
        | ^ ~~
  /var/tmp/pip-install-tuu00oal/mmcv_34709ec07a1247aa9f36a5c75a41ccbe/mmcv/ops/csrc/pytorch/cuda/../spconv_utils.h: In instantiation of ‘void tv::check_torch_dtype(const at::Tensor&) [with scalar_t = const float]’:
  /var/tmp/pip-install-tuu00oal/mmcv_34709ec07a1247aa9f36a5c75a41ccbe/mmcv/ops/csrc/pytorch/cuda/../spconv_utils.h:71:30:   required from ‘tv::TensorView<scalar_t> tv::torch2tv(const at::Tensor&) [with scalar_t = const float]’
  /var/tmp/pip-install-tuu00oal/mmcv_34709ec07a1247aa9f36a5c75a41ccbe/mmcv/ops/csrc/pytorch/cuda/spconv_ops_cuda.cu:288:0:   required from here
  /var/tmp/pip-install-tuu00oal/mmcv_34709ec07a1247aa9f36a5c75a41ccbe/mmcv/ops/csrc/pytorch/cuda/../spconv_utils.h:38:20: warning: ‘at::DeprecatedTypeProperties& at::Tensor::type() const’ is deprecated: Tensor.type() is deprecated. Instead use Tensor.options(), which in many cases (e.g. in a constructor) is a drop-in replacement. If you were using data from type(), that is now available from Tensor itself, so instead of tensor.type().scalar_type(), use tensor.scalar_type() instead and instead of tensor.type().backend() use tensor.device(). [-Wdeprecated-declarations]
     38 |   switch (tensor.type().scalarType()) {
        |         ~~~~~~~~~~~^~
  /home/taah3149/Documents/Group_Studies/.venv/lib64/python3.11/site-packages/torch/include/ATen/core/TensorBody.h:225:1: note: declared here
    225 |   DeprecatedTypeProperties & type() const {
        | ^ ~~
  /var/tmp/pip-install-tuu00oal/mmcv_34709ec07a1247aa9f36a5c75a41ccbe/mmcv/ops/csrc/pytorch/cuda/../spconv_utils.h:38:20: warning: ‘at::DeprecatedTypeProperties& at::Tensor::type() const’ is deprecated: Tensor.type() is deprecated. Instead use Tensor.options(), which in many cases (e.g. in a constructor) is a drop-in replacement. If you were using data from type(), that is now available from Tensor itself, so instead of tensor.type().scalar_type(), use tensor.scalar_type() instead and instead of tensor.type().backend() use tensor.device(). [-Wdeprecated-declarations]
     38 |   switch (tensor.type().scalarType()) {
        |         ~~~~~~~~~~~^~
  /home/taah3149/Documents/Group_Studies/.venv/lib64/python3.11/site-packages/torch/include/ATen/core/TensorBody.h:225:1: note: declared here
    225 |   DeprecatedTypeProperties & type() const {
        | ^ ~~
  /var/tmp/pip-install-tuu00oal/mmcv_34709ec07a1247aa9f36a5c75a41ccbe/mmcv/ops/csrc/pytorch/cuda/../spconv_utils.h: In instantiation of ‘void tv::check_torch_dtype(const at::Tensor&) [with scalar_t = c10::Half]’:
  /var/tmp/pip-install-tuu00oal/mmcv_34709ec07a1247aa9f36a5c75a41ccbe/mmcv/ops/csrc/pytorch/cuda/../spconv_utils.h:71:30:   required from ‘tv::TensorView<scalar_t> tv::torch2tv(const at::Tensor&) [with scalar_t = c10::Half]’
  /var/tmp/pip-install-tuu00oal/mmcv_34709ec07a1247aa9f36a5c75a41ccbe/mmcv/ops/csrc/pytorch/cuda/spconv_ops_cuda.cu:288:0:   required from here
  /var/tmp/pip-install-tuu00oal/mmcv_34709ec07a1247aa9f36a5c75a41ccbe/mmcv/ops/csrc/pytorch/cuda/../spconv_utils.h:38:20: warning: ‘at::DeprecatedTypeProperties& at::Tensor::type() const’ is deprecated: Tensor.type() is deprecated. Instead use Tensor.options(), which in many cases (e.g. in a constructor) is a drop-in replacement. If you were using data from type(), that is now available from Tensor itself, so instead of tensor.type().scalar_type(), use tensor.scalar_type() instead and instead of tensor.type().backend() use tensor.device(). [-Wdeprecated-declarations]
     38 |   switch (tensor.type().scalarType()) {
        |         ~~~~~~~~~~~^~
  /home/taah3149/Documents/Group_Studies/.venv/lib64/python3.11/site-packages/torch/include/ATen/core/TensorBody.h:225:1: note: declared here
    225 |   DeprecatedTypeProperties & type() const {
        | ^ ~~
  /var/tmp/pip-install-tuu00oal/mmcv_34709ec07a1247aa9f36a5c75a41ccbe/mmcv/ops/csrc/pytorch/cuda/../spconv_utils.h:38:20: warning: ‘at::DeprecatedTypeProperties& at::Tensor::type() const’ is deprecated: Tensor.type() is deprecated. Instead use Tensor.options(), which in many cases (e.g. in a constructor) is a drop-in replacement. If you were using data from type(), that is now available from Tensor itself, so instead of tensor.type().scalar_type(), use tensor.scalar_type() instead and instead of tensor.type().backend() use tensor.device(). [-Wdeprecated-declarations]
     38 |   switch (tensor.type().scalarType()) {
        |         ~~~~~~~~~~~^~
  /home/taah3149/Documents/Group_Studies/.venv/lib64/python3.11/site-packages/torch/include/ATen/core/TensorBody.h:225:1: note: declared here
    225 |   DeprecatedTypeProperties & type() const {
        | ^ ~~
  /var/tmp/pip-install-tuu00oal/mmcv_34709ec07a1247aa9f36a5c75a41ccbe/mmcv/ops/csrc/pytorch/cuda/../spconv_utils.h: In instantiation of ‘void tv::check_torch_dtype(const at::Tensor&) [with scalar_t = const c10::Half]’:
  /var/tmp/pip-install-tuu00oal/mmcv_34709ec07a1247aa9f36a5c75a41ccbe/mmcv/ops/csrc/pytorch/cuda/../spconv_utils.h:71:30:   required from ‘tv::TensorView<scalar_t> tv::torch2tv(const at::Tensor&) [with scalar_t = const c10::Half]’
  /var/tmp/pip-install-tuu00oal/mmcv_34709ec07a1247aa9f36a5c75a41ccbe/mmcv/ops/csrc/pytorch/cuda/spconv_ops_cuda.cu:288:0:   required from here
  /var/tmp/pip-install-tuu00oal/mmcv_34709ec07a1247aa9f36a5c75a41ccbe/mmcv/ops/csrc/pytorch/cuda/../spconv_utils.h:38:20: warning: ‘at::DeprecatedTypeProperties& at::Tensor::type() const’ is deprecated: Tensor.type() is deprecated. Instead use Tensor.options(), which in many cases (e.g. in a constructor) is a drop-in replacement. If you were using data from type(), that is now available from Tensor itself, so instead of tensor.type().scalar_type(), use tensor.scalar_type() instead and instead of tensor.type().backend() use tensor.device(). [-Wdeprecated-declarations]
     38 |   switch (tensor.type().scalarType()) {
        |         ~~~~~~~~~~~^~
  /home/taah3149/Documents/Group_Studies/.venv/lib64/python3.11/site-packages/torch/include/ATen/core/TensorBody.h:225:1: note: declared here
    225 |   DeprecatedTypeProperties & type() const {
        | ^ ~~
  /var/tmp/pip-install-tuu00oal/mmcv_34709ec07a1247aa9f36a5c75a41ccbe/mmcv/ops/csrc/pytorch/cuda/../spconv_utils.h:38:20: warning: ‘at::DeprecatedTypeProperties& at::Tensor::type() const’ is deprecated: Tensor.type() is deprecated. Instead use Tensor.options(), which in many cases (e.g. in a constructor) is a drop-in replacement. If you were using data from type(), that is now available from Tensor itself, so instead of tensor.type().scalar_type(), use tensor.scalar_type() instead and instead of tensor.type().backend() use tensor.device(). [-Wdeprecated-declarations]
     38 |   switch (tensor.type().scalarType()) {
        |         ~~~~~~~~~~~^~
  /home/taah3149/Documents/Group_Studies/.venv/lib64/python3.11/site-packages/torch/include/ATen/core/TensorBody.h:225:1: note: declared here
    225 |   DeprecatedTypeProperties & type() const {
        | ^ ~~
  /var/tmp/pip-install-tuu00oal/mmcv_34709ec07a1247aa9f36a5c75a41ccbe/mmcv/ops/csrc/pytorch/cuda/../spconv_utils.h: In instantiation of ‘void tv::check_torch_dtype(const at::Tensor&) [with scalar_t = int]’:
  /var/tmp/pip-install-tuu00oal/mmcv_34709ec07a1247aa9f36a5c75a41ccbe/mmcv/ops/csrc/pytorch/cuda/../spconv_utils.h:71:30:   required from ‘tv::TensorView<scalar_t> tv::torch2tv(const at::Tensor&) [with scalar_t = int]’
  /var/tmp/pip-install-tuu00oal/mmcv_34709ec07a1247aa9f36a5c75a41ccbe/mmcv/ops/csrc/pytorch/cuda/spconv_ops_cuda.cu:74:97:   required from ‘std::vector<at::Tensor> GetIndicePairsForwardCUDAKernelLauncher(at::Tensor, int64_t, std::vector<long int>, std::vector<long int>, std::vector<long int>, std::vector<long int>, std::vector<long int>, std::vector<long int>, std::vector<long int>, int64_t, int64_t) [with unsigned int NDim = 2; int64_t = long int]’
  /var/tmp/pip-install-tuu00oal/mmcv_34709ec07a1247aa9f36a5c75a41ccbe/mmcv/ops/csrc/pytorch/cuda/spconv_ops_cuda.cu:444:425:   required from here
  /var/tmp/pip-install-tuu00oal/mmcv_34709ec07a1247aa9f36a5c75a41ccbe/mmcv/ops/csrc/pytorch/cuda/../spconv_utils.h:38:20: warning: ‘at::DeprecatedTypeProperties& at::Tensor::type() const’ is deprecated: Tensor.type() is deprecated. Instead use Tensor.options(), which in many cases (e.g. in a constructor) is a drop-in replacement. If you were using data from type(), that is now available from Tensor itself, so instead of tensor.type().scalar_type(), use tensor.scalar_type() instead and instead of tensor.type().backend() use tensor.device(). [-Wdeprecated-declarations]
     38 |   switch (tensor.type().scalarType()) {
        |         ~~~~~~~~~~~^~
  /home/taah3149/Documents/Group_Studies/.venv/lib64/python3.11/site-packages/torch/include/ATen/core/TensorBody.h:225:1: note: declared here
    225 |   DeprecatedTypeProperties & type() const {
        | ^ ~~
  /var/tmp/pip-install-tuu00oal/mmcv_34709ec07a1247aa9f36a5c75a41ccbe/mmcv/ops/csrc/pytorch/cuda/../spconv_utils.h:38:20: warning: ‘at::DeprecatedTypeProperties& at::Tensor::type() const’ is deprecated: Tensor.type() is deprecated. Instead use Tensor.options(), which in many cases (e.g. in a constructor) is a drop-in replacement. If you were using data from type(), that is now available from Tensor itself, so instead of tensor.type().scalar_type(), use tensor.scalar_type() instead and instead of tensor.type().backend() use tensor.device(). [-Wdeprecated-declarations]
     38 |   switch (tensor.type().scalarType()) {
        |         ~~~~~~~~~~~^~
  /home/taah3149/Documents/Group_Studies/.venv/lib64/python3.11/site-packages/torch/include/ATen/core/TensorBody.h:225:1: note: declared here
    225 |   DeprecatedTypeProperties & type() const {
        | ^ ~~
  [118/136] /usr/app-soft1/cuda/cuda-12.2/bin/nvcc --generate-dependencies-with-compile --dependency-output /var/tmp/pip-install-tuu00oal/mmcv_34709ec07a1247aa9f36a5c75a41ccbe/build/temp.linux-x86_64-cpython-311/mmcv/ops/csrc/pytorch/cuda/sparse_reordering.o.d -DMMCV_WITH_CUDA -I/var/tmp/pip-install-tuu00oal/mmcv_34709ec07a1247aa9f36a5c75a41ccbe/mmcv/ops/csrc/pytorch -I/var/tmp/pip-install-tuu00oal/mmcv_34709ec07a1247aa9f36a5c75a41ccbe/mmcv/ops/csrc/common -I/var/tmp/pip-install-tuu00oal/mmcv_34709ec07a1247aa9f36a5c75a41ccbe/mmcv/ops/csrc/common/cuda -I/home/taah3149/Documents/Group_Studies/.venv/lib64/python3.11/site-packages/torch/include -I/home/taah3149/Documents/Group_Studies/.venv/lib64/python3.11/site-packages/torch/include/torch/csrc/api/include -I/home/taah3149/Documents/Group_Studies/.venv/lib64/python3.11/site-packages/torch/include/TH -I/home/taah3149/Documents/Group_Studies/.venv/lib64/python3.11/site-packages/torch/include/THC -I/usr/app-soft1/cuda/cuda-12.2/include -I/home/taah3149/Documents/Group_Studies/.venv/include -I/usr/include/python3.11 -c -c /var/tmp/pip-install-tuu00oal/mmcv_34709ec07a1247aa9f36a5c75a41ccbe/mmcv/ops/csrc/pytorch/cuda/sparse_reordering.cu -o /var/tmp/pip-install-tuu00oal/mmcv_34709ec07a1247aa9f36a5c75a41ccbe/build/temp.linux-x86_64-cpython-311/mmcv/ops/csrc/pytorch/cuda/sparse_reordering.o -D__CUDA_NO_HALF_OPERATORS__ -D__CUDA_NO_HALF_CONVERSIONS__ -D__CUDA_NO_BFLOAT16_CONVERSIONS__ -D__CUDA_NO_HALF2_OPERATORS__ --expt-relaxed-constexpr --compiler-options ''"'"'-fPIC'"'"'' -std=c++17 -DTORCH_API_INCLUDE_EXTENSION_H '-DPYBIND11_COMPILER_TYPE="_gcc"' '-DPYBIND11_STDLIB="_libstdcpp"' '-DPYBIND11_BUILD_ABI="_cxxabi1011"' -DTORCH_EXTENSION_NAME=_ext -D_GLIBCXX_USE_CXX11_ABI=0 -gencode=arch=compute_86,code=sm_86
  [119/136] /usr/app-soft1/cuda/cuda-12.2/bin/nvcc --generate-dependencies-with-compile --dependency-output /var/tmp/pip-install-tuu00oal/mmcv_34709ec07a1247aa9f36a5c75a41ccbe/build/temp.linux-x86_64-cpython-311/mmcv/ops/csrc/pytorch/cuda/sparse_maxpool.o.d -DMMCV_WITH_CUDA -I/var/tmp/pip-install-tuu00oal/mmcv_34709ec07a1247aa9f36a5c75a41ccbe/mmcv/ops/csrc/pytorch -I/var/tmp/pip-install-tuu00oal/mmcv_34709ec07a1247aa9f36a5c75a41ccbe/mmcv/ops/csrc/common -I/var/tmp/pip-install-tuu00oal/mmcv_34709ec07a1247aa9f36a5c75a41ccbe/mmcv/ops/csrc/common/cuda -I/home/taah3149/Documents/Group_Studies/.venv/lib64/python3.11/site-packages/torch/include -I/home/taah3149/Documents/Group_Studies/.venv/lib64/python3.11/site-packages/torch/include/torch/csrc/api/include -I/home/taah3149/Documents/Group_Studies/.venv/lib64/python3.11/site-packages/torch/include/TH -I/home/taah3149/Documents/Group_Studies/.venv/lib64/python3.11/site-packages/torch/include/THC -I/usr/app-soft1/cuda/cuda-12.2/include -I/home/taah3149/Documents/Group_Studies/.venv/include -I/usr/include/python3.11 -c -c /var/tmp/pip-install-tuu00oal/mmcv_34709ec07a1247aa9f36a5c75a41ccbe/mmcv/ops/csrc/pytorch/cuda/sparse_maxpool.cu -o /var/tmp/pip-install-tuu00oal/mmcv_34709ec07a1247aa9f36a5c75a41ccbe/build/temp.linux-x86_64-cpython-311/mmcv/ops/csrc/pytorch/cuda/sparse_maxpool.o -D__CUDA_NO_HALF_OPERATORS__ -D__CUDA_NO_HALF_CONVERSIONS__ -D__CUDA_NO_BFLOAT16_CONVERSIONS__ -D__CUDA_NO_HALF2_OPERATORS__ --expt-relaxed-constexpr --compiler-options ''"'"'-fPIC'"'"'' -std=c++17 -DTORCH_API_INCLUDE_EXTENSION_H '-DPYBIND11_COMPILER_TYPE="_gcc"' '-DPYBIND11_STDLIB="_libstdcpp"' '-DPYBIND11_BUILD_ABI="_cxxabi1011"' -DTORCH_EXTENSION_NAME=_ext -D_GLIBCXX_USE_CXX11_ABI=0 -gencode=arch=compute_86,code=sm_86
  [120/136] /usr/app-soft1/cuda/cuda-12.2/bin/nvcc --generate-dependencies-with-compile --dependency-output /var/tmp/pip-install-tuu00oal/mmcv_34709ec07a1247aa9f36a5c75a41ccbe/build/temp.linux-x86_64-cpython-311/mmcv/ops/csrc/pytorch/cuda/upfirdn2d_kernel.o.d -DMMCV_WITH_CUDA -I/var/tmp/pip-install-tuu00oal/mmcv_34709ec07a1247aa9f36a5c75a41ccbe/mmcv/ops/csrc/pytorch -I/var/tmp/pip-install-tuu00oal/mmcv_34709ec07a1247aa9f36a5c75a41ccbe/mmcv/ops/csrc/common -I/var/tmp/pip-install-tuu00oal/mmcv_34709ec07a1247aa9f36a5c75a41ccbe/mmcv/ops/csrc/common/cuda -I/home/taah3149/Documents/Group_Studies/.venv/lib64/python3.11/site-packages/torch/include -I/home/taah3149/Documents/Group_Studies/.venv/lib64/python3.11/site-packages/torch/include/torch/csrc/api/include -I/home/taah3149/Documents/Group_Studies/.venv/lib64/python3.11/site-packages/torch/include/TH -I/home/taah3149/Documents/Group_Studies/.venv/lib64/python3.11/site-packages/torch/include/THC -I/usr/app-soft1/cuda/cuda-12.2/include -I/home/taah3149/Documents/Group_Studies/.venv/include -I/usr/include/python3.11 -c -c /var/tmp/pip-install-tuu00oal/mmcv_34709ec07a1247aa9f36a5c75a41ccbe/mmcv/ops/csrc/pytorch/cuda/upfirdn2d_kernel.cu -o /var/tmp/pip-install-tuu00oal/mmcv_34709ec07a1247aa9f36a5c75a41ccbe/build/temp.linux-x86_64-cpython-311/mmcv/ops/csrc/pytorch/cuda/upfirdn2d_kernel.o -D__CUDA_NO_HALF_OPERATORS__ -D__CUDA_NO_HALF_CONVERSIONS__ -D__CUDA_NO_BFLOAT16_CONVERSIONS__ -D__CUDA_NO_HALF2_OPERATORS__ --expt-relaxed-constexpr --compiler-options ''"'"'-fPIC'"'"'' -std=c++17 -DTORCH_API_INCLUDE_EXTENSION_H '-DPYBIND11_COMPILER_TYPE="_gcc"' '-DPYBIND11_STDLIB="_libstdcpp"' '-DPYBIND11_BUILD_ABI="_cxxabi1011"' -DTORCH_EXTENSION_NAME=_ext -D_GLIBCXX_USE_CXX11_ABI=0 -gencode=arch=compute_86,code=sm_86
  [121/136] /usr/app-soft1/cuda/cuda-12.2/bin/nvcc --generate-dependencies-with-compile --dependency-output /var/tmp/pip-install-tuu00oal/mmcv_34709ec07a1247aa9f36a5c75a41ccbe/build/temp.linux-x86_64-cpython-311/mmcv/ops/csrc/pytorch/cuda/filtered_lrelu.o.d -DMMCV_WITH_CUDA -I/var/tmp/pip-install-tuu00oal/mmcv_34709ec07a1247aa9f36a5c75a41ccbe/mmcv/ops/csrc/pytorch -I/var/tmp/pip-install-tuu00oal/mmcv_34709ec07a1247aa9f36a5c75a41ccbe/mmcv/ops/csrc/common -I/var/tmp/pip-install-tuu00oal/mmcv_34709ec07a1247aa9f36a5c75a41ccbe/mmcv/ops/csrc/common/cuda -I/home/taah3149/Documents/Group_Studies/.venv/lib64/python3.11/site-packages/torch/include -I/home/taah3149/Documents/Group_Studies/.venv/lib64/python3.11/site-packages/torch/include/torch/csrc/api/include -I/home/taah3149/Documents/Group_Studies/.venv/lib64/python3.11/site-packages/torch/include/TH -I/home/taah3149/Documents/Group_Studies/.venv/lib64/python3.11/site-packages/torch/include/THC -I/usr/app-soft1/cuda/cuda-12.2/include -I/home/taah3149/Documents/Group_Studies/.venv/include -I/usr/include/python3.11 -c -c /var/tmp/pip-install-tuu00oal/mmcv_34709ec07a1247aa9f36a5c75a41ccbe/mmcv/ops/csrc/pytorch/cuda/filtered_lrelu.cu -o /var/tmp/pip-install-tuu00oal/mmcv_34709ec07a1247aa9f36a5c75a41ccbe/build/temp.linux-x86_64-cpython-311/mmcv/ops/csrc/pytorch/cuda/filtered_lrelu.o -D__CUDA_NO_HALF_OPERATORS__ -D__CUDA_NO_HALF_CONVERSIONS__ -D__CUDA_NO_BFLOAT16_CONVERSIONS__ -D__CUDA_NO_HALF2_OPERATORS__ --expt-relaxed-constexpr --compiler-options ''"'"'-fPIC'"'"'' -std=c++17 -DTORCH_API_INCLUDE_EXTENSION_H '-DPYBIND11_COMPILER_TYPE="_gcc"' '-DPYBIND11_STDLIB="_libstdcpp"' '-DPYBIND11_BUILD_ABI="_cxxabi1011"' -DTORCH_EXTENSION_NAME=_ext -D_GLIBCXX_USE_CXX11_ABI=0 -gencode=arch=compute_86,code=sm_86
  ninja: build stopped: subcommand failed.
  Traceback (most recent call last):
    File "/home/taah3149/Documents/Group_Studies/.venv/lib64/python3.11/site-packages/torch/utils/cpp_extension.py", line 2104, in _run_ninja_build
      subprocess.run(
    File "/usr/lib64/python3.11/subprocess.py", line 571, in run
      raise CalledProcessError(retcode, process.args,
  subprocess.CalledProcessError: Command '['ninja', '-v', '-j', '47']' returned non-zero exit status 1.

  The above exception was the direct cause of the following exception:

  Traceback (most recent call last):
    File "/home/taah3149/Documents/Group_Studies/.venv/lib64/python3.11/site-packages/pip/_vendor/pyproject_hooks/_in_process/_in_process.py", line 389, in <module>
      main()
    File "/home/taah3149/Documents/Group_Studies/.venv/lib64/python3.11/site-packages/pip/_vendor/pyproject_hooks/_in_process/_in_process.py", line 373, in main
      json_out["return_val"] = hook(**hook_input["kwargs"])
                               ^^^^^^^^^^^^^^^^^^^^^^^^^^^^
    File "/home/taah3149/Documents/Group_Studies/.venv/lib64/python3.11/site-packages/pip/_vendor/pyproject_hooks/_in_process/_in_process.py", line 280, in build_wheel
      return _build_backend().build_wheel(
             ^^^^^^^^^^^^^^^^^^^^^^^^^^^^^
    File "/home/taah3149/Documents/Group_Studies/.venv/lib64/python3.11/site-packages/setuptools/build_meta.py", line 415, in build_wheel
      return self._build_with_temp_dir(
             ^^^^^^^^^^^^^^^^^^^^^^^^^^
    File "/home/taah3149/Documents/Group_Studies/.venv/lib64/python3.11/site-packages/setuptools/build_meta.py", line 397, in _build_with_temp_dir
      self.run_setup()
    File "/home/taah3149/Documents/Group_Studies/.venv/lib64/python3.11/site-packages/setuptools/build_meta.py", line 497, in run_setup
      super().run_setup(setup_script=setup_script)
    File "/home/taah3149/Documents/Group_Studies/.venv/lib64/python3.11/site-packages/setuptools/build_meta.py", line 313, in run_setup
      exec(code, locals())
    File "<string>", line 460, in <module>
    File "/home/taah3149/Documents/Group_Studies/.venv/lib64/python3.11/site-packages/setuptools/__init__.py", line 103, in setup
      return distutils.core.setup(**attrs)
             ^^^^^^^^^^^^^^^^^^^^^^^^^^^^^
    File "/home/taah3149/Documents/Group_Studies/.venv/lib64/python3.11/site-packages/setuptools/_distutils/core.py", line 184, in setup
      return run_commands(dist)
             ^^^^^^^^^^^^^^^^^^
    File "/home/taah3149/Documents/Group_Studies/.venv/lib64/python3.11/site-packages/setuptools/_distutils/core.py", line 200, in run_commands
      dist.run_commands()
    File "/home/taah3149/Documents/Group_Studies/.venv/lib64/python3.11/site-packages/setuptools/_distutils/dist.py", line 970, in run_commands
      self.run_command(cmd)
    File "/home/taah3149/Documents/Group_Studies/.venv/lib64/python3.11/site-packages/setuptools/dist.py", line 974, in run_command
      super().run_command(command)
    File "/home/taah3149/Documents/Group_Studies/.venv/lib64/python3.11/site-packages/setuptools/_distutils/dist.py", line 989, in run_command
      cmd_obj.run()
    File "/home/taah3149/Documents/Group_Studies/.venv/lib64/python3.11/site-packages/setuptools/command/bdist_wheel.py", line 373, in run
      self.run_command("build")
    File "/home/taah3149/Documents/Group_Studies/.venv/lib64/python3.11/site-packages/setuptools/_distutils/cmd.py", line 316, in run_command
      self.distribution.run_command(command)
    File "/home/taah3149/Documents/Group_Studies/.venv/lib64/python3.11/site-packages/setuptools/dist.py", line 974, in run_command
      super().run_command(command)
    File "/home/taah3149/Documents/Group_Studies/.venv/lib64/python3.11/site-packages/setuptools/_distutils/dist.py", line 989, in run_command
      cmd_obj.run()
    File "/home/taah3149/Documents/Group_Studies/.venv/lib64/python3.11/site-packages/setuptools/_distutils/command/build.py", line 135, in run
      self.run_command(cmd_name)
    File "/home/taah3149/Documents/Group_Studies/.venv/lib64/python3.11/site-packages/setuptools/_distutils/cmd.py", line 316, in run_command
      self.distribution.run_command(command)
    File "/home/taah3149/Documents/Group_Studies/.venv/lib64/python3.11/site-packages/setuptools/dist.py", line 974, in run_command
      super().run_command(command)
    File "/home/taah3149/Documents/Group_Studies/.venv/lib64/python3.11/site-packages/setuptools/_distutils/dist.py", line 989, in run_command
      cmd_obj.run()
    File "/home/taah3149/Documents/Group_Studies/.venv/lib64/python3.11/site-packages/setuptools/command/build_ext.py", line 93, in run
      _build_ext.run(self)
    File "/home/taah3149/Documents/Group_Studies/.venv/lib64/python3.11/site-packages/setuptools/_distutils/command/build_ext.py", line 359, in run
      self.build_extensions()
    File "/home/taah3149/Documents/Group_Studies/.venv/lib64/python3.11/site-packages/torch/utils/cpp_extension.py", line 868, in build_extensions
      build_ext.build_extensions(self)
    File "/home/taah3149/Documents/Group_Studies/.venv/lib64/python3.11/site-packages/setuptools/_distutils/command/build_ext.py", line 479, in build_extensions
      self._build_extensions_serial()
    File "/home/taah3149/Documents/Group_Studies/.venv/lib64/python3.11/site-packages/setuptools/_distutils/command/build_ext.py", line 505, in _build_extensions_serial
      self.build_extension(ext)
    File "/home/taah3149/Documents/Group_Studies/.venv/lib64/python3.11/site-packages/setuptools/command/build_ext.py", line 254, in build_extension
      _build_ext.build_extension(self, ext)
    File "/home/taah3149/Documents/Group_Studies/.venv/lib64/python3.11/site-packages/setuptools/_distutils/command/build_ext.py", line 560, in build_extension
      objects = self.compiler.compile(
                ^^^^^^^^^^^^^^^^^^^^^^
    File "/home/taah3149/Documents/Group_Studies/.venv/lib64/python3.11/site-packages/torch/utils/cpp_extension.py", line 681, in unix_wrap_ninja_compile
      _write_ninja_file_and_compile_objects(
    File "/home/taah3149/Documents/Group_Studies/.venv/lib64/python3.11/site-packages/torch/utils/cpp_extension.py", line 1784, in _write_ninja_file_and_compile_objects
      _run_ninja_build(
    File "/home/taah3149/Documents/Group_Studies/.venv/lib64/python3.11/site-packages/torch/utils/cpp_extension.py", line 2120, in _run_ninja_build
      raise RuntimeError(message) from e
  RuntimeError: Error compiling objects for extension
  error: subprocess-exited-with-error
  
  × Building wheel for mmcv (pyproject.toml) did not run successfully.
  │ exit code: 1
  ╰─> No available output.
  
  note: This error originates from a subprocess, and is likely not a problem with pip.
  full command: /home/taah3149/Documents/Group_Studies/.venv/bin/python /home/taah3149/Documents/Group_Studies/.venv/lib64/python3.11/site-packages/pip/_vendor/pyproject_hooks/_in_process/_in_process.py build_wheel /usr/tmp/tmp1y4g92ky
  cwd: /var/tmp/pip-install-tuu00oal/mmcv_34709ec07a1247aa9f36a5c75a41ccbe
  Building wheel for mmcv (pyproject.toml): finished with status 'error'
  ERROR: Failed building wheel for mmcv
Failed to build mmcv
error: failed-wheel-build-for-install

× Failed to build installable wheels for some pyproject.toml based projects
╰─> mmcv
