=== mit_b2/FPN Backbone Resweep ===
Timestamp: Tue Jul  7 22:17:09 CEST 2026
Configs: 24
(idempotent: already-complete experiments are skipped, partial ones resume from latest.pth)

>>> Training (fresh start): baseline_mitb2
[22:17:25 INFO] Device: cuda
Model backend: smp (encoder=mit_b2, architecture=fpn)
[22:17:28 INFO] fog_prob: 1.0
[22:17:30 INFO] Train: 2975 samples  |  Val: 500 samples
[22:17:46 INFO] Epoch 1/50  iter 50/743  loss=1.0476  lr=5.99e-05
[22:17:59 INFO] Epoch 1/50  iter 100/743  loss=0.5430  lr=5.98e-05
[22:18:12 INFO] Epoch 1/50  iter 150/743  loss=0.2443  lr=5.98e-05
[22:18:26 INFO] Epoch 1/50  iter 200/743  loss=0.2338  lr=5.97e-05
[22:18:39 INFO] Epoch 1/50  iter 250/743  loss=0.3902  lr=5.96e-05
[22:18:52 INFO] Epoch 1/50  iter 300/743  loss=0.5154  lr=5.95e-05
[22:19:06 INFO] Epoch 1/50  iter 350/743  loss=0.2877  lr=5.94e-05
[22:19:19 INFO] Epoch 1/50  iter 400/743  loss=0.3719  lr=5.94e-05
[22:19:32 INFO] Epoch 1/50  iter 450/743  loss=0.3239  lr=5.93e-05
[22:19:46 INFO] Epoch 1/50  iter 500/743  loss=0.1104  lr=5.92e-05
[22:19:59 INFO] Epoch 1/50  iter 550/743  loss=0.3731  lr=5.91e-05
[22:20:13 INFO] Epoch 1/50  iter 600/743  loss=0.2576  lr=5.90e-05
[22:20:26 INFO] Epoch 1/50  iter 650/743  loss=0.3737  lr=5.89e-05
[22:20:40 INFO] Epoch 1/50  iter 700/743  loss=0.2806  lr=5.89e-05
[22:20:51 INFO] Epoch 1 complete — avg_loss=0.5968  time=201s
[22:21:06 INFO] Epoch 2/50  iter 50/743  loss=0.3435  lr=5.87e-05
[22:21:19 INFO] Epoch 2/50  iter 100/743  loss=1.0081  lr=5.86e-05
[22:21:32 INFO] Epoch 2/50  iter 150/743  loss=0.3136  lr=5.86e-05
[22:21:46 INFO] Epoch 2/50  iter 200/743  loss=0.3596  lr=5.85e-05
[22:21:59 INFO] Epoch 2/50  iter 250/743  loss=0.2748  lr=5.84e-05
[22:22:12 INFO] Epoch 2/50  iter 300/743  loss=0.3557  lr=5.83e-05
[22:22:26 INFO] Epoch 2/50  iter 350/743  loss=0.3462  lr=5.82e-05
[22:22:39 INFO] Epoch 2/50  iter 400/743  loss=0.1864  lr=5.82e-05
[22:22:52 INFO] Epoch 2/50  iter 450/743  loss=0.1910  lr=5.81e-05
[22:23:06 INFO] Epoch 2/50  iter 500/743  loss=0.3130  lr=5.80e-05
[22:23:19 INFO] Epoch 2/50  iter 550/743  loss=0.3897  lr=5.79e-05
[22:23:33 INFO] Epoch 2/50  iter 600/743  loss=0.2068  lr=5.78e-05
[22:23:46 INFO] Epoch 2/50  iter 650/743  loss=0.3048  lr=5.77e-05
[22:23:59 INFO] Epoch 2/50  iter 700/743  loss=0.5871  lr=5.77e-05
[22:24:11 INFO] Epoch 2 complete — avg_loss=0.3256  time=199s
[22:24:25 INFO] Epoch 3/50  iter 50/743  loss=0.2147  lr=5.75e-05
[22:24:39 INFO] Epoch 3/50  iter 100/743  loss=0.2868  lr=5.74e-05
[22:24:52 INFO] Epoch 3/50  iter 150/743  loss=0.5531  lr=5.74e-05
[22:25:05 INFO] Epoch 3/50  iter 200/743  loss=0.2024  lr=5.73e-05
[22:25:19 INFO] Epoch 3/50  iter 250/743  loss=0.4816  lr=5.72e-05
[22:25:32 INFO] Epoch 3/50  iter 300/743  loss=0.6256  lr=5.71e-05
[22:25:45 INFO] Epoch 3/50  iter 350/743  loss=0.1598  lr=5.70e-05
[22:25:59 INFO] Epoch 3/50  iter 400/743  loss=0.2395  lr=5.70e-05
[22:26:12 INFO] Epoch 3/50  iter 450/743  loss=0.2262  lr=5.69e-05
[22:26:26 INFO] Epoch 3/50  iter 500/743  loss=0.2141  lr=5.68e-05
[22:26:39 INFO] Epoch 3/50  iter 550/743  loss=0.2033  lr=5.67e-05
[22:26:52 INFO] Epoch 3/50  iter 600/743  loss=0.1748  lr=5.66e-05
[22:27:06 INFO] Epoch 3/50  iter 650/743  loss=0.2867  lr=5.65e-05
[22:27:19 INFO] Epoch 3/50  iter 700/743  loss=0.1172  lr=5.65e-05
[22:27:31 INFO] Epoch 3 complete — avg_loss=0.2686  time=199s
[22:27:45 INFO] Epoch 4/50  iter 50/743  loss=0.2523  lr=5.63e-05
[22:27:58 INFO] Epoch 4/50  iter 100/743  loss=0.1606  lr=5.62e-05
[22:28:12 INFO] Epoch 4/50  iter 150/743  loss=0.4951  lr=5.62e-05
[22:28:25 INFO] Epoch 4/50  iter 200/743  loss=0.2292  lr=5.61e-05
[22:28:38 INFO] Epoch 4/50  iter 250/743  loss=0.3385  lr=5.60e-05
[22:28:52 INFO] Epoch 4/50  iter 300/743  loss=0.1451  lr=5.59e-05
[22:29:05 INFO] Epoch 4/50  iter 350/743  loss=0.1441  lr=5.58e-05
[22:29:18 INFO] Epoch 4/50  iter 400/743  loss=0.2734  lr=5.58e-05
[22:29:32 INFO] Epoch 4/50  iter 450/743  loss=0.2407  lr=5.57e-05
[22:29:45 INFO] Epoch 4/50  iter 500/743  loss=0.1781  lr=5.56e-05
[22:29:59 INFO] Epoch 4/50  iter 550/743  loss=0.5968  lr=5.55e-05
[22:30:12 INFO] Epoch 4/50  iter 600/743  loss=0.5406  lr=5.54e-05
[22:30:25 INFO] Epoch 4/50  iter 650/743  loss=0.1458  lr=5.53e-05
[22:30:39 INFO] Epoch 4/50  iter 700/743  loss=0.1106  lr=5.53e-05
[22:30:50 INFO] Epoch 4 complete — avg_loss=0.2451  time=199s
[22:31:04 INFO] Epoch 5/50  iter 50/743  loss=0.1495  lr=5.51e-05
[22:31:18 INFO] Epoch 5/50  iter 100/743  loss=0.3340  lr=5.50e-05
[22:31:31 INFO] Epoch 5/50  iter 150/743  loss=0.1948  lr=5.50e-05
[22:31:45 INFO] Epoch 5/50  iter 200/743  loss=0.2816  lr=5.49e-05
[22:31:58 INFO] Epoch 5/50  iter 250/743  loss=0.1339  lr=5.48e-05
[22:32:11 INFO] Epoch 5/50  iter 300/743  loss=0.4561  lr=5.47e-05
[22:32:25 INFO] Epoch 5/50  iter 350/743  loss=0.1684  lr=5.46e-05
[22:32:38 INFO] Epoch 5/50  iter 400/743  loss=0.4137  lr=5.46e-05
[22:32:51 INFO] Epoch 5/50  iter 450/743  loss=0.1558  lr=5.45e-05
[22:33:05 INFO] Epoch 5/50  iter 500/743  loss=0.1627  lr=5.44e-05
[22:33:18 INFO] Epoch 5/50  iter 550/743  loss=0.1990  lr=5.43e-05
[22:33:32 INFO] Epoch 5/50  iter 600/743  loss=0.2236  lr=5.42e-05
[22:33:45 INFO] Epoch 5/50  iter 650/743  loss=0.2542  lr=5.41e-05
[22:33:58 INFO] Epoch 5/50  iter 700/743  loss=0.1940  lr=5.41e-05
[22:34:10 INFO] Epoch 5 complete — avg_loss=0.2333  time=199s
[22:36:02 INFO]   val mIoU = 0.6173
[22:36:02 INFO]   ★ New best val mIoU: 0.6173
[22:36:17 INFO] Epoch 6/50  iter 50/743  loss=0.4994  lr=5.39e-05
[22:36:30 INFO] Epoch 6/50  iter 100/743  loss=0.1572  lr=5.38e-05
[22:36:43 INFO] Epoch 6/50  iter 150/743  loss=0.3682  lr=5.38e-05
[22:36:57 INFO] Epoch 6/50  iter 200/743  loss=0.0791  lr=5.37e-05
[22:37:10 INFO] Epoch 6/50  iter 250/743  loss=0.1910  lr=5.36e-05
[22:37:23 INFO] Epoch 6/50  iter 300/743  loss=0.1472  lr=5.35e-05
[22:37:37 INFO] Epoch 6/50  iter 350/743  loss=0.1625  lr=5.34e-05
[22:37:50 INFO] Epoch 6/50  iter 400/743  loss=0.1354  lr=5.34e-05
[22:38:03 INFO] Epoch 6/50  iter 450/743  loss=0.1486  lr=5.33e-05
[22:38:17 INFO] Epoch 6/50  iter 500/743  loss=0.1048  lr=5.32e-05
[22:38:30 INFO] Epoch 6/50  iter 550/743  loss=0.2190  lr=5.31e-05
[22:38:44 INFO] Epoch 6/50  iter 600/743  loss=0.0980  lr=5.30e-05
[22:38:57 INFO] Epoch 6/50  iter 650/743  loss=0.2875  lr=5.29e-05
[22:39:10 INFO] Epoch 6/50  iter 700/743  loss=0.2155  lr=5.29e-05
[22:39:22 INFO] Epoch 6 complete — avg_loss=0.2082  time=199s
[22:39:36 INFO] Epoch 7/50  iter 50/743  loss=0.1872  lr=5.27e-05
[22:39:49 INFO] Epoch 7/50  iter 100/743  loss=0.1525  lr=5.26e-05
[22:40:03 INFO] Epoch 7/50  iter 150/743  loss=0.2157  lr=5.26e-05
[22:40:16 INFO] Epoch 7/50  iter 200/743  loss=0.2164  lr=5.25e-05
[22:40:30 INFO] Epoch 7/50  iter 250/743  loss=0.2358  lr=5.24e-05
[22:40:43 INFO] Epoch 7/50  iter 300/743  loss=0.1566  lr=5.23e-05
[22:40:56 INFO] Epoch 7/50  iter 350/743  loss=0.1914  lr=5.22e-05
[22:41:10 INFO] Epoch 7/50  iter 400/743  loss=0.2075  lr=5.22e-05
[22:41:23 INFO] Epoch 7/50  iter 450/743  loss=0.1782  lr=5.21e-05
[22:41:37 INFO] Epoch 7/50  iter 500/743  loss=0.2745  lr=5.20e-05
[22:41:50 INFO] Epoch 7/50  iter 550/743  loss=0.1466  lr=5.19e-05
[22:42:03 INFO] Epoch 7/50  iter 600/743  loss=0.3116  lr=5.18e-05
[22:42:17 INFO] Epoch 7/50  iter 650/743  loss=0.1334  lr=5.17e-05
[22:42:30 INFO] Epoch 7/50  iter 700/743  loss=0.1948  lr=5.17e-05
[22:42:42 INFO] Epoch 7 complete — avg_loss=0.2013  time=199s
[22:42:56 INFO] Epoch 8/50  iter 50/743  loss=0.2536  lr=5.15e-05
[22:43:09 INFO] Epoch 8/50  iter 100/743  loss=0.2177  lr=5.14e-05
[22:43:23 INFO] Epoch 8/50  iter 150/743  loss=0.0985  lr=5.14e-05
[22:43:36 INFO] Epoch 8/50  iter 200/743  loss=0.1099  lr=5.13e-05
[22:43:49 INFO] Epoch 8/50  iter 250/743  loss=0.1348  lr=5.12e-05
[22:44:03 INFO] Epoch 8/50  iter 300/743  loss=0.1228  lr=5.11e-05
[22:44:16 INFO] Epoch 8/50  iter 350/743  loss=0.1787  lr=5.10e-05
[22:44:30 INFO] Epoch 8/50  iter 400/743  loss=0.0947  lr=5.10e-05
[22:44:43 INFO] Epoch 8/50  iter 450/743  loss=0.2340  lr=5.09e-05
[22:44:56 INFO] Epoch 8/50  iter 500/743  loss=0.1430  lr=5.08e-05
[22:45:10 INFO] Epoch 8/50  iter 550/743  loss=0.2118  lr=5.07e-05
[22:45:23 INFO] Epoch 8/50  iter 600/743  loss=0.0257  lr=5.06e-05
[22:45:37 INFO] Epoch 8/50  iter 650/743  loss=0.1865  lr=5.05e-05
[22:45:50 INFO] Epoch 8/50  iter 700/743  loss=0.1492  lr=5.05e-05
[22:46:01 INFO] Epoch 8 complete — avg_loss=0.2079  time=199s
[22:46:16 INFO] Epoch 9/50  iter 50/743  loss=0.1705  lr=5.03e-05
[22:46:29 INFO] Epoch 9/50  iter 100/743  loss=0.0927  lr=5.02e-05
[22:46:43 INFO] Epoch 9/50  iter 150/743  loss=0.1873  lr=5.02e-05
[22:46:56 INFO] Epoch 9/50  iter 200/743  loss=0.4878  lr=5.01e-05
[22:47:09 INFO] Epoch 9/50  iter 250/743  loss=0.1367  lr=5.00e-05
[22:47:23 INFO] Epoch 9/50  iter 300/743  loss=0.1086  lr=4.99e-05
[22:47:36 INFO] Epoch 9/50  iter 350/743  loss=0.2791  lr=4.98e-05
[22:47:49 INFO] Epoch 9/50  iter 400/743  loss=0.1698  lr=4.98e-05
[22:48:03 INFO] Epoch 9/50  iter 450/743  loss=0.1314  lr=4.97e-05
[22:48:16 INFO] Epoch 9/50  iter 500/743  loss=0.1162  lr=4.96e-05
[22:48:29 INFO] Epoch 9/50  iter 550/743  loss=0.1069  lr=4.95e-05
[22:48:43 INFO] Epoch 9/50  iter 600/743  loss=0.1817  lr=4.94e-05
[22:48:56 INFO] Epoch 9/50  iter 650/743  loss=0.1324  lr=4.93e-05
[22:49:10 INFO] Epoch 9/50  iter 700/743  loss=0.1519  lr=4.93e-05
[22:49:21 INFO] Epoch 9 complete — avg_loss=0.1960  time=199s
[22:49:35 INFO] Epoch 10/50  iter 50/743  loss=0.3756  lr=4.91e-05
[22:49:49 INFO] Epoch 10/50  iter 100/743  loss=0.1188  lr=4.90e-05
[22:50:02 INFO] Epoch 10/50  iter 150/743  loss=0.1896  lr=4.90e-05
[22:50:16 INFO] Epoch 10/50  iter 200/743  loss=0.1791  lr=4.89e-05
[22:50:29 INFO] Epoch 10/50  iter 250/743  loss=0.1265  lr=4.88e-05
[22:50:42 INFO] Epoch 10/50  iter 300/743  loss=0.0707  lr=4.87e-05
[22:50:56 INFO] Epoch 10/50  iter 350/743  loss=0.1504  lr=4.86e-05
[22:51:09 INFO] Epoch 10/50  iter 400/743  loss=0.0637  lr=4.86e-05
[22:51:23 INFO] Epoch 10/50  iter 450/743  loss=0.1722  lr=4.85e-05
[22:51:36 INFO] Epoch 10/50  iter 500/743  loss=0.2053  lr=4.84e-05
[22:51:49 INFO] Epoch 10/50  iter 550/743  loss=0.1627  lr=4.83e-05
[22:52:03 INFO] Epoch 10/50  iter 600/743  loss=0.2275  lr=4.82e-05
[22:52:16 INFO] Epoch 10/50  iter 650/743  loss=0.3016  lr=4.81e-05
[22:52:30 INFO] Epoch 10/50  iter 700/743  loss=0.1675  lr=4.81e-05
[22:52:41 INFO] Epoch 10 complete — avg_loss=0.1832  time=200s
[22:54:34 INFO]   val mIoU = 0.6947
[22:54:35 INFO]   ★ New best val mIoU: 0.6947
[22:54:49 INFO] Epoch 11/50  iter 50/743  loss=0.1153  lr=4.79e-05
[22:55:02 INFO] Epoch 11/50  iter 100/743  loss=0.1433  lr=4.78e-05
[22:55:16 INFO] Epoch 11/50  iter 150/743  loss=0.1623  lr=4.78e-05
[22:55:29 INFO] Epoch 11/50  iter 200/743  loss=0.1932  lr=4.77e-05
[22:55:42 INFO] Epoch 11/50  iter 250/743  loss=0.0845  lr=4.76e-05
[22:55:56 INFO] Epoch 11/50  iter 300/743  loss=0.1188  lr=4.75e-05
[22:56:09 INFO] Epoch 11/50  iter 350/743  loss=0.1444  lr=4.74e-05
[22:56:23 INFO] Epoch 11/50  iter 400/743  loss=0.0619  lr=4.74e-05
[22:56:36 INFO] Epoch 11/50  iter 450/743  loss=0.0994  lr=4.73e-05
[22:56:49 INFO] Epoch 11/50  iter 500/743  loss=0.0929  lr=4.72e-05
[22:57:03 INFO] Epoch 11/50  iter 550/743  loss=0.5320  lr=4.71e-05
[22:57:16 INFO] Epoch 11/50  iter 600/743  loss=0.1528  lr=4.70e-05
[22:57:29 INFO] Epoch 11/50  iter 650/743  loss=0.1729  lr=4.69e-05
[22:57:43 INFO] Epoch 11/50  iter 700/743  loss=0.2755  lr=4.69e-05
[22:57:54 INFO] Epoch 11 complete — avg_loss=0.1735  time=199s
[22:58:09 INFO] Epoch 12/50  iter 50/743  loss=0.1312  lr=4.67e-05
[22:58:22 INFO] Epoch 12/50  iter 100/743  loss=0.1053  lr=4.66e-05
[22:58:36 INFO] Epoch 12/50  iter 150/743  loss=0.0940  lr=4.66e-05
[22:58:49 INFO] Epoch 12/50  iter 200/743  loss=0.1149  lr=4.65e-05
[22:59:03 INFO] Epoch 12/50  iter 250/743  loss=0.2508  lr=4.64e-05
[22:59:16 INFO] Epoch 12/50  iter 300/743  loss=0.1062  lr=4.63e-05
[22:59:30 INFO] Epoch 12/50  iter 350/743  loss=0.1666  lr=4.62e-05
[22:59:43 INFO] Epoch 12/50  iter 400/743  loss=0.1253  lr=4.62e-05
[22:59:57 INFO] Epoch 12/50  iter 450/743  loss=0.0811  lr=4.61e-05
[23:00:10 INFO] Epoch 12/50  iter 500/743  loss=0.1228  lr=4.60e-05
[23:00:24 INFO] Epoch 12/50  iter 550/743  loss=0.1024  lr=4.59e-05
[23:00:37 INFO] Epoch 12/50  iter 600/743  loss=0.1128  lr=4.58e-05
[23:00:51 INFO] Epoch 12/50  iter 650/743  loss=0.1763  lr=4.57e-05
[23:01:04 INFO] Epoch 12/50  iter 700/743  loss=0.1024  lr=4.57e-05
[23:01:16 INFO] Epoch 12 complete — avg_loss=0.1697  time=201s
[23:01:30 INFO] Epoch 13/50  iter 50/743  loss=0.1319  lr=4.55e-05
[23:01:43 INFO] Epoch 13/50  iter 100/743  loss=0.2135  lr=4.54e-05
[23:01:57 INFO] Epoch 13/50  iter 150/743  loss=0.0995  lr=4.54e-05
[23:02:10 INFO] Epoch 13/50  iter 200/743  loss=0.3701  lr=4.53e-05
[23:02:24 INFO] Epoch 13/50  iter 250/743  loss=0.2095  lr=4.52e-05
[23:02:37 INFO] Epoch 13/50  iter 300/743  loss=0.1766  lr=4.51e-05
[23:02:51 INFO] Epoch 13/50  iter 350/743  loss=0.0852  lr=4.50e-05
[23:03:04 INFO] Epoch 13/50  iter 400/743  loss=0.2715  lr=4.50e-05
[23:03:18 INFO] Epoch 13/50  iter 450/743  loss=0.0583  lr=4.49e-05
[23:03:31 INFO] Epoch 13/50  iter 500/743  loss=0.3058  lr=4.48e-05
[23:03:45 INFO] Epoch 13/50  iter 550/743  loss=0.1497  lr=4.47e-05
[23:03:58 INFO] Epoch 13/50  iter 600/743  loss=0.2305  lr=4.46e-05
[23:04:12 INFO] Epoch 13/50  iter 650/743  loss=0.1215  lr=4.45e-05
[23:04:25 INFO] Epoch 13/50  iter 700/743  loss=0.0851  lr=4.45e-05
[23:04:37 INFO] Epoch 13 complete — avg_loss=0.1722  time=201s
[23:04:51 INFO] Epoch 14/50  iter 50/743  loss=0.1029  lr=4.43e-05
[23:05:05 INFO] Epoch 14/50  iter 100/743  loss=0.1524  lr=4.42e-05
[23:05:18 INFO] Epoch 14/50  iter 150/743  loss=0.1052  lr=4.42e-05
[23:05:32 INFO] Epoch 14/50  iter 200/743  loss=0.0745  lr=4.41e-05
[23:05:45 INFO] Epoch 14/50  iter 250/743  loss=0.1127  lr=4.40e-05
[23:05:59 INFO] Epoch 14/50  iter 300/743  loss=0.1274  lr=4.39e-05
[23:06:12 INFO] Epoch 14/50  iter 350/743  loss=0.1031  lr=4.38e-05
[23:06:25 INFO] Epoch 14/50  iter 400/743  loss=0.0918  lr=4.38e-05
[23:06:39 INFO] Epoch 14/50  iter 450/743  loss=0.2616  lr=4.37e-05
[23:06:52 INFO] Epoch 14/50  iter 500/743  loss=0.1099  lr=4.36e-05
[23:07:06 INFO] Epoch 14/50  iter 550/743  loss=0.1235  lr=4.35e-05
[23:07:19 INFO] Epoch 14/50  iter 600/743  loss=0.0525  lr=4.34e-05
[23:07:33 INFO] Epoch 14/50  iter 650/743  loss=0.1541  lr=4.33e-05
[23:07:46 INFO] Epoch 14/50  iter 700/743  loss=0.1455  lr=4.33e-05
[23:07:58 INFO] Epoch 14 complete — avg_loss=0.1564  time=201s
[23:08:12 INFO] Epoch 15/50  iter 50/743  loss=0.1166  lr=4.31e-05
[23:08:26 INFO] Epoch 15/50  iter 100/743  loss=0.1495  lr=4.30e-05
[23:08:39 INFO] Epoch 15/50  iter 150/743  loss=0.1710  lr=4.30e-05
[23:08:53 INFO] Epoch 15/50  iter 200/743  loss=0.1694  lr=4.29e-05
[23:09:06 INFO] Epoch 15/50  iter 250/743  loss=0.0573  lr=4.28e-05
[23:09:20 INFO] Epoch 15/50  iter 300/743  loss=0.8223  lr=4.27e-05
[23:09:33 INFO] Epoch 15/50  iter 350/743  loss=0.1786  lr=4.26e-05
[23:09:47 INFO] Epoch 15/50  iter 400/743  loss=0.1829  lr=4.26e-05
[23:10:00 INFO] Epoch 15/50  iter 450/743  loss=0.1989  lr=4.25e-05
[23:10:14 INFO] Epoch 15/50  iter 500/743  loss=0.0936  lr=4.24e-05
[23:10:27 INFO] Epoch 15/50  iter 550/743  loss=0.1411  lr=4.23e-05
[23:10:40 INFO] Epoch 15/50  iter 600/743  loss=0.1563  lr=4.22e-05
[23:10:54 INFO] Epoch 15/50  iter 650/743  loss=0.1194  lr=4.21e-05
[23:11:07 INFO] Epoch 15/50  iter 700/743  loss=0.0854  lr=4.21e-05
[23:11:19 INFO] Epoch 15 complete — avg_loss=0.1582  time=201s
[23:13:12 INFO]   val mIoU = 0.7218
[23:13:13 INFO]   ★ New best val mIoU: 0.7218
[23:13:27 INFO] Epoch 16/50  iter 50/743  loss=0.0594  lr=4.19e-05
[23:13:41 INFO] Epoch 16/50  iter 100/743  loss=0.1344  lr=4.18e-05
[23:13:54 INFO] Epoch 16/50  iter 150/743  loss=0.0476  lr=4.18e-05
[23:14:07 INFO] Epoch 16/50  iter 200/743  loss=0.2853  lr=4.17e-05
[23:14:21 INFO] Epoch 16/50  iter 250/743  loss=0.2189  lr=4.16e-05
[23:14:34 INFO] Epoch 16/50  iter 300/743  loss=0.2544  lr=4.15e-05
[23:14:48 INFO] Epoch 16/50  iter 350/743  loss=0.1314  lr=4.14e-05
[23:15:01 INFO] Epoch 16/50  iter 400/743  loss=0.1547  lr=4.14e-05
[23:15:15 INFO] Epoch 16/50  iter 450/743  loss=0.1605  lr=4.13e-05
[23:15:28 INFO] Epoch 16/50  iter 500/743  loss=0.1602  lr=4.12e-05
[23:15:42 INFO] Epoch 16/50  iter 550/743  loss=0.1681  lr=4.11e-05
[23:15:55 INFO] Epoch 16/50  iter 600/743  loss=0.0953  lr=4.10e-05
[23:16:09 INFO] Epoch 16/50  iter 650/743  loss=0.2985  lr=4.09e-05
[23:16:22 INFO] Epoch 16/50  iter 700/743  loss=0.1916  lr=4.09e-05
[23:16:34 INFO] Epoch 16 complete — avg_loss=0.1642  time=201s
[23:16:48 INFO] Epoch 17/50  iter 50/743  loss=0.1495  lr=4.07e-05
[23:17:02 INFO] Epoch 17/50  iter 100/743  loss=0.1598  lr=4.06e-05
[23:17:15 INFO] Epoch 17/50  iter 150/743  loss=0.1905  lr=4.06e-05
[23:17:28 INFO] Epoch 17/50  iter 200/743  loss=0.2226  lr=4.05e-05
[23:17:42 INFO] Epoch 17/50  iter 250/743  loss=0.2132  lr=4.04e-05
[23:17:55 INFO] Epoch 17/50  iter 300/743  loss=0.1591  lr=4.03e-05
[23:18:08 INFO] Epoch 17/50  iter 350/743  loss=0.1534  lr=4.02e-05
[23:18:22 INFO] Epoch 17/50  iter 400/743  loss=0.1184  lr=4.02e-05
[23:18:35 INFO] Epoch 17/50  iter 450/743  loss=0.2190  lr=4.01e-05
[23:18:48 INFO] Epoch 17/50  iter 500/743  loss=0.1534  lr=4.00e-05
[23:19:02 INFO] Epoch 17/50  iter 550/743  loss=0.1282  lr=3.99e-05
[23:19:15 INFO] Epoch 17/50  iter 600/743  loss=0.0720  lr=3.98e-05
[23:19:29 INFO] Epoch 17/50  iter 650/743  loss=0.2985  lr=3.97e-05
[23:19:42 INFO] Epoch 17/50  iter 700/743  loss=0.1814  lr=3.97e-05
[23:19:53 INFO] Epoch 17 complete — avg_loss=0.1592  time=199s
[23:20:08 INFO] Epoch 18/50  iter 50/743  loss=0.1142  lr=3.95e-05
[23:20:21 INFO] Epoch 18/50  iter 100/743  loss=0.1209  lr=3.94e-05
[23:20:35 INFO] Epoch 18/50  iter 150/743  loss=0.0758  lr=3.94e-05
[23:20:48 INFO] Epoch 18/50  iter 200/743  loss=0.1131  lr=3.93e-05
[23:21:02 INFO] Epoch 18/50  iter 250/743  loss=0.1923  lr=3.92e-05
[23:21:15 INFO] Epoch 18/50  iter 300/743  loss=0.3142  lr=3.91e-05
[23:21:29 INFO] Epoch 18/50  iter 350/743  loss=0.0329  lr=3.90e-05
[23:21:42 INFO] Epoch 18/50  iter 400/743  loss=0.1235  lr=3.90e-05
[23:21:56 INFO] Epoch 18/50  iter 450/743  loss=0.1759  lr=3.89e-05
[23:22:09 INFO] Epoch 18/50  iter 500/743  loss=0.0638  lr=3.88e-05
[23:22:23 INFO] Epoch 18/50  iter 550/743  loss=0.1446  lr=3.87e-05
[23:22:36 INFO] Epoch 18/50  iter 600/743  loss=0.0946  lr=3.86e-05
[23:22:50 INFO] Epoch 18/50  iter 650/743  loss=0.1310  lr=3.85e-05
[23:23:03 INFO] Epoch 18/50  iter 700/743  loss=0.2062  lr=3.85e-05
[23:23:15 INFO] Epoch 18 complete — avg_loss=0.1539  time=201s
[23:23:29 INFO] Epoch 19/50  iter 50/743  loss=0.1730  lr=3.83e-05
[23:23:43 INFO] Epoch 19/50  iter 100/743  loss=0.2274  lr=3.82e-05
[23:23:56 INFO] Epoch 19/50  iter 150/743  loss=0.2508  lr=3.82e-05
[23:24:10 INFO] Epoch 19/50  iter 200/743  loss=0.0597  lr=3.81e-05
[23:24:23 INFO] Epoch 19/50  iter 250/743  loss=0.3149  lr=3.80e-05
[23:24:37 INFO] Epoch 19/50  iter 300/743  loss=0.1083  lr=3.79e-05
[23:24:50 INFO] Epoch 19/50  iter 350/743  loss=0.1170  lr=3.78e-05
[23:25:04 INFO] Epoch 19/50  iter 400/743  loss=0.1502  lr=3.78e-05
[23:25:17 INFO] Epoch 19/50  iter 450/743  loss=0.0799  lr=3.77e-05
[23:25:30 INFO] Epoch 19/50  iter 500/743  loss=0.1082  lr=3.76e-05
[23:25:44 INFO] Epoch 19/50  iter 550/743  loss=0.0829  lr=3.75e-05
[23:25:57 INFO] Epoch 19/50  iter 600/743  loss=0.1588  lr=3.74e-05
[23:26:11 INFO] Epoch 19/50  iter 650/743  loss=0.2486  lr=3.73e-05
[23:26:24 INFO] Epoch 19/50  iter 700/743  loss=0.0892  lr=3.73e-05
[23:26:36 INFO] Epoch 19 complete — avg_loss=0.1520  time=201s
[23:26:50 INFO] Epoch 20/50  iter 50/743  loss=0.2899  lr=3.71e-05
[23:27:04 INFO] Epoch 20/50  iter 100/743  loss=0.0888  lr=3.70e-05
[23:27:17 INFO] Epoch 20/50  iter 150/743  loss=0.1198  lr=3.70e-05
[23:27:31 INFO] Epoch 20/50  iter 200/743  loss=0.1420  lr=3.69e-05
[23:27:44 INFO] Epoch 20/50  iter 250/743  loss=0.1280  lr=3.68e-05
[23:27:58 INFO] Epoch 20/50  iter 300/743  loss=0.1372  lr=3.67e-05
[23:28:11 INFO] Epoch 20/50  iter 350/743  loss=0.1384  lr=3.66e-05
[23:28:25 INFO] Epoch 20/50  iter 400/743  loss=0.1662  lr=3.66e-05
[23:28:38 INFO] Epoch 20/50  iter 450/743  loss=0.7824  lr=3.65e-05
[23:28:52 INFO] Epoch 20/50  iter 500/743  loss=0.1073  lr=3.64e-05
[23:29:05 INFO] Epoch 20/50  iter 550/743  loss=0.1087  lr=3.63e-05
[23:29:19 INFO] Epoch 20/50  iter 600/743  loss=0.0724  lr=3.62e-05
[23:29:32 INFO] Epoch 20/50  iter 650/743  loss=0.1075  lr=3.61e-05
[23:29:46 INFO] Epoch 20/50  iter 700/743  loss=0.2098  lr=3.61e-05
[23:29:57 INFO] Epoch 20 complete — avg_loss=0.1469  time=201s
[23:31:51 INFO]   val mIoU = 0.7248
[23:31:51 INFO]   ★ New best val mIoU: 0.7248
[23:32:05 INFO] Epoch 21/50  iter 50/743  loss=0.0836  lr=3.59e-05
[23:32:19 INFO] Epoch 21/50  iter 100/743  loss=0.2300  lr=3.58e-05
[23:32:32 INFO] Epoch 21/50  iter 150/743  loss=0.3782  lr=3.58e-05
[23:32:46 INFO] Epoch 21/50  iter 200/743  loss=0.1798  lr=3.57e-05
[23:32:59 INFO] Epoch 21/50  iter 250/743  loss=0.2413  lr=3.56e-05
[23:33:13 INFO] Epoch 21/50  iter 300/743  loss=0.2017  lr=3.55e-05
[23:33:26 INFO] Epoch 21/50  iter 350/743  loss=0.0774  lr=3.54e-05
[23:33:40 INFO] Epoch 21/50  iter 400/743  loss=0.1491  lr=3.54e-05
[23:33:53 INFO] Epoch 21/50  iter 450/743  loss=0.1685  lr=3.53e-05
[23:34:07 INFO] Epoch 21/50  iter 500/743  loss=0.1367  lr=3.52e-05
[23:34:20 INFO] Epoch 21/50  iter 550/743  loss=0.1154  lr=3.51e-05
[23:34:34 INFO] Epoch 21/50  iter 600/743  loss=0.1000  lr=3.50e-05
[23:34:47 INFO] Epoch 21/50  iter 650/743  loss=0.1651  lr=3.49e-05
[23:35:01 INFO] Epoch 21/50  iter 700/743  loss=0.0999  lr=3.49e-05
[23:35:12 INFO] Epoch 21 complete — avg_loss=0.1403  time=201s
[23:35:27 INFO] Epoch 22/50  iter 50/743  loss=0.1267  lr=3.47e-05
[23:35:40 INFO] Epoch 22/50  iter 100/743  loss=0.1808  lr=3.46e-05
[23:35:54 INFO] Epoch 22/50  iter 150/743  loss=0.1268  lr=3.46e-05
[23:36:07 INFO] Epoch 22/50  iter 200/743  loss=0.2032  lr=3.45e-05
[23:36:21 INFO] Epoch 22/50  iter 250/743  loss=0.0782  lr=3.44e-05
[23:36:34 INFO] Epoch 22/50  iter 300/743  loss=0.0738  lr=3.43e-05
[23:36:48 INFO] Epoch 22/50  iter 350/743  loss=0.1291  lr=3.42e-05
[23:37:01 INFO] Epoch 22/50  iter 400/743  loss=0.1439  lr=3.42e-05
[23:37:14 INFO] Epoch 22/50  iter 450/743  loss=0.1496  lr=3.41e-05
[23:37:28 INFO] Epoch 22/50  iter 500/743  loss=0.1554  lr=3.40e-05
[23:37:41 INFO] Epoch 22/50  iter 550/743  loss=0.1159  lr=3.39e-05
[23:37:55 INFO] Epoch 22/50  iter 600/743  loss=0.0754  lr=3.38e-05
[23:38:08 INFO] Epoch 22/50  iter 650/743  loss=0.0979  lr=3.37e-05
[23:38:22 INFO] Epoch 22/50  iter 700/743  loss=0.1864  lr=3.37e-05
[23:38:34 INFO] Epoch 22 complete — avg_loss=0.1489  time=201s
[23:38:48 INFO] Epoch 23/50  iter 50/743  loss=0.0897  lr=3.35e-05
[23:39:02 INFO] Epoch 23/50  iter 100/743  loss=0.1519  lr=3.34e-05
[23:39:15 INFO] Epoch 23/50  iter 150/743  loss=0.1148  lr=3.34e-05
[23:39:29 INFO] Epoch 23/50  iter 200/743  loss=0.0765  lr=3.33e-05
[23:39:42 INFO] Epoch 23/50  iter 250/743  loss=0.1659  lr=3.32e-05
[23:39:56 INFO] Epoch 23/50  iter 300/743  loss=0.1351  lr=3.31e-05
[23:40:09 INFO] Epoch 23/50  iter 350/743  loss=0.1341  lr=3.30e-05
[23:40:23 INFO] Epoch 23/50  iter 400/743  loss=0.1238  lr=3.30e-05
[23:40:36 INFO] Epoch 23/50  iter 450/743  loss=0.3128  lr=3.29e-05
[23:40:50 INFO] Epoch 23/50  iter 500/743  loss=0.0431  lr=3.28e-05
[23:41:03 INFO] Epoch 23/50  iter 550/743  loss=0.4195  lr=3.27e-05
[23:41:17 INFO] Epoch 23/50  iter 600/743  loss=0.1217  lr=3.26e-05
[23:41:30 INFO] Epoch 23/50  iter 650/743  loss=0.1304  lr=3.25e-05
[23:41:43 INFO] Epoch 23/50  iter 700/743  loss=0.0731  lr=3.25e-05
[23:41:55 INFO] Epoch 23 complete — avg_loss=0.1381  time=201s
[23:42:09 INFO] Epoch 24/50  iter 50/743  loss=0.1774  lr=3.23e-05
[23:42:23 INFO] Epoch 24/50  iter 100/743  loss=0.0464  lr=3.22e-05
[23:42:36 INFO] Epoch 24/50  iter 150/743  loss=0.0964  lr=3.22e-05
[23:42:50 INFO] Epoch 24/50  iter 200/743  loss=0.1380  lr=3.21e-05
[23:43:03 INFO] Epoch 24/50  iter 250/743  loss=0.0676  lr=3.20e-05
[23:43:17 INFO] Epoch 24/50  iter 300/743  loss=0.1278  lr=3.19e-05
[23:43:30 INFO] Epoch 24/50  iter 350/743  loss=0.2097  lr=3.18e-05
[23:43:44 INFO] Epoch 24/50  iter 400/743  loss=0.2616  lr=3.18e-05
[23:43:57 INFO] Epoch 24/50  iter 450/743  loss=0.1674  lr=3.17e-05
[23:44:11 INFO] Epoch 24/50  iter 500/743  loss=0.0638  lr=3.16e-05
[23:44:24 INFO] Epoch 24/50  iter 550/743  loss=0.1904  lr=3.15e-05
[23:44:38 INFO] Epoch 24/50  iter 600/743  loss=0.1226  lr=3.14e-05
[23:44:51 INFO] Epoch 24/50  iter 650/743  loss=0.0751  lr=3.13e-05
[23:45:05 INFO] Epoch 24/50  iter 700/743  loss=0.2177  lr=3.13e-05
[23:45:16 INFO] Epoch 24 complete — avg_loss=0.1328  time=201s
[23:45:31 INFO] Epoch 25/50  iter 50/743  loss=0.0360  lr=3.11e-05
[23:45:44 INFO] Epoch 25/50  iter 100/743  loss=0.1171  lr=3.10e-05
[23:45:58 INFO] Epoch 25/50  iter 150/743  loss=0.0958  lr=3.10e-05
[23:46:11 INFO] Epoch 25/50  iter 200/743  loss=0.2047  lr=3.09e-05
[23:46:25 INFO] Epoch 25/50  iter 250/743  loss=0.1289  lr=3.08e-05
[23:46:38 INFO] Epoch 25/50  iter 300/743  loss=0.1235  lr=3.07e-05
[23:46:52 INFO] Epoch 25/50  iter 350/743  loss=0.0883  lr=3.06e-05
[23:47:05 INFO] Epoch 25/50  iter 400/743  loss=0.0693  lr=3.06e-05
[23:47:19 INFO] Epoch 25/50  iter 450/743  loss=0.1436  lr=3.05e-05
[23:47:32 INFO] Epoch 25/50  iter 500/743  loss=0.1010  lr=3.04e-05
[23:47:46 INFO] Epoch 25/50  iter 550/743  loss=0.1224  lr=3.03e-05
[23:47:59 INFO] Epoch 25/50  iter 600/743  loss=0.0865  lr=3.02e-05
[23:48:13 INFO] Epoch 25/50  iter 650/743  loss=0.1181  lr=3.01e-05
[23:48:26 INFO] Epoch 25/50  iter 700/743  loss=0.0961  lr=3.01e-05
[23:48:38 INFO] Epoch 25 complete — avg_loss=0.1357  time=201s
[23:50:31 INFO]   val mIoU = 0.7439
[23:50:31 INFO]   ★ New best val mIoU: 0.7439
[23:50:45 INFO] Epoch 26/50  iter 50/743  loss=0.1697  lr=2.99e-05
[23:50:59 INFO] Epoch 26/50  iter 100/743  loss=0.1235  lr=2.98e-05
[23:51:12 INFO] Epoch 26/50  iter 150/743  loss=0.0618  lr=2.98e-05
[23:51:26 INFO] Epoch 26/50  iter 200/743  loss=0.2086  lr=2.97e-05
[23:51:39 INFO] Epoch 26/50  iter 250/743  loss=0.0741  lr=2.96e-05
[23:51:53 INFO] Epoch 26/50  iter 300/743  loss=0.0286  lr=2.95e-05
[23:52:06 INFO] Epoch 26/50  iter 350/743  loss=0.0582  lr=2.94e-05
[23:52:20 INFO] Epoch 26/50  iter 400/743  loss=0.1371  lr=2.94e-05
[23:52:33 INFO] Epoch 26/50  iter 450/743  loss=0.1469  lr=2.93e-05
[23:52:47 INFO] Epoch 26/50  iter 500/743  loss=0.0723  lr=2.92e-05
[23:53:00 INFO] Epoch 26/50  iter 550/743  loss=0.2254  lr=2.91e-05
[23:53:14 INFO] Epoch 26/50  iter 600/743  loss=0.1491  lr=2.90e-05
[23:53:27 INFO] Epoch 26/50  iter 650/743  loss=0.0991  lr=2.89e-05
[23:53:41 INFO] Epoch 26/50  iter 700/743  loss=0.1351  lr=2.89e-05
[23:53:52 INFO] Epoch 26 complete — avg_loss=0.1346  time=201s
[23:54:07 INFO] Epoch 27/50  iter 50/743  loss=0.0426  lr=2.87e-05
[23:54:20 INFO] Epoch 27/50  iter 100/743  loss=0.1414  lr=2.86e-05
[23:54:34 INFO] Epoch 27/50  iter 150/743  loss=0.1071  lr=2.86e-05
[23:54:47 INFO] Epoch 27/50  iter 200/743  loss=0.1311  lr=2.85e-05
[23:55:01 INFO] Epoch 27/50  iter 250/743  loss=0.0790  lr=2.84e-05
[23:55:14 INFO] Epoch 27/50  iter 300/743  loss=0.1104  lr=2.83e-05
[23:55:28 INFO] Epoch 27/50  iter 350/743  loss=0.0857  lr=2.82e-05
[23:55:41 INFO] Epoch 27/50  iter 400/743  loss=0.1568  lr=2.82e-05
[23:55:55 INFO] Epoch 27/50  iter 450/743  loss=0.1064  lr=2.81e-05
[23:56:08 INFO] Epoch 27/50  iter 500/743  loss=0.1445  lr=2.80e-05
[23:56:22 INFO] Epoch 27/50  iter 550/743  loss=0.1775  lr=2.79e-05
[23:56:35 INFO] Epoch 27/50  iter 600/743  loss=0.1088  lr=2.78e-05
[23:56:48 INFO] Epoch 27/50  iter 650/743  loss=0.1270  lr=2.77e-05
[23:57:02 INFO] Epoch 27/50  iter 700/743  loss=0.1162  lr=2.77e-05
[23:57:14 INFO] Epoch 27 complete — avg_loss=0.1367  time=201s
[23:57:28 INFO] Epoch 28/50  iter 50/743  loss=0.1228  lr=2.75e-05
[23:57:41 INFO] Epoch 28/50  iter 100/743  loss=0.1760  lr=2.74e-05
[23:57:55 INFO] Epoch 28/50  iter 150/743  loss=0.0847  lr=2.74e-05
[23:58:08 INFO] Epoch 28/50  iter 200/743  loss=0.0727  lr=2.73e-05
[23:58:22 INFO] Epoch 28/50  iter 250/743  loss=0.1417  lr=2.72e-05
[23:58:35 INFO] Epoch 28/50  iter 300/743  loss=0.1129  lr=2.71e-05
[23:58:49 INFO] Epoch 28/50  iter 350/743  loss=0.1023  lr=2.70e-05
[23:59:02 INFO] Epoch 28/50  iter 400/743  loss=0.1117  lr=2.70e-05
[23:59:16 INFO] Epoch 28/50  iter 450/743  loss=0.1979  lr=2.69e-05
[23:59:29 INFO] Epoch 28/50  iter 500/743  loss=0.1748  lr=2.68e-05
[23:59:43 INFO] Epoch 28/50  iter 550/743  loss=0.0920  lr=2.67e-05
[23:59:56 INFO] Epoch 28/50  iter 600/743  loss=0.0737  lr=2.66e-05
[00:00:10 INFO] Epoch 28/50  iter 650/743  loss=0.0900  lr=2.65e-05
[00:00:23 INFO] Epoch 28/50  iter 700/743  loss=0.1180  lr=2.65e-05
[00:00:35 INFO] Epoch 28 complete — avg_loss=0.1317  time=201s
[00:00:49 INFO] Epoch 29/50  iter 50/743  loss=0.0928  lr=2.63e-05
[00:01:03 INFO] Epoch 29/50  iter 100/743  loss=0.1821  lr=2.62e-05
[00:01:16 INFO] Epoch 29/50  iter 150/743  loss=0.1022  lr=2.62e-05
[00:01:30 INFO] Epoch 29/50  iter 200/743  loss=0.0947  lr=2.61e-05
[00:01:43 INFO] Epoch 29/50  iter 250/743  loss=0.0828  lr=2.60e-05
[00:01:57 INFO] Epoch 29/50  iter 300/743  loss=0.0945  lr=2.59e-05
[00:02:10 INFO] Epoch 29/50  iter 350/743  loss=0.0912  lr=2.58e-05
[00:02:24 INFO] Epoch 29/50  iter 400/743  loss=0.1137  lr=2.58e-05
[00:02:37 INFO] Epoch 29/50  iter 450/743  loss=0.1202  lr=2.57e-05
[00:02:51 INFO] Epoch 29/50  iter 500/743  loss=0.0956  lr=2.56e-05
[00:03:04 INFO] Epoch 29/50  iter 550/743  loss=0.0676  lr=2.55e-05
[00:03:18 INFO] Epoch 29/50  iter 600/743  loss=0.1007  lr=2.54e-05
[00:03:31 INFO] Epoch 29/50  iter 650/743  loss=0.1389  lr=2.53e-05
[00:03:45 INFO] Epoch 29/50  iter 700/743  loss=0.2154  lr=2.53e-05
[00:03:56 INFO] Epoch 29 complete — avg_loss=0.1318  time=201s
[00:04:11 INFO] Epoch 30/50  iter 50/743  loss=0.1280  lr=2.51e-05
[00:04:24 INFO] Epoch 30/50  iter 100/743  loss=0.0847  lr=2.50e-05
[00:04:38 INFO] Epoch 30/50  iter 150/743  loss=0.1101  lr=2.50e-05
[00:04:51 INFO] Epoch 30/50  iter 200/743  loss=0.3607  lr=2.49e-05
[00:05:04 INFO] Epoch 30/50  iter 250/743  loss=0.0777  lr=2.48e-05
[00:05:18 INFO] Epoch 30/50  iter 300/743  loss=0.1235  lr=2.47e-05
[00:05:31 INFO] Epoch 30/50  iter 350/743  loss=0.0730  lr=2.46e-05
[00:05:45 INFO] Epoch 30/50  iter 400/743  loss=0.1281  lr=2.46e-05
[00:05:58 INFO] Epoch 30/50  iter 450/743  loss=0.0580  lr=2.45e-05
[00:06:12 INFO] Epoch 30/50  iter 500/743  loss=0.2010  lr=2.44e-05
[00:06:25 INFO] Epoch 30/50  iter 550/743  loss=0.1189  lr=2.43e-05
[00:06:39 INFO] Epoch 30/50  iter 600/743  loss=0.0926  lr=2.42e-05
[00:06:52 INFO] Epoch 30/50  iter 650/743  loss=0.0529  lr=2.41e-05
[00:07:06 INFO] Epoch 30/50  iter 700/743  loss=0.0669  lr=2.41e-05
[00:07:18 INFO] Epoch 30 complete — avg_loss=0.1305  time=201s
[00:09:11 INFO]   val mIoU = 0.7605
[00:09:11 INFO]   ★ New best val mIoU: 0.7605
[00:09:25 INFO] Epoch 31/50  iter 50/743  loss=0.0465  lr=2.39e-05
[00:09:39 INFO] Epoch 31/50  iter 100/743  loss=0.0657  lr=2.38e-05
[00:09:52 INFO] Epoch 31/50  iter 150/743  loss=0.2104  lr=2.38e-05
[00:10:06 INFO] Epoch 31/50  iter 200/743  loss=0.0731  lr=2.37e-05
[00:10:19 INFO] Epoch 31/50  iter 250/743  loss=0.0703  lr=2.36e-05
[00:10:33 INFO] Epoch 31/50  iter 300/743  loss=0.1057  lr=2.35e-05
[00:10:46 INFO] Epoch 31/50  iter 350/743  loss=0.3679  lr=2.34e-05
[00:11:00 INFO] Epoch 31/50  iter 400/743  loss=0.2643  lr=2.34e-05
[00:11:13 INFO] Epoch 31/50  iter 450/743  loss=0.1185  lr=2.33e-05
[00:11:27 INFO] Epoch 31/50  iter 500/743  loss=0.1652  lr=2.32e-05
[00:11:40 INFO] Epoch 31/50  iter 550/743  loss=0.1566  lr=2.31e-05
[00:11:54 INFO] Epoch 31/50  iter 600/743  loss=0.1412  lr=2.30e-05
[00:12:07 INFO] Epoch 31/50  iter 650/743  loss=0.1182  lr=2.29e-05
[00:12:21 INFO] Epoch 31/50  iter 700/743  loss=0.1456  lr=2.29e-05
[00:12:32 INFO] Epoch 31 complete — avg_loss=0.1254  time=201s
[00:12:47 INFO] Epoch 32/50  iter 50/743  loss=0.0453  lr=2.27e-05
[00:13:00 INFO] Epoch 32/50  iter 100/743  loss=0.1518  lr=2.26e-05
[00:13:14 INFO] Epoch 32/50  iter 150/743  loss=0.0592  lr=2.26e-05
[00:13:27 INFO] Epoch 32/50  iter 200/743  loss=0.0860  lr=2.25e-05
[00:13:41 INFO] Epoch 32/50  iter 250/743  loss=0.1641  lr=2.24e-05
[00:13:54 INFO] Epoch 32/50  iter 300/743  loss=0.1338  lr=2.23e-05
[00:14:08 INFO] Epoch 32/50  iter 350/743  loss=0.2130  lr=2.22e-05
[00:14:21 INFO] Epoch 32/50  iter 400/743  loss=0.1347  lr=2.22e-05
[00:14:35 INFO] Epoch 32/50  iter 450/743  loss=0.1107  lr=2.21e-05
[00:14:48 INFO] Epoch 32/50  iter 500/743  loss=0.1074  lr=2.20e-05
[00:15:02 INFO] Epoch 32/50  iter 550/743  loss=0.0973  lr=2.19e-05
[00:15:15 INFO] Epoch 32/50  iter 600/743  loss=0.1172  lr=2.18e-05
[00:15:29 INFO] Epoch 32/50  iter 650/743  loss=0.1390  lr=2.17e-05
[00:15:42 INFO] Epoch 32/50  iter 700/743  loss=0.1564  lr=2.17e-05
[00:15:54 INFO] Epoch 32 complete — avg_loss=0.1258  time=201s
[00:16:08 INFO] Epoch 33/50  iter 50/743  loss=0.0996  lr=2.15e-05
[00:16:21 INFO] Epoch 33/50  iter 100/743  loss=0.1200  lr=2.14e-05
[00:16:35 INFO] Epoch 33/50  iter 150/743  loss=0.1003  lr=2.14e-05
[00:16:48 INFO] Epoch 33/50  iter 200/743  loss=0.0473  lr=2.13e-05
[00:17:01 INFO] Epoch 33/50  iter 250/743  loss=0.1674  lr=2.12e-05
[00:17:15 INFO] Epoch 33/50  iter 300/743  loss=0.0492  lr=2.11e-05
[00:17:28 INFO] Epoch 33/50  iter 350/743  loss=0.0831  lr=2.10e-05
[00:17:41 INFO] Epoch 33/50  iter 400/743  loss=0.1467  lr=2.10e-05
[00:17:55 INFO] Epoch 33/50  iter 450/743  loss=0.1010  lr=2.09e-05
[00:18:08 INFO] Epoch 33/50  iter 500/743  loss=0.0895  lr=2.08e-05
[00:18:22 INFO] Epoch 33/50  iter 550/743  loss=0.1439  lr=2.07e-05
[00:18:35 INFO] Epoch 33/50  iter 600/743  loss=0.0808  lr=2.06e-05
[00:18:48 INFO] Epoch 33/50  iter 650/743  loss=0.0325  lr=2.05e-05
[00:19:02 INFO] Epoch 33/50  iter 700/743  loss=0.0526  lr=2.05e-05
[00:19:13 INFO] Epoch 33 complete — avg_loss=0.1255  time=199s
[00:19:28 INFO] Epoch 34/50  iter 50/743  loss=0.0653  lr=2.03e-05
[00:19:41 INFO] Epoch 34/50  iter 100/743  loss=0.1100  lr=2.02e-05
[00:19:55 INFO] Epoch 34/50  iter 150/743  loss=0.1569  lr=2.02e-05
[00:20:08 INFO] Epoch 34/50  iter 200/743  loss=0.0980  lr=2.01e-05
[00:20:22 INFO] Epoch 34/50  iter 250/743  loss=0.1557  lr=2.00e-05
[00:20:35 INFO] Epoch 34/50  iter 300/743  loss=0.1911  lr=1.99e-05
[00:20:49 INFO] Epoch 34/50  iter 350/743  loss=0.0882  lr=1.98e-05
[00:21:02 INFO] Epoch 34/50  iter 400/743  loss=0.1320  lr=1.98e-05
[00:21:16 INFO] Epoch 34/50  iter 450/743  loss=0.0433  lr=1.97e-05
[00:21:29 INFO] Epoch 34/50  iter 500/743  loss=0.1683  lr=1.96e-05
[00:21:43 INFO] Epoch 34/50  iter 550/743  loss=0.1079  lr=1.95e-05
[00:21:56 INFO] Epoch 34/50  iter 600/743  loss=0.0775  lr=1.94e-05
[00:22:10 INFO] Epoch 34/50  iter 650/743  loss=0.1572  lr=1.93e-05
[00:22:23 INFO] Epoch 34/50  iter 700/743  loss=0.1029  lr=1.93e-05
[00:22:35 INFO] Epoch 34 complete — avg_loss=0.1149  time=201s
[00:22:49 INFO] Epoch 35/50  iter 50/743  loss=0.1434  lr=1.91e-05
[00:23:03 INFO] Epoch 35/50  iter 100/743  loss=0.0760  lr=1.90e-05
[00:23:16 INFO] Epoch 35/50  iter 150/743  loss=0.0458  lr=1.90e-05
[00:23:30 INFO] Epoch 35/50  iter 200/743  loss=0.2093  lr=1.89e-05
[00:23:43 INFO] Epoch 35/50  iter 250/743  loss=0.1176  lr=1.88e-05
[00:23:57 INFO] Epoch 35/50  iter 300/743  loss=0.1199  lr=1.87e-05
[00:24:10 INFO] Epoch 35/50  iter 350/743  loss=0.1110  lr=1.86e-05
[00:24:24 INFO] Epoch 35/50  iter 400/743  loss=0.1100  lr=1.86e-05
[00:24:37 INFO] Epoch 35/50  iter 450/743  loss=0.5237  lr=1.85e-05
[00:24:51 INFO] Epoch 35/50  iter 500/743  loss=0.1857  lr=1.84e-05
[00:25:04 INFO] Epoch 35/50  iter 550/743  loss=0.0999  lr=1.83e-05
[00:25:18 INFO] Epoch 35/50  iter 600/743  loss=0.0973  lr=1.82e-05
[00:25:31 INFO] Epoch 35/50  iter 650/743  loss=0.2021  lr=1.81e-05
[00:25:45 INFO] Epoch 35/50  iter 700/743  loss=0.1580  lr=1.81e-05
[00:25:56 INFO] Epoch 35 complete — avg_loss=0.1264  time=201s
[00:27:50 INFO]   val mIoU = 0.7675
[00:27:50 INFO]   ★ New best val mIoU: 0.7675
[00:28:04 INFO] Epoch 36/50  iter 50/743  loss=0.0835  lr=1.79e-05
[00:28:18 INFO] Epoch 36/50  iter 100/743  loss=0.1837  lr=1.78e-05
[00:28:31 INFO] Epoch 36/50  iter 150/743  loss=0.1166  lr=1.78e-05
[00:28:45 INFO] Epoch 36/50  iter 200/743  loss=0.0858  lr=1.77e-05
[00:28:58 INFO] Epoch 36/50  iter 250/743  loss=0.0970  lr=1.76e-05
[00:29:12 INFO] Epoch 36/50  iter 300/743  loss=0.1135  lr=1.75e-05
[00:29:25 INFO] Epoch 36/50  iter 350/743  loss=0.0766  lr=1.74e-05
[00:29:39 INFO] Epoch 36/50  iter 400/743  loss=0.1558  lr=1.74e-05
[00:29:52 INFO] Epoch 36/50  iter 450/743  loss=0.1559  lr=1.73e-05
[00:30:06 INFO] Epoch 36/50  iter 500/743  loss=0.1001  lr=1.72e-05
[00:30:19 INFO] Epoch 36/50  iter 550/743  loss=0.0441  lr=1.71e-05
[00:30:33 INFO] Epoch 36/50  iter 600/743  loss=0.0520  lr=1.70e-05
[00:30:46 INFO] Epoch 36/50  iter 650/743  loss=0.1466  lr=1.69e-05
[00:31:00 INFO] Epoch 36/50  iter 700/743  loss=0.1071  lr=1.69e-05
[00:31:11 INFO] Epoch 36 complete — avg_loss=0.1153  time=201s
[00:31:26 INFO] Epoch 37/50  iter 50/743  loss=0.1022  lr=1.67e-05
[00:31:39 INFO] Epoch 37/50  iter 100/743  loss=0.0988  lr=1.66e-05
[00:31:53 INFO] Epoch 37/50  iter 150/743  loss=0.0658  lr=1.66e-05
[00:32:06 INFO] Epoch 37/50  iter 200/743  loss=0.1662  lr=1.65e-05
[00:32:19 INFO] Epoch 37/50  iter 250/743  loss=0.0475  lr=1.64e-05
[00:32:33 INFO] Epoch 37/50  iter 300/743  loss=0.1088  lr=1.63e-05
[00:32:46 INFO] Epoch 37/50  iter 350/743  loss=0.0937  lr=1.62e-05
[00:33:00 INFO] Epoch 37/50  iter 400/743  loss=0.1413  lr=1.62e-05
[00:33:13 INFO] Epoch 37/50  iter 450/743  loss=0.1257  lr=1.61e-05
[00:33:27 INFO] Epoch 37/50  iter 500/743  loss=0.1548  lr=1.60e-05
[00:33:40 INFO] Epoch 37/50  iter 550/743  loss=0.1604  lr=1.59e-05
[00:33:54 INFO] Epoch 37/50  iter 600/743  loss=0.1945  lr=1.58e-05
[00:34:07 INFO] Epoch 37/50  iter 650/743  loss=0.1303  lr=1.57e-05
[00:34:21 INFO] Epoch 37/50  iter 700/743  loss=0.1493  lr=1.57e-05
[00:34:32 INFO] Epoch 37 complete — avg_loss=0.1193  time=201s
[00:34:47 INFO] Epoch 38/50  iter 50/743  loss=0.1228  lr=1.55e-05
[00:35:00 INFO] Epoch 38/50  iter 100/743  loss=0.1027  lr=1.54e-05
[00:35:14 INFO] Epoch 38/50  iter 150/743  loss=0.0817  lr=1.54e-05
[00:35:27 INFO] Epoch 38/50  iter 200/743  loss=0.0569  lr=1.53e-05
[00:35:41 INFO] Epoch 38/50  iter 250/743  loss=0.0814  lr=1.52e-05
[00:35:54 INFO] Epoch 38/50  iter 300/743  loss=0.1028  lr=1.51e-05
[00:36:08 INFO] Epoch 38/50  iter 350/743  loss=0.2150  lr=1.50e-05
[00:36:21 INFO] Epoch 38/50  iter 400/743  loss=0.0224  lr=1.50e-05
[00:36:35 INFO] Epoch 38/50  iter 450/743  loss=0.1529  lr=1.49e-05
[00:36:48 INFO] Epoch 38/50  iter 500/743  loss=0.1179  lr=1.48e-05
[00:37:02 INFO] Epoch 38/50  iter 550/743  loss=0.1331  lr=1.47e-05
[00:37:15 INFO] Epoch 38/50  iter 600/743  loss=0.1367  lr=1.46e-05
[00:37:29 INFO] Epoch 38/50  iter 650/743  loss=0.1249  lr=1.45e-05
[00:37:42 INFO] Epoch 38/50  iter 700/743  loss=0.1004  lr=1.45e-05
[00:37:54 INFO] Epoch 38 complete — avg_loss=0.1132  time=201s
[00:38:08 INFO] Epoch 39/50  iter 50/743  loss=0.1264  lr=1.43e-05
[00:38:22 INFO] Epoch 39/50  iter 100/743  loss=0.1263  lr=1.42e-05
[00:38:35 INFO] Epoch 39/50  iter 150/743  loss=0.0682  lr=1.42e-05
[00:38:49 INFO] Epoch 39/50  iter 200/743  loss=0.1755  lr=1.41e-05
[00:39:02 INFO] Epoch 39/50  iter 250/743  loss=0.0833  lr=1.40e-05
[00:39:16 INFO] Epoch 39/50  iter 300/743  loss=0.1195  lr=1.39e-05
[00:39:29 INFO] Epoch 39/50  iter 350/743  loss=0.2317  lr=1.38e-05
[00:39:43 INFO] Epoch 39/50  iter 400/743  loss=0.1441  lr=1.38e-05
[00:39:56 INFO] Epoch 39/50  iter 450/743  loss=0.1214  lr=1.37e-05
[00:40:10 INFO] Epoch 39/50  iter 500/743  loss=0.0666  lr=1.36e-05
[00:40:23 INFO] Epoch 39/50  iter 550/743  loss=0.2209  lr=1.35e-05
[00:40:36 INFO] Epoch 39/50  iter 600/743  loss=0.0756  lr=1.34e-05
[00:40:50 INFO] Epoch 39/50  iter 650/743  loss=0.0581  lr=1.33e-05
[00:41:03 INFO] Epoch 39/50  iter 700/743  loss=0.2299  lr=1.33e-05
[00:41:15 INFO] Epoch 39 complete — avg_loss=0.1160  time=201s
[00:41:29 INFO] Epoch 40/50  iter 50/743  loss=0.1105  lr=1.31e-05
[00:41:43 INFO] Epoch 40/50  iter 100/743  loss=0.0730  lr=1.30e-05
[00:41:56 INFO] Epoch 40/50  iter 150/743  loss=0.1055  lr=1.30e-05
[00:42:10 INFO] Epoch 40/50  iter 200/743  loss=0.0910  lr=1.29e-05
[00:42:23 INFO] Epoch 40/50  iter 250/743  loss=0.1321  lr=1.28e-05
[00:42:37 INFO] Epoch 40/50  iter 300/743  loss=0.1237  lr=1.27e-05
[00:42:50 INFO] Epoch 40/50  iter 350/743  loss=0.1659  lr=1.26e-05
[00:43:04 INFO] Epoch 40/50  iter 400/743  loss=0.1242  lr=1.26e-05
[00:43:17 INFO] Epoch 40/50  iter 450/743  loss=0.1257  lr=1.25e-05
[00:43:31 INFO] Epoch 40/50  iter 500/743  loss=0.1081  lr=1.24e-05
[00:43:44 INFO] Epoch 40/50  iter 550/743  loss=0.0797  lr=1.23e-05
[00:43:58 INFO] Epoch 40/50  iter 600/743  loss=0.1520  lr=1.22e-05
[00:44:11 INFO] Epoch 40/50  iter 650/743  loss=0.1327  lr=1.21e-05
[00:44:25 INFO] Epoch 40/50  iter 700/743  loss=0.1072  lr=1.21e-05
[00:44:36 INFO] Epoch 40 complete — avg_loss=0.1134  time=201s
[00:46:30 INFO]   val mIoU = 0.7676
[00:46:31 INFO]   ★ New best val mIoU: 0.7676
[00:46:45 INFO] Epoch 41/50  iter 50/743  loss=0.1428  lr=1.19e-05
[00:46:58 INFO] Epoch 41/50  iter 100/743  loss=0.0771  lr=1.18e-05
[00:47:12 INFO] Epoch 41/50  iter 150/743  loss=0.0739  lr=1.18e-05
[00:47:25 INFO] Epoch 41/50  iter 200/743  loss=0.1381  lr=1.17e-05
[00:47:39 INFO] Epoch 41/50  iter 250/743  loss=0.1172  lr=1.16e-05
[00:47:52 INFO] Epoch 41/50  iter 300/743  loss=0.1517  lr=1.15e-05
[00:48:06 INFO] Epoch 41/50  iter 350/743  loss=0.0583  lr=1.14e-05
[00:48:19 INFO] Epoch 41/50  iter 400/743  loss=0.0914  lr=1.14e-05
[00:48:33 INFO] Epoch 41/50  iter 450/743  loss=0.0538  lr=1.13e-05
[00:48:46 INFO] Epoch 41/50  iter 500/743  loss=0.2499  lr=1.12e-05
[00:49:00 INFO] Epoch 41/50  iter 550/743  loss=0.0836  lr=1.11e-05
[00:49:13 INFO] Epoch 41/50  iter 600/743  loss=0.0609  lr=1.10e-05
[00:49:27 INFO] Epoch 41/50  iter 650/743  loss=0.1650  lr=1.09e-05
[00:49:40 INFO] Epoch 41/50  iter 700/743  loss=0.1379  lr=1.09e-05
[00:49:52 INFO] Epoch 41 complete — avg_loss=0.1163  time=201s
[00:50:06 INFO] Epoch 42/50  iter 50/743  loss=0.1492  lr=1.07e-05
[00:50:20 INFO] Epoch 42/50  iter 100/743  loss=0.1093  lr=1.06e-05
[00:50:33 INFO] Epoch 42/50  iter 150/743  loss=0.0724  lr=1.06e-05
[00:50:47 INFO] Epoch 42/50  iter 200/743  loss=0.0615  lr=1.05e-05
[00:51:00 INFO] Epoch 42/50  iter 250/743  loss=0.0408  lr=1.04e-05
[00:51:14 INFO] Epoch 42/50  iter 300/743  loss=0.1464  lr=1.03e-05
[00:51:27 INFO] Epoch 42/50  iter 350/743  loss=0.0521  lr=1.02e-05
[00:51:41 INFO] Epoch 42/50  iter 400/743  loss=0.0741  lr=1.02e-05
[00:51:54 INFO] Epoch 42/50  iter 450/743  loss=0.0881  lr=1.01e-05
[00:52:07 INFO] Epoch 42/50  iter 500/743  loss=0.0665  lr=9.99e-06
[00:52:21 INFO] Epoch 42/50  iter 550/743  loss=0.0891  lr=9.91e-06
[00:52:34 INFO] Epoch 42/50  iter 600/743  loss=0.1036  lr=9.83e-06
[00:52:48 INFO] Epoch 42/50  iter 650/743  loss=0.0861  lr=9.75e-06
[00:53:01 INFO] Epoch 42/50  iter 700/743  loss=0.0686  lr=9.67e-06
[00:53:13 INFO] Epoch 42 complete — avg_loss=0.1230  time=201s
[00:53:27 INFO] Epoch 43/50  iter 50/743  loss=0.0948  lr=9.52e-06
[00:53:41 INFO] Epoch 43/50  iter 100/743  loss=0.0800  lr=9.44e-06
[00:53:54 INFO] Epoch 43/50  iter 150/743  loss=0.0940  lr=9.36e-06
[00:54:08 INFO] Epoch 43/50  iter 200/743  loss=0.1417  lr=9.28e-06
[00:54:21 INFO] Epoch 43/50  iter 250/743  loss=0.1320  lr=9.19e-06
[00:54:35 INFO] Epoch 43/50  iter 300/743  loss=0.1117  lr=9.11e-06
[00:54:48 INFO] Epoch 43/50  iter 350/743  loss=0.1166  lr=9.03e-06
[00:55:02 INFO] Epoch 43/50  iter 400/743  loss=0.1881  lr=8.95e-06
[00:55:15 INFO] Epoch 43/50  iter 450/743  loss=0.0829  lr=8.87e-06
[00:55:29 INFO] Epoch 43/50  iter 500/743  loss=0.0964  lr=8.79e-06
[00:55:42 INFO] Epoch 43/50  iter 550/743  loss=0.1020  lr=8.71e-06
[00:55:56 INFO] Epoch 43/50  iter 600/743  loss=0.0828  lr=8.63e-06
[00:56:09 INFO] Epoch 43/50  iter 650/743  loss=0.0170  lr=8.55e-06
[00:56:22 INFO] Epoch 43/50  iter 700/743  loss=0.0989  lr=8.47e-06
[00:56:34 INFO] Epoch 43 complete — avg_loss=0.1112  time=201s
[00:56:48 INFO] Epoch 44/50  iter 50/743  loss=0.1215  lr=8.32e-06
[00:57:02 INFO] Epoch 44/50  iter 100/743  loss=0.1385  lr=8.24e-06
[00:57:15 INFO] Epoch 44/50  iter 150/743  loss=0.0528  lr=8.16e-06
[00:57:29 INFO] Epoch 44/50  iter 200/743  loss=0.0635  lr=8.08e-06
[00:57:42 INFO] Epoch 44/50  iter 250/743  loss=0.0606  lr=7.99e-06
[00:57:56 INFO] Epoch 44/50  iter 300/743  loss=0.0866  lr=7.91e-06
[00:58:09 INFO] Epoch 44/50  iter 350/743  loss=0.1390  lr=7.83e-06
[00:58:23 INFO] Epoch 44/50  iter 400/743  loss=0.1683  lr=7.75e-06
[00:58:36 INFO] Epoch 44/50  iter 450/743  loss=0.0920  lr=7.67e-06
[00:58:50 INFO] Epoch 44/50  iter 500/743  loss=0.0755  lr=7.59e-06
[00:59:03 INFO] Epoch 44/50  iter 550/743  loss=0.1184  lr=7.51e-06
[00:59:17 INFO] Epoch 44/50  iter 600/743  loss=0.1970  lr=7.43e-06
[00:59:30 INFO] Epoch 44/50  iter 650/743  loss=0.0271  lr=7.35e-06
[00:59:44 INFO] Epoch 44/50  iter 700/743  loss=0.0757  lr=7.27e-06
[00:59:55 INFO] Epoch 44 complete — avg_loss=0.1136  time=201s
[01:00:10 INFO] Epoch 45/50  iter 50/743  loss=0.0660  lr=7.12e-06
[01:00:23 INFO] Epoch 45/50  iter 100/743  loss=0.2010  lr=7.04e-06
[01:00:37 INFO] Epoch 45/50  iter 150/743  loss=0.0778  lr=6.96e-06
[01:00:50 INFO] Epoch 45/50  iter 200/743  loss=0.1095  lr=6.88e-06
[01:01:03 INFO] Epoch 45/50  iter 250/743  loss=0.0875  lr=6.79e-06
[01:01:17 INFO] Epoch 45/50  iter 300/743  loss=0.1329  lr=6.71e-06
[01:01:30 INFO] Epoch 45/50  iter 350/743  loss=0.6074  lr=6.63e-06
[01:01:44 INFO] Epoch 45/50  iter 400/743  loss=0.1244  lr=6.55e-06
[01:01:57 INFO] Epoch 45/50  iter 450/743  loss=0.0851  lr=6.47e-06
[01:02:11 INFO] Epoch 45/50  iter 500/743  loss=0.2520  lr=6.39e-06
[01:02:24 INFO] Epoch 45/50  iter 550/743  loss=0.1177  lr=6.31e-06
[01:02:38 INFO] Epoch 45/50  iter 600/743  loss=0.1179  lr=6.23e-06
[01:02:51 INFO] Epoch 45/50  iter 650/743  loss=0.0735  lr=6.15e-06
[01:03:05 INFO] Epoch 45/50  iter 700/743  loss=0.1415  lr=6.07e-06
[01:03:16 INFO] Epoch 45 complete — avg_loss=0.1145  time=201s
[01:05:09 INFO]   val mIoU = 0.7736
[01:05:10 INFO]   ★ New best val mIoU: 0.7736
[01:05:24 INFO] Epoch 46/50  iter 50/743  loss=0.1459  lr=5.92e-06
[01:05:38 INFO] Epoch 46/50  iter 100/743  loss=0.0643  lr=5.84e-06
[01:05:51 INFO] Epoch 46/50  iter 150/743  loss=0.2058  lr=5.76e-06
[01:06:05 INFO] Epoch 46/50  iter 200/743  loss=0.0840  lr=5.68e-06
[01:06:18 INFO] Epoch 46/50  iter 250/743  loss=0.1642  lr=5.59e-06
[01:06:32 INFO] Epoch 46/50  iter 300/743  loss=0.1588  lr=5.51e-06
[01:06:45 INFO] Epoch 46/50  iter 350/743  loss=0.0988  lr=5.43e-06
[01:06:59 INFO] Epoch 46/50  iter 400/743  loss=0.0981  lr=5.35e-06
[01:07:12 INFO] Epoch 46/50  iter 450/743  loss=0.0351  lr=5.27e-06
[01:07:26 INFO] Epoch 46/50  iter 500/743  loss=0.0459  lr=5.19e-06
[01:07:39 INFO] Epoch 46/50  iter 550/743  loss=0.0997  lr=5.11e-06
[01:07:53 INFO] Epoch 46/50  iter 600/743  loss=0.1296  lr=5.03e-06
[01:08:06 INFO] Epoch 46/50  iter 650/743  loss=0.1416  lr=4.95e-06
[01:08:20 INFO] Epoch 46/50  iter 700/743  loss=0.0646  lr=4.87e-06
[01:08:31 INFO] Epoch 46 complete — avg_loss=0.1121  time=201s
[01:08:46 INFO] Epoch 47/50  iter 50/743  loss=0.0786  lr=4.72e-06
[01:08:59 INFO] Epoch 47/50  iter 100/743  loss=0.0675  lr=4.64e-06
[01:09:13 INFO] Epoch 47/50  iter 150/743  loss=0.1879  lr=4.56e-06
[01:09:26 INFO] Epoch 47/50  iter 200/743  loss=0.0782  lr=4.48e-06
[01:09:39 INFO] Epoch 47/50  iter 250/743  loss=0.0583  lr=4.39e-06
[01:09:53 INFO] Epoch 47/50  iter 300/743  loss=0.1271  lr=4.31e-06
[01:10:06 INFO] Epoch 47/50  iter 350/743  loss=0.0910  lr=4.23e-06
[01:10:20 INFO] Epoch 47/50  iter 400/743  loss=0.0630  lr=4.15e-06
[01:10:33 INFO] Epoch 47/50  iter 450/743  loss=0.1255  lr=4.07e-06
[01:10:47 INFO] Epoch 47/50  iter 500/743  loss=0.1039  lr=3.99e-06
[01:11:00 INFO] Epoch 47/50  iter 550/743  loss=0.0865  lr=3.91e-06
[01:11:14 INFO] Epoch 47/50  iter 600/743  loss=0.1166  lr=3.83e-06
[01:11:27 INFO] Epoch 47/50  iter 650/743  loss=0.0711  lr=3.75e-06
[01:11:41 INFO] Epoch 47/50  iter 700/743  loss=0.1243  lr=3.67e-06
[01:11:53 INFO] Epoch 47 complete — avg_loss=0.1125  time=201s
[01:12:07 INFO] Epoch 48/50  iter 50/743  loss=0.0603  lr=3.52e-06
[01:12:20 INFO] Epoch 48/50  iter 100/743  loss=0.0905  lr=3.44e-06
[01:12:34 INFO] Epoch 48/50  iter 150/743  loss=0.0577  lr=3.36e-06
[01:12:47 INFO] Epoch 48/50  iter 200/743  loss=0.1103  lr=3.28e-06
[01:13:01 INFO] Epoch 48/50  iter 250/743  loss=0.1698  lr=3.19e-06
[01:13:14 INFO] Epoch 48/50  iter 300/743  loss=0.0686  lr=3.11e-06
[01:13:28 INFO] Epoch 48/50  iter 350/743  loss=0.1525  lr=3.03e-06
[01:13:41 INFO] Epoch 48/50  iter 400/743  loss=0.2133  lr=2.95e-06
[01:13:55 INFO] Epoch 48/50  iter 450/743  loss=0.0641  lr=2.87e-06
[01:14:08 INFO] Epoch 48/50  iter 500/743  loss=0.0892  lr=2.79e-06
[01:14:22 INFO] Epoch 48/50  iter 550/743  loss=0.0695  lr=2.71e-06
[01:14:35 INFO] Epoch 48/50  iter 600/743  loss=0.1044  lr=2.63e-06
[01:14:49 INFO] Epoch 48/50  iter 650/743  loss=0.0897  lr=2.55e-06
[01:15:02 INFO] Epoch 48/50  iter 700/743  loss=0.1047  lr=2.47e-06
[01:15:14 INFO] Epoch 48 complete — avg_loss=0.1090  time=201s
[01:15:28 INFO] Epoch 49/50  iter 50/743  loss=0.1440  lr=2.32e-06
[01:15:42 INFO] Epoch 49/50  iter 100/743  loss=0.1658  lr=2.24e-06
[01:15:55 INFO] Epoch 49/50  iter 150/743  loss=0.0583  lr=2.16e-06
[01:16:09 INFO] Epoch 49/50  iter 200/743  loss=0.1939  lr=2.08e-06
[01:16:22 INFO] Epoch 49/50  iter 250/743  loss=0.1323  lr=1.99e-06
[01:16:36 INFO] Epoch 49/50  iter 300/743  loss=0.0611  lr=1.91e-06
[01:16:49 INFO] Epoch 49/50  iter 350/743  loss=0.1145  lr=1.83e-06
[01:17:03 INFO] Epoch 49/50  iter 400/743  loss=0.1507  lr=1.75e-06
[01:17:16 INFO] Epoch 49/50  iter 450/743  loss=0.1269  lr=1.67e-06
[01:17:30 INFO] Epoch 49/50  iter 500/743  loss=0.1262  lr=1.59e-06
[01:17:43 INFO] Epoch 49/50  iter 550/743  loss=0.5351  lr=1.51e-06
[01:17:57 INFO] Epoch 49/50  iter 600/743  loss=0.1646  lr=1.43e-06
[01:18:10 INFO] Epoch 49/50  iter 650/743  loss=0.0606  lr=1.35e-06
[01:18:24 INFO] Epoch 49/50  iter 700/743  loss=0.0896  lr=1.27e-06
[01:18:35 INFO] Epoch 49 complete — avg_loss=0.1138  time=201s
[01:18:50 INFO] Epoch 50/50  iter 50/743  loss=0.1071  lr=1.12e-06
[01:19:03 INFO] Epoch 50/50  iter 100/743  loss=0.0807  lr=1.04e-06
[01:19:17 INFO] Epoch 50/50  iter 150/743  loss=0.1371  lr=9.56e-07
[01:19:30 INFO] Epoch 50/50  iter 200/743  loss=0.0913  lr=8.75e-07
[01:19:44 INFO] Epoch 50/50  iter 250/743  loss=0.1483  lr=7.95e-07
[01:19:57 INFO] Epoch 50/50  iter 300/743  loss=0.0554  lr=7.14e-07
[01:20:11 INFO] Epoch 50/50  iter 350/743  loss=0.1261  lr=6.33e-07
[01:20:24 INFO] Epoch 50/50  iter 400/743  loss=0.1029  lr=5.52e-07
[01:20:38 INFO] Epoch 50/50  iter 450/743  loss=0.1105  lr=4.72e-07
[01:20:51 INFO] Epoch 50/50  iter 500/743  loss=0.1391  lr=3.91e-07
[01:21:05 INFO] Epoch 50/50  iter 550/743  loss=0.0809  lr=3.10e-07
[01:21:18 INFO] Epoch 50/50  iter 600/743  loss=0.1065  lr=2.29e-07
[01:21:31 INFO] Epoch 50/50  iter 650/743  loss=0.0949  lr=1.49e-07
[01:21:45 INFO] Epoch 50/50  iter 700/743  loss=0.1712  lr=6.78e-08
[01:21:57 INFO] Epoch 50 complete — avg_loss=0.1128  time=201s
[01:23:50 INFO]   val mIoU = 0.7755
[01:23:51 INFO]   ★ New best val mIoU: 0.7755
[01:23:51 INFO] Training complete. Best val mIoU = 0.7755
>>> Evaluating: baseline_mitb2
[01:23:59 INFO] Device: cuda
/home/taah3149/Documents/Group_Studies/fog-augmentation/src/models.py:74: FutureWarning: You are using `torch.load` with `weights_only=False` (the current default value), which uses the default pickle module implicitly. It is possible to construct malicious pickle data which will execute arbitrary code during unpickling (See https://github.com/pytorch/pytorch/blob/main/SECURITY.md#untrusted-models for more details). In a future release, the default value for `weights_only` will be flipped to `True`. This limits the functions that could be executed during unpickling. Arbitrary objects will no longer be allowed to be loaded via this mode unless they are explicitly allowlisted by the user via `torch.serialization.add_safe_globals`. We recommend you start setting `weights_only=True` for any use case where you don't have full control of the loaded file. Please open an issue on GitHub for any issues related to this experimental feature.
  state = torch.load(str(checkpoint), map_location="cpu")
Model backend: smp (encoder=mit_b2, architecture=fpn)
Loaded checkpoint: results/baseline_mitb2/best.pth
[01:24:02 INFO] ACDC fog val: 100 samples
[01:24:27 INFO]   100/100 processed
[01:24:27 INFO] mIoU = 0.5067
[01:24:27 INFO]   road                 0.7966
[01:24:27 INFO]   sidewalk             0.5437
[01:24:27 INFO]   building             0.6746
[01:24:27 INFO]   wall                 0.2535
[01:24:27 INFO]   fence                0.1837
[01:24:27 INFO]   pole                 0.3382
[01:24:27 INFO]   traffic light        0.6321
[01:24:27 INFO]   traffic sign         0.5285
[01:24:27 INFO]   vegetation           0.7716
[01:24:27 INFO]   terrain              0.5293
[01:24:27 INFO]   sky                  0.9419
[01:24:27 INFO]   person               0.3826
[01:24:27 INFO]   rider                0.4981
[01:24:27 INFO]   car                  0.6702
[01:24:27 INFO]   truck                0.2598
[01:24:27 INFO]   bus                  0.4309
[01:24:27 INFO]   train                0.6595
[01:24:27 INFO]   motorcycle           0.0826
[01:24:27 INFO]   bicycle              0.4497
[01:24:27 INFO] Results saved → results/baseline_mitb2/acdc_eval.json
>>> Done: baseline_mitb2

>>> Training (fresh start): combined_nndepth_p03_mitb2
[01:24:33 INFO] Device: cuda
Model backend: smp (encoder=mit_b2, architecture=fpn)
[01:24:35 INFO] Using fog cache: data/fog_cache/nn_depth_base_b0005
[01:24:35 INFO] fog_prob: 0.3
[01:24:37 INFO] Train: 2975 samples  |  Val: 500 samples
[01:24:54 INFO] Epoch 1/50  iter 50/743  loss=0.9968  lr=5.99e-05
[01:25:10 INFO] Epoch 1/50  iter 100/743  loss=1.6057  lr=5.98e-05
[01:25:25 INFO] Epoch 1/50  iter 150/743  loss=0.5186  lr=5.98e-05
[01:25:41 INFO] Epoch 1/50  iter 200/743  loss=0.9029  lr=5.97e-05
[01:25:57 INFO] Epoch 1/50  iter 250/743  loss=0.6646  lr=5.96e-05
[01:26:11 INFO] Epoch 1/50  iter 300/743  loss=0.4618  lr=5.95e-05
[01:26:25 INFO] Epoch 1/50  iter 350/743  loss=0.4563  lr=5.94e-05
[01:26:39 INFO] Epoch 1/50  iter 400/743  loss=0.4915  lr=5.94e-05
[01:26:55 INFO] Epoch 1/50  iter 450/743  loss=0.2602  lr=5.93e-05
[01:27:11 INFO] Epoch 1/50  iter 500/743  loss=0.5244  lr=5.92e-05
[01:27:25 INFO] Epoch 1/50  iter 550/743  loss=0.4296  lr=5.91e-05
[01:27:39 INFO] Epoch 1/50  iter 600/743  loss=0.4399  lr=5.90e-05
[01:27:55 INFO] Epoch 1/50  iter 650/743  loss=0.2242  lr=5.89e-05
[01:28:09 INFO] Epoch 1/50  iter 700/743  loss=0.9730  lr=5.89e-05
[01:28:22 INFO] Epoch 1 complete — avg_loss=0.6992  time=225s
[01:28:38 INFO] Epoch 2/50  iter 50/743  loss=0.3556  lr=5.87e-05
[01:28:52 INFO] Epoch 2/50  iter 100/743  loss=0.3438  lr=5.86e-05
[01:29:07 INFO] Epoch 2/50  iter 150/743  loss=0.4015  lr=5.86e-05
[01:29:23 INFO] Epoch 2/50  iter 200/743  loss=0.4731  lr=5.85e-05
[01:29:38 INFO] Epoch 2/50  iter 250/743  loss=0.5508  lr=5.84e-05
[01:29:51 INFO] Epoch 2/50  iter 300/743  loss=0.2670  lr=5.83e-05
[01:30:06 INFO] Epoch 2/50  iter 350/743  loss=0.3058  lr=5.82e-05
[01:30:22 INFO] Epoch 2/50  iter 400/743  loss=0.1122  lr=5.82e-05
[01:30:37 INFO] Epoch 2/50  iter 450/743  loss=0.4657  lr=5.81e-05
[01:30:54 INFO] Epoch 2/50  iter 500/743  loss=0.2443  lr=5.80e-05
[01:31:08 INFO] Epoch 2/50  iter 550/743  loss=0.9670  lr=5.79e-05
[01:31:22 INFO] Epoch 2/50  iter 600/743  loss=0.3363  lr=5.78e-05
[01:31:40 INFO] Epoch 2/50  iter 650/743  loss=0.2606  lr=5.77e-05
[01:31:55 INFO] Epoch 2/50  iter 700/743  loss=0.3669  lr=5.77e-05
[01:32:08 INFO] Epoch 2 complete — avg_loss=0.3839  time=226s
[01:32:24 INFO] Epoch 3/50  iter 50/743  loss=0.2254  lr=5.75e-05
[01:32:39 INFO] Epoch 3/50  iter 100/743  loss=0.3941  lr=5.74e-05
[01:32:55 INFO] Epoch 3/50  iter 150/743  loss=0.9048  lr=5.74e-05
[01:33:14 INFO] Epoch 3/50  iter 200/743  loss=0.1684  lr=5.73e-05
[01:33:27 INFO] Epoch 3/50  iter 250/743  loss=0.4287  lr=5.72e-05
[01:33:42 INFO] Epoch 3/50  iter 300/743  loss=0.3891  lr=5.71e-05
[01:33:58 INFO] Epoch 3/50  iter 350/743  loss=0.3372  lr=5.70e-05
[01:34:13 INFO] Epoch 3/50  iter 400/743  loss=0.3486  lr=5.70e-05
[01:34:28 INFO] Epoch 3/50  iter 450/743  loss=0.6246  lr=5.69e-05
[01:34:43 INFO] Epoch 3/50  iter 500/743  loss=0.2763  lr=5.68e-05
[01:35:00 INFO] Epoch 3/50  iter 550/743  loss=0.3115  lr=5.67e-05
[01:35:15 INFO] Epoch 3/50  iter 600/743  loss=0.2235  lr=5.66e-05
[01:35:31 INFO] Epoch 3/50  iter 650/743  loss=0.4746  lr=5.65e-05
[01:35:45 INFO] Epoch 3/50  iter 700/743  loss=0.4136  lr=5.65e-05
[01:35:59 INFO] Epoch 3 complete — avg_loss=0.3327  time=231s
[01:36:16 INFO] Epoch 4/50  iter 50/743  loss=0.2078  lr=5.63e-05
[01:36:30 INFO] Epoch 4/50  iter 100/743  loss=0.4783  lr=5.62e-05
[01:36:46 INFO] Epoch 4/50  iter 150/743  loss=0.5792  lr=5.62e-05
[01:37:02 INFO] Epoch 4/50  iter 200/743  loss=0.2131  lr=5.61e-05
[01:37:19 INFO] Epoch 4/50  iter 250/743  loss=0.3240  lr=5.60e-05
[01:37:33 INFO] Epoch 4/50  iter 300/743  loss=0.2531  lr=5.59e-05
[01:37:48 INFO] Epoch 4/50  iter 350/743  loss=0.2885  lr=5.58e-05
[01:38:06 INFO] Epoch 4/50  iter 400/743  loss=0.2103  lr=5.58e-05
[01:38:22 INFO] Epoch 4/50  iter 450/743  loss=0.4009  lr=5.57e-05
[01:38:38 INFO] Epoch 4/50  iter 500/743  loss=0.1182  lr=5.56e-05
[01:38:54 INFO] Epoch 4/50  iter 550/743  loss=0.2217  lr=5.55e-05
[01:39:10 INFO] Epoch 4/50  iter 600/743  loss=0.2803  lr=5.54e-05
[01:39:25 INFO] Epoch 4/50  iter 650/743  loss=0.2622  lr=5.53e-05
[01:39:43 INFO] Epoch 4/50  iter 700/743  loss=0.1845  lr=5.53e-05
[01:39:55 INFO] Epoch 4 complete — avg_loss=0.2933  time=236s
[01:40:12 INFO] Epoch 5/50  iter 50/743  loss=0.1891  lr=5.51e-05
[01:40:29 INFO] Epoch 5/50  iter 100/743  loss=0.5635  lr=5.50e-05
[01:40:43 INFO] Epoch 5/50  iter 150/743  loss=0.5661  lr=5.50e-05
[01:40:58 INFO] Epoch 5/50  iter 200/743  loss=0.1665  lr=5.49e-05
[01:41:13 INFO] Epoch 5/50  iter 250/743  loss=0.1092  lr=5.48e-05
[01:41:27 INFO] Epoch 5/50  iter 300/743  loss=0.2680  lr=5.47e-05
[01:41:44 INFO] Epoch 5/50  iter 350/743  loss=0.1489  lr=5.46e-05
[01:41:58 INFO] Epoch 5/50  iter 400/743  loss=0.3657  lr=5.46e-05
[01:42:12 INFO] Epoch 5/50  iter 450/743  loss=0.1398  lr=5.45e-05
[01:42:27 INFO] Epoch 5/50  iter 500/743  loss=0.2943  lr=5.44e-05
[01:42:43 INFO] Epoch 5/50  iter 550/743  loss=0.1231  lr=5.43e-05
[01:42:57 INFO] Epoch 5/50  iter 600/743  loss=0.2559  lr=5.42e-05
[01:43:13 INFO] Epoch 5/50  iter 650/743  loss=0.2442  lr=5.41e-05
[01:43:29 INFO] Epoch 5/50  iter 700/743  loss=0.2776  lr=5.41e-05
[01:43:42 INFO] Epoch 5 complete — avg_loss=0.2817  time=226s
[01:45:43 INFO]   val mIoU = 0.6185
[01:45:44 INFO]   ★ New best val mIoU: 0.6185
[01:46:02 INFO] Epoch 6/50  iter 50/743  loss=0.3198  lr=5.39e-05
[01:46:18 INFO] Epoch 6/50  iter 100/743  loss=0.1884  lr=5.38e-05
[01:46:34 INFO] Epoch 6/50  iter 150/743  loss=0.3758  lr=5.38e-05
[01:46:52 INFO] Epoch 6/50  iter 200/743  loss=0.1807  lr=5.37e-05
[01:47:08 INFO] Epoch 6/50  iter 250/743  loss=0.1852  lr=5.36e-05
[01:47:23 INFO] Epoch 6/50  iter 300/743  loss=0.4708  lr=5.35e-05
[01:47:41 INFO] Epoch 6/50  iter 350/743  loss=0.1576  lr=5.34e-05
[01:47:57 INFO] Epoch 6/50  iter 400/743  loss=0.3067  lr=5.34e-05
[01:48:11 INFO] Epoch 6/50  iter 450/743  loss=0.2914  lr=5.33e-05
[01:48:28 INFO] Epoch 6/50  iter 500/743  loss=1.1758  lr=5.32e-05
[01:48:44 INFO] Epoch 6/50  iter 550/743  loss=0.1999  lr=5.31e-05
[01:48:58 INFO] Epoch 6/50  iter 600/743  loss=0.3375  lr=5.30e-05
[01:49:14 INFO] Epoch 6/50  iter 650/743  loss=0.2516  lr=5.29e-05
[01:49:29 INFO] Epoch 6/50  iter 700/743  loss=0.3611  lr=5.29e-05
[01:49:42 INFO] Epoch 6 complete — avg_loss=0.2554  time=238s
[01:50:00 INFO] Epoch 7/50  iter 50/743  loss=0.2183  lr=5.27e-05
[01:50:13 INFO] Epoch 7/50  iter 100/743  loss=0.0753  lr=5.26e-05
[01:50:28 INFO] Epoch 7/50  iter 150/743  loss=0.2438  lr=5.26e-05
[01:50:42 INFO] Epoch 7/50  iter 200/743  loss=0.3540  lr=5.25e-05
[01:50:57 INFO] Epoch 7/50  iter 250/743  loss=0.2324  lr=5.24e-05
[01:51:11 INFO] Epoch 7/50  iter 300/743  loss=0.2079  lr=5.23e-05
[01:51:26 INFO] Epoch 7/50  iter 350/743  loss=0.2587  lr=5.22e-05
[01:51:43 INFO] Epoch 7/50  iter 400/743  loss=0.1105  lr=5.22e-05
[01:51:57 INFO] Epoch 7/50  iter 450/743  loss=0.4351  lr=5.21e-05
[01:52:13 INFO] Epoch 7/50  iter 500/743  loss=0.1400  lr=5.20e-05
[01:52:28 INFO] Epoch 7/50  iter 550/743  loss=0.1404  lr=5.19e-05
[01:52:43 INFO] Epoch 7/50  iter 600/743  loss=0.5481  lr=5.18e-05
[01:52:58 INFO] Epoch 7/50  iter 650/743  loss=0.1463  lr=5.17e-05
[01:53:13 INFO] Epoch 7/50  iter 700/743  loss=0.1496  lr=5.17e-05
[01:53:25 INFO] Epoch 7 complete — avg_loss=0.2388  time=223s
[01:53:45 INFO] Epoch 8/50  iter 50/743  loss=0.0966  lr=5.15e-05
[01:53:58 INFO] Epoch 8/50  iter 100/743  loss=0.1862  lr=5.14e-05
[01:54:17 INFO] Epoch 8/50  iter 150/743  loss=0.2148  lr=5.14e-05
[01:54:33 INFO] Epoch 8/50  iter 200/743  loss=0.1014  lr=5.13e-05
[01:54:48 INFO] Epoch 8/50  iter 250/743  loss=0.2370  lr=5.12e-05
[01:55:02 INFO] Epoch 8/50  iter 300/743  loss=0.2205  lr=5.11e-05
[01:55:17 INFO] Epoch 8/50  iter 350/743  loss=0.1561  lr=5.10e-05
[01:55:31 INFO] Epoch 8/50  iter 400/743  loss=0.4081  lr=5.10e-05
[01:55:45 INFO] Epoch 8/50  iter 450/743  loss=0.1671  lr=5.09e-05
[01:56:00 INFO] Epoch 8/50  iter 500/743  loss=0.1632  lr=5.08e-05
[01:56:15 INFO] Epoch 8/50  iter 550/743  loss=0.2634  lr=5.07e-05
[01:56:32 INFO] Epoch 8/50  iter 600/743  loss=0.1219  lr=5.06e-05
[01:56:47 INFO] Epoch 8/50  iter 650/743  loss=0.3291  lr=5.05e-05
[01:57:02 INFO] Epoch 8/50  iter 700/743  loss=0.2393  lr=5.05e-05
[01:57:16 INFO] Epoch 8 complete — avg_loss=0.2325  time=230s
[01:57:34 INFO] Epoch 9/50  iter 50/743  loss=0.2135  lr=5.03e-05
[01:57:49 INFO] Epoch 9/50  iter 100/743  loss=0.1474  lr=5.02e-05
[01:58:05 INFO] Epoch 9/50  iter 150/743  loss=0.2273  lr=5.02e-05
[01:58:19 INFO] Epoch 9/50  iter 200/743  loss=0.2724  lr=5.01e-05
[01:58:37 INFO] Epoch 9/50  iter 250/743  loss=0.1533  lr=5.00e-05
[01:58:52 INFO] Epoch 9/50  iter 300/743  loss=0.1151  lr=4.99e-05
[01:59:10 INFO] Epoch 9/50  iter 350/743  loss=0.1897  lr=4.98e-05
[01:59:25 INFO] Epoch 9/50  iter 400/743  loss=0.1773  lr=4.98e-05
[01:59:41 INFO] Epoch 9/50  iter 450/743  loss=0.2450  lr=4.97e-05
[01:59:55 INFO] Epoch 9/50  iter 500/743  loss=0.2203  lr=4.96e-05
[02:00:12 INFO] Epoch 9/50  iter 550/743  loss=0.1827  lr=4.95e-05
[02:00:25 INFO] Epoch 9/50  iter 600/743  loss=0.6979  lr=4.94e-05
[02:00:39 INFO] Epoch 9/50  iter 650/743  loss=0.1219  lr=4.93e-05
[02:00:58 INFO] Epoch 9/50  iter 700/743  loss=0.1229  lr=4.93e-05
[02:01:13 INFO] Epoch 9 complete — avg_loss=0.2301  time=236s
[02:01:28 INFO] Epoch 10/50  iter 50/743  loss=0.1398  lr=4.91e-05
[02:01:42 INFO] Epoch 10/50  iter 100/743  loss=0.4045  lr=4.90e-05
[02:01:59 INFO] Epoch 10/50  iter 150/743  loss=0.2518  lr=4.90e-05
[02:02:16 INFO] Epoch 10/50  iter 200/743  loss=0.0585  lr=4.89e-05
[02:02:31 INFO] Epoch 10/50  iter 250/743  loss=0.1546  lr=4.88e-05
[02:02:47 INFO] Epoch 10/50  iter 300/743  loss=0.0767  lr=4.87e-05
[02:03:03 INFO] Epoch 10/50  iter 350/743  loss=0.1963  lr=4.86e-05
[02:03:19 INFO] Epoch 10/50  iter 400/743  loss=0.8607  lr=4.86e-05
[02:03:33 INFO] Epoch 10/50  iter 450/743  loss=0.1373  lr=4.85e-05
[02:03:49 INFO] Epoch 10/50  iter 500/743  loss=0.3333  lr=4.84e-05
[02:04:03 INFO] Epoch 10/50  iter 550/743  loss=0.2649  lr=4.83e-05
[02:04:20 INFO] Epoch 10/50  iter 600/743  loss=0.2652  lr=4.82e-05
[02:04:39 INFO] Epoch 10/50  iter 650/743  loss=0.3650  lr=4.81e-05
[02:04:57 INFO] Epoch 10/50  iter 700/743  loss=0.1727  lr=4.81e-05
[02:05:10 INFO] Epoch 10 complete — avg_loss=0.2285  time=237s
[02:07:12 INFO]   val mIoU = 0.6787
[02:07:13 INFO]   ★ New best val mIoU: 0.6787
[02:07:30 INFO] Epoch 11/50  iter 50/743  loss=0.1618  lr=4.79e-05
[02:07:44 INFO] Epoch 11/50  iter 100/743  loss=0.0889  lr=4.78e-05
[02:08:00 INFO] Epoch 11/50  iter 150/743  loss=0.1150  lr=4.78e-05
[02:08:14 INFO] Epoch 11/50  iter 200/743  loss=0.1687  lr=4.77e-05
[02:08:29 INFO] Epoch 11/50  iter 250/743  loss=0.1543  lr=4.76e-05
[02:08:44 INFO] Epoch 11/50  iter 300/743  loss=0.1322  lr=4.75e-05
[02:08:58 INFO] Epoch 11/50  iter 350/743  loss=0.1607  lr=4.74e-05
[02:09:12 INFO] Epoch 11/50  iter 400/743  loss=0.0852  lr=4.74e-05
[02:09:25 INFO] Epoch 11/50  iter 450/743  loss=0.2008  lr=4.73e-05
[02:09:40 INFO] Epoch 11/50  iter 500/743  loss=0.2253  lr=4.72e-05
[02:09:55 INFO] Epoch 11/50  iter 550/743  loss=0.2201  lr=4.71e-05
[02:10:10 INFO] Epoch 11/50  iter 600/743  loss=0.1019  lr=4.70e-05
[02:10:27 INFO] Epoch 11/50  iter 650/743  loss=0.1676  lr=4.69e-05
[02:10:44 INFO] Epoch 11/50  iter 700/743  loss=0.8358  lr=4.69e-05
[02:10:57 INFO] Epoch 11 complete — avg_loss=0.2119  time=224s
[02:11:15 INFO] Epoch 12/50  iter 50/743  loss=0.1214  lr=4.67e-05
[02:11:28 INFO] Epoch 12/50  iter 100/743  loss=0.2232  lr=4.66e-05
[02:11:42 INFO] Epoch 12/50  iter 150/743  loss=0.2072  lr=4.66e-05
[02:11:56 INFO] Epoch 12/50  iter 200/743  loss=0.1064  lr=4.65e-05
[02:12:13 INFO] Epoch 12/50  iter 250/743  loss=0.2391  lr=4.64e-05
[02:12:27 INFO] Epoch 12/50  iter 300/743  loss=0.1874  lr=4.63e-05
[02:12:42 INFO] Epoch 12/50  iter 350/743  loss=0.6298  lr=4.62e-05
[02:12:57 INFO] Epoch 12/50  iter 400/743  loss=0.0851  lr=4.62e-05
[02:13:11 INFO] Epoch 12/50  iter 450/743  loss=0.1693  lr=4.61e-05
[02:13:26 INFO] Epoch 12/50  iter 500/743  loss=0.2333  lr=4.60e-05
[02:13:41 INFO] Epoch 12/50  iter 550/743  loss=0.0596  lr=4.59e-05
[02:13:58 INFO] Epoch 12/50  iter 600/743  loss=0.2598  lr=4.58e-05
[02:14:16 INFO] Epoch 12/50  iter 650/743  loss=0.1438  lr=4.57e-05
[02:14:30 INFO] Epoch 12/50  iter 700/743  loss=0.1135  lr=4.57e-05
[02:14:42 INFO] Epoch 12 complete — avg_loss=0.2107  time=225s
[02:14:59 INFO] Epoch 13/50  iter 50/743  loss=0.1822  lr=4.55e-05
[02:15:14 INFO] Epoch 13/50  iter 100/743  loss=0.5524  lr=4.54e-05
[02:15:30 INFO] Epoch 13/50  iter 150/743  loss=0.0652  lr=4.54e-05
[02:15:45 INFO] Epoch 13/50  iter 200/743  loss=0.1056  lr=4.53e-05
[02:16:03 INFO] Epoch 13/50  iter 250/743  loss=0.2117  lr=4.52e-05
[02:16:17 INFO] Epoch 13/50  iter 300/743  loss=0.1118  lr=4.51e-05
[02:16:32 INFO] Epoch 13/50  iter 350/743  loss=0.1296  lr=4.50e-05
[02:16:46 INFO] Epoch 13/50  iter 400/743  loss=0.2388  lr=4.50e-05
[02:17:00 INFO] Epoch 13/50  iter 450/743  loss=0.1919  lr=4.49e-05
[02:17:16 INFO] Epoch 13/50  iter 500/743  loss=0.1979  lr=4.48e-05
[02:17:29 INFO] Epoch 13/50  iter 550/743  loss=0.1467  lr=4.47e-05
[02:17:43 INFO] Epoch 13/50  iter 600/743  loss=0.1097  lr=4.46e-05
[02:17:57 INFO] Epoch 13/50  iter 650/743  loss=0.1385  lr=4.45e-05
[02:18:12 INFO] Epoch 13/50  iter 700/743  loss=0.4326  lr=4.45e-05
[02:18:26 INFO] Epoch 13 complete — avg_loss=0.2058  time=224s
[02:18:42 INFO] Epoch 14/50  iter 50/743  loss=0.2601  lr=4.43e-05
[02:18:59 INFO] Epoch 14/50  iter 100/743  loss=0.0994  lr=4.42e-05
[02:19:16 INFO] Epoch 14/50  iter 150/743  loss=0.2256  lr=4.42e-05
[02:19:31 INFO] Epoch 14/50  iter 200/743  loss=0.0996  lr=4.41e-05
[02:19:46 INFO] Epoch 14/50  iter 250/743  loss=0.1518  lr=4.40e-05
[02:20:00 INFO] Epoch 14/50  iter 300/743  loss=0.3044  lr=4.39e-05
[02:20:15 INFO] Epoch 14/50  iter 350/743  loss=0.2111  lr=4.38e-05
[02:20:30 INFO] Epoch 14/50  iter 400/743  loss=0.1474  lr=4.38e-05
[02:20:46 INFO] Epoch 14/50  iter 450/743  loss=0.1137  lr=4.37e-05
[02:20:59 INFO] Epoch 14/50  iter 500/743  loss=0.1562  lr=4.36e-05
[02:21:15 INFO] Epoch 14/50  iter 550/743  loss=0.1841  lr=4.35e-05
[02:21:29 INFO] Epoch 14/50  iter 600/743  loss=0.1199  lr=4.34e-05
[02:21:44 INFO] Epoch 14/50  iter 650/743  loss=0.3215  lr=4.33e-05
[02:22:01 INFO] Epoch 14/50  iter 700/743  loss=0.1465  lr=4.33e-05
[02:22:14 INFO] Epoch 14 complete — avg_loss=0.1918  time=227s
[02:22:31 INFO] Epoch 15/50  iter 50/743  loss=0.1601  lr=4.31e-05
[02:22:46 INFO] Epoch 15/50  iter 100/743  loss=0.1027  lr=4.30e-05
[02:23:01 INFO] Epoch 15/50  iter 150/743  loss=0.1195  lr=4.30e-05
[02:23:16 INFO] Epoch 15/50  iter 200/743  loss=0.2353  lr=4.29e-05
[02:23:32 INFO] Epoch 15/50  iter 250/743  loss=0.0873  lr=4.28e-05
[02:23:46 INFO] Epoch 15/50  iter 300/743  loss=0.0686  lr=4.27e-05
[02:24:00 INFO] Epoch 15/50  iter 350/743  loss=0.1616  lr=4.26e-05
[02:24:16 INFO] Epoch 15/50  iter 400/743  loss=0.1866  lr=4.26e-05
[02:24:31 INFO] Epoch 15/50  iter 450/743  loss=0.1249  lr=4.25e-05
[02:24:45 INFO] Epoch 15/50  iter 500/743  loss=0.1467  lr=4.24e-05
[02:25:00 INFO] Epoch 15/50  iter 550/743  loss=0.1421  lr=4.23e-05
[02:25:14 INFO] Epoch 15/50  iter 600/743  loss=0.1459  lr=4.22e-05
[02:25:29 INFO] Epoch 15/50  iter 650/743  loss=0.0934  lr=4.21e-05
[02:25:44 INFO] Epoch 15/50  iter 700/743  loss=0.2746  lr=4.21e-05
[02:25:57 INFO] Epoch 15 complete — avg_loss=0.1992  time=223s
[02:28:00 INFO]   val mIoU = 0.7147
[02:28:00 INFO]   ★ New best val mIoU: 0.7147
[02:28:16 INFO] Epoch 16/50  iter 50/743  loss=0.1308  lr=4.19e-05
[02:28:31 INFO] Epoch 16/50  iter 100/743  loss=0.1605  lr=4.18e-05
[02:28:45 INFO] Epoch 16/50  iter 150/743  loss=0.0760  lr=4.18e-05
[02:28:59 INFO] Epoch 16/50  iter 200/743  loss=0.2762  lr=4.17e-05
[02:29:16 INFO] Epoch 16/50  iter 250/743  loss=0.4378  lr=4.16e-05
[02:29:31 INFO] Epoch 16/50  iter 300/743  loss=0.0504  lr=4.15e-05
[02:29:45 INFO] Epoch 16/50  iter 350/743  loss=0.3926  lr=4.14e-05
[02:30:00 INFO] Epoch 16/50  iter 400/743  loss=0.0780  lr=4.14e-05
[02:30:15 INFO] Epoch 16/50  iter 450/743  loss=0.3012  lr=4.13e-05
[02:30:29 INFO] Epoch 16/50  iter 500/743  loss=0.1489  lr=4.12e-05
[02:30:44 INFO] Epoch 16/50  iter 550/743  loss=0.2025  lr=4.11e-05
[02:30:59 INFO] Epoch 16/50  iter 600/743  loss=0.0904  lr=4.10e-05
[02:31:15 INFO] Epoch 16/50  iter 650/743  loss=0.1597  lr=4.09e-05
[02:31:28 INFO] Epoch 16/50  iter 700/743  loss=0.0466  lr=4.09e-05
[02:31:41 INFO] Epoch 16 complete — avg_loss=0.1982  time=221s
[02:32:01 INFO] Epoch 17/50  iter 50/743  loss=0.0744  lr=4.07e-05
[02:32:15 INFO] Epoch 17/50  iter 100/743  loss=0.1798  lr=4.06e-05
[02:32:29 INFO] Epoch 17/50  iter 150/743  loss=0.1928  lr=4.06e-05
[02:32:44 INFO] Epoch 17/50  iter 200/743  loss=0.2082  lr=4.05e-05
[02:33:00 INFO] Epoch 17/50  iter 250/743  loss=0.1307  lr=4.04e-05
[02:33:17 INFO] Epoch 17/50  iter 300/743  loss=0.0976  lr=4.03e-05
[02:33:32 INFO] Epoch 17/50  iter 350/743  loss=0.1596  lr=4.02e-05
[02:33:48 INFO] Epoch 17/50  iter 400/743  loss=0.1086  lr=4.02e-05
[02:34:03 INFO] Epoch 17/50  iter 450/743  loss=0.1716  lr=4.01e-05
[02:34:17 INFO] Epoch 17/50  iter 500/743  loss=0.1247  lr=4.00e-05
[02:34:32 INFO] Epoch 17/50  iter 550/743  loss=0.2482  lr=3.99e-05
[02:34:48 INFO] Epoch 17/50  iter 600/743  loss=0.1611  lr=3.98e-05
[02:35:03 INFO] Epoch 17/50  iter 650/743  loss=0.1465  lr=3.97e-05
[02:35:16 INFO] Epoch 17/50  iter 700/743  loss=0.2194  lr=3.97e-05
[02:35:30 INFO] Epoch 17 complete — avg_loss=0.1908  time=228s
[02:35:45 INFO] Epoch 18/50  iter 50/743  loss=0.1478  lr=3.95e-05
[02:36:01 INFO] Epoch 18/50  iter 100/743  loss=0.1531  lr=3.94e-05
[02:36:16 INFO] Epoch 18/50  iter 150/743  loss=0.1645  lr=3.94e-05
[02:36:32 INFO] Epoch 18/50  iter 200/743  loss=0.0648  lr=3.93e-05
[02:36:46 INFO] Epoch 18/50  iter 250/743  loss=0.2000  lr=3.92e-05
[02:37:01 INFO] Epoch 18/50  iter 300/743  loss=0.1077  lr=3.91e-05
[02:37:15 INFO] Epoch 18/50  iter 350/743  loss=0.3175  lr=3.90e-05
[02:37:30 INFO] Epoch 18/50  iter 400/743  loss=0.1594  lr=3.90e-05
[02:37:44 INFO] Epoch 18/50  iter 450/743  loss=0.2288  lr=3.89e-05
[02:38:01 INFO] Epoch 18/50  iter 500/743  loss=0.1054  lr=3.88e-05
[02:38:17 INFO] Epoch 18/50  iter 550/743  loss=0.1408  lr=3.87e-05
[02:38:32 INFO] Epoch 18/50  iter 600/743  loss=0.1208  lr=3.86e-05
[02:38:49 INFO] Epoch 18/50  iter 650/743  loss=0.3097  lr=3.85e-05
[02:39:04 INFO] Epoch 18/50  iter 700/743  loss=0.0996  lr=3.85e-05
[02:39:18 INFO] Epoch 18 complete — avg_loss=0.1906  time=228s
[02:39:34 INFO] Epoch 19/50  iter 50/743  loss=0.3201  lr=3.83e-05
[02:39:49 INFO] Epoch 19/50  iter 100/743  loss=0.2625  lr=3.82e-05
[02:40:05 INFO] Epoch 19/50  iter 150/743  loss=0.1518  lr=3.82e-05
[02:40:19 INFO] Epoch 19/50  iter 200/743  loss=0.0849  lr=3.81e-05
[02:40:36 INFO] Epoch 19/50  iter 250/743  loss=0.2217  lr=3.80e-05
[02:40:51 INFO] Epoch 19/50  iter 300/743  loss=0.1860  lr=3.79e-05
[02:41:07 INFO] Epoch 19/50  iter 350/743  loss=0.1920  lr=3.78e-05
[02:41:23 INFO] Epoch 19/50  iter 400/743  loss=0.4673  lr=3.78e-05
[02:41:40 INFO] Epoch 19/50  iter 450/743  loss=0.0518  lr=3.77e-05
[02:41:54 INFO] Epoch 19/50  iter 500/743  loss=0.2266  lr=3.76e-05
[02:42:09 INFO] Epoch 19/50  iter 550/743  loss=0.1143  lr=3.75e-05
[02:42:25 INFO] Epoch 19/50  iter 600/743  loss=0.2237  lr=3.74e-05
[02:42:42 INFO] Epoch 19/50  iter 650/743  loss=0.1073  lr=3.73e-05
[02:42:58 INFO] Epoch 19/50  iter 700/743  loss=0.1770  lr=3.73e-05
[02:43:11 INFO] Epoch 19 complete — avg_loss=0.1867  time=233s
[02:43:31 INFO] Epoch 20/50  iter 50/743  loss=0.1693  lr=3.71e-05
[02:43:47 INFO] Epoch 20/50  iter 100/743  loss=0.1074  lr=3.70e-05
[02:44:01 INFO] Epoch 20/50  iter 150/743  loss=0.0372  lr=3.70e-05
[02:44:16 INFO] Epoch 20/50  iter 200/743  loss=0.0694  lr=3.69e-05
[02:44:30 INFO] Epoch 20/50  iter 250/743  loss=0.1420  lr=3.68e-05
[02:44:44 INFO] Epoch 20/50  iter 300/743  loss=0.0901  lr=3.67e-05
[02:45:00 INFO] Epoch 20/50  iter 350/743  loss=0.2209  lr=3.66e-05
[02:45:16 INFO] Epoch 20/50  iter 400/743  loss=0.0814  lr=3.66e-05
[02:45:32 INFO] Epoch 20/50  iter 450/743  loss=0.1165  lr=3.65e-05
[02:45:47 INFO] Epoch 20/50  iter 500/743  loss=0.1068  lr=3.64e-05
[02:46:03 INFO] Epoch 20/50  iter 550/743  loss=0.1913  lr=3.63e-05
[02:46:17 INFO] Epoch 20/50  iter 600/743  loss=0.0772  lr=3.62e-05
[02:46:32 INFO] Epoch 20/50  iter 650/743  loss=0.1980  lr=3.61e-05
[02:46:47 INFO] Epoch 20/50  iter 700/743  loss=0.2144  lr=3.61e-05
[02:46:59 INFO] Epoch 20 complete — avg_loss=0.1754  time=227s
[02:48:59 INFO]   val mIoU = 0.7325
[02:49:00 INFO]   ★ New best val mIoU: 0.7325
[02:49:16 INFO] Epoch 21/50  iter 50/743  loss=0.1030  lr=3.59e-05
[02:49:32 INFO] Epoch 21/50  iter 100/743  loss=0.3488  lr=3.58e-05
[02:49:47 INFO] Epoch 21/50  iter 150/743  loss=0.1641  lr=3.58e-05
[02:50:05 INFO] Epoch 21/50  iter 200/743  loss=0.0657  lr=3.57e-05
[02:50:20 INFO] Epoch 21/50  iter 250/743  loss=0.1471  lr=3.56e-05
[02:50:35 INFO] Epoch 21/50  iter 300/743  loss=0.1567  lr=3.55e-05
[02:50:51 INFO] Epoch 21/50  iter 350/743  loss=0.1783  lr=3.54e-05
[02:51:05 INFO] Epoch 21/50  iter 400/743  loss=0.1638  lr=3.54e-05
[02:51:20 INFO] Epoch 21/50  iter 450/743  loss=0.2655  lr=3.53e-05
[02:51:34 INFO] Epoch 21/50  iter 500/743  loss=0.1523  lr=3.52e-05
[02:51:50 INFO] Epoch 21/50  iter 550/743  loss=0.1342  lr=3.51e-05
[02:52:06 INFO] Epoch 21/50  iter 600/743  loss=0.1446  lr=3.50e-05
[02:52:20 INFO] Epoch 21/50  iter 650/743  loss=0.2080  lr=3.49e-05
[02:52:34 INFO] Epoch 21/50  iter 700/743  loss=0.1673  lr=3.49e-05
[02:52:47 INFO] Epoch 21 complete — avg_loss=0.1776  time=226s
[02:53:04 INFO] Epoch 22/50  iter 50/743  loss=0.1334  lr=3.47e-05
[02:53:18 INFO] Epoch 22/50  iter 100/743  loss=0.3178  lr=3.46e-05
[02:53:32 INFO] Epoch 22/50  iter 150/743  loss=0.1583  lr=3.46e-05
[02:53:47 INFO] Epoch 22/50  iter 200/743  loss=0.1347  lr=3.45e-05
[02:54:03 INFO] Epoch 22/50  iter 250/743  loss=0.0798  lr=3.44e-05
[02:54:20 INFO] Epoch 22/50  iter 300/743  loss=0.1433  lr=3.43e-05
[02:54:34 INFO] Epoch 22/50  iter 350/743  loss=0.1377  lr=3.42e-05
[02:54:48 INFO] Epoch 22/50  iter 400/743  loss=0.2065  lr=3.42e-05
[02:55:02 INFO] Epoch 22/50  iter 450/743  loss=0.1621  lr=3.41e-05
[02:55:17 INFO] Epoch 22/50  iter 500/743  loss=0.1732  lr=3.40e-05
[02:55:33 INFO] Epoch 22/50  iter 550/743  loss=0.2379  lr=3.39e-05
[02:55:48 INFO] Epoch 22/50  iter 600/743  loss=0.1059  lr=3.38e-05
[02:56:04 INFO] Epoch 22/50  iter 650/743  loss=0.3121  lr=3.37e-05
[02:56:19 INFO] Epoch 22/50  iter 700/743  loss=0.2021  lr=3.37e-05
[02:56:34 INFO] Epoch 22 complete — avg_loss=0.1797  time=227s
[02:56:50 INFO] Epoch 23/50  iter 50/743  loss=0.0649  lr=3.35e-05
[02:57:05 INFO] Epoch 23/50  iter 100/743  loss=0.4872  lr=3.34e-05
[02:57:21 INFO] Epoch 23/50  iter 150/743  loss=0.1287  lr=3.34e-05
[02:57:36 INFO] Epoch 23/50  iter 200/743  loss=0.0776  lr=3.33e-05
[02:57:52 INFO] Epoch 23/50  iter 250/743  loss=0.1501  lr=3.32e-05
[02:58:06 INFO] Epoch 23/50  iter 300/743  loss=0.3495  lr=3.31e-05
[02:58:21 INFO] Epoch 23/50  iter 350/743  loss=0.2420  lr=3.30e-05
[02:58:36 INFO] Epoch 23/50  iter 400/743  loss=0.1082  lr=3.30e-05
[02:58:52 INFO] Epoch 23/50  iter 450/743  loss=0.1276  lr=3.29e-05
[02:59:08 INFO] Epoch 23/50  iter 500/743  loss=0.1762  lr=3.28e-05
[02:59:23 INFO] Epoch 23/50  iter 550/743  loss=0.3042  lr=3.27e-05
[02:59:36 INFO] Epoch 23/50  iter 600/743  loss=0.1691  lr=3.26e-05
[02:59:51 INFO] Epoch 23/50  iter 650/743  loss=0.0981  lr=3.25e-05
[03:00:07 INFO] Epoch 23/50  iter 700/743  loss=0.1111  lr=3.25e-05
[03:00:20 INFO] Epoch 23 complete — avg_loss=0.1701  time=226s
[03:00:37 INFO] Epoch 24/50  iter 50/743  loss=0.1213  lr=3.23e-05
[03:00:52 INFO] Epoch 24/50  iter 100/743  loss=0.1762  lr=3.22e-05
[03:01:07 INFO] Epoch 24/50  iter 150/743  loss=0.1876  lr=3.22e-05
[03:01:23 INFO] Epoch 24/50  iter 200/743  loss=0.0868  lr=3.21e-05
[03:01:38 INFO] Epoch 24/50  iter 250/743  loss=0.1074  lr=3.20e-05
[03:01:55 INFO] Epoch 24/50  iter 300/743  loss=0.1585  lr=3.19e-05
[03:02:09 INFO] Epoch 24/50  iter 350/743  loss=0.1012  lr=3.18e-05
[03:02:23 INFO] Epoch 24/50  iter 400/743  loss=0.2013  lr=3.18e-05
[03:02:38 INFO] Epoch 24/50  iter 450/743  loss=0.4479  lr=3.17e-05
[03:02:52 INFO] Epoch 24/50  iter 500/743  loss=0.0806  lr=3.16e-05
[03:03:07 INFO] Epoch 24/50  iter 550/743  loss=0.2294  lr=3.15e-05
[03:03:21 INFO] Epoch 24/50  iter 600/743  loss=0.1382  lr=3.14e-05
[03:03:34 INFO] Epoch 24/50  iter 650/743  loss=0.1033  lr=3.13e-05
[03:03:49 INFO] Epoch 24/50  iter 700/743  loss=0.1221  lr=3.13e-05
[03:04:02 INFO] Epoch 24 complete — avg_loss=0.1711  time=222s
[03:04:20 INFO] Epoch 25/50  iter 50/743  loss=0.1406  lr=3.11e-05
[03:04:36 INFO] Epoch 25/50  iter 100/743  loss=0.1184  lr=3.10e-05
[03:04:50 INFO] Epoch 25/50  iter 150/743  loss=0.1724  lr=3.10e-05
[03:05:04 INFO] Epoch 25/50  iter 200/743  loss=0.1733  lr=3.09e-05
[03:05:20 INFO] Epoch 25/50  iter 250/743  loss=0.1286  lr=3.08e-05
[03:05:35 INFO] Epoch 25/50  iter 300/743  loss=0.1426  lr=3.07e-05
[03:05:50 INFO] Epoch 25/50  iter 350/743  loss=0.1358  lr=3.06e-05
[03:06:05 INFO] Epoch 25/50  iter 400/743  loss=0.0609  lr=3.06e-05
[03:06:19 INFO] Epoch 25/50  iter 450/743  loss=0.4730  lr=3.05e-05
[03:06:34 INFO] Epoch 25/50  iter 500/743  loss=0.1278  lr=3.04e-05
[03:06:49 INFO] Epoch 25/50  iter 550/743  loss=0.1028  lr=3.03e-05
[03:07:03 INFO] Epoch 25/50  iter 600/743  loss=0.1731  lr=3.02e-05
[03:07:16 INFO] Epoch 25/50  iter 650/743  loss=0.0738  lr=3.01e-05
[03:07:30 INFO] Epoch 25/50  iter 700/743  loss=0.1682  lr=3.01e-05
[03:07:43 INFO] Epoch 25 complete — avg_loss=0.1630  time=221s
[03:09:47 INFO]   val mIoU = 0.7376
[03:09:47 INFO]   ★ New best val mIoU: 0.7376
[03:10:03 INFO] Epoch 26/50  iter 50/743  loss=0.1932  lr=2.99e-05
[03:10:16 INFO] Epoch 26/50  iter 100/743  loss=0.1187  lr=2.98e-05
[03:10:33 INFO] Epoch 26/50  iter 150/743  loss=0.1494  lr=2.98e-05
[03:10:47 INFO] Epoch 26/50  iter 200/743  loss=0.1885  lr=2.97e-05
[03:11:01 INFO] Epoch 26/50  iter 250/743  loss=0.2331  lr=2.96e-05
[03:11:16 INFO] Epoch 26/50  iter 300/743  loss=0.2096  lr=2.95e-05
[03:11:32 INFO] Epoch 26/50  iter 350/743  loss=0.1142  lr=2.94e-05
[03:11:47 INFO] Epoch 26/50  iter 400/743  loss=0.2395  lr=2.94e-05
[03:12:02 INFO] Epoch 26/50  iter 450/743  loss=0.0293  lr=2.93e-05
[03:12:16 INFO] Epoch 26/50  iter 500/743  loss=0.1600  lr=2.92e-05
[03:12:32 INFO] Epoch 26/50  iter 550/743  loss=0.1810  lr=2.91e-05
[03:12:47 INFO] Epoch 26/50  iter 600/743  loss=0.1999  lr=2.90e-05
[03:13:05 INFO] Epoch 26/50  iter 650/743  loss=0.1516  lr=2.89e-05
[03:13:20 INFO] Epoch 26/50  iter 700/743  loss=0.1601  lr=2.89e-05
[03:13:33 INFO] Epoch 26 complete — avg_loss=0.1694  time=225s
[03:13:50 INFO] Epoch 27/50  iter 50/743  loss=0.0997  lr=2.87e-05
[03:14:05 INFO] Epoch 27/50  iter 100/743  loss=0.1202  lr=2.86e-05
[03:14:20 INFO] Epoch 27/50  iter 150/743  loss=0.1508  lr=2.86e-05
[03:14:35 INFO] Epoch 27/50  iter 200/743  loss=0.1888  lr=2.85e-05
[03:14:49 INFO] Epoch 27/50  iter 250/743  loss=0.1958  lr=2.84e-05
[03:15:03 INFO] Epoch 27/50  iter 300/743  loss=0.1866  lr=2.83e-05
[03:15:18 INFO] Epoch 27/50  iter 350/743  loss=0.1429  lr=2.82e-05
[03:15:36 INFO] Epoch 27/50  iter 400/743  loss=0.1173  lr=2.82e-05
[03:15:51 INFO] Epoch 27/50  iter 450/743  loss=0.0866  lr=2.81e-05
[03:16:06 INFO] Epoch 27/50  iter 500/743  loss=0.1780  lr=2.80e-05
[03:16:23 INFO] Epoch 27/50  iter 550/743  loss=0.1486  lr=2.79e-05
[03:16:42 INFO] Epoch 27/50  iter 600/743  loss=0.1420  lr=2.78e-05
[03:16:57 INFO] Epoch 27/50  iter 650/743  loss=0.1515  lr=2.77e-05
[03:17:13 INFO] Epoch 27/50  iter 700/743  loss=0.1388  lr=2.77e-05
[03:17:26 INFO] Epoch 27 complete — avg_loss=0.1708  time=232s
[03:17:44 INFO] Epoch 28/50  iter 50/743  loss=0.1178  lr=2.75e-05
[03:17:57 INFO] Epoch 28/50  iter 100/743  loss=0.1287  lr=2.74e-05
[03:18:11 INFO] Epoch 28/50  iter 150/743  loss=0.1019  lr=2.74e-05
[03:18:25 INFO] Epoch 28/50  iter 200/743  loss=0.0894  lr=2.73e-05
[03:18:41 INFO] Epoch 28/50  iter 250/743  loss=0.1680  lr=2.72e-05
[03:18:55 INFO] Epoch 28/50  iter 300/743  loss=0.2127  lr=2.71e-05
[03:19:11 INFO] Epoch 28/50  iter 350/743  loss=0.1846  lr=2.70e-05
[03:19:25 INFO] Epoch 28/50  iter 400/743  loss=0.1089  lr=2.70e-05
[03:19:40 INFO] Epoch 28/50  iter 450/743  loss=0.2656  lr=2.69e-05
[03:19:55 INFO] Epoch 28/50  iter 500/743  loss=0.1088  lr=2.68e-05
[03:20:10 INFO] Epoch 28/50  iter 550/743  loss=0.3144  lr=2.67e-05
[03:20:25 INFO] Epoch 28/50  iter 600/743  loss=0.2087  lr=2.66e-05
[03:20:40 INFO] Epoch 28/50  iter 650/743  loss=0.0737  lr=2.65e-05
[03:20:56 INFO] Epoch 28/50  iter 700/743  loss=0.1892  lr=2.65e-05
[03:21:10 INFO] Epoch 28 complete — avg_loss=0.1618  time=224s
[03:21:27 INFO] Epoch 29/50  iter 50/743  loss=0.1020  lr=2.63e-05
[03:21:42 INFO] Epoch 29/50  iter 100/743  loss=0.2666  lr=2.62e-05
[03:21:59 INFO] Epoch 29/50  iter 150/743  loss=0.0964  lr=2.62e-05
[03:22:14 INFO] Epoch 29/50  iter 200/743  loss=0.1932  lr=2.61e-05
[03:22:32 INFO] Epoch 29/50  iter 250/743  loss=0.0925  lr=2.60e-05
[03:22:49 INFO] Epoch 29/50  iter 300/743  loss=0.0861  lr=2.59e-05
[03:23:03 INFO] Epoch 29/50  iter 350/743  loss=0.1365  lr=2.58e-05
[03:23:18 INFO] Epoch 29/50  iter 400/743  loss=0.1157  lr=2.58e-05
[03:23:36 INFO] Epoch 29/50  iter 450/743  loss=0.1722  lr=2.57e-05
[03:23:50 INFO] Epoch 29/50  iter 500/743  loss=0.0785  lr=2.56e-05
[03:24:04 INFO] Epoch 29/50  iter 550/743  loss=0.1344  lr=2.55e-05
[03:24:18 INFO] Epoch 29/50  iter 600/743  loss=0.0603  lr=2.54e-05
[03:24:33 INFO] Epoch 29/50  iter 650/743  loss=0.0388  lr=2.53e-05
[03:24:47 INFO] Epoch 29/50  iter 700/743  loss=0.0708  lr=2.53e-05
[03:25:00 INFO] Epoch 29 complete — avg_loss=0.1602  time=230s
[03:25:18 INFO] Epoch 30/50  iter 50/743  loss=0.1062  lr=2.51e-05
[03:25:34 INFO] Epoch 30/50  iter 100/743  loss=0.1132  lr=2.50e-05
[03:25:49 INFO] Epoch 30/50  iter 150/743  loss=0.1292  lr=2.50e-05
[03:26:05 INFO] Epoch 30/50  iter 200/743  loss=0.1958  lr=2.49e-05
[03:26:20 INFO] Epoch 30/50  iter 250/743  loss=0.1114  lr=2.48e-05
[03:26:35 INFO] Epoch 30/50  iter 300/743  loss=0.1153  lr=2.47e-05
[03:26:50 INFO] Epoch 30/50  iter 350/743  loss=0.0593  lr=2.46e-05
[03:27:08 INFO] Epoch 30/50  iter 400/743  loss=0.1882  lr=2.46e-05
[03:27:23 INFO] Epoch 30/50  iter 450/743  loss=0.1357  lr=2.45e-05
[03:27:38 INFO] Epoch 30/50  iter 500/743  loss=0.1584  lr=2.44e-05
[03:27:54 INFO] Epoch 30/50  iter 550/743  loss=0.1867  lr=2.43e-05
[03:28:12 INFO] Epoch 30/50  iter 600/743  loss=0.2076  lr=2.42e-05
[03:28:29 INFO] Epoch 30/50  iter 650/743  loss=0.2040  lr=2.41e-05
[03:28:43 INFO] Epoch 30/50  iter 700/743  loss=0.0907  lr=2.41e-05
[03:28:56 INFO] Epoch 30 complete — avg_loss=0.1585  time=236s
[03:30:57 INFO]   val mIoU = 0.7475
[03:30:58 INFO]   ★ New best val mIoU: 0.7475
[03:31:15 INFO] Epoch 31/50  iter 50/743  loss=0.2101  lr=2.39e-05
[03:31:30 INFO] Epoch 31/50  iter 100/743  loss=0.1985  lr=2.38e-05
[03:31:44 INFO] Epoch 31/50  iter 150/743  loss=0.3291  lr=2.38e-05
[03:31:59 INFO] Epoch 31/50  iter 200/743  loss=0.0536  lr=2.37e-05
[03:32:13 INFO] Epoch 31/50  iter 250/743  loss=0.0988  lr=2.36e-05
[03:32:31 INFO] Epoch 31/50  iter 300/743  loss=0.3050  lr=2.35e-05
[03:32:45 INFO] Epoch 31/50  iter 350/743  loss=0.1403  lr=2.34e-05
[03:33:01 INFO] Epoch 31/50  iter 400/743  loss=0.1280  lr=2.34e-05
[03:33:16 INFO] Epoch 31/50  iter 450/743  loss=0.0963  lr=2.33e-05
[03:33:30 INFO] Epoch 31/50  iter 500/743  loss=0.1237  lr=2.32e-05
[03:33:44 INFO] Epoch 31/50  iter 550/743  loss=0.1532  lr=2.31e-05
[03:33:59 INFO] Epoch 31/50  iter 600/743  loss=0.1004  lr=2.30e-05
[03:34:12 INFO] Epoch 31/50  iter 650/743  loss=0.1206  lr=2.29e-05
[03:34:27 INFO] Epoch 31/50  iter 700/743  loss=0.1651  lr=2.29e-05
[03:34:41 INFO] Epoch 31 complete — avg_loss=0.1499  time=222s
[03:34:58 INFO] Epoch 32/50  iter 50/743  loss=0.3821  lr=2.27e-05
[03:35:14 INFO] Epoch 32/50  iter 100/743  loss=0.2269  lr=2.26e-05
[03:35:32 INFO] Epoch 32/50  iter 150/743  loss=0.0388  lr=2.26e-05
[03:35:51 INFO] Epoch 32/50  iter 200/743  loss=0.1693  lr=2.25e-05
[03:36:08 INFO] Epoch 32/50  iter 250/743  loss=0.1735  lr=2.24e-05
[03:36:22 INFO] Epoch 32/50  iter 300/743  loss=0.1684  lr=2.23e-05
[03:36:38 INFO] Epoch 32/50  iter 350/743  loss=0.3485  lr=2.22e-05
[03:36:56 INFO] Epoch 32/50  iter 400/743  loss=0.1115  lr=2.22e-05
[03:37:11 INFO] Epoch 32/50  iter 450/743  loss=0.0777  lr=2.21e-05
[03:37:27 INFO] Epoch 32/50  iter 500/743  loss=0.1815  lr=2.20e-05
[03:37:42 INFO] Epoch 32/50  iter 550/743  loss=0.1030  lr=2.19e-05
[03:37:57 INFO] Epoch 32/50  iter 600/743  loss=0.1582  lr=2.18e-05
[03:38:11 INFO] Epoch 32/50  iter 650/743  loss=0.1064  lr=2.17e-05
[03:38:26 INFO] Epoch 32/50  iter 700/743  loss=0.1635  lr=2.17e-05
[03:38:39 INFO] Epoch 32 complete — avg_loss=0.1508  time=238s
[03:38:57 INFO] Epoch 33/50  iter 50/743  loss=0.2955  lr=2.15e-05
[03:39:14 INFO] Epoch 33/50  iter 100/743  loss=0.2410  lr=2.14e-05
[03:39:31 INFO] Epoch 33/50  iter 150/743  loss=0.1741  lr=2.14e-05
[03:39:48 INFO] Epoch 33/50  iter 200/743  loss=0.0524  lr=2.13e-05
[03:40:05 INFO] Epoch 33/50  iter 250/743  loss=0.1197  lr=2.12e-05
[03:40:20 INFO] Epoch 33/50  iter 300/743  loss=0.0944  lr=2.11e-05
[03:40:36 INFO] Epoch 33/50  iter 350/743  loss=1.5687  lr=2.10e-05
[03:40:51 INFO] Epoch 33/50  iter 400/743  loss=0.2334  lr=2.10e-05
[03:41:05 INFO] Epoch 33/50  iter 450/743  loss=0.0765  lr=2.09e-05
[03:41:19 INFO] Epoch 33/50  iter 500/743  loss=0.0275  lr=2.08e-05
[03:41:33 INFO] Epoch 33/50  iter 550/743  loss=0.1032  lr=2.07e-05
[03:41:48 INFO] Epoch 33/50  iter 600/743  loss=0.0897  lr=2.06e-05
[03:42:04 INFO] Epoch 33/50  iter 650/743  loss=0.1392  lr=2.05e-05
[03:42:19 INFO] Epoch 33/50  iter 700/743  loss=0.1245  lr=2.05e-05
[03:42:34 INFO] Epoch 33 complete — avg_loss=0.1518  time=234s
[03:42:50 INFO] Epoch 34/50  iter 50/743  loss=0.1225  lr=2.03e-05
[03:43:05 INFO] Epoch 34/50  iter 100/743  loss=0.1107  lr=2.02e-05
[03:43:20 INFO] Epoch 34/50  iter 150/743  loss=0.2178  lr=2.02e-05
[03:43:35 INFO] Epoch 34/50  iter 200/743  loss=0.1094  lr=2.01e-05
[03:43:51 INFO] Epoch 34/50  iter 250/743  loss=0.0970  lr=2.00e-05
[03:44:05 INFO] Epoch 34/50  iter 300/743  loss=0.1713  lr=1.99e-05
[03:44:21 INFO] Epoch 34/50  iter 350/743  loss=0.1919  lr=1.98e-05
[03:44:38 INFO] Epoch 34/50  iter 400/743  loss=0.1971  lr=1.98e-05
[03:44:53 INFO] Epoch 34/50  iter 450/743  loss=0.2363  lr=1.97e-05
[03:45:08 INFO] Epoch 34/50  iter 500/743  loss=0.0671  lr=1.96e-05
[03:45:24 INFO] Epoch 34/50  iter 550/743  loss=0.1172  lr=1.95e-05
[03:45:38 INFO] Epoch 34/50  iter 600/743  loss=0.6242  lr=1.94e-05
[03:45:54 INFO] Epoch 34/50  iter 650/743  loss=0.1361  lr=1.93e-05
[03:46:14 INFO] Epoch 34/50  iter 700/743  loss=0.0796  lr=1.93e-05
[03:46:26 INFO] Epoch 34 complete — avg_loss=0.1573  time=232s
[03:46:43 INFO] Epoch 35/50  iter 50/743  loss=0.2092  lr=1.91e-05
[03:47:00 INFO] Epoch 35/50  iter 100/743  loss=0.2135  lr=1.90e-05
[03:47:16 INFO] Epoch 35/50  iter 150/743  loss=0.1921  lr=1.90e-05
[03:47:30 INFO] Epoch 35/50  iter 200/743  loss=0.1719  lr=1.89e-05
[03:47:45 INFO] Epoch 35/50  iter 250/743  loss=0.2419  lr=1.88e-05
[03:48:00 INFO] Epoch 35/50  iter 300/743  loss=0.1865  lr=1.87e-05
[03:48:14 INFO] Epoch 35/50  iter 350/743  loss=0.0391  lr=1.86e-05
[03:48:29 INFO] Epoch 35/50  iter 400/743  loss=0.1428  lr=1.86e-05
[03:48:43 INFO] Epoch 35/50  iter 450/743  loss=0.1438  lr=1.85e-05
[03:48:57 INFO] Epoch 35/50  iter 500/743  loss=0.0999  lr=1.84e-05
[03:49:11 INFO] Epoch 35/50  iter 550/743  loss=0.1769  lr=1.83e-05
[03:49:26 INFO] Epoch 35/50  iter 600/743  loss=0.1285  lr=1.82e-05
[03:49:41 INFO] Epoch 35/50  iter 650/743  loss=0.1006  lr=1.81e-05
[03:49:56 INFO] Epoch 35/50  iter 700/743  loss=0.0459  lr=1.81e-05
[03:50:09 INFO] Epoch 35 complete — avg_loss=0.1499  time=222s
[03:52:12 INFO]   val mIoU = 0.7555
[03:52:13 INFO]   ★ New best val mIoU: 0.7555
[03:52:30 INFO] Epoch 36/50  iter 50/743  loss=0.0671  lr=1.79e-05
[03:52:45 INFO] Epoch 36/50  iter 100/743  loss=0.1808  lr=1.78e-05
[03:53:00 INFO] Epoch 36/50  iter 150/743  loss=0.1692  lr=1.78e-05
[03:53:16 INFO] Epoch 36/50  iter 200/743  loss=0.1150  lr=1.77e-05
[03:53:29 INFO] Epoch 36/50  iter 250/743  loss=0.0515  lr=1.76e-05
[03:53:45 INFO] Epoch 36/50  iter 300/743  loss=0.1570  lr=1.75e-05
[03:53:58 INFO] Epoch 36/50  iter 350/743  loss=0.0266  lr=1.74e-05
[03:54:13 INFO] Epoch 36/50  iter 400/743  loss=0.0918  lr=1.74e-05
[03:54:28 INFO] Epoch 36/50  iter 450/743  loss=0.1884  lr=1.73e-05
[03:54:44 INFO] Epoch 36/50  iter 500/743  loss=0.1743  lr=1.72e-05
[03:54:59 INFO] Epoch 36/50  iter 550/743  loss=0.0409  lr=1.71e-05
[03:55:13 INFO] Epoch 36/50  iter 600/743  loss=0.0986  lr=1.70e-05
[03:55:27 INFO] Epoch 36/50  iter 650/743  loss=0.0648  lr=1.69e-05
[03:55:43 INFO] Epoch 36/50  iter 700/743  loss=0.1842  lr=1.69e-05
[03:55:55 INFO] Epoch 36 complete — avg_loss=0.1488  time=222s
[03:56:12 INFO] Epoch 37/50  iter 50/743  loss=0.0771  lr=1.67e-05
[03:56:25 INFO] Epoch 37/50  iter 100/743  loss=0.1082  lr=1.66e-05
[03:56:39 INFO] Epoch 37/50  iter 150/743  loss=0.1422  lr=1.66e-05
[03:56:56 INFO] Epoch 37/50  iter 200/743  loss=0.2181  lr=1.65e-05
[03:57:11 INFO] Epoch 37/50  iter 250/743  loss=0.0767  lr=1.64e-05
[03:57:25 INFO] Epoch 37/50  iter 300/743  loss=0.0925  lr=1.63e-05
[03:57:40 INFO] Epoch 37/50  iter 350/743  loss=0.1384  lr=1.62e-05
[03:57:55 INFO] Epoch 37/50  iter 400/743  loss=0.1401  lr=1.62e-05
[03:58:10 INFO] Epoch 37/50  iter 450/743  loss=0.1183  lr=1.61e-05
[03:58:24 INFO] Epoch 37/50  iter 500/743  loss=0.1646  lr=1.60e-05
[03:58:38 INFO] Epoch 37/50  iter 550/743  loss=0.0672  lr=1.59e-05
[03:58:53 INFO] Epoch 37/50  iter 600/743  loss=0.1250  lr=1.58e-05
[03:59:08 INFO] Epoch 37/50  iter 650/743  loss=0.1175  lr=1.57e-05
[03:59:22 INFO] Epoch 37/50  iter 700/743  loss=0.1725  lr=1.57e-05
[03:59:35 INFO] Epoch 37 complete — avg_loss=0.1454  time=220s
[03:59:52 INFO] Epoch 38/50  iter 50/743  loss=0.1049  lr=1.55e-05
[04:00:06 INFO] Epoch 38/50  iter 100/743  loss=0.1129  lr=1.54e-05
[04:00:20 INFO] Epoch 38/50  iter 150/743  loss=0.1429  lr=1.54e-05
[04:00:35 INFO] Epoch 38/50  iter 200/743  loss=0.1117  lr=1.53e-05
[04:00:51 INFO] Epoch 38/50  iter 250/743  loss=0.1326  lr=1.52e-05
[04:01:05 INFO] Epoch 38/50  iter 300/743  loss=0.1774  lr=1.51e-05
[04:01:19 INFO] Epoch 38/50  iter 350/743  loss=0.1533  lr=1.50e-05
[04:01:34 INFO] Epoch 38/50  iter 400/743  loss=0.0862  lr=1.50e-05
[04:01:48 INFO] Epoch 38/50  iter 450/743  loss=0.2579  lr=1.49e-05
[04:02:03 INFO] Epoch 38/50  iter 500/743  loss=0.0813  lr=1.48e-05
[04:02:20 INFO] Epoch 38/50  iter 550/743  loss=0.1991  lr=1.47e-05
[04:02:34 INFO] Epoch 38/50  iter 600/743  loss=0.0734  lr=1.46e-05
[04:02:48 INFO] Epoch 38/50  iter 650/743  loss=0.1028  lr=1.45e-05
[04:03:04 INFO] Epoch 38/50  iter 700/743  loss=0.1350  lr=1.45e-05
[04:03:17 INFO] Epoch 38 complete — avg_loss=0.1425  time=221s
[04:03:35 INFO] Epoch 39/50  iter 50/743  loss=0.1093  lr=1.43e-05
[04:03:49 INFO] Epoch 39/50  iter 100/743  loss=0.1320  lr=1.42e-05
[04:04:03 INFO] Epoch 39/50  iter 150/743  loss=0.0957  lr=1.42e-05
[04:04:18 INFO] Epoch 39/50  iter 200/743  loss=0.2851  lr=1.41e-05
[04:04:32 INFO] Epoch 39/50  iter 250/743  loss=0.1876  lr=1.40e-05
[04:04:46 INFO] Epoch 39/50  iter 300/743  loss=0.0525  lr=1.39e-05
[04:05:00 INFO] Epoch 39/50  iter 350/743  loss=0.0849  lr=1.38e-05
[04:05:15 INFO] Epoch 39/50  iter 400/743  loss=0.3051  lr=1.38e-05
[04:05:32 INFO] Epoch 39/50  iter 450/743  loss=0.1919  lr=1.37e-05
[04:05:47 INFO] Epoch 39/50  iter 500/743  loss=0.1552  lr=1.36e-05
[04:06:03 INFO] Epoch 39/50  iter 550/743  loss=0.1573  lr=1.35e-05
[04:06:20 INFO] Epoch 39/50  iter 600/743  loss=0.1746  lr=1.34e-05
[04:06:34 INFO] Epoch 39/50  iter 650/743  loss=0.1002  lr=1.33e-05
[04:06:53 INFO] Epoch 39/50  iter 700/743  loss=0.1014  lr=1.33e-05
[04:07:05 INFO] Epoch 39 complete — avg_loss=0.1461  time=228s
[04:07:21 INFO] Epoch 40/50  iter 50/743  loss=0.4363  lr=1.31e-05
[04:07:36 INFO] Epoch 40/50  iter 100/743  loss=0.1366  lr=1.30e-05
[04:07:50 INFO] Epoch 40/50  iter 150/743  loss=0.1438  lr=1.30e-05
[04:08:04 INFO] Epoch 40/50  iter 200/743  loss=0.1040  lr=1.29e-05
[04:08:18 INFO] Epoch 40/50  iter 250/743  loss=0.1055  lr=1.28e-05
[04:08:34 INFO] Epoch 40/50  iter 300/743  loss=0.0888  lr=1.27e-05
[04:08:51 INFO] Epoch 40/50  iter 350/743  loss=0.1724  lr=1.26e-05
[04:09:07 INFO] Epoch 40/50  iter 400/743  loss=0.1833  lr=1.26e-05
[04:09:21 INFO] Epoch 40/50  iter 450/743  loss=0.0597  lr=1.25e-05
[04:09:38 INFO] Epoch 40/50  iter 500/743  loss=0.1406  lr=1.24e-05
[04:09:54 INFO] Epoch 40/50  iter 550/743  loss=0.1235  lr=1.23e-05
[04:10:09 INFO] Epoch 40/50  iter 600/743  loss=0.1654  lr=1.22e-05
[04:10:24 INFO] Epoch 40/50  iter 650/743  loss=0.1495  lr=1.21e-05
[04:10:40 INFO] Epoch 40/50  iter 700/743  loss=0.0995  lr=1.21e-05
[04:10:52 INFO] Epoch 40 complete — avg_loss=0.1516  time=226s
[04:12:54 INFO]   val mIoU = 0.7628
[04:12:54 INFO]   ★ New best val mIoU: 0.7628
[04:13:10 INFO] Epoch 41/50  iter 50/743  loss=0.2245  lr=1.19e-05
[04:13:25 INFO] Epoch 41/50  iter 100/743  loss=0.0901  lr=1.18e-05
[04:13:40 INFO] Epoch 41/50  iter 150/743  loss=0.1350  lr=1.18e-05
[04:13:55 INFO] Epoch 41/50  iter 200/743  loss=0.1278  lr=1.17e-05
[04:14:08 INFO] Epoch 41/50  iter 250/743  loss=0.1934  lr=1.16e-05
[04:14:23 INFO] Epoch 41/50  iter 300/743  loss=0.1874  lr=1.15e-05
[04:14:37 INFO] Epoch 41/50  iter 350/743  loss=0.0647  lr=1.14e-05
[04:14:53 INFO] Epoch 41/50  iter 400/743  loss=0.1313  lr=1.14e-05
[04:15:07 INFO] Epoch 41/50  iter 450/743  loss=0.0801  lr=1.13e-05
[04:15:22 INFO] Epoch 41/50  iter 500/743  loss=0.1144  lr=1.12e-05
[04:15:37 INFO] Epoch 41/50  iter 550/743  loss=0.1592  lr=1.11e-05
[04:15:51 INFO] Epoch 41/50  iter 600/743  loss=0.1803  lr=1.10e-05
[04:16:06 INFO] Epoch 41/50  iter 650/743  loss=0.1918  lr=1.09e-05
[04:16:20 INFO] Epoch 41/50  iter 700/743  loss=0.3011  lr=1.09e-05
[04:16:33 INFO] Epoch 41 complete — avg_loss=0.1487  time=218s
[04:16:50 INFO] Epoch 42/50  iter 50/743  loss=0.2205  lr=1.07e-05
[04:17:05 INFO] Epoch 42/50  iter 100/743  loss=0.0629  lr=1.06e-05
[04:17:18 INFO] Epoch 42/50  iter 150/743  loss=0.0839  lr=1.06e-05
[04:17:32 INFO] Epoch 42/50  iter 200/743  loss=0.1076  lr=1.05e-05
[04:17:47 INFO] Epoch 42/50  iter 250/743  loss=0.0812  lr=1.04e-05
[04:18:01 INFO] Epoch 42/50  iter 300/743  loss=0.1792  lr=1.03e-05
[04:18:15 INFO] Epoch 42/50  iter 350/743  loss=0.0787  lr=1.02e-05
[04:18:29 INFO] Epoch 42/50  iter 400/743  loss=0.1658  lr=1.02e-05
[04:18:43 INFO] Epoch 42/50  iter 450/743  loss=0.1059  lr=1.01e-05
[04:18:58 INFO] Epoch 42/50  iter 500/743  loss=0.0663  lr=9.99e-06
[04:19:12 INFO] Epoch 42/50  iter 550/743  loss=0.0848  lr=9.91e-06
[04:19:27 INFO] Epoch 42/50  iter 600/743  loss=0.1250  lr=9.83e-06
[04:19:42 INFO] Epoch 42/50  iter 650/743  loss=0.1505  lr=9.75e-06
[04:19:58 INFO] Epoch 42/50  iter 700/743  loss=0.1990  lr=9.67e-06
[04:20:11 INFO] Epoch 42 complete — avg_loss=0.1397  time=217s
[04:20:29 INFO] Epoch 43/50  iter 50/743  loss=0.2274  lr=9.52e-06
[04:20:43 INFO] Epoch 43/50  iter 100/743  loss=0.1749  lr=9.44e-06
[04:20:57 INFO] Epoch 43/50  iter 150/743  loss=0.1095  lr=9.36e-06
[04:21:15 INFO] Epoch 43/50  iter 200/743  loss=0.1436  lr=9.28e-06
[04:21:34 INFO] Epoch 43/50  iter 250/743  loss=0.1456  lr=9.19e-06
[04:21:51 INFO] Epoch 43/50  iter 300/743  loss=0.1022  lr=9.11e-06
[04:22:05 INFO] Epoch 43/50  iter 350/743  loss=0.1056  lr=9.03e-06
[04:22:21 INFO] Epoch 43/50  iter 400/743  loss=0.1140  lr=8.95e-06
[04:22:39 INFO] Epoch 43/50  iter 450/743  loss=0.1224  lr=8.87e-06
[04:22:55 INFO] Epoch 43/50  iter 500/743  loss=0.1411  lr=8.79e-06
[04:23:11 INFO] Epoch 43/50  iter 550/743  loss=0.0887  lr=8.71e-06
[04:23:26 INFO] Epoch 43/50  iter 600/743  loss=0.0601  lr=8.63e-06
[04:23:41 INFO] Epoch 43/50  iter 650/743  loss=0.2210  lr=8.55e-06
[04:23:56 INFO] Epoch 43/50  iter 700/743  loss=0.0747  lr=8.47e-06
[04:24:11 INFO] Epoch 43 complete — avg_loss=0.1453  time=239s
[04:24:29 INFO] Epoch 44/50  iter 50/743  loss=0.0730  lr=8.32e-06
[04:24:43 INFO] Epoch 44/50  iter 100/743  loss=0.1699  lr=8.24e-06
[04:24:57 INFO] Epoch 44/50  iter 150/743  loss=0.1447  lr=8.16e-06
[04:25:12 INFO] Epoch 44/50  iter 200/743  loss=0.1144  lr=8.08e-06
[04:25:29 INFO] Epoch 44/50  iter 250/743  loss=0.1054  lr=7.99e-06
[04:25:44 INFO] Epoch 44/50  iter 300/743  loss=0.1250  lr=7.91e-06
[04:26:01 INFO] Epoch 44/50  iter 350/743  loss=0.1310  lr=7.83e-06
[04:26:17 INFO] Epoch 44/50  iter 400/743  loss=0.1012  lr=7.75e-06
[04:26:37 INFO] Epoch 44/50  iter 450/743  loss=0.1439  lr=7.67e-06
[04:26:54 INFO] Epoch 44/50  iter 500/743  loss=0.1270  lr=7.59e-06
[04:27:11 INFO] Epoch 44/50  iter 550/743  loss=0.3594  lr=7.51e-06
[04:27:27 INFO] Epoch 44/50  iter 600/743  loss=0.2098  lr=7.43e-06
[04:27:42 INFO] Epoch 44/50  iter 650/743  loss=0.1196  lr=7.35e-06
[04:27:57 INFO] Epoch 44/50  iter 700/743  loss=0.1059  lr=7.27e-06
[04:28:11 INFO] Epoch 44 complete — avg_loss=0.1397  time=240s
[04:28:27 INFO] Epoch 45/50  iter 50/743  loss=0.0769  lr=7.12e-06
[04:28:44 INFO] Epoch 45/50  iter 100/743  loss=0.0833  lr=7.04e-06
[04:29:01 INFO] Epoch 45/50  iter 150/743  loss=0.1278  lr=6.96e-06
[04:29:15 INFO] Epoch 45/50  iter 200/743  loss=0.1696  lr=6.88e-06
[04:29:31 INFO] Epoch 45/50  iter 250/743  loss=0.1334  lr=6.79e-06
[04:29:49 INFO] Epoch 45/50  iter 300/743  loss=0.1731  lr=6.71e-06
[04:30:06 INFO] Epoch 45/50  iter 350/743  loss=0.1769  lr=6.63e-06
[04:30:24 INFO] Epoch 45/50  iter 400/743  loss=0.1290  lr=6.55e-06
[04:30:42 INFO] Epoch 45/50  iter 450/743  loss=0.0869  lr=6.47e-06
[04:30:58 INFO] Epoch 45/50  iter 500/743  loss=0.1871  lr=6.39e-06
[04:31:15 INFO] Epoch 45/50  iter 550/743  loss=0.0697  lr=6.31e-06
[04:31:30 INFO] Epoch 45/50  iter 600/743  loss=0.1433  lr=6.23e-06
[04:31:46 INFO] Epoch 45/50  iter 650/743  loss=0.0437  lr=6.15e-06
[04:32:03 INFO] Epoch 45/50  iter 700/743  loss=0.1017  lr=6.07e-06
[04:32:16 INFO] Epoch 45 complete — avg_loss=0.1362  time=245s
[04:34:17 INFO]   val mIoU = 0.7638
[04:34:17 INFO]   ★ New best val mIoU: 0.7638
[04:34:34 INFO] Epoch 46/50  iter 50/743  loss=0.1822  lr=5.92e-06
[04:34:50 INFO] Epoch 46/50  iter 100/743  loss=0.0531  lr=5.84e-06
[04:35:04 INFO] Epoch 46/50  iter 150/743  loss=0.0859  lr=5.76e-06
[04:35:18 INFO] Epoch 46/50  iter 200/743  loss=0.0764  lr=5.68e-06
[04:35:32 INFO] Epoch 46/50  iter 250/743  loss=0.1390  lr=5.59e-06
[04:35:47 INFO] Epoch 46/50  iter 300/743  loss=0.1020  lr=5.51e-06
[04:36:03 INFO] Epoch 46/50  iter 350/743  loss=0.1852  lr=5.43e-06
[04:36:20 INFO] Epoch 46/50  iter 400/743  loss=0.2031  lr=5.35e-06
[04:36:40 INFO] Epoch 46/50  iter 450/743  loss=0.1339  lr=5.27e-06
[04:36:55 INFO] Epoch 46/50  iter 500/743  loss=0.0404  lr=5.19e-06
[04:37:09 INFO] Epoch 46/50  iter 550/743  loss=0.0150  lr=5.11e-06
[04:37:23 INFO] Epoch 46/50  iter 600/743  loss=0.2161  lr=5.03e-06
[04:37:39 INFO] Epoch 46/50  iter 650/743  loss=0.1341  lr=4.95e-06
[04:37:54 INFO] Epoch 46/50  iter 700/743  loss=0.0398  lr=4.87e-06
[04:38:07 INFO] Epoch 46 complete — avg_loss=0.1388  time=229s
[04:38:24 INFO] Epoch 47/50  iter 50/743  loss=0.1080  lr=4.72e-06
[04:38:39 INFO] Epoch 47/50  iter 100/743  loss=0.0822  lr=4.64e-06
[04:38:54 INFO] Epoch 47/50  iter 150/743  loss=0.1588  lr=4.56e-06
[04:39:07 INFO] Epoch 47/50  iter 200/743  loss=0.0940  lr=4.48e-06
[04:39:22 INFO] Epoch 47/50  iter 250/743  loss=0.0525  lr=4.39e-06
[04:39:39 INFO] Epoch 47/50  iter 300/743  loss=0.1031  lr=4.31e-06
[04:39:55 INFO] Epoch 47/50  iter 350/743  loss=0.2066  lr=4.23e-06
[04:40:10 INFO] Epoch 47/50  iter 400/743  loss=0.2541  lr=4.15e-06
[04:40:27 INFO] Epoch 47/50  iter 450/743  loss=0.1209  lr=4.07e-06
[04:40:42 INFO] Epoch 47/50  iter 500/743  loss=0.2169  lr=3.99e-06
[04:40:57 INFO] Epoch 47/50  iter 550/743  loss=0.1508  lr=3.91e-06
[04:41:12 INFO] Epoch 47/50  iter 600/743  loss=0.0784  lr=3.83e-06
[04:41:27 INFO] Epoch 47/50  iter 650/743  loss=0.0905  lr=3.75e-06
[04:41:41 INFO] Epoch 47/50  iter 700/743  loss=0.1278  lr=3.67e-06
[04:41:54 INFO] Epoch 47 complete — avg_loss=0.1402  time=226s
[04:42:12 INFO] Epoch 48/50  iter 50/743  loss=0.1551  lr=3.52e-06
[04:42:27 INFO] Epoch 48/50  iter 100/743  loss=0.1265  lr=3.44e-06
[04:42:43 INFO] Epoch 48/50  iter 150/743  loss=0.2333  lr=3.36e-06
[04:42:57 INFO] Epoch 48/50  iter 200/743  loss=0.2379  lr=3.28e-06
[04:43:12 INFO] Epoch 48/50  iter 250/743  loss=0.1870  lr=3.19e-06
[04:43:27 INFO] Epoch 48/50  iter 300/743  loss=0.0547  lr=3.11e-06
[04:43:42 INFO] Epoch 48/50  iter 350/743  loss=0.2154  lr=3.03e-06
[04:43:58 INFO] Epoch 48/50  iter 400/743  loss=0.2244  lr=2.95e-06
[04:44:13 INFO] Epoch 48/50  iter 450/743  loss=0.0988  lr=2.87e-06
[04:44:28 INFO] Epoch 48/50  iter 500/743  loss=0.4249  lr=2.79e-06
[04:44:43 INFO] Epoch 48/50  iter 550/743  loss=0.0881  lr=2.71e-06
[04:44:58 INFO] Epoch 48/50  iter 600/743  loss=0.1825  lr=2.63e-06
[04:45:13 INFO] Epoch 48/50  iter 650/743  loss=0.1805  lr=2.55e-06
[04:45:28 INFO] Epoch 48/50  iter 700/743  loss=0.1561  lr=2.47e-06
[04:45:42 INFO] Epoch 48 complete — avg_loss=0.1344  time=228s
[04:46:00 INFO] Epoch 49/50  iter 50/743  loss=0.1600  lr=2.32e-06
[04:46:14 INFO] Epoch 49/50  iter 100/743  loss=0.1963  lr=2.24e-06
[04:46:30 INFO] Epoch 49/50  iter 150/743  loss=0.1077  lr=2.16e-06
[04:46:46 INFO] Epoch 49/50  iter 200/743  loss=0.2071  lr=2.08e-06
[04:47:00 INFO] Epoch 49/50  iter 250/743  loss=0.2073  lr=1.99e-06
[04:47:16 INFO] Epoch 49/50  iter 300/743  loss=0.0920  lr=1.91e-06
[04:47:32 INFO] Epoch 49/50  iter 350/743  loss=0.1005  lr=1.83e-06
[04:47:46 INFO] Epoch 49/50  iter 400/743  loss=0.0658  lr=1.75e-06
[04:48:01 INFO] Epoch 49/50  iter 450/743  loss=0.1410  lr=1.67e-06
[04:48:17 INFO] Epoch 49/50  iter 500/743  loss=0.1155  lr=1.59e-06
[04:48:35 INFO] Epoch 49/50  iter 550/743  loss=0.1171  lr=1.51e-06
[04:48:49 INFO] Epoch 49/50  iter 600/743  loss=0.1936  lr=1.43e-06
[04:49:03 INFO] Epoch 49/50  iter 650/743  loss=0.1598  lr=1.35e-06
[04:49:21 INFO] Epoch 49/50  iter 700/743  loss=0.1375  lr=1.27e-06
[04:49:34 INFO] Epoch 49 complete — avg_loss=0.1295  time=232s
[04:49:51 INFO] Epoch 50/50  iter 50/743  loss=0.1261  lr=1.12e-06
[04:50:06 INFO] Epoch 50/50  iter 100/743  loss=0.0902  lr=1.04e-06
[04:50:20 INFO] Epoch 50/50  iter 150/743  loss=0.1469  lr=9.56e-07
[04:50:35 INFO] Epoch 50/50  iter 200/743  loss=0.1468  lr=8.75e-07
[04:50:50 INFO] Epoch 50/50  iter 250/743  loss=0.1936  lr=7.95e-07
[04:51:05 INFO] Epoch 50/50  iter 300/743  loss=0.1225  lr=7.14e-07
[04:51:22 INFO] Epoch 50/50  iter 350/743  loss=0.1557  lr=6.33e-07
[04:51:38 INFO] Epoch 50/50  iter 400/743  loss=0.1154  lr=5.52e-07
[04:51:52 INFO] Epoch 50/50  iter 450/743  loss=0.1371  lr=4.72e-07
[04:52:09 INFO] Epoch 50/50  iter 500/743  loss=0.1688  lr=3.91e-07
[04:52:26 INFO] Epoch 50/50  iter 550/743  loss=0.1705  lr=3.10e-07
[04:52:41 INFO] Epoch 50/50  iter 600/743  loss=0.1391  lr=2.29e-07
[04:52:57 INFO] Epoch 50/50  iter 650/743  loss=0.1565  lr=1.49e-07
[04:53:17 INFO] Epoch 50/50  iter 700/743  loss=0.1933  lr=6.78e-08
[04:53:31 INFO] Epoch 50 complete — avg_loss=0.1302  time=236s
[04:55:33 INFO]   val mIoU = 0.7651
[04:55:33 INFO]   ★ New best val mIoU: 0.7651
[04:55:34 INFO] Training complete. Best val mIoU = 0.7651
>>> Evaluating: combined_nndepth_p03_mitb2
[04:55:42 INFO] Device: cuda
/home/taah3149/Documents/Group_Studies/fog-augmentation/src/models.py:74: FutureWarning: You are using `torch.load` with `weights_only=False` (the current default value), which uses the default pickle module implicitly. It is possible to construct malicious pickle data which will execute arbitrary code during unpickling (See https://github.com/pytorch/pytorch/blob/main/SECURITY.md#untrusted-models for more details). In a future release, the default value for `weights_only` will be flipped to `True`. This limits the functions that could be executed during unpickling. Arbitrary objects will no longer be allowed to be loaded via this mode unless they are explicitly allowlisted by the user via `torch.serialization.add_safe_globals`. We recommend you start setting `weights_only=True` for any use case where you don't have full control of the loaded file. Please open an issue on GitHub for any issues related to this experimental feature.
  state = torch.load(str(checkpoint), map_location="cpu")
Model backend: smp (encoder=mit_b2, architecture=fpn)
Loaded checkpoint: results/combined_nndepth_p03_mitb2/best.pth
[04:55:45 INFO] ACDC fog val: 100 samples
[04:56:10 INFO]   100/100 processed
[04:56:10 INFO] mIoU = 0.5510
[04:56:10 INFO]   road                 0.8730
[04:56:10 INFO]   sidewalk             0.6214
[04:56:10 INFO]   building             0.7610
[04:56:10 INFO]   wall                 0.2506
[04:56:10 INFO]   fence                0.1218
[04:56:10 INFO]   pole                 0.3804
[04:56:10 INFO]   traffic light        0.6537
[04:56:10 INFO]   traffic sign         0.5402
[04:56:10 INFO]   vegetation           0.8712
[04:56:10 INFO]   terrain              0.5597
[04:56:10 INFO]   sky                  0.9519
[04:56:10 INFO]   person               0.4575
[04:56:10 INFO]   rider                0.4135
[04:56:10 INFO]   car                  0.7760
[04:56:10 INFO]   truck                0.4122
[04:56:10 INFO]   bus                  0.1402
[04:56:10 INFO]   train                0.7324
[04:56:10 INFO]   motorcycle           0.4155
[04:56:10 INFO]   bicycle              0.5376
[04:56:10 INFO] Results saved → results/combined_nndepth_p03_mitb2/acdc_eval.json
>>> Done: combined_nndepth_p03_mitb2

>>> Training (fresh start): combined_p03_mitb2
[04:56:15 INFO] Device: cuda
Model backend: smp (encoder=mit_b2, architecture=fpn)
[04:56:17 INFO] Using fog cache: data/fog_cache/depthaware_b0005
[04:56:17 INFO] fog_prob: 0.3
[04:56:19 INFO] Train: 2975 samples  |  Val: 500 samples
[04:56:36 INFO] Epoch 1/50  iter 50/743  loss=0.8983  lr=5.99e-05
[04:56:52 INFO] Epoch 1/50  iter 100/743  loss=1.3638  lr=5.98e-05
[04:57:08 INFO] Epoch 1/50  iter 150/743  loss=0.5070  lr=5.98e-05
[04:57:23 INFO] Epoch 1/50  iter 200/743  loss=1.0064  lr=5.97e-05
[04:57:39 INFO] Epoch 1/50  iter 250/743  loss=0.5773  lr=5.96e-05
[04:57:54 INFO] Epoch 1/50  iter 300/743  loss=0.4482  lr=5.95e-05
[04:58:09 INFO] Epoch 1/50  iter 350/743  loss=0.4388  lr=5.94e-05
[04:58:24 INFO] Epoch 1/50  iter 400/743  loss=0.5515  lr=5.94e-05
[04:58:42 INFO] Epoch 1/50  iter 450/743  loss=0.2796  lr=5.93e-05
[04:58:57 INFO] Epoch 1/50  iter 500/743  loss=0.5635  lr=5.92e-05
[04:59:12 INFO] Epoch 1/50  iter 550/743  loss=0.4058  lr=5.91e-05
[04:59:26 INFO] Epoch 1/50  iter 600/743  loss=0.4393  lr=5.90e-05
[04:59:43 INFO] Epoch 1/50  iter 650/743  loss=0.2226  lr=5.89e-05
[04:59:57 INFO] Epoch 1/50  iter 700/743  loss=0.8374  lr=5.89e-05
[05:00:11 INFO] Epoch 1 complete — avg_loss=0.6872  time=232s
[05:00:27 INFO] Epoch 2/50  iter 50/743  loss=0.3239  lr=5.87e-05
[05:00:41 INFO] Epoch 2/50  iter 100/743  loss=0.3270  lr=5.86e-05
[05:00:56 INFO] Epoch 2/50  iter 150/743  loss=0.3738  lr=5.86e-05
[05:01:13 INFO] Epoch 2/50  iter 200/743  loss=0.4158  lr=5.85e-05
[05:01:29 INFO] Epoch 2/50  iter 250/743  loss=0.5785  lr=5.84e-05
[05:01:43 INFO] Epoch 2/50  iter 300/743  loss=0.3107  lr=5.83e-05
[05:01:58 INFO] Epoch 2/50  iter 350/743  loss=0.2907  lr=5.82e-05
[05:02:16 INFO] Epoch 2/50  iter 400/743  loss=0.1159  lr=5.82e-05
[05:02:32 INFO] Epoch 2/50  iter 450/743  loss=0.2403  lr=5.81e-05
[05:02:50 INFO] Epoch 2/50  iter 500/743  loss=0.2312  lr=5.80e-05
[05:03:05 INFO] Epoch 2/50  iter 550/743  loss=0.7059  lr=5.79e-05
[05:03:19 INFO] Epoch 2/50  iter 600/743  loss=0.3576  lr=5.78e-05
[05:03:35 INFO] Epoch 2/50  iter 650/743  loss=0.3066  lr=5.77e-05
[05:03:51 INFO] Epoch 2/50  iter 700/743  loss=0.3717  lr=5.77e-05
[05:04:05 INFO] Epoch 2 complete — avg_loss=0.3891  time=234s
[05:04:21 INFO] Epoch 3/50  iter 50/743  loss=0.2630  lr=5.75e-05
[05:04:36 INFO] Epoch 3/50  iter 100/743  loss=0.4139  lr=5.74e-05
[05:04:50 INFO] Epoch 3/50  iter 150/743  loss=0.8904  lr=5.74e-05
[05:05:08 INFO] Epoch 3/50  iter 200/743  loss=0.1673  lr=5.73e-05
[05:05:22 INFO] Epoch 3/50  iter 250/743  loss=0.4465  lr=5.72e-05
[05:05:37 INFO] Epoch 3/50  iter 300/743  loss=0.3609  lr=5.71e-05
[05:05:53 INFO] Epoch 3/50  iter 350/743  loss=0.2826  lr=5.70e-05
[05:06:08 INFO] Epoch 3/50  iter 400/743  loss=0.3357  lr=5.70e-05
[05:06:23 INFO] Epoch 3/50  iter 450/743  loss=0.6176  lr=5.69e-05
[05:06:38 INFO] Epoch 3/50  iter 500/743  loss=0.2903  lr=5.68e-05
[05:06:55 INFO] Epoch 3/50  iter 550/743  loss=0.2942  lr=5.67e-05
[05:07:10 INFO] Epoch 3/50  iter 600/743  loss=0.3172  lr=5.66e-05
[05:07:26 INFO] Epoch 3/50  iter 650/743  loss=0.4519  lr=5.65e-05
[05:07:40 INFO] Epoch 3/50  iter 700/743  loss=0.4263  lr=5.65e-05
[05:07:54 INFO] Epoch 3 complete — avg_loss=0.3313  time=228s
[05:08:11 INFO] Epoch 4/50  iter 50/743  loss=0.1955  lr=5.63e-05
[05:08:25 INFO] Epoch 4/50  iter 100/743  loss=0.6552  lr=5.62e-05
[05:08:41 INFO] Epoch 4/50  iter 150/743  loss=0.5784  lr=5.62e-05
[05:08:58 INFO] Epoch 4/50  iter 200/743  loss=0.1956  lr=5.61e-05
[05:09:15 INFO] Epoch 4/50  iter 250/743  loss=0.4008  lr=5.60e-05
[05:09:30 INFO] Epoch 4/50  iter 300/743  loss=0.1593  lr=5.59e-05
[05:09:45 INFO] Epoch 4/50  iter 350/743  loss=0.2843  lr=5.58e-05
[05:10:04 INFO] Epoch 4/50  iter 400/743  loss=0.1999  lr=5.58e-05
[05:10:19 INFO] Epoch 4/50  iter 450/743  loss=0.3941  lr=5.57e-05
[05:10:34 INFO] Epoch 4/50  iter 500/743  loss=0.1595  lr=5.56e-05
[05:10:51 INFO] Epoch 4/50  iter 550/743  loss=0.2317  lr=5.55e-05
[05:11:08 INFO] Epoch 4/50  iter 600/743  loss=0.3246  lr=5.54e-05
[05:11:23 INFO] Epoch 4/50  iter 650/743  loss=0.2350  lr=5.53e-05
[05:11:41 INFO] Epoch 4/50  iter 700/743  loss=0.1897  lr=5.53e-05
[05:11:54 INFO] Epoch 4 complete — avg_loss=0.2926  time=239s
[05:12:10 INFO] Epoch 5/50  iter 50/743  loss=0.1823  lr=5.51e-05
[05:12:25 INFO] Epoch 5/50  iter 100/743  loss=0.5106  lr=5.50e-05
[05:12:39 INFO] Epoch 5/50  iter 150/743  loss=0.9062  lr=5.50e-05
[05:12:54 INFO] Epoch 5/50  iter 200/743  loss=0.1963  lr=5.49e-05
[05:13:10 INFO] Epoch 5/50  iter 250/743  loss=0.1056  lr=5.48e-05
[05:13:25 INFO] Epoch 5/50  iter 300/743  loss=0.2506  lr=5.47e-05
[05:13:43 INFO] Epoch 5/50  iter 350/743  loss=0.1729  lr=5.46e-05
[05:13:57 INFO] Epoch 5/50  iter 400/743  loss=0.3495  lr=5.46e-05
[05:14:11 INFO] Epoch 5/50  iter 450/743  loss=0.1430  lr=5.45e-05
[05:14:26 INFO] Epoch 5/50  iter 500/743  loss=0.2738  lr=5.44e-05
[05:14:43 INFO] Epoch 5/50  iter 550/743  loss=0.0897  lr=5.43e-05
[05:14:58 INFO] Epoch 5/50  iter 600/743  loss=0.2836  lr=5.42e-05
[05:15:12 INFO] Epoch 5/50  iter 650/743  loss=0.2375  lr=5.41e-05
[05:15:29 INFO] Epoch 5/50  iter 700/743  loss=0.4351  lr=5.41e-05
[05:15:41 INFO] Epoch 5 complete — avg_loss=0.2817  time=227s
[05:17:33 INFO]   val mIoU = 0.6162
[05:17:34 INFO]   ★ New best val mIoU: 0.6162
[05:17:51 INFO] Epoch 6/50  iter 50/743  loss=0.2791  lr=5.39e-05
[05:18:07 INFO] Epoch 6/50  iter 100/743  loss=0.2145  lr=5.38e-05
[05:18:21 INFO] Epoch 6/50  iter 150/743  loss=0.3715  lr=5.38e-05
[05:18:40 INFO] Epoch 6/50  iter 200/743  loss=0.1553  lr=5.37e-05
[05:18:56 INFO] Epoch 6/50  iter 250/743  loss=0.1651  lr=5.36e-05
[05:19:11 INFO] Epoch 6/50  iter 300/743  loss=0.4627  lr=5.35e-05
[05:19:29 INFO] Epoch 6/50  iter 350/743  loss=0.1382  lr=5.34e-05
[05:19:44 INFO] Epoch 6/50  iter 400/743  loss=0.3222  lr=5.34e-05
[05:19:58 INFO] Epoch 6/50  iter 450/743  loss=0.2610  lr=5.33e-05
[05:20:15 INFO] Epoch 6/50  iter 500/743  loss=1.0179  lr=5.32e-05
[05:20:31 INFO] Epoch 6/50  iter 550/743  loss=0.2040  lr=5.31e-05
[05:20:47 INFO] Epoch 6/50  iter 600/743  loss=0.3239  lr=5.30e-05
[05:21:05 INFO] Epoch 6/50  iter 650/743  loss=0.3197  lr=5.29e-05
[05:21:20 INFO] Epoch 6/50  iter 700/743  loss=0.3550  lr=5.29e-05
[05:21:33 INFO] Epoch 6 complete — avg_loss=0.2509  time=239s
[05:21:51 INFO] Epoch 7/50  iter 50/743  loss=0.2400  lr=5.27e-05
[05:22:04 INFO] Epoch 7/50  iter 100/743  loss=0.0794  lr=5.26e-05
[05:22:19 INFO] Epoch 7/50  iter 150/743  loss=0.2521  lr=5.26e-05
[05:22:33 INFO] Epoch 7/50  iter 200/743  loss=0.3625  lr=5.25e-05
[05:22:48 INFO] Epoch 7/50  iter 250/743  loss=0.2267  lr=5.24e-05
[05:23:02 INFO] Epoch 7/50  iter 300/743  loss=0.1956  lr=5.23e-05
[05:23:18 INFO] Epoch 7/50  iter 350/743  loss=0.2159  lr=5.22e-05
[05:23:35 INFO] Epoch 7/50  iter 400/743  loss=0.1093  lr=5.22e-05
[05:23:49 INFO] Epoch 7/50  iter 450/743  loss=0.4803  lr=5.21e-05
[05:24:05 INFO] Epoch 7/50  iter 500/743  loss=0.1252  lr=5.20e-05
[05:24:21 INFO] Epoch 7/50  iter 550/743  loss=0.1426  lr=5.19e-05
[05:24:38 INFO] Epoch 7/50  iter 600/743  loss=0.4792  lr=5.18e-05
[05:24:55 INFO] Epoch 7/50  iter 650/743  loss=0.1548  lr=5.17e-05
[05:25:10 INFO] Epoch 7/50  iter 700/743  loss=0.1559  lr=5.17e-05
[05:25:23 INFO] Epoch 7 complete — avg_loss=0.2340  time=230s
[05:25:41 INFO] Epoch 8/50  iter 50/743  loss=0.0905  lr=5.15e-05
[05:25:55 INFO] Epoch 8/50  iter 100/743  loss=0.1894  lr=5.14e-05
[05:26:13 INFO] Epoch 8/50  iter 150/743  loss=0.2033  lr=5.14e-05
[05:26:30 INFO] Epoch 8/50  iter 200/743  loss=0.1076  lr=5.13e-05
[05:26:44 INFO] Epoch 8/50  iter 250/743  loss=0.2463  lr=5.12e-05
[05:26:58 INFO] Epoch 8/50  iter 300/743  loss=0.2261  lr=5.11e-05
[05:27:14 INFO] Epoch 8/50  iter 350/743  loss=0.1263  lr=5.10e-05
[05:27:29 INFO] Epoch 8/50  iter 400/743  loss=0.4660  lr=5.10e-05
[05:27:43 INFO] Epoch 8/50  iter 450/743  loss=0.1565  lr=5.09e-05
[05:27:57 INFO] Epoch 8/50  iter 500/743  loss=0.1665  lr=5.08e-05
[05:28:12 INFO] Epoch 8/50  iter 550/743  loss=0.2575  lr=5.07e-05
[05:28:28 INFO] Epoch 8/50  iter 600/743  loss=0.1201  lr=5.06e-05
[05:28:42 INFO] Epoch 8/50  iter 650/743  loss=0.5372  lr=5.05e-05
[05:28:56 INFO] Epoch 8/50  iter 700/743  loss=0.2282  lr=5.05e-05
[05:29:09 INFO] Epoch 8 complete — avg_loss=0.2339  time=225s
[05:29:27 INFO] Epoch 9/50  iter 50/743  loss=0.2247  lr=5.03e-05
[05:29:42 INFO] Epoch 9/50  iter 100/743  loss=0.1327  lr=5.02e-05
[05:29:57 INFO] Epoch 9/50  iter 150/743  loss=0.2338  lr=5.02e-05
[05:30:12 INFO] Epoch 9/50  iter 200/743  loss=0.3207  lr=5.01e-05
[05:30:30 INFO] Epoch 9/50  iter 250/743  loss=0.1576  lr=5.00e-05
[05:30:45 INFO] Epoch 9/50  iter 300/743  loss=0.1154  lr=4.99e-05
[05:31:03 INFO] Epoch 9/50  iter 350/743  loss=0.2009  lr=4.98e-05
[05:31:17 INFO] Epoch 9/50  iter 400/743  loss=0.1808  lr=4.98e-05
[05:31:33 INFO] Epoch 9/50  iter 450/743  loss=0.2228  lr=4.97e-05
[05:31:47 INFO] Epoch 9/50  iter 500/743  loss=0.2492  lr=4.96e-05
[05:32:03 INFO] Epoch 9/50  iter 550/743  loss=0.1823  lr=4.95e-05
[05:32:16 INFO] Epoch 9/50  iter 600/743  loss=0.6670  lr=4.94e-05
[05:32:30 INFO] Epoch 9/50  iter 650/743  loss=0.1294  lr=4.93e-05
[05:32:48 INFO] Epoch 9/50  iter 700/743  loss=0.1477  lr=4.93e-05
[05:33:03 INFO] Epoch 9 complete — avg_loss=0.2283  time=234s
[05:33:20 INFO] Epoch 10/50  iter 50/743  loss=0.1446  lr=4.91e-05
[05:33:33 INFO] Epoch 10/50  iter 100/743  loss=0.3529  lr=4.90e-05
[05:33:48 INFO] Epoch 10/50  iter 150/743  loss=0.3287  lr=4.90e-05
[05:34:04 INFO] Epoch 10/50  iter 200/743  loss=0.0611  lr=4.89e-05
[05:34:19 INFO] Epoch 10/50  iter 250/743  loss=0.1577  lr=4.88e-05
[05:34:34 INFO] Epoch 10/50  iter 300/743  loss=0.0683  lr=4.87e-05
[05:34:48 INFO] Epoch 10/50  iter 350/743  loss=0.2004  lr=4.86e-05
[05:35:03 INFO] Epoch 10/50  iter 400/743  loss=0.4601  lr=4.86e-05
[05:35:17 INFO] Epoch 10/50  iter 450/743  loss=0.1241  lr=4.85e-05
[05:35:33 INFO] Epoch 10/50  iter 500/743  loss=0.5139  lr=4.84e-05
[05:35:46 INFO] Epoch 10/50  iter 550/743  loss=0.3137  lr=4.83e-05
[05:36:02 INFO] Epoch 10/50  iter 600/743  loss=0.2838  lr=4.82e-05
[05:36:20 INFO] Epoch 10/50  iter 650/743  loss=0.3542  lr=4.81e-05
[05:36:37 INFO] Epoch 10/50  iter 700/743  loss=0.2421  lr=4.81e-05
[05:36:50 INFO] Epoch 10 complete — avg_loss=0.2310  time=226s
[05:38:48 INFO]   val mIoU = 0.6773
[05:38:49 INFO]   ★ New best val mIoU: 0.6773
[05:39:05 INFO] Epoch 11/50  iter 50/743  loss=0.1471  lr=4.79e-05
[05:39:19 INFO] Epoch 11/50  iter 100/743  loss=0.0914  lr=4.78e-05
[05:39:35 INFO] Epoch 11/50  iter 150/743  loss=0.1157  lr=4.78e-05
[05:39:50 INFO] Epoch 11/50  iter 200/743  loss=0.1635  lr=4.77e-05
[05:40:06 INFO] Epoch 11/50  iter 250/743  loss=0.1522  lr=4.76e-05
[05:40:22 INFO] Epoch 11/50  iter 300/743  loss=0.1401  lr=4.75e-05
[05:40:37 INFO] Epoch 11/50  iter 350/743  loss=0.1602  lr=4.74e-05
[05:40:51 INFO] Epoch 11/50  iter 400/743  loss=0.0911  lr=4.74e-05
[05:41:05 INFO] Epoch 11/50  iter 450/743  loss=0.2591  lr=4.73e-05
[05:41:20 INFO] Epoch 11/50  iter 500/743  loss=0.2266  lr=4.72e-05
[05:41:36 INFO] Epoch 11/50  iter 550/743  loss=0.2156  lr=4.71e-05
[05:41:52 INFO] Epoch 11/50  iter 600/743  loss=0.1095  lr=4.70e-05
[05:42:08 INFO] Epoch 11/50  iter 650/743  loss=0.1578  lr=4.69e-05
[05:42:26 INFO] Epoch 11/50  iter 700/743  loss=0.7234  lr=4.69e-05
[05:42:39 INFO] Epoch 11 complete — avg_loss=0.2126  time=230s
[05:42:57 INFO] Epoch 12/50  iter 50/743  loss=0.1179  lr=4.67e-05
[05:43:10 INFO] Epoch 12/50  iter 100/743  loss=0.2367  lr=4.66e-05
[05:43:24 INFO] Epoch 12/50  iter 150/743  loss=0.2191  lr=4.66e-05
[05:43:39 INFO] Epoch 12/50  iter 200/743  loss=0.1025  lr=4.65e-05
[05:43:56 INFO] Epoch 12/50  iter 250/743  loss=0.2002  lr=4.64e-05
[05:44:12 INFO] Epoch 12/50  iter 300/743  loss=0.1740  lr=4.63e-05
[05:44:26 INFO] Epoch 12/50  iter 350/743  loss=0.8858  lr=4.62e-05
[05:44:41 INFO] Epoch 12/50  iter 400/743  loss=0.0724  lr=4.62e-05
[05:44:57 INFO] Epoch 12/50  iter 450/743  loss=0.1396  lr=4.61e-05
[05:45:12 INFO] Epoch 12/50  iter 500/743  loss=0.2043  lr=4.60e-05
[05:45:28 INFO] Epoch 12/50  iter 550/743  loss=0.0603  lr=4.59e-05
[05:45:47 INFO] Epoch 12/50  iter 600/743  loss=0.2731  lr=4.58e-05
[05:46:05 INFO] Epoch 12/50  iter 650/743  loss=0.1450  lr=4.57e-05
[05:46:20 INFO] Epoch 12/50  iter 700/743  loss=0.1130  lr=4.57e-05
[05:46:32 INFO] Epoch 12 complete — avg_loss=0.2096  time=233s
[05:46:49 INFO] Epoch 13/50  iter 50/743  loss=0.1925  lr=4.55e-05
[05:47:05 INFO] Epoch 13/50  iter 100/743  loss=0.5201  lr=4.54e-05
[05:47:21 INFO] Epoch 13/50  iter 150/743  loss=0.0782  lr=4.54e-05
[05:47:36 INFO] Epoch 13/50  iter 200/743  loss=0.1132  lr=4.53e-05
[05:47:54 INFO] Epoch 13/50  iter 250/743  loss=0.2055  lr=4.52e-05
[05:48:09 INFO] Epoch 13/50  iter 300/743  loss=0.1008  lr=4.51e-05
[05:48:24 INFO] Epoch 13/50  iter 350/743  loss=0.1175  lr=4.50e-05
[05:48:39 INFO] Epoch 13/50  iter 400/743  loss=0.2255  lr=4.50e-05
[05:48:54 INFO] Epoch 13/50  iter 450/743  loss=0.1956  lr=4.49e-05
[05:49:11 INFO] Epoch 13/50  iter 500/743  loss=0.1936  lr=4.48e-05
[05:49:26 INFO] Epoch 13/50  iter 550/743  loss=0.1480  lr=4.47e-05
[05:49:40 INFO] Epoch 13/50  iter 600/743  loss=0.1124  lr=4.46e-05
[05:49:54 INFO] Epoch 13/50  iter 650/743  loss=0.1516  lr=4.45e-05
[05:50:09 INFO] Epoch 13/50  iter 700/743  loss=0.5162  lr=4.45e-05
[05:50:23 INFO] Epoch 13 complete — avg_loss=0.2087  time=230s
[05:50:39 INFO] Epoch 14/50  iter 50/743  loss=0.2829  lr=4.43e-05
[05:50:56 INFO] Epoch 14/50  iter 100/743  loss=0.0984  lr=4.42e-05
[05:51:11 INFO] Epoch 14/50  iter 150/743  loss=0.2021  lr=4.42e-05
[05:51:26 INFO] Epoch 14/50  iter 200/743  loss=0.0933  lr=4.41e-05
[05:51:40 INFO] Epoch 14/50  iter 250/743  loss=0.1564  lr=4.40e-05
[05:51:54 INFO] Epoch 14/50  iter 300/743  loss=0.3221  lr=4.39e-05
[05:52:08 INFO] Epoch 14/50  iter 350/743  loss=0.1471  lr=4.38e-05
[05:52:23 INFO] Epoch 14/50  iter 400/743  loss=0.1418  lr=4.38e-05
[05:52:39 INFO] Epoch 14/50  iter 450/743  loss=0.1177  lr=4.37e-05
[05:52:53 INFO] Epoch 14/50  iter 500/743  loss=0.1712  lr=4.36e-05
[05:53:09 INFO] Epoch 14/50  iter 550/743  loss=0.2326  lr=4.35e-05
[05:53:23 INFO] Epoch 14/50  iter 600/743  loss=0.1083  lr=4.34e-05
[05:53:38 INFO] Epoch 14/50  iter 650/743  loss=0.3130  lr=4.33e-05
[05:53:54 INFO] Epoch 14/50  iter 700/743  loss=0.1361  lr=4.33e-05
[05:54:08 INFO] Epoch 14 complete — avg_loss=0.1929  time=225s
[05:54:24 INFO] Epoch 15/50  iter 50/743  loss=0.1536  lr=4.31e-05
[05:54:39 INFO] Epoch 15/50  iter 100/743  loss=0.0997  lr=4.30e-05
[05:54:54 INFO] Epoch 15/50  iter 150/743  loss=0.1301  lr=4.30e-05
[05:55:08 INFO] Epoch 15/50  iter 200/743  loss=0.2358  lr=4.29e-05
[05:55:24 INFO] Epoch 15/50  iter 250/743  loss=0.0877  lr=4.28e-05
[05:55:38 INFO] Epoch 15/50  iter 300/743  loss=0.0613  lr=4.27e-05
[05:55:52 INFO] Epoch 15/50  iter 350/743  loss=0.1497  lr=4.26e-05
[05:56:08 INFO] Epoch 15/50  iter 400/743  loss=0.1912  lr=4.26e-05
[05:56:23 INFO] Epoch 15/50  iter 450/743  loss=0.1275  lr=4.25e-05
[05:56:37 INFO] Epoch 15/50  iter 500/743  loss=0.1458  lr=4.24e-05
[05:56:53 INFO] Epoch 15/50  iter 550/743  loss=0.1270  lr=4.23e-05
[05:57:07 INFO] Epoch 15/50  iter 600/743  loss=0.1552  lr=4.22e-05
[05:57:22 INFO] Epoch 15/50  iter 650/743  loss=0.1003  lr=4.21e-05
[05:57:37 INFO] Epoch 15/50  iter 700/743  loss=0.2598  lr=4.21e-05
[05:57:49 INFO] Epoch 15 complete — avg_loss=0.1997  time=221s
[05:59:46 INFO]   val mIoU = 0.7116
[05:59:47 INFO]   ★ New best val mIoU: 0.7116
[06:00:03 INFO] Epoch 16/50  iter 50/743  loss=0.1706  lr=4.19e-05
[06:00:19 INFO] Epoch 16/50  iter 100/743  loss=0.1513  lr=4.18e-05
[06:00:34 INFO] Epoch 16/50  iter 150/743  loss=0.0746  lr=4.18e-05
[06:00:49 INFO] Epoch 16/50  iter 200/743  loss=0.2786  lr=4.17e-05
[06:01:07 INFO] Epoch 16/50  iter 250/743  loss=0.4564  lr=4.16e-05
[06:01:22 INFO] Epoch 16/50  iter 300/743  loss=0.0520  lr=4.15e-05
[06:01:38 INFO] Epoch 16/50  iter 350/743  loss=0.4375  lr=4.14e-05
[06:01:55 INFO] Epoch 16/50  iter 400/743  loss=0.0863  lr=4.14e-05
[06:02:09 INFO] Epoch 16/50  iter 450/743  loss=0.2259  lr=4.13e-05
[06:02:25 INFO] Epoch 16/50  iter 500/743  loss=0.1407  lr=4.12e-05
[06:02:40 INFO] Epoch 16/50  iter 550/743  loss=0.1979  lr=4.11e-05
[06:02:55 INFO] Epoch 16/50  iter 600/743  loss=0.0866  lr=4.10e-05
[06:03:11 INFO] Epoch 16/50  iter 650/743  loss=0.1579  lr=4.09e-05
[06:03:25 INFO] Epoch 16/50  iter 700/743  loss=0.0443  lr=4.09e-05
[06:03:40 INFO] Epoch 16 complete — avg_loss=0.1989  time=233s
[06:04:00 INFO] Epoch 17/50  iter 50/743  loss=0.0691  lr=4.07e-05
[06:04:14 INFO] Epoch 17/50  iter 100/743  loss=0.1978  lr=4.06e-05
[06:04:28 INFO] Epoch 17/50  iter 150/743  loss=0.1900  lr=4.06e-05
[06:04:43 INFO] Epoch 17/50  iter 200/743  loss=0.1868  lr=4.05e-05
[06:04:59 INFO] Epoch 17/50  iter 250/743  loss=0.1422  lr=4.04e-05
[06:05:16 INFO] Epoch 17/50  iter 300/743  loss=0.0934  lr=4.03e-05
[06:05:30 INFO] Epoch 17/50  iter 350/743  loss=0.1722  lr=4.02e-05
[06:05:47 INFO] Epoch 17/50  iter 400/743  loss=0.1110  lr=4.02e-05
[06:06:03 INFO] Epoch 17/50  iter 450/743  loss=0.1942  lr=4.01e-05
[06:06:17 INFO] Epoch 17/50  iter 500/743  loss=0.1601  lr=4.00e-05
[06:06:33 INFO] Epoch 17/50  iter 550/743  loss=0.2686  lr=3.99e-05
[06:06:52 INFO] Epoch 17/50  iter 600/743  loss=0.1531  lr=3.98e-05
[06:07:07 INFO] Epoch 17/50  iter 650/743  loss=0.1863  lr=3.97e-05
[06:07:21 INFO] Epoch 17/50  iter 700/743  loss=0.2137  lr=3.97e-05
[06:07:35 INFO] Epoch 17 complete — avg_loss=0.1911  time=235s
[06:07:51 INFO] Epoch 18/50  iter 50/743  loss=0.1343  lr=3.95e-05
[06:08:06 INFO] Epoch 18/50  iter 100/743  loss=0.1556  lr=3.94e-05
[06:08:22 INFO] Epoch 18/50  iter 150/743  loss=0.1727  lr=3.94e-05
[06:08:37 INFO] Epoch 18/50  iter 200/743  loss=0.0756  lr=3.93e-05
[06:08:52 INFO] Epoch 18/50  iter 250/743  loss=0.1939  lr=3.92e-05
[06:09:06 INFO] Epoch 18/50  iter 300/743  loss=0.1067  lr=3.91e-05
[06:09:22 INFO] Epoch 18/50  iter 350/743  loss=0.2810  lr=3.90e-05
[06:09:37 INFO] Epoch 18/50  iter 400/743  loss=0.1528  lr=3.90e-05
[06:09:51 INFO] Epoch 18/50  iter 450/743  loss=0.2457  lr=3.89e-05
[06:10:07 INFO] Epoch 18/50  iter 500/743  loss=0.1106  lr=3.88e-05
[06:10:24 INFO] Epoch 18/50  iter 550/743  loss=0.1456  lr=3.87e-05
[06:10:38 INFO] Epoch 18/50  iter 600/743  loss=0.0999  lr=3.86e-05
[06:10:53 INFO] Epoch 18/50  iter 650/743  loss=0.2530  lr=3.85e-05
[06:11:09 INFO] Epoch 18/50  iter 700/743  loss=0.0987  lr=3.85e-05
[06:11:22 INFO] Epoch 18 complete — avg_loss=0.1910  time=226s
[06:11:38 INFO] Epoch 19/50  iter 50/743  loss=0.2341  lr=3.83e-05
[06:11:52 INFO] Epoch 19/50  iter 100/743  loss=0.2604  lr=3.82e-05
[06:12:08 INFO] Epoch 19/50  iter 150/743  loss=0.1556  lr=3.82e-05
[06:12:23 INFO] Epoch 19/50  iter 200/743  loss=0.0903  lr=3.81e-05
[06:12:39 INFO] Epoch 19/50  iter 250/743  loss=0.2199  lr=3.80e-05
[06:12:54 INFO] Epoch 19/50  iter 300/743  loss=0.1506  lr=3.79e-05
[06:13:10 INFO] Epoch 19/50  iter 350/743  loss=0.1803  lr=3.78e-05
[06:13:27 INFO] Epoch 19/50  iter 400/743  loss=0.4237  lr=3.78e-05
[06:13:43 INFO] Epoch 19/50  iter 450/743  loss=0.0520  lr=3.77e-05
[06:13:58 INFO] Epoch 19/50  iter 500/743  loss=0.3326  lr=3.76e-05
[06:14:13 INFO] Epoch 19/50  iter 550/743  loss=0.1072  lr=3.75e-05
[06:14:29 INFO] Epoch 19/50  iter 600/743  loss=0.2200  lr=3.74e-05
[06:14:47 INFO] Epoch 19/50  iter 650/743  loss=0.1219  lr=3.73e-05
[06:15:04 INFO] Epoch 19/50  iter 700/743  loss=0.1832  lr=3.73e-05
[06:15:18 INFO] Epoch 19 complete — avg_loss=0.1853  time=236s
[06:15:38 INFO] Epoch 20/50  iter 50/743  loss=0.1721  lr=3.71e-05
[06:15:55 INFO] Epoch 20/50  iter 100/743  loss=0.1093  lr=3.70e-05
[06:16:10 INFO] Epoch 20/50  iter 150/743  loss=0.0397  lr=3.70e-05
[06:16:27 INFO] Epoch 20/50  iter 200/743  loss=0.0702  lr=3.69e-05
[06:16:41 INFO] Epoch 20/50  iter 250/743  loss=0.1481  lr=3.68e-05
[06:16:58 INFO] Epoch 20/50  iter 300/743  loss=0.0828  lr=3.67e-05
[06:17:13 INFO] Epoch 20/50  iter 350/743  loss=0.2434  lr=3.66e-05
[06:17:28 INFO] Epoch 20/50  iter 400/743  loss=0.0808  lr=3.66e-05
[06:17:45 INFO] Epoch 20/50  iter 450/743  loss=0.1416  lr=3.65e-05
[06:18:01 INFO] Epoch 20/50  iter 500/743  loss=0.1019  lr=3.64e-05
[06:18:17 INFO] Epoch 20/50  iter 550/743  loss=0.1883  lr=3.63e-05
[06:18:32 INFO] Epoch 20/50  iter 600/743  loss=0.0756  lr=3.62e-05
[06:18:48 INFO] Epoch 20/50  iter 650/743  loss=0.1548  lr=3.61e-05
[06:19:05 INFO] Epoch 20/50  iter 700/743  loss=0.1935  lr=3.61e-05
[06:19:17 INFO] Epoch 20 complete — avg_loss=0.1771  time=239s
[06:21:14 INFO]   val mIoU = 0.7419
[06:21:14 INFO]   ★ New best val mIoU: 0.7419
[06:21:31 INFO] Epoch 21/50  iter 50/743  loss=0.1051  lr=3.59e-05
[06:21:46 INFO] Epoch 21/50  iter 100/743  loss=0.3307  lr=3.58e-05
[06:22:00 INFO] Epoch 21/50  iter 150/743  loss=0.1690  lr=3.58e-05
[06:22:16 INFO] Epoch 21/50  iter 200/743  loss=0.0620  lr=3.57e-05
[06:22:31 INFO] Epoch 21/50  iter 250/743  loss=0.1547  lr=3.56e-05
[06:22:46 INFO] Epoch 21/50  iter 300/743  loss=0.1682  lr=3.55e-05
[06:23:02 INFO] Epoch 21/50  iter 350/743  loss=0.1854  lr=3.54e-05
[06:23:16 INFO] Epoch 21/50  iter 400/743  loss=0.1999  lr=3.54e-05
[06:23:31 INFO] Epoch 21/50  iter 450/743  loss=0.2685  lr=3.53e-05
[06:23:45 INFO] Epoch 21/50  iter 500/743  loss=0.1557  lr=3.52e-05
[06:24:01 INFO] Epoch 21/50  iter 550/743  loss=0.1321  lr=3.51e-05
[06:24:17 INFO] Epoch 21/50  iter 600/743  loss=0.1631  lr=3.50e-05
[06:24:32 INFO] Epoch 21/50  iter 650/743  loss=0.2180  lr=3.49e-05
[06:24:46 INFO] Epoch 21/50  iter 700/743  loss=0.1348  lr=3.49e-05
[06:24:59 INFO] Epoch 21 complete — avg_loss=0.1747  time=225s
[06:25:17 INFO] Epoch 22/50  iter 50/743  loss=0.1324  lr=3.47e-05
[06:25:31 INFO] Epoch 22/50  iter 100/743  loss=0.4066  lr=3.46e-05
[06:25:46 INFO] Epoch 22/50  iter 150/743  loss=0.1951  lr=3.46e-05
[06:26:01 INFO] Epoch 22/50  iter 200/743  loss=0.1387  lr=3.45e-05
[06:26:18 INFO] Epoch 22/50  iter 250/743  loss=0.0790  lr=3.44e-05
[06:26:35 INFO] Epoch 22/50  iter 300/743  loss=0.1478  lr=3.43e-05
[06:26:51 INFO] Epoch 22/50  iter 350/743  loss=0.1426  lr=3.42e-05
[06:27:05 INFO] Epoch 22/50  iter 400/743  loss=0.1906  lr=3.42e-05
[06:27:20 INFO] Epoch 22/50  iter 450/743  loss=0.1681  lr=3.41e-05
[06:27:34 INFO] Epoch 22/50  iter 500/743  loss=0.1685  lr=3.40e-05
[06:27:51 INFO] Epoch 22/50  iter 550/743  loss=0.2229  lr=3.39e-05
[06:28:07 INFO] Epoch 22/50  iter 600/743  loss=0.0836  lr=3.38e-05
[06:28:22 INFO] Epoch 22/50  iter 650/743  loss=0.2897  lr=3.37e-05
[06:28:38 INFO] Epoch 22/50  iter 700/743  loss=0.2089  lr=3.37e-05
[06:28:51 INFO] Epoch 22 complete — avg_loss=0.1772  time=231s
[06:29:07 INFO] Epoch 23/50  iter 50/743  loss=0.0652  lr=3.35e-05
[06:29:24 INFO] Epoch 23/50  iter 100/743  loss=0.5352  lr=3.34e-05
[06:29:42 INFO] Epoch 23/50  iter 150/743  loss=0.1142  lr=3.34e-05
[06:29:56 INFO] Epoch 23/50  iter 200/743  loss=0.0764  lr=3.33e-05
[06:30:11 INFO] Epoch 23/50  iter 250/743  loss=0.1534  lr=3.32e-05
[06:30:27 INFO] Epoch 23/50  iter 300/743  loss=0.2983  lr=3.31e-05
[06:30:43 INFO] Epoch 23/50  iter 350/743  loss=0.2457  lr=3.30e-05
[06:30:58 INFO] Epoch 23/50  iter 400/743  loss=0.1012  lr=3.30e-05
[06:31:13 INFO] Epoch 23/50  iter 450/743  loss=0.1091  lr=3.29e-05
[06:31:27 INFO] Epoch 23/50  iter 500/743  loss=0.2153  lr=3.28e-05
[06:31:42 INFO] Epoch 23/50  iter 550/743  loss=0.5296  lr=3.27e-05
[06:31:56 INFO] Epoch 23/50  iter 600/743  loss=0.1473  lr=3.26e-05
[06:32:10 INFO] Epoch 23/50  iter 650/743  loss=0.0953  lr=3.25e-05
[06:32:25 INFO] Epoch 23/50  iter 700/743  loss=0.1075  lr=3.25e-05
[06:32:38 INFO] Epoch 23 complete — avg_loss=0.1682  time=226s
[06:32:55 INFO] Epoch 24/50  iter 50/743  loss=0.1358  lr=3.23e-05
[06:33:10 INFO] Epoch 24/50  iter 100/743  loss=0.1822  lr=3.22e-05
[06:33:24 INFO] Epoch 24/50  iter 150/743  loss=0.1908  lr=3.22e-05
[06:33:41 INFO] Epoch 24/50  iter 200/743  loss=0.0892  lr=3.21e-05
[06:33:59 INFO] Epoch 24/50  iter 250/743  loss=0.1050  lr=3.20e-05
[06:34:15 INFO] Epoch 24/50  iter 300/743  loss=0.1618  lr=3.19e-05
[06:34:29 INFO] Epoch 24/50  iter 350/743  loss=0.1070  lr=3.18e-05
[06:34:44 INFO] Epoch 24/50  iter 400/743  loss=0.1741  lr=3.18e-05
[06:34:59 INFO] Epoch 24/50  iter 450/743  loss=0.3282  lr=3.17e-05
[06:35:13 INFO] Epoch 24/50  iter 500/743  loss=0.0844  lr=3.16e-05
[06:35:29 INFO] Epoch 24/50  iter 550/743  loss=0.2106  lr=3.15e-05
[06:35:44 INFO] Epoch 24/50  iter 600/743  loss=0.1365  lr=3.14e-05
[06:35:58 INFO] Epoch 24/50  iter 650/743  loss=0.1065  lr=3.13e-05
[06:36:13 INFO] Epoch 24/50  iter 700/743  loss=0.1226  lr=3.13e-05
[06:36:26 INFO] Epoch 24 complete — avg_loss=0.1713  time=228s
[06:36:44 INFO] Epoch 25/50  iter 50/743  loss=0.1318  lr=3.11e-05
[06:36:58 INFO] Epoch 25/50  iter 100/743  loss=0.1414  lr=3.10e-05
[06:37:12 INFO] Epoch 25/50  iter 150/743  loss=0.1924  lr=3.10e-05
[06:37:26 INFO] Epoch 25/50  iter 200/743  loss=0.1733  lr=3.09e-05
[06:37:42 INFO] Epoch 25/50  iter 250/743  loss=0.1239  lr=3.08e-05
[06:37:58 INFO] Epoch 25/50  iter 300/743  loss=0.1378  lr=3.07e-05
[06:38:12 INFO] Epoch 25/50  iter 350/743  loss=0.1339  lr=3.06e-05
[06:38:28 INFO] Epoch 25/50  iter 400/743  loss=0.0647  lr=3.06e-05
[06:38:42 INFO] Epoch 25/50  iter 450/743  loss=0.4491  lr=3.05e-05
[06:38:58 INFO] Epoch 25/50  iter 500/743  loss=0.1410  lr=3.04e-05
[06:39:13 INFO] Epoch 25/50  iter 550/743  loss=0.1060  lr=3.03e-05
[06:39:29 INFO] Epoch 25/50  iter 600/743  loss=0.1648  lr=3.02e-05
[06:39:43 INFO] Epoch 25/50  iter 650/743  loss=0.0911  lr=3.01e-05
[06:39:57 INFO] Epoch 25/50  iter 700/743  loss=0.1626  lr=3.01e-05
[06:40:11 INFO] Epoch 25 complete — avg_loss=0.1619  time=225s
[06:42:09 INFO]   val mIoU = 0.7297
[06:42:25 INFO] Epoch 26/50  iter 50/743  loss=0.2041  lr=2.99e-05
[06:42:39 INFO] Epoch 26/50  iter 100/743  loss=0.1167  lr=2.98e-05
[06:42:56 INFO] Epoch 26/50  iter 150/743  loss=0.1582  lr=2.98e-05
[06:43:10 INFO] Epoch 26/50  iter 200/743  loss=0.1603  lr=2.97e-05
[06:43:26 INFO] Epoch 26/50  iter 250/743  loss=0.2154  lr=2.96e-05
[06:43:41 INFO] Epoch 26/50  iter 300/743  loss=0.1906  lr=2.95e-05
[06:43:57 INFO] Epoch 26/50  iter 350/743  loss=0.1096  lr=2.94e-05
[06:44:13 INFO] Epoch 26/50  iter 400/743  loss=0.2395  lr=2.94e-05
[06:44:27 INFO] Epoch 26/50  iter 450/743  loss=0.0272  lr=2.93e-05
[06:44:40 INFO] Epoch 26/50  iter 500/743  loss=0.1577  lr=2.92e-05
[06:44:56 INFO] Epoch 26/50  iter 550/743  loss=0.1648  lr=2.91e-05
[06:45:11 INFO] Epoch 26/50  iter 600/743  loss=0.1962  lr=2.90e-05
[06:45:29 INFO] Epoch 26/50  iter 650/743  loss=0.1534  lr=2.89e-05
[06:45:43 INFO] Epoch 26/50  iter 700/743  loss=0.1734  lr=2.89e-05
[06:45:56 INFO] Epoch 26 complete — avg_loss=0.1692  time=227s
[06:46:13 INFO] Epoch 27/50  iter 50/743  loss=0.1155  lr=2.87e-05
[06:46:28 INFO] Epoch 27/50  iter 100/743  loss=0.1230  lr=2.86e-05
[06:46:42 INFO] Epoch 27/50  iter 150/743  loss=0.1495  lr=2.86e-05
[06:46:56 INFO] Epoch 27/50  iter 200/743  loss=0.1887  lr=2.85e-05
[06:47:11 INFO] Epoch 27/50  iter 250/743  loss=0.2306  lr=2.84e-05
[06:47:25 INFO] Epoch 27/50  iter 300/743  loss=0.1960  lr=2.83e-05
[06:47:40 INFO] Epoch 27/50  iter 350/743  loss=0.1379  lr=2.82e-05
[06:47:56 INFO] Epoch 27/50  iter 400/743  loss=0.2059  lr=2.82e-05
[06:48:12 INFO] Epoch 27/50  iter 450/743  loss=0.0848  lr=2.81e-05
[06:48:28 INFO] Epoch 27/50  iter 500/743  loss=0.1691  lr=2.80e-05
[06:48:45 INFO] Epoch 27/50  iter 550/743  loss=0.1461  lr=2.79e-05
[06:49:04 INFO] Epoch 27/50  iter 600/743  loss=0.1429  lr=2.78e-05
[06:49:19 INFO] Epoch 27/50  iter 650/743  loss=0.1583  lr=2.77e-05
[06:49:36 INFO] Epoch 27/50  iter 700/743  loss=0.1380  lr=2.77e-05
[06:49:49 INFO] Epoch 27 complete — avg_loss=0.1706  time=232s
[06:50:07 INFO] Epoch 28/50  iter 50/743  loss=0.1304  lr=2.75e-05
[06:50:21 INFO] Epoch 28/50  iter 100/743  loss=0.1472  lr=2.74e-05
[06:50:35 INFO] Epoch 28/50  iter 150/743  loss=0.0990  lr=2.74e-05
[06:50:49 INFO] Epoch 28/50  iter 200/743  loss=0.0915  lr=2.73e-05
[06:51:05 INFO] Epoch 28/50  iter 250/743  loss=0.1531  lr=2.72e-05
[06:51:19 INFO] Epoch 28/50  iter 300/743  loss=0.2091  lr=2.71e-05
[06:51:35 INFO] Epoch 28/50  iter 350/743  loss=0.1534  lr=2.70e-05
[06:51:48 INFO] Epoch 28/50  iter 400/743  loss=0.1078  lr=2.70e-05
[06:52:03 INFO] Epoch 28/50  iter 450/743  loss=0.2688  lr=2.69e-05
[06:52:18 INFO] Epoch 28/50  iter 500/743  loss=0.1035  lr=2.68e-05
[06:52:33 INFO] Epoch 28/50  iter 550/743  loss=0.3910  lr=2.67e-05
[06:52:47 INFO] Epoch 28/50  iter 600/743  loss=0.1977  lr=2.66e-05
[06:53:03 INFO] Epoch 28/50  iter 650/743  loss=0.0711  lr=2.65e-05
[06:53:21 INFO] Epoch 28/50  iter 700/743  loss=0.1884  lr=2.65e-05
[06:53:35 INFO] Epoch 28 complete — avg_loss=0.1610  time=226s
[06:53:53 INFO] Epoch 29/50  iter 50/743  loss=0.1068  lr=2.63e-05
[06:54:10 INFO] Epoch 29/50  iter 100/743  loss=0.2627  lr=2.62e-05
[06:54:27 INFO] Epoch 29/50  iter 150/743  loss=0.0978  lr=2.62e-05
[06:54:42 INFO] Epoch 29/50  iter 200/743  loss=0.2048  lr=2.61e-05
[06:54:59 INFO] Epoch 29/50  iter 250/743  loss=0.0905  lr=2.60e-05
[06:55:15 INFO] Epoch 29/50  iter 300/743  loss=0.0896  lr=2.59e-05
[06:55:29 INFO] Epoch 29/50  iter 350/743  loss=0.1375  lr=2.58e-05
[06:55:43 INFO] Epoch 29/50  iter 400/743  loss=0.1142  lr=2.58e-05
[06:56:02 INFO] Epoch 29/50  iter 450/743  loss=0.1740  lr=2.57e-05
[06:56:16 INFO] Epoch 29/50  iter 500/743  loss=0.1125  lr=2.56e-05
[06:56:30 INFO] Epoch 29/50  iter 550/743  loss=0.1250  lr=2.55e-05
[06:56:46 INFO] Epoch 29/50  iter 600/743  loss=0.0707  lr=2.54e-05
[06:57:01 INFO] Epoch 29/50  iter 650/743  loss=0.0388  lr=2.53e-05
[06:57:15 INFO] Epoch 29/50  iter 700/743  loss=0.0737  lr=2.53e-05
[06:57:28 INFO] Epoch 29 complete — avg_loss=0.1602  time=232s
[06:57:46 INFO] Epoch 30/50  iter 50/743  loss=0.0993  lr=2.51e-05
[06:58:01 INFO] Epoch 30/50  iter 100/743  loss=0.1158  lr=2.50e-05
[06:58:15 INFO] Epoch 30/50  iter 150/743  loss=0.1221  lr=2.50e-05
[06:58:32 INFO] Epoch 30/50  iter 200/743  loss=0.1995  lr=2.49e-05
[06:58:47 INFO] Epoch 30/50  iter 250/743  loss=0.1081  lr=2.48e-05
[06:59:01 INFO] Epoch 30/50  iter 300/743  loss=0.1125  lr=2.47e-05
[06:59:16 INFO] Epoch 30/50  iter 350/743  loss=0.0553  lr=2.46e-05
[06:59:33 INFO] Epoch 30/50  iter 400/743  loss=0.1771  lr=2.46e-05
[06:59:49 INFO] Epoch 30/50  iter 450/743  loss=0.1310  lr=2.45e-05
[07:00:05 INFO] Epoch 30/50  iter 500/743  loss=0.1490  lr=2.44e-05
[07:00:19 INFO] Epoch 30/50  iter 550/743  loss=0.1891  lr=2.43e-05
[07:00:36 INFO] Epoch 30/50  iter 600/743  loss=0.1898  lr=2.42e-05
[07:00:52 INFO] Epoch 30/50  iter 650/743  loss=0.2262  lr=2.41e-05
[07:01:06 INFO] Epoch 30/50  iter 700/743  loss=0.0917  lr=2.41e-05
[07:01:19 INFO] Epoch 30 complete — avg_loss=0.1575  time=231s
[07:03:17 INFO]   val mIoU = 0.7546
[07:03:18 INFO]   ★ New best val mIoU: 0.7546
[07:03:36 INFO] Epoch 31/50  iter 50/743  loss=0.2060  lr=2.39e-05
[07:03:51 INFO] Epoch 31/50  iter 100/743  loss=0.1811  lr=2.38e-05
[07:04:05 INFO] Epoch 31/50  iter 150/743  loss=0.3519  lr=2.38e-05
[07:04:20 INFO] Epoch 31/50  iter 200/743  loss=0.0513  lr=2.37e-05
[07:04:35 INFO] Epoch 31/50  iter 250/743  loss=0.0932  lr=2.36e-05
[07:04:52 INFO] Epoch 31/50  iter 300/743  loss=0.2707  lr=2.35e-05
[07:05:08 INFO] Epoch 31/50  iter 350/743  loss=0.1455  lr=2.34e-05
[07:05:24 INFO] Epoch 31/50  iter 400/743  loss=0.1298  lr=2.34e-05
[07:05:39 INFO] Epoch 31/50  iter 450/743  loss=0.0979  lr=2.33e-05
[07:05:53 INFO] Epoch 31/50  iter 500/743  loss=0.1322  lr=2.32e-05
[07:06:07 INFO] Epoch 31/50  iter 550/743  loss=0.1675  lr=2.31e-05
[07:06:22 INFO] Epoch 31/50  iter 600/743  loss=0.0951  lr=2.30e-05
[07:06:36 INFO] Epoch 31/50  iter 650/743  loss=0.1163  lr=2.29e-05
[07:06:52 INFO] Epoch 31/50  iter 700/743  loss=0.1758  lr=2.29e-05
[07:07:05 INFO] Epoch 31 complete — avg_loss=0.1502  time=227s
[07:07:23 INFO] Epoch 32/50  iter 50/743  loss=0.1200  lr=2.27e-05
[07:07:38 INFO] Epoch 32/50  iter 100/743  loss=0.2055  lr=2.26e-05
[07:07:55 INFO] Epoch 32/50  iter 150/743  loss=0.0342  lr=2.26e-05
[07:08:12 INFO] Epoch 32/50  iter 200/743  loss=0.1639  lr=2.25e-05
[07:08:27 INFO] Epoch 32/50  iter 250/743  loss=0.1810  lr=2.24e-05
[07:08:42 INFO] Epoch 32/50  iter 300/743  loss=0.1290  lr=2.23e-05
[07:08:57 INFO] Epoch 32/50  iter 350/743  loss=0.2384  lr=2.22e-05
[07:09:12 INFO] Epoch 32/50  iter 400/743  loss=0.1143  lr=2.22e-05
[07:09:27 INFO] Epoch 32/50  iter 450/743  loss=0.0822  lr=2.21e-05
[07:09:43 INFO] Epoch 32/50  iter 500/743  loss=0.1729  lr=2.20e-05
[07:09:59 INFO] Epoch 32/50  iter 550/743  loss=0.1003  lr=2.19e-05
[07:10:14 INFO] Epoch 32/50  iter 600/743  loss=0.1753  lr=2.18e-05
[07:10:28 INFO] Epoch 32/50  iter 650/743  loss=0.1049  lr=2.17e-05
[07:10:43 INFO] Epoch 32/50  iter 700/743  loss=0.1629  lr=2.17e-05
[07:10:56 INFO] Epoch 32 complete — avg_loss=0.1517  time=231s
[07:11:14 INFO] Epoch 33/50  iter 50/743  loss=0.2330  lr=2.15e-05
[07:11:32 INFO] Epoch 33/50  iter 100/743  loss=0.2230  lr=2.14e-05
[07:11:50 INFO] Epoch 33/50  iter 150/743  loss=0.1676  lr=2.14e-05
[07:12:07 INFO] Epoch 33/50  iter 200/743  loss=0.0536  lr=2.13e-05
[07:12:25 INFO] Epoch 33/50  iter 250/743  loss=0.1529  lr=2.12e-05
[07:12:40 INFO] Epoch 33/50  iter 300/743  loss=0.0900  lr=2.11e-05
[07:12:58 INFO] Epoch 33/50  iter 350/743  loss=1.3598  lr=2.10e-05
[07:13:13 INFO] Epoch 33/50  iter 400/743  loss=0.1339  lr=2.10e-05
[07:13:30 INFO] Epoch 33/50  iter 450/743  loss=0.0880  lr=2.09e-05
[07:13:45 INFO] Epoch 33/50  iter 500/743  loss=0.0294  lr=2.08e-05
[07:14:00 INFO] Epoch 33/50  iter 550/743  loss=0.1045  lr=2.07e-05
[07:14:16 INFO] Epoch 33/50  iter 600/743  loss=0.0950  lr=2.06e-05
[07:14:33 INFO] Epoch 33/50  iter 650/743  loss=0.1444  lr=2.05e-05
[07:14:49 INFO] Epoch 33/50  iter 700/743  loss=0.1163  lr=2.05e-05
[07:15:04 INFO] Epoch 33 complete — avg_loss=0.1484  time=247s
[07:15:21 INFO] Epoch 34/50  iter 50/743  loss=0.1143  lr=2.03e-05
[07:15:37 INFO] Epoch 34/50  iter 100/743  loss=0.1143  lr=2.02e-05
[07:15:51 INFO] Epoch 34/50  iter 150/743  loss=0.2068  lr=2.02e-05
[07:16:07 INFO] Epoch 34/50  iter 200/743  loss=0.1094  lr=2.01e-05
[07:16:23 INFO] Epoch 34/50  iter 250/743  loss=0.0996  lr=2.00e-05
[07:16:38 INFO] Epoch 34/50  iter 300/743  loss=0.1601  lr=1.99e-05
[07:16:54 INFO] Epoch 34/50  iter 350/743  loss=0.1856  lr=1.98e-05
[07:17:11 INFO] Epoch 34/50  iter 400/743  loss=0.1967  lr=1.98e-05
[07:17:26 INFO] Epoch 34/50  iter 450/743  loss=0.2220  lr=1.97e-05
[07:17:41 INFO] Epoch 34/50  iter 500/743  loss=0.0668  lr=1.96e-05
[07:17:57 INFO] Epoch 34/50  iter 550/743  loss=0.1148  lr=1.95e-05
[07:18:11 INFO] Epoch 34/50  iter 600/743  loss=0.6220  lr=1.94e-05
[07:18:27 INFO] Epoch 34/50  iter 650/743  loss=0.1503  lr=1.93e-05
[07:18:45 INFO] Epoch 34/50  iter 700/743  loss=0.0818  lr=1.93e-05
[07:18:57 INFO] Epoch 34 complete — avg_loss=0.1542  time=233s
[07:19:14 INFO] Epoch 35/50  iter 50/743  loss=0.1760  lr=1.91e-05
[07:19:31 INFO] Epoch 35/50  iter 100/743  loss=0.1985  lr=1.90e-05
[07:19:47 INFO] Epoch 35/50  iter 150/743  loss=0.2290  lr=1.90e-05
[07:20:00 INFO] Epoch 35/50  iter 200/743  loss=0.1921  lr=1.89e-05
[07:20:16 INFO] Epoch 35/50  iter 250/743  loss=0.2796  lr=1.88e-05
[07:20:30 INFO] Epoch 35/50  iter 300/743  loss=0.2261  lr=1.87e-05
[07:20:45 INFO] Epoch 35/50  iter 350/743  loss=0.0366  lr=1.86e-05
[07:20:59 INFO] Epoch 35/50  iter 400/743  loss=0.1300  lr=1.86e-05
[07:21:14 INFO] Epoch 35/50  iter 450/743  loss=0.1344  lr=1.85e-05
[07:21:28 INFO] Epoch 35/50  iter 500/743  loss=0.0968  lr=1.84e-05
[07:21:41 INFO] Epoch 35/50  iter 550/743  loss=0.1500  lr=1.83e-05
[07:21:56 INFO] Epoch 35/50  iter 600/743  loss=0.1179  lr=1.82e-05
[07:22:12 INFO] Epoch 35/50  iter 650/743  loss=0.0951  lr=1.81e-05
[07:22:27 INFO] Epoch 35/50  iter 700/743  loss=0.0470  lr=1.81e-05
[07:22:40 INFO] Epoch 35 complete — avg_loss=0.1473  time=222s
[07:24:37 INFO]   val mIoU = 0.7555
[07:24:38 INFO]   ★ New best val mIoU: 0.7555
[07:24:55 INFO] Epoch 36/50  iter 50/743  loss=0.0672  lr=1.79e-05
[07:25:09 INFO] Epoch 36/50  iter 100/743  loss=0.1567  lr=1.78e-05
[07:25:24 INFO] Epoch 36/50  iter 150/743  loss=0.1579  lr=1.78e-05
[07:25:39 INFO] Epoch 36/50  iter 200/743  loss=0.1079  lr=1.77e-05
[07:25:53 INFO] Epoch 36/50  iter 250/743  loss=0.0560  lr=1.76e-05
[07:26:08 INFO] Epoch 36/50  iter 300/743  loss=0.1489  lr=1.75e-05
[07:26:22 INFO] Epoch 36/50  iter 350/743  loss=0.0225  lr=1.74e-05
[07:26:38 INFO] Epoch 36/50  iter 400/743  loss=0.0863  lr=1.74e-05
[07:26:53 INFO] Epoch 36/50  iter 450/743  loss=0.1854  lr=1.73e-05
[07:27:11 INFO] Epoch 36/50  iter 500/743  loss=0.1662  lr=1.72e-05
[07:27:26 INFO] Epoch 36/50  iter 550/743  loss=0.0484  lr=1.71e-05
[07:27:40 INFO] Epoch 36/50  iter 600/743  loss=0.1021  lr=1.70e-05
[07:27:55 INFO] Epoch 36/50  iter 650/743  loss=0.0652  lr=1.69e-05
[07:28:11 INFO] Epoch 36/50  iter 700/743  loss=0.1733  lr=1.69e-05
[07:28:24 INFO] Epoch 36 complete — avg_loss=0.1483  time=226s
[07:28:41 INFO] Epoch 37/50  iter 50/743  loss=0.0794  lr=1.67e-05
[07:28:55 INFO] Epoch 37/50  iter 100/743  loss=0.1077  lr=1.66e-05
[07:29:09 INFO] Epoch 37/50  iter 150/743  loss=0.1430  lr=1.66e-05
[07:29:28 INFO] Epoch 37/50  iter 200/743  loss=0.2037  lr=1.65e-05
[07:29:44 INFO] Epoch 37/50  iter 250/743  loss=0.0750  lr=1.64e-05
[07:29:58 INFO] Epoch 37/50  iter 300/743  loss=0.0907  lr=1.63e-05
[07:30:13 INFO] Epoch 37/50  iter 350/743  loss=0.1256  lr=1.62e-05
[07:30:30 INFO] Epoch 37/50  iter 400/743  loss=0.1321  lr=1.62e-05
[07:30:46 INFO] Epoch 37/50  iter 450/743  loss=0.1246  lr=1.61e-05
[07:31:00 INFO] Epoch 37/50  iter 500/743  loss=0.1676  lr=1.60e-05
[07:31:17 INFO] Epoch 37/50  iter 550/743  loss=0.0671  lr=1.59e-05
[07:31:34 INFO] Epoch 37/50  iter 600/743  loss=0.1165  lr=1.58e-05
[07:31:51 INFO] Epoch 37/50  iter 650/743  loss=0.1364  lr=1.57e-05
[07:32:07 INFO] Epoch 37/50  iter 700/743  loss=0.1647  lr=1.57e-05
[07:32:20 INFO] Epoch 37 complete — avg_loss=0.1437  time=236s
[07:32:37 INFO] Epoch 38/50  iter 50/743  loss=0.1037  lr=1.55e-05
[07:32:51 INFO] Epoch 38/50  iter 100/743  loss=0.1072  lr=1.54e-05
[07:33:06 INFO] Epoch 38/50  iter 150/743  loss=0.1482  lr=1.54e-05
[07:33:22 INFO] Epoch 38/50  iter 200/743  loss=0.1131  lr=1.53e-05
[07:33:39 INFO] Epoch 38/50  iter 250/743  loss=0.1792  lr=1.52e-05
[07:33:56 INFO] Epoch 38/50  iter 300/743  loss=0.1779  lr=1.51e-05
[07:34:12 INFO] Epoch 38/50  iter 350/743  loss=0.1618  lr=1.50e-05
[07:34:31 INFO] Epoch 38/50  iter 400/743  loss=0.0905  lr=1.50e-05
[07:34:47 INFO] Epoch 38/50  iter 450/743  loss=0.2539  lr=1.49e-05
[07:35:04 INFO] Epoch 38/50  iter 500/743  loss=0.0730  lr=1.48e-05
[07:35:23 INFO] Epoch 38/50  iter 550/743  loss=0.1913  lr=1.47e-05
[07:35:37 INFO] Epoch 38/50  iter 600/743  loss=0.0590  lr=1.46e-05
[07:35:51 INFO] Epoch 38/50  iter 650/743  loss=0.0850  lr=1.45e-05
[07:36:06 INFO] Epoch 38/50  iter 700/743  loss=0.1432  lr=1.45e-05
[07:36:19 INFO] Epoch 38 complete — avg_loss=0.1378  time=238s
[07:36:37 INFO] Epoch 39/50  iter 50/743  loss=0.1077  lr=1.43e-05
[07:36:51 INFO] Epoch 39/50  iter 100/743  loss=0.1249  lr=1.42e-05
[07:37:05 INFO] Epoch 39/50  iter 150/743  loss=0.0987  lr=1.42e-05
[07:37:20 INFO] Epoch 39/50  iter 200/743  loss=0.3216  lr=1.41e-05
[07:37:34 INFO] Epoch 39/50  iter 250/743  loss=0.1186  lr=1.40e-05
[07:37:48 INFO] Epoch 39/50  iter 300/743  loss=0.0357  lr=1.39e-05
[07:38:03 INFO] Epoch 39/50  iter 350/743  loss=0.0821  lr=1.38e-05
[07:38:20 INFO] Epoch 39/50  iter 400/743  loss=0.3323  lr=1.38e-05
[07:38:38 INFO] Epoch 39/50  iter 450/743  loss=0.2073  lr=1.37e-05
[07:38:53 INFO] Epoch 39/50  iter 500/743  loss=0.1605  lr=1.36e-05
[07:39:11 INFO] Epoch 39/50  iter 550/743  loss=0.1442  lr=1.35e-05
[07:39:28 INFO] Epoch 39/50  iter 600/743  loss=0.1639  lr=1.34e-05
[07:39:43 INFO] Epoch 39/50  iter 650/743  loss=0.1090  lr=1.33e-05
[07:40:00 INFO] Epoch 39/50  iter 700/743  loss=0.0935  lr=1.33e-05
[07:40:12 INFO] Epoch 39 complete — avg_loss=0.1453  time=233s
[07:40:28 INFO] Epoch 40/50  iter 50/743  loss=0.1861  lr=1.31e-05
[07:40:43 INFO] Epoch 40/50  iter 100/743  loss=0.1411  lr=1.30e-05
[07:40:57 INFO] Epoch 40/50  iter 150/743  loss=0.1543  lr=1.30e-05
[07:41:11 INFO] Epoch 40/50  iter 200/743  loss=0.1041  lr=1.29e-05
[07:41:24 INFO] Epoch 40/50  iter 250/743  loss=0.1133  lr=1.28e-05
[07:41:43 INFO] Epoch 40/50  iter 300/743  loss=0.0912  lr=1.27e-05
[07:42:00 INFO] Epoch 40/50  iter 350/743  loss=0.1817  lr=1.26e-05
[07:42:18 INFO] Epoch 40/50  iter 400/743  loss=0.1809  lr=1.26e-05
[07:42:33 INFO] Epoch 40/50  iter 450/743  loss=0.0611  lr=1.25e-05
[07:42:49 INFO] Epoch 40/50  iter 500/743  loss=0.1263  lr=1.24e-05
[07:43:06 INFO] Epoch 40/50  iter 550/743  loss=0.1337  lr=1.23e-05
[07:43:21 INFO] Epoch 40/50  iter 600/743  loss=0.1647  lr=1.22e-05
[07:43:36 INFO] Epoch 40/50  iter 650/743  loss=0.1535  lr=1.21e-05
[07:43:52 INFO] Epoch 40/50  iter 700/743  loss=0.0989  lr=1.21e-05
[07:44:05 INFO] Epoch 40 complete — avg_loss=0.1505  time=232s
[07:46:02 INFO]   val mIoU = 0.7650
[07:46:02 INFO]   ★ New best val mIoU: 0.7650
[07:46:19 INFO] Epoch 41/50  iter 50/743  loss=0.2203  lr=1.19e-05
[07:46:34 INFO] Epoch 41/50  iter 100/743  loss=0.0525  lr=1.18e-05
[07:46:50 INFO] Epoch 41/50  iter 150/743  loss=0.1301  lr=1.18e-05
[07:47:05 INFO] Epoch 41/50  iter 200/743  loss=0.1398  lr=1.17e-05
[07:47:19 INFO] Epoch 41/50  iter 250/743  loss=0.1782  lr=1.16e-05
[07:47:35 INFO] Epoch 41/50  iter 300/743  loss=0.1821  lr=1.15e-05
[07:47:50 INFO] Epoch 41/50  iter 350/743  loss=0.0718  lr=1.14e-05
[07:48:06 INFO] Epoch 41/50  iter 400/743  loss=0.1297  lr=1.14e-05
[07:48:21 INFO] Epoch 41/50  iter 450/743  loss=0.0761  lr=1.13e-05
[07:48:36 INFO] Epoch 41/50  iter 500/743  loss=0.1163  lr=1.12e-05
[07:48:53 INFO] Epoch 41/50  iter 550/743  loss=0.1551  lr=1.11e-05
[07:49:08 INFO] Epoch 41/50  iter 600/743  loss=0.2073  lr=1.10e-05
[07:49:24 INFO] Epoch 41/50  iter 650/743  loss=0.1314  lr=1.09e-05
[07:49:39 INFO] Epoch 41/50  iter 700/743  loss=0.2865  lr=1.09e-05
[07:49:54 INFO] Epoch 41 complete — avg_loss=0.1461  time=231s
[07:50:10 INFO] Epoch 42/50  iter 50/743  loss=0.2141  lr=1.07e-05
[07:50:24 INFO] Epoch 42/50  iter 100/743  loss=0.0628  lr=1.06e-05
[07:50:38 INFO] Epoch 42/50  iter 150/743  loss=0.0897  lr=1.06e-05
[07:50:52 INFO] Epoch 42/50  iter 200/743  loss=0.1080  lr=1.05e-05
[07:51:07 INFO] Epoch 42/50  iter 250/743  loss=0.0891  lr=1.04e-05
[07:51:21 INFO] Epoch 42/50  iter 300/743  loss=0.2414  lr=1.03e-05
[07:51:34 INFO] Epoch 42/50  iter 350/743  loss=0.0834  lr=1.02e-05
[07:51:49 INFO] Epoch 42/50  iter 400/743  loss=0.1467  lr=1.02e-05
[07:52:03 INFO] Epoch 42/50  iter 450/743  loss=0.0994  lr=1.01e-05
[07:52:17 INFO] Epoch 42/50  iter 500/743  loss=0.0661  lr=9.99e-06
[07:52:31 INFO] Epoch 42/50  iter 550/743  loss=0.0867  lr=9.91e-06
[07:52:46 INFO] Epoch 42/50  iter 600/743  loss=0.1214  lr=9.83e-06
[07:53:01 INFO] Epoch 42/50  iter 650/743  loss=0.1519  lr=9.75e-06
[07:53:16 INFO] Epoch 42/50  iter 700/743  loss=0.1993  lr=9.67e-06
[07:53:29 INFO] Epoch 42 complete — avg_loss=0.1401  time=214s
[07:53:47 INFO] Epoch 43/50  iter 50/743  loss=0.2195  lr=9.52e-06
[07:54:02 INFO] Epoch 43/50  iter 100/743  loss=0.1753  lr=9.44e-06
[07:54:17 INFO] Epoch 43/50  iter 150/743  loss=0.1053  lr=9.36e-06
[07:54:35 INFO] Epoch 43/50  iter 200/743  loss=0.1533  lr=9.28e-06
[07:54:53 INFO] Epoch 43/50  iter 250/743  loss=0.1409  lr=9.19e-06
[07:55:11 INFO] Epoch 43/50  iter 300/743  loss=0.1009  lr=9.11e-06
[07:55:26 INFO] Epoch 43/50  iter 350/743  loss=0.0977  lr=9.03e-06
[07:55:41 INFO] Epoch 43/50  iter 400/743  loss=0.1105  lr=8.95e-06
[07:55:57 INFO] Epoch 43/50  iter 450/743  loss=0.1246  lr=8.87e-06
[07:56:12 INFO] Epoch 43/50  iter 500/743  loss=0.2451  lr=8.79e-06
[07:56:27 INFO] Epoch 43/50  iter 550/743  loss=0.0922  lr=8.71e-06
[07:56:42 INFO] Epoch 43/50  iter 600/743  loss=0.1118  lr=8.63e-06
[07:56:58 INFO] Epoch 43/50  iter 650/743  loss=0.2078  lr=8.55e-06
[07:57:12 INFO] Epoch 43/50  iter 700/743  loss=0.0748  lr=8.47e-06
[07:57:26 INFO] Epoch 43 complete — avg_loss=0.1452  time=237s
[07:57:43 INFO] Epoch 44/50  iter 50/743  loss=0.0700  lr=8.32e-06
[07:57:57 INFO] Epoch 44/50  iter 100/743  loss=0.1797  lr=8.24e-06
[07:58:12 INFO] Epoch 44/50  iter 150/743  loss=0.1227  lr=8.16e-06
[07:58:28 INFO] Epoch 44/50  iter 200/743  loss=0.1155  lr=8.08e-06
[07:58:43 INFO] Epoch 44/50  iter 250/743  loss=0.1042  lr=7.99e-06
[07:58:57 INFO] Epoch 44/50  iter 300/743  loss=0.1272  lr=7.91e-06
[07:59:13 INFO] Epoch 44/50  iter 350/743  loss=0.1269  lr=7.83e-06
[07:59:29 INFO] Epoch 44/50  iter 400/743  loss=0.0960  lr=7.75e-06
[07:59:47 INFO] Epoch 44/50  iter 450/743  loss=0.0950  lr=7.67e-06
[08:00:04 INFO] Epoch 44/50  iter 500/743  loss=0.1248  lr=7.59e-06
[08:00:19 INFO] Epoch 44/50  iter 550/743  loss=0.4716  lr=7.51e-06
[08:00:34 INFO] Epoch 44/50  iter 600/743  loss=0.1905  lr=7.43e-06
[08:00:48 INFO] Epoch 44/50  iter 650/743  loss=0.1236  lr=7.35e-06
[08:01:04 INFO] Epoch 44/50  iter 700/743  loss=0.1164  lr=7.27e-06
[08:01:17 INFO] Epoch 44 complete — avg_loss=0.1381  time=231s
[08:01:33 INFO] Epoch 45/50  iter 50/743  loss=0.0749  lr=7.12e-06
[08:01:49 INFO] Epoch 45/50  iter 100/743  loss=0.0719  lr=7.04e-06
[08:02:04 INFO] Epoch 45/50  iter 150/743  loss=0.1171  lr=6.96e-06
[08:02:17 INFO] Epoch 45/50  iter 200/743  loss=0.1901  lr=6.88e-06
[08:02:31 INFO] Epoch 45/50  iter 250/743  loss=0.1361  lr=6.79e-06
[08:02:45 INFO] Epoch 45/50  iter 300/743  loss=0.1674  lr=6.71e-06
[08:03:00 INFO] Epoch 45/50  iter 350/743  loss=0.1725  lr=6.63e-06
[08:03:17 INFO] Epoch 45/50  iter 400/743  loss=0.1215  lr=6.55e-06
[08:03:32 INFO] Epoch 45/50  iter 450/743  loss=0.0902  lr=6.47e-06
[08:03:46 INFO] Epoch 45/50  iter 500/743  loss=0.1922  lr=6.39e-06
[08:04:00 INFO] Epoch 45/50  iter 550/743  loss=0.0683  lr=6.31e-06
[08:04:16 INFO] Epoch 45/50  iter 600/743  loss=0.1324  lr=6.23e-06
[08:04:29 INFO] Epoch 45/50  iter 650/743  loss=0.0450  lr=6.15e-06
[08:04:44 INFO] Epoch 45/50  iter 700/743  loss=0.1018  lr=6.07e-06
[08:04:56 INFO] Epoch 45 complete — avg_loss=0.1350  time=218s
[08:06:53 INFO]   val mIoU = 0.7661
[08:06:54 INFO]   ★ New best val mIoU: 0.7661
[08:07:10 INFO] Epoch 46/50  iter 50/743  loss=0.1803  lr=5.92e-06
[08:07:26 INFO] Epoch 46/50  iter 100/743  loss=0.0534  lr=5.84e-06
[08:07:41 INFO] Epoch 46/50  iter 150/743  loss=0.0822  lr=5.76e-06
[08:07:54 INFO] Epoch 46/50  iter 200/743  loss=0.0753  lr=5.68e-06
[08:08:09 INFO] Epoch 46/50  iter 250/743  loss=0.1317  lr=5.59e-06
[08:08:24 INFO] Epoch 46/50  iter 300/743  loss=0.1049  lr=5.51e-06
[08:08:40 INFO] Epoch 46/50  iter 350/743  loss=0.2270  lr=5.43e-06
[08:08:56 INFO] Epoch 46/50  iter 400/743  loss=0.2338  lr=5.35e-06
[08:09:13 INFO] Epoch 46/50  iter 450/743  loss=0.1276  lr=5.27e-06
[08:09:28 INFO] Epoch 46/50  iter 500/743  loss=0.0405  lr=5.19e-06
[08:09:42 INFO] Epoch 46/50  iter 550/743  loss=0.0154  lr=5.11e-06
[08:09:56 INFO] Epoch 46/50  iter 600/743  loss=0.2005  lr=5.03e-06
[08:10:12 INFO] Epoch 46/50  iter 650/743  loss=0.1338  lr=4.95e-06
[08:10:26 INFO] Epoch 46/50  iter 700/743  loss=0.0370  lr=4.87e-06
[08:10:39 INFO] Epoch 46 complete — avg_loss=0.1386  time=225s
[08:10:56 INFO] Epoch 47/50  iter 50/743  loss=0.1051  lr=4.72e-06
[08:11:11 INFO] Epoch 47/50  iter 100/743  loss=0.0798  lr=4.64e-06
[08:11:25 INFO] Epoch 47/50  iter 150/743  loss=0.1548  lr=4.56e-06
[08:11:38 INFO] Epoch 47/50  iter 200/743  loss=0.0921  lr=4.48e-06
[08:11:53 INFO] Epoch 47/50  iter 250/743  loss=0.0632  lr=4.39e-06
[08:12:09 INFO] Epoch 47/50  iter 300/743  loss=0.1047  lr=4.31e-06
[08:12:24 INFO] Epoch 47/50  iter 350/743  loss=0.1967  lr=4.23e-06
[08:12:38 INFO] Epoch 47/50  iter 400/743  loss=0.2210  lr=4.15e-06
[08:12:54 INFO] Epoch 47/50  iter 450/743  loss=0.1381  lr=4.07e-06
[08:13:09 INFO] Epoch 47/50  iter 500/743  loss=0.2173  lr=3.99e-06
[08:13:25 INFO] Epoch 47/50  iter 550/743  loss=0.1680  lr=3.91e-06
[08:13:40 INFO] Epoch 47/50  iter 600/743  loss=0.0773  lr=3.83e-06
[08:13:55 INFO] Epoch 47/50  iter 650/743  loss=0.0930  lr=3.75e-06
[08:14:10 INFO] Epoch 47/50  iter 700/743  loss=0.1270  lr=3.67e-06
[08:14:23 INFO] Epoch 47 complete — avg_loss=0.1401  time=223s
[08:14:40 INFO] Epoch 48/50  iter 50/743  loss=0.1304  lr=3.52e-06
[08:14:56 INFO] Epoch 48/50  iter 100/743  loss=0.1330  lr=3.44e-06
[08:15:11 INFO] Epoch 48/50  iter 150/743  loss=0.2083  lr=3.36e-06
[08:15:26 INFO] Epoch 48/50  iter 200/743  loss=0.2338  lr=3.28e-06
[08:15:40 INFO] Epoch 48/50  iter 250/743  loss=0.2335  lr=3.19e-06
[08:15:56 INFO] Epoch 48/50  iter 300/743  loss=0.0523  lr=3.11e-06
[08:16:11 INFO] Epoch 48/50  iter 350/743  loss=0.1840  lr=3.03e-06
[08:16:26 INFO] Epoch 48/50  iter 400/743  loss=0.2174  lr=2.95e-06
[08:16:41 INFO] Epoch 48/50  iter 450/743  loss=0.1076  lr=2.87e-06
[08:16:58 INFO] Epoch 48/50  iter 500/743  loss=0.2670  lr=2.79e-06
[08:17:14 INFO] Epoch 48/50  iter 550/743  loss=0.0881  lr=2.71e-06
[08:17:28 INFO] Epoch 48/50  iter 600/743  loss=0.1889  lr=2.63e-06
[08:17:45 INFO] Epoch 48/50  iter 650/743  loss=0.1768  lr=2.55e-06
[08:18:00 INFO] Epoch 48/50  iter 700/743  loss=0.1568  lr=2.47e-06
[08:18:15 INFO] Epoch 48 complete — avg_loss=0.1325  time=232s
[08:18:32 INFO] Epoch 49/50  iter 50/743  loss=0.1599  lr=2.32e-06
[08:18:47 INFO] Epoch 49/50  iter 100/743  loss=0.1825  lr=2.24e-06
[08:19:02 INFO] Epoch 49/50  iter 150/743  loss=0.1110  lr=2.16e-06
[08:19:16 INFO] Epoch 49/50  iter 200/743  loss=0.2046  lr=2.08e-06
[08:19:30 INFO] Epoch 49/50  iter 250/743  loss=0.2005  lr=1.99e-06
[08:19:45 INFO] Epoch 49/50  iter 300/743  loss=0.0903  lr=1.91e-06
[08:19:59 INFO] Epoch 49/50  iter 350/743  loss=0.0978  lr=1.83e-06
[08:20:13 INFO] Epoch 49/50  iter 400/743  loss=0.0551  lr=1.75e-06
[08:20:27 INFO] Epoch 49/50  iter 450/743  loss=0.1442  lr=1.67e-06
[08:20:42 INFO] Epoch 49/50  iter 500/743  loss=0.1084  lr=1.59e-06
[08:20:58 INFO] Epoch 49/50  iter 550/743  loss=0.1145  lr=1.51e-06
[08:21:14 INFO] Epoch 49/50  iter 600/743  loss=0.1818  lr=1.43e-06
[08:21:28 INFO] Epoch 49/50  iter 650/743  loss=0.1315  lr=1.35e-06
[08:21:44 INFO] Epoch 49/50  iter 700/743  loss=0.1211  lr=1.27e-06
[08:21:57 INFO] Epoch 49 complete — avg_loss=0.1290  time=222s
[08:22:14 INFO] Epoch 50/50  iter 50/743  loss=0.1320  lr=1.12e-06
[08:22:29 INFO] Epoch 50/50  iter 100/743  loss=0.0870  lr=1.04e-06
[08:22:43 INFO] Epoch 50/50  iter 150/743  loss=0.1407  lr=9.56e-07
[08:22:57 INFO] Epoch 50/50  iter 200/743  loss=0.1385  lr=8.75e-07
[08:23:13 INFO] Epoch 50/50  iter 250/743  loss=0.1145  lr=7.95e-07
[08:23:28 INFO] Epoch 50/50  iter 300/743  loss=0.1225  lr=7.14e-07
[08:23:46 INFO] Epoch 50/50  iter 350/743  loss=0.1517  lr=6.33e-07
[08:24:03 INFO] Epoch 50/50  iter 400/743  loss=0.1044  lr=5.52e-07
[08:24:17 INFO] Epoch 50/50  iter 450/743  loss=0.1763  lr=4.72e-07
[08:24:34 INFO] Epoch 50/50  iter 500/743  loss=0.1631  lr=3.91e-07
[08:24:51 INFO] Epoch 50/50  iter 550/743  loss=0.1661  lr=3.10e-07
[08:25:07 INFO] Epoch 50/50  iter 600/743  loss=0.1332  lr=2.29e-07
[08:25:23 INFO] Epoch 50/50  iter 650/743  loss=0.1619  lr=1.49e-07
[08:25:43 INFO] Epoch 50/50  iter 700/743  loss=0.1881  lr=6.78e-08
[08:25:56 INFO] Epoch 50 complete — avg_loss=0.1289  time=238s
[08:27:53 INFO]   val mIoU = 0.7684
[08:27:53 INFO]   ★ New best val mIoU: 0.7684
[08:27:54 INFO] Training complete. Best val mIoU = 0.7684
>>> Evaluating: combined_p03_mitb2
[08:28:02 INFO] Device: cuda
/home/taah3149/Documents/Group_Studies/fog-augmentation/src/models.py:74: FutureWarning: You are using `torch.load` with `weights_only=False` (the current default value), which uses the default pickle module implicitly. It is possible to construct malicious pickle data which will execute arbitrary code during unpickling (See https://github.com/pytorch/pytorch/blob/main/SECURITY.md#untrusted-models for more details). In a future release, the default value for `weights_only` will be flipped to `True`. This limits the functions that could be executed during unpickling. Arbitrary objects will no longer be allowed to be loaded via this mode unless they are explicitly allowlisted by the user via `torch.serialization.add_safe_globals`. We recommend you start setting `weights_only=True` for any use case where you don't have full control of the loaded file. Please open an issue on GitHub for any issues related to this experimental feature.
  state = torch.load(str(checkpoint), map_location="cpu")
Model backend: smp (encoder=mit_b2, architecture=fpn)
Loaded checkpoint: results/combined_p03_mitb2/best.pth
[08:28:05 INFO] ACDC fog val: 100 samples
[08:28:30 INFO]   100/100 processed
[08:28:30 INFO] mIoU = 0.5412
[08:28:30 INFO]   road                 0.8605
[08:28:30 INFO]   sidewalk             0.5926
[08:28:30 INFO]   building             0.6633
[08:28:30 INFO]   wall                 0.2133
[08:28:30 INFO]   fence                0.1483
[08:28:30 INFO]   pole                 0.4080
[08:28:30 INFO]   traffic light        0.6376
[08:28:30 INFO]   traffic sign         0.5465
[08:28:30 INFO]   vegetation           0.8346
[08:28:30 INFO]   terrain              0.5369
[08:28:30 INFO]   sky                  0.8976
[08:28:30 INFO]   person               0.4644
[08:28:30 INFO]   rider                0.4833
[08:28:30 INFO]   car                  0.7655
[08:28:30 INFO]   truck                0.4485
[08:28:30 INFO]   bus                  0.3783
[08:28:30 INFO]   train                0.7955
[08:28:30 INFO]   motorcycle           0.0670
[08:28:30 INFO]   bicycle              0.5409
[08:28:30 INFO] Results saved → results/combined_p03_mitb2/acdc_eval.json
>>> Done: combined_p03_mitb2

>>> Training (fresh start): depthaware_b0005_p10_mitb2
[08:28:35 INFO] Device: cuda
Model backend: smp (encoder=mit_b2, architecture=fpn)
[08:28:37 INFO] Using fog cache: data/fog_cache/depthaware_b0005
[08:28:37 INFO] fog_prob: 0.1
[08:28:39 INFO] Train: 2975 samples  |  Val: 500 samples
[08:28:53 INFO] Epoch 1/50  iter 50/743  loss=1.4658  lr=5.99e-05
[08:29:06 INFO] Epoch 1/50  iter 100/743  loss=0.8666  lr=5.98e-05
[08:29:19 INFO] Epoch 1/50  iter 150/743  loss=0.4724  lr=5.98e-05
[08:29:33 INFO] Epoch 1/50  iter 200/743  loss=0.6334  lr=5.97e-05
[08:29:46 INFO] Epoch 1/50  iter 250/743  loss=0.3553  lr=5.96e-05
[08:29:59 INFO] Epoch 1/50  iter 300/743  loss=0.2985  lr=5.95e-05
[08:30:13 INFO] Epoch 1/50  iter 350/743  loss=0.6785  lr=5.94e-05
[08:30:26 INFO] Epoch 1/50  iter 400/743  loss=0.3619  lr=5.94e-05
[08:30:39 INFO] Epoch 1/50  iter 450/743  loss=0.3792  lr=5.93e-05
[08:30:53 INFO] Epoch 1/50  iter 500/743  loss=0.2253  lr=5.92e-05
[08:31:06 INFO] Epoch 1/50  iter 550/743  loss=0.8908  lr=5.91e-05
[08:31:19 INFO] Epoch 1/50  iter 600/743  loss=0.2197  lr=5.90e-05
[08:31:33 INFO] Epoch 1/50  iter 650/743  loss=0.3274  lr=5.89e-05
[08:31:46 INFO] Epoch 1/50  iter 700/743  loss=0.4483  lr=5.89e-05
[08:31:57 INFO] Epoch 1 complete — avg_loss=0.6198  time=199s
[08:32:12 INFO] Epoch 2/50  iter 50/743  loss=0.2388  lr=5.87e-05
[08:32:25 INFO] Epoch 2/50  iter 100/743  loss=0.2908  lr=5.86e-05
[08:32:38 INFO] Epoch 2/50  iter 150/743  loss=0.1991  lr=5.86e-05
[08:32:51 INFO] Epoch 2/50  iter 200/743  loss=0.3491  lr=5.85e-05
[08:33:05 INFO] Epoch 2/50  iter 250/743  loss=0.2525  lr=5.84e-05
[08:33:18 INFO] Epoch 2/50  iter 300/743  loss=0.2045  lr=5.83e-05
[08:33:31 INFO] Epoch 2/50  iter 350/743  loss=0.1684  lr=5.82e-05
[08:33:45 INFO] Epoch 2/50  iter 400/743  loss=0.1970  lr=5.82e-05
[08:33:58 INFO] Epoch 2/50  iter 450/743  loss=0.5895  lr=5.81e-05
[08:34:11 INFO] Epoch 2/50  iter 500/743  loss=0.3058  lr=5.80e-05
[08:34:25 INFO] Epoch 2/50  iter 550/743  loss=0.2720  lr=5.79e-05
[08:34:38 INFO] Epoch 2/50  iter 600/743  loss=0.4743  lr=5.78e-05
[08:34:51 INFO] Epoch 2/50  iter 650/743  loss=0.2024  lr=5.77e-05
[08:35:05 INFO] Epoch 2/50  iter 700/743  loss=0.4515  lr=5.77e-05
[08:35:16 INFO] Epoch 2 complete — avg_loss=0.3213  time=198s
[08:35:30 INFO] Epoch 3/50  iter 50/743  loss=0.2983  lr=5.75e-05
[08:35:44 INFO] Epoch 3/50  iter 100/743  loss=0.2527  lr=5.74e-05
[08:35:57 INFO] Epoch 3/50  iter 150/743  loss=0.2744  lr=5.74e-05
[08:36:10 INFO] Epoch 3/50  iter 200/743  loss=0.2166  lr=5.73e-05
[08:36:24 INFO] Epoch 3/50  iter 250/743  loss=0.3670  lr=5.72e-05
[08:36:37 INFO] Epoch 3/50  iter 300/743  loss=1.0510  lr=5.71e-05
[08:36:50 INFO] Epoch 3/50  iter 350/743  loss=0.0977  lr=5.70e-05
[08:37:04 INFO] Epoch 3/50  iter 400/743  loss=0.4423  lr=5.70e-05
[08:37:17 INFO] Epoch 3/50  iter 450/743  loss=0.3742  lr=5.69e-05
[08:37:30 INFO] Epoch 3/50  iter 500/743  loss=0.1691  lr=5.68e-05
[08:37:44 INFO] Epoch 3/50  iter 550/743  loss=0.2708  lr=5.67e-05
[08:37:57 INFO] Epoch 3/50  iter 600/743  loss=0.2176  lr=5.66e-05
[08:38:10 INFO] Epoch 3/50  iter 650/743  loss=0.1695  lr=5.65e-05
[08:38:23 INFO] Epoch 3/50  iter 700/743  loss=0.1262  lr=5.65e-05
[08:38:35 INFO] Epoch 3 complete — avg_loss=0.2708  time=198s
[08:38:49 INFO] Epoch 4/50  iter 50/743  loss=0.1490  lr=5.63e-05
[08:39:02 INFO] Epoch 4/50  iter 100/743  loss=0.1714  lr=5.62e-05
[08:39:16 INFO] Epoch 4/50  iter 150/743  loss=0.5340  lr=5.62e-05
[08:39:29 INFO] Epoch 4/50  iter 200/743  loss=0.2266  lr=5.61e-05
[08:39:42 INFO] Epoch 4/50  iter 250/743  loss=0.2415  lr=5.60e-05
[08:39:56 INFO] Epoch 4/50  iter 300/743  loss=0.1750  lr=5.59e-05
[08:40:09 INFO] Epoch 4/50  iter 350/743  loss=0.0356  lr=5.58e-05
[08:40:22 INFO] Epoch 4/50  iter 400/743  loss=0.1103  lr=5.58e-05
[08:40:36 INFO] Epoch 4/50  iter 450/743  loss=0.0624  lr=5.57e-05
[08:40:49 INFO] Epoch 4/50  iter 500/743  loss=0.1759  lr=5.56e-05
[08:41:02 INFO] Epoch 4/50  iter 550/743  loss=0.2455  lr=5.55e-05
[08:41:16 INFO] Epoch 4/50  iter 600/743  loss=0.3046  lr=5.54e-05
[08:41:29 INFO] Epoch 4/50  iter 650/743  loss=0.1845  lr=5.53e-05
[08:41:42 INFO] Epoch 4/50  iter 700/743  loss=0.1313  lr=5.53e-05
[08:41:54 INFO] Epoch 4 complete — avg_loss=0.2529  time=199s
[08:42:08 INFO] Epoch 5/50  iter 50/743  loss=0.1090  lr=5.51e-05
[08:42:22 INFO] Epoch 5/50  iter 100/743  loss=0.1492  lr=5.50e-05
[08:42:35 INFO] Epoch 5/50  iter 150/743  loss=0.1528  lr=5.50e-05
[08:42:48 INFO] Epoch 5/50  iter 200/743  loss=0.1958  lr=5.49e-05
[08:43:02 INFO] Epoch 5/50  iter 250/743  loss=0.1799  lr=5.48e-05
[08:43:15 INFO] Epoch 5/50  iter 300/743  loss=1.0890  lr=5.47e-05
[08:43:28 INFO] Epoch 5/50  iter 350/743  loss=0.0495  lr=5.46e-05
[08:43:42 INFO] Epoch 5/50  iter 400/743  loss=0.2123  lr=5.46e-05
[08:43:55 INFO] Epoch 5/50  iter 450/743  loss=0.1566  lr=5.45e-05
[08:44:08 INFO] Epoch 5/50  iter 500/743  loss=0.2825  lr=5.44e-05
[08:44:22 INFO] Epoch 5/50  iter 550/743  loss=0.0853  lr=5.43e-05
[08:44:35 INFO] Epoch 5/50  iter 600/743  loss=0.0355  lr=5.42e-05
[08:44:48 INFO] Epoch 5/50  iter 650/743  loss=0.3628  lr=5.41e-05
[08:45:02 INFO] Epoch 5/50  iter 700/743  loss=0.1238  lr=5.41e-05
[08:45:13 INFO] Epoch 5 complete — avg_loss=0.2326  time=199s
[08:47:05 INFO]   val mIoU = 0.6325
[08:47:05 INFO]   ★ New best val mIoU: 0.6325
[08:47:19 INFO] Epoch 6/50  iter 50/743  loss=0.3225  lr=5.39e-05
[08:47:33 INFO] Epoch 6/50  iter 100/743  loss=0.0534  lr=5.38e-05
[08:47:46 INFO] Epoch 6/50  iter 150/743  loss=0.2862  lr=5.38e-05
[08:47:59 INFO] Epoch 6/50  iter 200/743  loss=0.1100  lr=5.37e-05
[08:48:13 INFO] Epoch 6/50  iter 250/743  loss=0.2339  lr=5.36e-05
[08:48:26 INFO] Epoch 6/50  iter 300/743  loss=0.2326  lr=5.35e-05
[08:48:39 INFO] Epoch 6/50  iter 350/743  loss=0.0958  lr=5.34e-05
[08:48:52 INFO] Epoch 6/50  iter 400/743  loss=0.1105  lr=5.34e-05
[08:49:06 INFO] Epoch 6/50  iter 450/743  loss=0.1825  lr=5.33e-05
[08:49:19 INFO] Epoch 6/50  iter 500/743  loss=0.1605  lr=5.32e-05
[08:49:32 INFO] Epoch 6/50  iter 550/743  loss=0.2331  lr=5.31e-05
[08:49:46 INFO] Epoch 6/50  iter 600/743  loss=0.1360  lr=5.30e-05
[08:49:59 INFO] Epoch 6/50  iter 650/743  loss=0.5278  lr=5.29e-05
[08:50:12 INFO] Epoch 6/50  iter 700/743  loss=0.2760  lr=5.29e-05
[08:50:24 INFO] Epoch 6 complete — avg_loss=0.2163  time=198s
[08:50:38 INFO] Epoch 7/50  iter 50/743  loss=0.2001  lr=5.27e-05
[08:50:51 INFO] Epoch 7/50  iter 100/743  loss=0.1205  lr=5.26e-05
[08:51:05 INFO] Epoch 7/50  iter 150/743  loss=0.2796  lr=5.26e-05
[08:51:18 INFO] Epoch 7/50  iter 200/743  loss=0.3414  lr=5.25e-05
[08:51:31 INFO] Epoch 7/50  iter 250/743  loss=0.2187  lr=5.24e-05
[08:51:45 INFO] Epoch 7/50  iter 300/743  loss=0.1468  lr=5.23e-05
[08:51:58 INFO] Epoch 7/50  iter 350/743  loss=0.1850  lr=5.22e-05
[08:52:11 INFO] Epoch 7/50  iter 400/743  loss=0.1114  lr=5.22e-05
[08:52:25 INFO] Epoch 7/50  iter 450/743  loss=0.5510  lr=5.21e-05
[08:52:38 INFO] Epoch 7/50  iter 500/743  loss=0.2743  lr=5.20e-05
[08:52:51 INFO] Epoch 7/50  iter 550/743  loss=0.1987  lr=5.19e-05
[08:53:05 INFO] Epoch 7/50  iter 600/743  loss=0.3142  lr=5.18e-05
[08:53:18 INFO] Epoch 7/50  iter 650/743  loss=0.0247  lr=5.17e-05
[08:53:31 INFO] Epoch 7/50  iter 700/743  loss=0.2227  lr=5.17e-05
[08:53:43 INFO] Epoch 7 complete — avg_loss=0.2041  time=199s
[08:53:57 INFO] Epoch 8/50  iter 50/743  loss=0.1608  lr=5.15e-05
[08:54:10 INFO] Epoch 8/50  iter 100/743  loss=0.2538  lr=5.14e-05
[08:54:24 INFO] Epoch 8/50  iter 150/743  loss=0.0787  lr=5.14e-05
[08:54:37 INFO] Epoch 8/50  iter 200/743  loss=0.1377  lr=5.13e-05
[08:54:50 INFO] Epoch 8/50  iter 250/743  loss=0.1822  lr=5.12e-05
[08:55:04 INFO] Epoch 8/50  iter 300/743  loss=0.2292  lr=5.11e-05
[08:55:17 INFO] Epoch 8/50  iter 350/743  loss=0.1762  lr=5.10e-05
[08:55:30 INFO] Epoch 8/50  iter 400/743  loss=0.2601  lr=5.10e-05
[08:55:44 INFO] Epoch 8/50  iter 450/743  loss=0.1466  lr=5.09e-05
[08:55:57 INFO] Epoch 8/50  iter 500/743  loss=0.1405  lr=5.08e-05
[08:56:10 INFO] Epoch 8/50  iter 550/743  loss=0.1804  lr=5.07e-05
[08:56:24 INFO] Epoch 8/50  iter 600/743  loss=0.0505  lr=5.06e-05
[08:56:37 INFO] Epoch 8/50  iter 650/743  loss=0.1576  lr=5.05e-05
[08:56:50 INFO] Epoch 8/50  iter 700/743  loss=0.0599  lr=5.05e-05
[08:57:02 INFO] Epoch 8 complete — avg_loss=0.2037  time=198s
[08:57:16 INFO] Epoch 9/50  iter 50/743  loss=0.1915  lr=5.03e-05
[08:57:29 INFO] Epoch 9/50  iter 100/743  loss=0.1063  lr=5.02e-05
[08:57:43 INFO] Epoch 9/50  iter 150/743  loss=0.1431  lr=5.02e-05
[08:57:56 INFO] Epoch 9/50  iter 200/743  loss=0.2874  lr=5.01e-05
[08:58:09 INFO] Epoch 9/50  iter 250/743  loss=0.2065  lr=5.00e-05
[08:58:22 INFO] Epoch 9/50  iter 300/743  loss=0.0891  lr=4.99e-05
[08:58:36 INFO] Epoch 9/50  iter 350/743  loss=0.1488  lr=4.98e-05
[08:58:49 INFO] Epoch 9/50  iter 400/743  loss=0.0911  lr=4.98e-05
[08:59:02 INFO] Epoch 9/50  iter 450/743  loss=0.1400  lr=4.97e-05
[08:59:16 INFO] Epoch 9/50  iter 500/743  loss=0.1661  lr=4.96e-05
[08:59:29 INFO] Epoch 9/50  iter 550/743  loss=0.1576  lr=4.95e-05
[08:59:42 INFO] Epoch 9/50  iter 600/743  loss=0.3026  lr=4.94e-05
[08:59:56 INFO] Epoch 9/50  iter 650/743  loss=0.1615  lr=4.93e-05
[09:00:09 INFO] Epoch 9/50  iter 700/743  loss=0.2081  lr=4.93e-05
[09:00:21 INFO] Epoch 9 complete — avg_loss=0.1934  time=198s
[09:00:35 INFO] Epoch 10/50  iter 50/743  loss=0.1857  lr=4.91e-05
[09:00:48 INFO] Epoch 10/50  iter 100/743  loss=0.1857  lr=4.90e-05
[09:01:01 INFO] Epoch 10/50  iter 150/743  loss=0.1318  lr=4.90e-05
[09:01:15 INFO] Epoch 10/50  iter 200/743  loss=0.0790  lr=4.89e-05
[09:01:28 INFO] Epoch 10/50  iter 250/743  loss=0.1093  lr=4.88e-05
[09:01:41 INFO] Epoch 10/50  iter 300/743  loss=0.0732  lr=4.87e-05
[09:01:55 INFO] Epoch 10/50  iter 350/743  loss=0.1893  lr=4.86e-05
[09:02:08 INFO] Epoch 10/50  iter 400/743  loss=0.2260  lr=4.86e-05
[09:02:21 INFO] Epoch 10/50  iter 450/743  loss=0.1964  lr=4.85e-05
[09:02:35 INFO] Epoch 10/50  iter 500/743  loss=0.1574  lr=4.84e-05
[09:02:48 INFO] Epoch 10/50  iter 550/743  loss=0.1964  lr=4.83e-05
[09:03:01 INFO] Epoch 10/50  iter 600/743  loss=0.2584  lr=4.82e-05
[09:03:14 INFO] Epoch 10/50  iter 650/743  loss=0.2928  lr=4.81e-05
[09:03:28 INFO] Epoch 10/50  iter 700/743  loss=0.1089  lr=4.81e-05
[09:03:39 INFO] Epoch 10 complete — avg_loss=0.1939  time=198s
[09:05:37 INFO]   val mIoU = 0.6783
[09:05:37 INFO]   ★ New best val mIoU: 0.6783
[09:05:52 INFO] Epoch 11/50  iter 50/743  loss=0.1413  lr=4.79e-05
[09:06:05 INFO] Epoch 11/50  iter 100/743  loss=0.4580  lr=4.78e-05
[09:06:18 INFO] Epoch 11/50  iter 150/743  loss=0.1694  lr=4.78e-05
[09:06:31 INFO] Epoch 11/50  iter 200/743  loss=0.2306  lr=4.77e-05
[09:06:45 INFO] Epoch 11/50  iter 250/743  loss=0.1466  lr=4.76e-05
[09:06:58 INFO] Epoch 11/50  iter 300/743  loss=0.1990  lr=4.75e-05
[09:07:11 INFO] Epoch 11/50  iter 350/743  loss=0.1442  lr=4.74e-05
[09:07:25 INFO] Epoch 11/50  iter 400/743  loss=0.1515  lr=4.74e-05
[09:07:38 INFO] Epoch 11/50  iter 450/743  loss=0.1865  lr=4.73e-05
[09:07:51 INFO] Epoch 11/50  iter 500/743  loss=0.0835  lr=4.72e-05
[09:08:05 INFO] Epoch 11/50  iter 550/743  loss=0.1159  lr=4.71e-05
[09:08:18 INFO] Epoch 11/50  iter 600/743  loss=0.0793  lr=4.70e-05
[09:08:31 INFO] Epoch 11/50  iter 650/743  loss=0.1524  lr=4.69e-05
[09:08:45 INFO] Epoch 11/50  iter 700/743  loss=0.2384  lr=4.69e-05
[09:08:56 INFO] Epoch 11 complete — avg_loss=0.1777  time=198s
[09:09:10 INFO] Epoch 12/50  iter 50/743  loss=0.0892  lr=4.67e-05
[09:09:24 INFO] Epoch 12/50  iter 100/743  loss=0.2399  lr=4.66e-05
[09:09:37 INFO] Epoch 12/50  iter 150/743  loss=0.1264  lr=4.66e-05
[09:09:50 INFO] Epoch 12/50  iter 200/743  loss=0.1065  lr=4.65e-05
[09:10:04 INFO] Epoch 12/50  iter 250/743  loss=0.1679  lr=4.64e-05
[09:10:17 INFO] Epoch 12/50  iter 300/743  loss=0.0858  lr=4.63e-05
[09:10:30 INFO] Epoch 12/50  iter 350/743  loss=0.2499  lr=4.62e-05
[09:10:44 INFO] Epoch 12/50  iter 400/743  loss=0.0904  lr=4.62e-05
[09:10:57 INFO] Epoch 12/50  iter 450/743  loss=0.1143  lr=4.61e-05
[09:11:10 INFO] Epoch 12/50  iter 500/743  loss=0.0742  lr=4.60e-05
[09:11:24 INFO] Epoch 12/50  iter 550/743  loss=0.1282  lr=4.59e-05
[09:11:37 INFO] Epoch 12/50  iter 600/743  loss=0.1069  lr=4.58e-05
[09:11:50 INFO] Epoch 12/50  iter 650/743  loss=0.2080  lr=4.57e-05
[09:12:04 INFO] Epoch 12/50  iter 700/743  loss=0.1187  lr=4.57e-05
[09:12:15 INFO] Epoch 12 complete — avg_loss=0.1738  time=199s
[09:12:29 INFO] Epoch 13/50  iter 50/743  loss=0.0658  lr=4.55e-05
[09:12:43 INFO] Epoch 13/50  iter 100/743  loss=0.1309  lr=4.54e-05
[09:12:56 INFO] Epoch 13/50  iter 150/743  loss=0.0786  lr=4.54e-05
[09:13:09 INFO] Epoch 13/50  iter 200/743  loss=0.0491  lr=4.53e-05
[09:13:23 INFO] Epoch 13/50  iter 250/743  loss=0.2017  lr=4.52e-05
[09:13:36 INFO] Epoch 13/50  iter 300/743  loss=0.2004  lr=4.51e-05
[09:13:49 INFO] Epoch 13/50  iter 350/743  loss=0.1122  lr=4.50e-05
[09:14:03 INFO] Epoch 13/50  iter 400/743  loss=0.1862  lr=4.50e-05
[09:14:16 INFO] Epoch 13/50  iter 450/743  loss=0.0446  lr=4.49e-05
[09:14:29 INFO] Epoch 13/50  iter 500/743  loss=0.2733  lr=4.48e-05
[09:14:43 INFO] Epoch 13/50  iter 550/743  loss=0.1161  lr=4.47e-05
[09:14:56 INFO] Epoch 13/50  iter 600/743  loss=0.1535  lr=4.46e-05
[09:15:09 INFO] Epoch 13/50  iter 650/743  loss=0.1174  lr=4.45e-05
[09:15:23 INFO] Epoch 13/50  iter 700/743  loss=0.1618  lr=4.45e-05
[09:15:34 INFO] Epoch 13 complete — avg_loss=0.1691  time=199s
[09:15:48 INFO] Epoch 14/50  iter 50/743  loss=0.1430  lr=4.43e-05
[09:16:02 INFO] Epoch 14/50  iter 100/743  loss=0.1529  lr=4.42e-05
[09:16:15 INFO] Epoch 14/50  iter 150/743  loss=0.1804  lr=4.42e-05
[09:16:28 INFO] Epoch 14/50  iter 200/743  loss=0.0903  lr=4.41e-05
[09:16:42 INFO] Epoch 14/50  iter 250/743  loss=0.1630  lr=4.40e-05
[09:16:55 INFO] Epoch 14/50  iter 300/743  loss=0.2083  lr=4.39e-05
[09:17:08 INFO] Epoch 14/50  iter 350/743  loss=0.1363  lr=4.38e-05
[09:17:22 INFO] Epoch 14/50  iter 400/743  loss=0.0742  lr=4.38e-05
[09:17:35 INFO] Epoch 14/50  iter 450/743  loss=0.1693  lr=4.37e-05
[09:17:48 INFO] Epoch 14/50  iter 500/743  loss=0.1068  lr=4.36e-05
[09:18:02 INFO] Epoch 14/50  iter 550/743  loss=0.0282  lr=4.35e-05
[09:18:15 INFO] Epoch 14/50  iter 600/743  loss=0.1239  lr=4.34e-05
[09:18:28 INFO] Epoch 14/50  iter 650/743  loss=0.1439  lr=4.33e-05
[09:18:42 INFO] Epoch 14/50  iter 700/743  loss=0.1708  lr=4.33e-05
[09:18:53 INFO] Epoch 14 complete — avg_loss=0.1733  time=199s
[09:19:07 INFO] Epoch 15/50  iter 50/743  loss=0.1337  lr=4.31e-05
[09:19:21 INFO] Epoch 15/50  iter 100/743  loss=0.1127  lr=4.30e-05
[09:19:34 INFO] Epoch 15/50  iter 150/743  loss=0.1587  lr=4.30e-05
[09:19:47 INFO] Epoch 15/50  iter 200/743  loss=0.1417  lr=4.29e-05
[09:20:01 INFO] Epoch 15/50  iter 250/743  loss=0.0939  lr=4.28e-05
[09:20:14 INFO] Epoch 15/50  iter 300/743  loss=0.2076  lr=4.27e-05
[09:20:27 INFO] Epoch 15/50  iter 350/743  loss=0.2261  lr=4.26e-05
[09:20:41 INFO] Epoch 15/50  iter 400/743  loss=0.1527  lr=4.26e-05
[09:20:54 INFO] Epoch 15/50  iter 450/743  loss=0.1323  lr=4.25e-05
[09:21:07 INFO] Epoch 15/50  iter 500/743  loss=0.1284  lr=4.24e-05
[09:21:21 INFO] Epoch 15/50  iter 550/743  loss=0.0757  lr=4.23e-05
[09:21:34 INFO] Epoch 15/50  iter 600/743  loss=0.1760  lr=4.22e-05
[09:21:47 INFO] Epoch 15/50  iter 650/743  loss=0.1893  lr=4.21e-05
[09:22:01 INFO] Epoch 15/50  iter 700/743  loss=0.1440  lr=4.21e-05
[09:22:12 INFO] Epoch 15 complete — avg_loss=0.1625  time=199s
[09:24:09 INFO]   val mIoU = 0.7388
[09:24:09 INFO]   ★ New best val mIoU: 0.7388
[09:24:23 INFO] Epoch 16/50  iter 50/743  loss=0.1987  lr=4.19e-05
[09:24:37 INFO] Epoch 16/50  iter 100/743  loss=0.1206  lr=4.18e-05
[09:24:50 INFO] Epoch 16/50  iter 150/743  loss=0.1227  lr=4.18e-05
[09:25:03 INFO] Epoch 16/50  iter 200/743  loss=0.0888  lr=4.17e-05
[09:25:17 INFO] Epoch 16/50  iter 250/743  loss=0.2138  lr=4.16e-05
[09:25:30 INFO] Epoch 16/50  iter 300/743  loss=0.1542  lr=4.15e-05
[09:25:43 INFO] Epoch 16/50  iter 350/743  loss=0.1207  lr=4.14e-05
[09:25:57 INFO] Epoch 16/50  iter 400/743  loss=0.0990  lr=4.14e-05
[09:26:10 INFO] Epoch 16/50  iter 450/743  loss=0.1668  lr=4.13e-05
[09:26:23 INFO] Epoch 16/50  iter 500/743  loss=0.1362  lr=4.12e-05
[09:26:37 INFO] Epoch 16/50  iter 550/743  loss=0.0955  lr=4.11e-05
[09:26:50 INFO] Epoch 16/50  iter 600/743  loss=0.1559  lr=4.10e-05
[09:27:03 INFO] Epoch 16/50  iter 650/743  loss=0.1484  lr=4.09e-05
[09:27:17 INFO] Epoch 16/50  iter 700/743  loss=0.0512  lr=4.09e-05
[09:27:28 INFO] Epoch 16 complete — avg_loss=0.1593  time=198s
[09:27:42 INFO] Epoch 17/50  iter 50/743  loss=0.0666  lr=4.07e-05
[09:27:56 INFO] Epoch 17/50  iter 100/743  loss=0.1417  lr=4.06e-05
[09:28:09 INFO] Epoch 17/50  iter 150/743  loss=0.2084  lr=4.06e-05
[09:28:22 INFO] Epoch 17/50  iter 200/743  loss=0.0908  lr=4.05e-05
[09:28:36 INFO] Epoch 17/50  iter 250/743  loss=0.1863  lr=4.04e-05
[09:28:49 INFO] Epoch 17/50  iter 300/743  loss=0.1321  lr=4.03e-05
[09:29:02 INFO] Epoch 17/50  iter 350/743  loss=0.1048  lr=4.02e-05
[09:29:16 INFO] Epoch 17/50  iter 400/743  loss=0.0871  lr=4.02e-05
[09:29:29 INFO] Epoch 17/50  iter 450/743  loss=0.1740  lr=4.01e-05
[09:29:42 INFO] Epoch 17/50  iter 500/743  loss=0.1087  lr=4.00e-05
[09:29:55 INFO] Epoch 17/50  iter 550/743  loss=0.2062  lr=3.99e-05
[09:30:09 INFO] Epoch 17/50  iter 600/743  loss=0.0614  lr=3.98e-05
[09:30:22 INFO] Epoch 17/50  iter 650/743  loss=0.1360  lr=3.97e-05
[09:30:35 INFO] Epoch 17/50  iter 700/743  loss=0.0972  lr=3.97e-05
[09:30:47 INFO] Epoch 17 complete — avg_loss=0.1597  time=198s
[09:31:01 INFO] Epoch 18/50  iter 50/743  loss=0.1662  lr=3.95e-05
[09:31:14 INFO] Epoch 18/50  iter 100/743  loss=0.1571  lr=3.94e-05
[09:31:28 INFO] Epoch 18/50  iter 150/743  loss=0.1406  lr=3.94e-05
[09:31:41 INFO] Epoch 18/50  iter 200/743  loss=0.1045  lr=3.93e-05
[09:31:54 INFO] Epoch 18/50  iter 250/743  loss=0.1071  lr=3.92e-05
[09:32:08 INFO] Epoch 18/50  iter 300/743  loss=0.2182  lr=3.91e-05
[09:32:21 INFO] Epoch 18/50  iter 350/743  loss=0.6451  lr=3.90e-05
[09:32:34 INFO] Epoch 18/50  iter 400/743  loss=0.1301  lr=3.90e-05
[09:32:48 INFO] Epoch 18/50  iter 450/743  loss=0.2483  lr=3.89e-05
[09:33:01 INFO] Epoch 18/50  iter 500/743  loss=0.0888  lr=3.88e-05
[09:33:14 INFO] Epoch 18/50  iter 550/743  loss=0.1139  lr=3.87e-05
[09:33:28 INFO] Epoch 18/50  iter 600/743  loss=1.1233  lr=3.86e-05
[09:33:41 INFO] Epoch 18/50  iter 650/743  loss=0.1630  lr=3.85e-05
[09:33:54 INFO] Epoch 18/50  iter 700/743  loss=0.1043  lr=3.85e-05
[09:34:06 INFO] Epoch 18 complete — avg_loss=0.1551  time=198s
[09:34:20 INFO] Epoch 19/50  iter 50/743  loss=0.1002  lr=3.83e-05
[09:34:33 INFO] Epoch 19/50  iter 100/743  loss=0.1733  lr=3.82e-05
[09:34:47 INFO] Epoch 19/50  iter 150/743  loss=0.2163  lr=3.82e-05
[09:35:00 INFO] Epoch 19/50  iter 200/743  loss=0.1690  lr=3.81e-05
[09:35:13 INFO] Epoch 19/50  iter 250/743  loss=0.0876  lr=3.80e-05
[09:35:26 INFO] Epoch 19/50  iter 300/743  loss=0.1154  lr=3.79e-05
[09:35:40 INFO] Epoch 19/50  iter 350/743  loss=0.1539  lr=3.78e-05
[09:35:53 INFO] Epoch 19/50  iter 400/743  loss=0.2600  lr=3.78e-05
[09:36:06 INFO] Epoch 19/50  iter 450/743  loss=0.1291  lr=3.77e-05
[09:36:20 INFO] Epoch 19/50  iter 500/743  loss=0.0826  lr=3.76e-05
[09:36:33 INFO] Epoch 19/50  iter 550/743  loss=0.0995  lr=3.75e-05
[09:36:46 INFO] Epoch 19/50  iter 600/743  loss=0.1180  lr=3.74e-05
[09:37:00 INFO] Epoch 19/50  iter 650/743  loss=0.1716  lr=3.73e-05
[09:37:13 INFO] Epoch 19/50  iter 700/743  loss=0.1314  lr=3.73e-05
[09:37:24 INFO] Epoch 19 complete — avg_loss=0.1551  time=198s
[09:37:39 INFO] Epoch 20/50  iter 50/743  loss=0.1261  lr=3.71e-05
[09:37:52 INFO] Epoch 20/50  iter 100/743  loss=0.0698  lr=3.70e-05
[09:38:05 INFO] Epoch 20/50  iter 150/743  loss=0.0697  lr=3.70e-05
[09:38:19 INFO] Epoch 20/50  iter 200/743  loss=0.1522  lr=3.69e-05
[09:38:32 INFO] Epoch 20/50  iter 250/743  loss=0.1128  lr=3.68e-05
[09:38:45 INFO] Epoch 20/50  iter 300/743  loss=0.0702  lr=3.67e-05
[09:38:59 INFO] Epoch 20/50  iter 350/743  loss=0.1634  lr=3.66e-05
[09:39:12 INFO] Epoch 20/50  iter 400/743  loss=0.1014  lr=3.66e-05
[09:39:25 INFO] Epoch 20/50  iter 450/743  loss=0.1673  lr=3.65e-05
[09:39:39 INFO] Epoch 20/50  iter 500/743  loss=0.1386  lr=3.64e-05
[09:39:52 INFO] Epoch 20/50  iter 550/743  loss=0.1333  lr=3.63e-05
[09:40:05 INFO] Epoch 20/50  iter 600/743  loss=0.0859  lr=3.62e-05
[09:40:19 INFO] Epoch 20/50  iter 650/743  loss=0.1029  lr=3.61e-05
[09:40:32 INFO] Epoch 20/50  iter 700/743  loss=0.1714  lr=3.61e-05
[09:40:43 INFO] Epoch 20 complete — avg_loss=0.1472  time=199s
[09:42:41 INFO]   val mIoU = 0.7351
[09:42:55 INFO] Epoch 21/50  iter 50/743  loss=0.0972  lr=3.59e-05
[09:43:09 INFO] Epoch 21/50  iter 100/743  loss=0.0845  lr=3.58e-05
[09:43:22 INFO] Epoch 21/50  iter 150/743  loss=0.3752  lr=3.58e-05
[09:43:35 INFO] Epoch 21/50  iter 200/743  loss=0.1357  lr=3.57e-05
[09:43:49 INFO] Epoch 21/50  iter 250/743  loss=0.1482  lr=3.56e-05
[09:44:02 INFO] Epoch 21/50  iter 300/743  loss=0.1144  lr=3.55e-05
[09:44:15 INFO] Epoch 21/50  iter 350/743  loss=0.0739  lr=3.54e-05
[09:44:29 INFO] Epoch 21/50  iter 400/743  loss=0.1097  lr=3.54e-05
[09:44:42 INFO] Epoch 21/50  iter 450/743  loss=0.3496  lr=3.53e-05
[09:44:55 INFO] Epoch 21/50  iter 500/743  loss=0.2367  lr=3.52e-05
[09:45:09 INFO] Epoch 21/50  iter 550/743  loss=0.0814  lr=3.51e-05
[09:45:22 INFO] Epoch 21/50  iter 600/743  loss=0.1189  lr=3.50e-05
[09:45:35 INFO] Epoch 21/50  iter 650/743  loss=0.2496  lr=3.49e-05
[09:45:48 INFO] Epoch 21/50  iter 700/743  loss=0.0869  lr=3.49e-05
[09:46:00 INFO] Epoch 21 complete — avg_loss=0.1509  time=198s
[09:46:14 INFO] Epoch 22/50  iter 50/743  loss=0.1581  lr=3.47e-05
[09:46:28 INFO] Epoch 22/50  iter 100/743  loss=0.0378  lr=3.46e-05
[09:46:41 INFO] Epoch 22/50  iter 150/743  loss=0.1551  lr=3.46e-05
[09:46:54 INFO] Epoch 22/50  iter 200/743  loss=0.0690  lr=3.45e-05
[09:47:08 INFO] Epoch 22/50  iter 250/743  loss=0.1191  lr=3.44e-05
[09:47:21 INFO] Epoch 22/50  iter 300/743  loss=0.1191  lr=3.43e-05
[09:47:34 INFO] Epoch 22/50  iter 350/743  loss=0.0477  lr=3.42e-05
[09:47:48 INFO] Epoch 22/50  iter 400/743  loss=0.2387  lr=3.42e-05
[09:48:01 INFO] Epoch 22/50  iter 450/743  loss=0.2501  lr=3.41e-05
[09:48:14 INFO] Epoch 22/50  iter 500/743  loss=0.1696  lr=3.40e-05
[09:48:28 INFO] Epoch 22/50  iter 550/743  loss=0.1670  lr=3.39e-05
[09:48:41 INFO] Epoch 22/50  iter 600/743  loss=0.1015  lr=3.38e-05
[09:48:54 INFO] Epoch 22/50  iter 650/743  loss=0.2178  lr=3.37e-05
[09:49:08 INFO] Epoch 22/50  iter 700/743  loss=0.1754  lr=3.37e-05
[09:49:19 INFO] Epoch 22 complete — avg_loss=0.1396  time=199s
[09:49:33 INFO] Epoch 23/50  iter 50/743  loss=0.0878  lr=3.35e-05
[09:49:47 INFO] Epoch 23/50  iter 100/743  loss=0.9848  lr=3.34e-05
[09:50:00 INFO] Epoch 23/50  iter 150/743  loss=0.2650  lr=3.34e-05
[09:50:13 INFO] Epoch 23/50  iter 200/743  loss=0.0989  lr=3.33e-05
[09:50:27 INFO] Epoch 23/50  iter 250/743  loss=0.1374  lr=3.32e-05
[09:50:40 INFO] Epoch 23/50  iter 300/743  loss=0.5339  lr=3.31e-05
[09:50:53 INFO] Epoch 23/50  iter 350/743  loss=0.1511  lr=3.30e-05
[09:51:06 INFO] Epoch 23/50  iter 400/743  loss=0.1443  lr=3.30e-05
[09:51:20 INFO] Epoch 23/50  iter 450/743  loss=0.1407  lr=3.29e-05
[09:51:33 INFO] Epoch 23/50  iter 500/743  loss=0.0932  lr=3.28e-05
[09:51:46 INFO] Epoch 23/50  iter 550/743  loss=0.0855  lr=3.27e-05
[09:52:00 INFO] Epoch 23/50  iter 600/743  loss=0.1448  lr=3.26e-05
[09:52:13 INFO] Epoch 23/50  iter 650/743  loss=0.1150  lr=3.25e-05
[09:52:26 INFO] Epoch 23/50  iter 700/743  loss=0.1246  lr=3.25e-05
[09:52:38 INFO] Epoch 23 complete — avg_loss=0.1451  time=198s
[09:52:52 INFO] Epoch 24/50  iter 50/743  loss=0.1080  lr=3.23e-05
[09:53:06 INFO] Epoch 24/50  iter 100/743  loss=0.0882  lr=3.22e-05
[09:53:19 INFO] Epoch 24/50  iter 150/743  loss=0.1813  lr=3.22e-05
[09:53:32 INFO] Epoch 24/50  iter 200/743  loss=0.1019  lr=3.21e-05
[09:53:45 INFO] Epoch 24/50  iter 250/743  loss=0.1035  lr=3.20e-05
[09:53:59 INFO] Epoch 24/50  iter 300/743  loss=0.1117  lr=3.19e-05
[09:54:12 INFO] Epoch 24/50  iter 350/743  loss=0.0751  lr=3.18e-05
[09:54:25 INFO] Epoch 24/50  iter 400/743  loss=0.1012  lr=3.18e-05
[09:54:39 INFO] Epoch 24/50  iter 450/743  loss=0.0601  lr=3.17e-05
[09:54:52 INFO] Epoch 24/50  iter 500/743  loss=0.2361  lr=3.16e-05
[09:55:05 INFO] Epoch 24/50  iter 550/743  loss=0.5530  lr=3.15e-05
[09:55:19 INFO] Epoch 24/50  iter 600/743  loss=0.3043  lr=3.14e-05
[09:55:32 INFO] Epoch 24/50  iter 650/743  loss=0.0709  lr=3.13e-05
[09:55:45 INFO] Epoch 24/50  iter 700/743  loss=0.1541  lr=3.13e-05
[09:55:57 INFO] Epoch 24 complete — avg_loss=0.1406  time=198s
[09:56:11 INFO] Epoch 25/50  iter 50/743  loss=0.1503  lr=3.11e-05
[09:56:24 INFO] Epoch 25/50  iter 100/743  loss=0.0441  lr=3.10e-05
[09:56:38 INFO] Epoch 25/50  iter 150/743  loss=0.1171  lr=3.10e-05
[09:56:51 INFO] Epoch 25/50  iter 200/743  loss=0.1530  lr=3.09e-05
[09:57:04 INFO] Epoch 25/50  iter 250/743  loss=0.1019  lr=3.08e-05
[09:57:18 INFO] Epoch 25/50  iter 300/743  loss=0.1222  lr=3.07e-05
[09:57:31 INFO] Epoch 25/50  iter 350/743  loss=0.1906  lr=3.06e-05
[09:57:44 INFO] Epoch 25/50  iter 400/743  loss=0.0978  lr=3.06e-05
[09:57:57 INFO] Epoch 25/50  iter 450/743  loss=0.1094  lr=3.05e-05
[09:58:11 INFO] Epoch 25/50  iter 500/743  loss=0.0327  lr=3.04e-05
[09:58:24 INFO] Epoch 25/50  iter 550/743  loss=0.1351  lr=3.03e-05
[09:58:37 INFO] Epoch 25/50  iter 600/743  loss=0.1161  lr=3.02e-05
[09:58:51 INFO] Epoch 25/50  iter 650/743  loss=0.3735  lr=3.01e-05
[09:59:04 INFO] Epoch 25/50  iter 700/743  loss=0.0972  lr=3.01e-05
[09:59:16 INFO] Epoch 25 complete — avg_loss=0.1412  time=198s
[10:01:12 INFO]   val mIoU = 0.7555
[10:01:13 INFO]   ★ New best val mIoU: 0.7555
[10:01:27 INFO] Epoch 26/50  iter 50/743  loss=0.1726  lr=2.99e-05
[10:01:40 INFO] Epoch 26/50  iter 100/743  loss=0.0803  lr=2.98e-05
[10:01:54 INFO] Epoch 26/50  iter 150/743  loss=0.1121  lr=2.98e-05
[10:02:07 INFO] Epoch 26/50  iter 200/743  loss=0.1696  lr=2.97e-05
[10:02:20 INFO] Epoch 26/50  iter 250/743  loss=0.1905  lr=2.96e-05
[10:02:34 INFO] Epoch 26/50  iter 300/743  loss=0.1489  lr=2.95e-05
[10:02:47 INFO] Epoch 26/50  iter 350/743  loss=0.2324  lr=2.94e-05
[10:03:00 INFO] Epoch 26/50  iter 400/743  loss=0.1322  lr=2.94e-05
[10:03:14 INFO] Epoch 26/50  iter 450/743  loss=0.1705  lr=2.93e-05
[10:03:27 INFO] Epoch 26/50  iter 500/743  loss=0.2227  lr=2.92e-05
[10:03:40 INFO] Epoch 26/50  iter 550/743  loss=0.1269  lr=2.91e-05
[10:03:54 INFO] Epoch 26/50  iter 600/743  loss=0.1407  lr=2.90e-05
[10:04:07 INFO] Epoch 26/50  iter 650/743  loss=0.1321  lr=2.89e-05
[10:04:20 INFO] Epoch 26/50  iter 700/743  loss=0.1540  lr=2.89e-05
[10:04:32 INFO] Epoch 26 complete — avg_loss=0.1502  time=199s
[10:04:46 INFO] Epoch 27/50  iter 50/743  loss=0.1201  lr=2.87e-05
[10:05:00 INFO] Epoch 27/50  iter 100/743  loss=0.1290  lr=2.86e-05
[10:05:13 INFO] Epoch 27/50  iter 150/743  loss=0.1314  lr=2.86e-05
[10:05:26 INFO] Epoch 27/50  iter 200/743  loss=0.0811  lr=2.85e-05
[10:05:39 INFO] Epoch 27/50  iter 250/743  loss=0.1237  lr=2.84e-05
[10:05:53 INFO] Epoch 27/50  iter 300/743  loss=0.2382  lr=2.83e-05
[10:06:06 INFO] Epoch 27/50  iter 350/743  loss=0.1670  lr=2.82e-05
[10:06:19 INFO] Epoch 27/50  iter 400/743  loss=0.2029  lr=2.82e-05
[10:06:33 INFO] Epoch 27/50  iter 450/743  loss=0.0649  lr=2.81e-05
[10:06:46 INFO] Epoch 27/50  iter 500/743  loss=0.1940  lr=2.80e-05
[10:06:59 INFO] Epoch 27/50  iter 550/743  loss=0.1411  lr=2.79e-05
[10:07:13 INFO] Epoch 27/50  iter 600/743  loss=0.0894  lr=2.78e-05
[10:07:26 INFO] Epoch 27/50  iter 650/743  loss=0.3060  lr=2.77e-05
[10:07:39 INFO] Epoch 27/50  iter 700/743  loss=0.1047  lr=2.77e-05
[10:07:51 INFO] Epoch 27 complete — avg_loss=0.1344  time=199s
[10:08:05 INFO] Epoch 28/50  iter 50/743  loss=0.1267  lr=2.75e-05
[10:08:18 INFO] Epoch 28/50  iter 100/743  loss=0.1294  lr=2.74e-05
[10:08:32 INFO] Epoch 28/50  iter 150/743  loss=0.1016  lr=2.74e-05
[10:08:45 INFO] Epoch 28/50  iter 200/743  loss=0.1257  lr=2.73e-05
[10:08:58 INFO] Epoch 28/50  iter 250/743  loss=0.1216  lr=2.72e-05
[10:09:12 INFO] Epoch 28/50  iter 300/743  loss=0.2181  lr=2.71e-05
[10:09:25 INFO] Epoch 28/50  iter 350/743  loss=0.1371  lr=2.70e-05
[10:09:38 INFO] Epoch 28/50  iter 400/743  loss=0.1015  lr=2.70e-05
[10:09:52 INFO] Epoch 28/50  iter 450/743  loss=0.1033  lr=2.69e-05
[10:10:05 INFO] Epoch 28/50  iter 500/743  loss=0.1340  lr=2.68e-05
[10:10:18 INFO] Epoch 28/50  iter 550/743  loss=0.1777  lr=2.67e-05
[10:10:32 INFO] Epoch 28/50  iter 600/743  loss=0.3729  lr=2.66e-05
[10:10:45 INFO] Epoch 28/50  iter 650/743  loss=0.0708  lr=2.65e-05
[10:10:58 INFO] Epoch 28/50  iter 700/743  loss=0.1134  lr=2.65e-05
[10:11:10 INFO] Epoch 28 complete — avg_loss=0.1335  time=199s
[10:11:24 INFO] Epoch 29/50  iter 50/743  loss=0.1138  lr=2.63e-05
[10:11:37 INFO] Epoch 29/50  iter 100/743  loss=0.1638  lr=2.62e-05
[10:11:51 INFO] Epoch 29/50  iter 150/743  loss=0.1195  lr=2.62e-05
[10:12:04 INFO] Epoch 29/50  iter 200/743  loss=0.1207  lr=2.61e-05
[10:12:17 INFO] Epoch 29/50  iter 250/743  loss=0.0788  lr=2.60e-05
[10:12:31 INFO] Epoch 29/50  iter 300/743  loss=0.1331  lr=2.59e-05
[10:12:44 INFO] Epoch 29/50  iter 350/743  loss=0.1539  lr=2.58e-05
[10:12:57 INFO] Epoch 29/50  iter 400/743  loss=0.1053  lr=2.58e-05
[10:13:11 INFO] Epoch 29/50  iter 450/743  loss=0.1390  lr=2.57e-05
[10:13:24 INFO] Epoch 29/50  iter 500/743  loss=0.0584  lr=2.56e-05
[10:13:37 INFO] Epoch 29/50  iter 550/743  loss=0.1121  lr=2.55e-05
[10:13:51 INFO] Epoch 29/50  iter 600/743  loss=0.0602  lr=2.54e-05
[10:14:04 INFO] Epoch 29/50  iter 650/743  loss=0.1039  lr=2.53e-05
[10:14:17 INFO] Epoch 29/50  iter 700/743  loss=0.0895  lr=2.53e-05
[10:14:29 INFO] Epoch 29 complete — avg_loss=0.1345  time=198s
[10:14:43 INFO] Epoch 30/50  iter 50/743  loss=0.1834  lr=2.51e-05
[10:14:56 INFO] Epoch 30/50  iter 100/743  loss=0.0751  lr=2.50e-05
[10:15:09 INFO] Epoch 30/50  iter 150/743  loss=0.0327  lr=2.50e-05
[10:15:23 INFO] Epoch 30/50  iter 200/743  loss=0.0550  lr=2.49e-05
[10:15:36 INFO] Epoch 30/50  iter 250/743  loss=0.0670  lr=2.48e-05
[10:15:49 INFO] Epoch 30/50  iter 300/743  loss=0.1260  lr=2.47e-05
[10:16:03 INFO] Epoch 30/50  iter 350/743  loss=0.0657  lr=2.46e-05
[10:16:16 INFO] Epoch 30/50  iter 400/743  loss=0.1570  lr=2.46e-05
[10:16:29 INFO] Epoch 30/50  iter 450/743  loss=0.0612  lr=2.45e-05
[10:16:43 INFO] Epoch 30/50  iter 500/743  loss=0.0952  lr=2.44e-05
[10:16:56 INFO] Epoch 30/50  iter 550/743  loss=0.1900  lr=2.43e-05
[10:17:09 INFO] Epoch 30/50  iter 600/743  loss=0.0846  lr=2.42e-05
[10:17:23 INFO] Epoch 30/50  iter 650/743  loss=0.1426  lr=2.41e-05
[10:17:36 INFO] Epoch 30/50  iter 700/743  loss=0.1149  lr=2.41e-05
[10:17:47 INFO] Epoch 30 complete — avg_loss=0.1319  time=198s
[10:19:44 INFO]   val mIoU = 0.7618
[10:19:44 INFO]   ★ New best val mIoU: 0.7618
[10:19:59 INFO] Epoch 31/50  iter 50/743  loss=0.1088  lr=2.39e-05
[10:20:12 INFO] Epoch 31/50  iter 100/743  loss=0.1658  lr=2.38e-05
[10:20:25 INFO] Epoch 31/50  iter 150/743  loss=0.1491  lr=2.38e-05
[10:20:38 INFO] Epoch 31/50  iter 200/743  loss=0.6016  lr=2.37e-05
[10:20:52 INFO] Epoch 31/50  iter 250/743  loss=0.1092  lr=2.36e-05
[10:21:05 INFO] Epoch 31/50  iter 300/743  loss=0.3707  lr=2.35e-05
[10:21:18 INFO] Epoch 31/50  iter 350/743  loss=0.2621  lr=2.34e-05
[10:21:32 INFO] Epoch 31/50  iter 400/743  loss=0.0627  lr=2.34e-05
[10:21:45 INFO] Epoch 31/50  iter 450/743  loss=0.1537  lr=2.33e-05
[10:21:58 INFO] Epoch 31/50  iter 500/743  loss=0.1041  lr=2.32e-05
[10:22:12 INFO] Epoch 31/50  iter 550/743  loss=0.4297  lr=2.31e-05
[10:22:25 INFO] Epoch 31/50  iter 600/743  loss=0.0805  lr=2.30e-05
[10:22:38 INFO] Epoch 31/50  iter 650/743  loss=0.1288  lr=2.29e-05
[10:22:52 INFO] Epoch 31/50  iter 700/743  loss=0.0802  lr=2.29e-05
[10:23:03 INFO] Epoch 31 complete — avg_loss=0.1319  time=198s
[10:23:18 INFO] Epoch 32/50  iter 50/743  loss=0.1454  lr=2.27e-05
[10:23:31 INFO] Epoch 32/50  iter 100/743  loss=0.1933  lr=2.26e-05
[10:23:44 INFO] Epoch 32/50  iter 150/743  loss=0.0685  lr=2.26e-05
[10:23:58 INFO] Epoch 32/50  iter 200/743  loss=0.0997  lr=2.25e-05
[10:24:11 INFO] Epoch 32/50  iter 250/743  loss=0.1434  lr=2.24e-05
[10:24:24 INFO] Epoch 32/50  iter 300/743  loss=0.0347  lr=2.23e-05
[10:24:38 INFO] Epoch 32/50  iter 350/743  loss=0.2016  lr=2.22e-05
[10:24:51 INFO] Epoch 32/50  iter 400/743  loss=0.0953  lr=2.22e-05
[10:25:04 INFO] Epoch 32/50  iter 450/743  loss=0.0833  lr=2.21e-05
[10:25:18 INFO] Epoch 32/50  iter 500/743  loss=0.1430  lr=2.20e-05
[10:25:31 INFO] Epoch 32/50  iter 550/743  loss=0.0546  lr=2.19e-05
[10:25:44 INFO] Epoch 32/50  iter 600/743  loss=0.1312  lr=2.18e-05
[10:25:58 INFO] Epoch 32/50  iter 650/743  loss=0.1272  lr=2.17e-05
[10:26:11 INFO] Epoch 32/50  iter 700/743  loss=0.1707  lr=2.17e-05
[10:26:23 INFO] Epoch 32 complete — avg_loss=0.1269  time=199s
[10:26:37 INFO] Epoch 33/50  iter 50/743  loss=0.1404  lr=2.15e-05
[10:26:50 INFO] Epoch 33/50  iter 100/743  loss=0.0854  lr=2.14e-05
[10:27:04 INFO] Epoch 33/50  iter 150/743  loss=0.0846  lr=2.14e-05
[10:27:17 INFO] Epoch 33/50  iter 200/743  loss=0.0517  lr=2.13e-05
[10:27:30 INFO] Epoch 33/50  iter 250/743  loss=0.0566  lr=2.12e-05
[10:27:44 INFO] Epoch 33/50  iter 300/743  loss=0.1085  lr=2.11e-05
[10:27:57 INFO] Epoch 33/50  iter 350/743  loss=0.2069  lr=2.10e-05
[10:28:10 INFO] Epoch 33/50  iter 400/743  loss=0.1385  lr=2.10e-05
[10:28:24 INFO] Epoch 33/50  iter 450/743  loss=0.1502  lr=2.09e-05
[10:28:37 INFO] Epoch 33/50  iter 500/743  loss=0.0757  lr=2.08e-05
[10:28:50 INFO] Epoch 33/50  iter 550/743  loss=0.0985  lr=2.07e-05
[10:29:04 INFO] Epoch 33/50  iter 600/743  loss=0.0497  lr=2.06e-05
[10:29:17 INFO] Epoch 33/50  iter 650/743  loss=0.0882  lr=2.05e-05
[10:29:30 INFO] Epoch 33/50  iter 700/743  loss=0.0470  lr=2.05e-05
[10:29:42 INFO] Epoch 33 complete — avg_loss=0.1279  time=199s
[10:29:56 INFO] Epoch 34/50  iter 50/743  loss=0.0376  lr=2.03e-05
[10:30:10 INFO] Epoch 34/50  iter 100/743  loss=0.1244  lr=2.02e-05
[10:30:23 INFO] Epoch 34/50  iter 150/743  loss=0.1445  lr=2.02e-05
[10:30:36 INFO] Epoch 34/50  iter 200/743  loss=0.1371  lr=2.01e-05
[10:30:50 INFO] Epoch 34/50  iter 250/743  loss=0.1582  lr=2.00e-05
[10:31:03 INFO] Epoch 34/50  iter 300/743  loss=0.1721  lr=1.99e-05
[10:31:16 INFO] Epoch 34/50  iter 350/743  loss=0.1928  lr=1.98e-05
[10:31:30 INFO] Epoch 34/50  iter 400/743  loss=0.1185  lr=1.98e-05
[10:31:43 INFO] Epoch 34/50  iter 450/743  loss=0.1007  lr=1.97e-05
[10:31:56 INFO] Epoch 34/50  iter 500/743  loss=0.1232  lr=1.96e-05
[10:32:10 INFO] Epoch 34/50  iter 550/743  loss=0.1305  lr=1.95e-05
[10:32:23 INFO] Epoch 34/50  iter 600/743  loss=0.1488  lr=1.94e-05
[10:32:36 INFO] Epoch 34/50  iter 650/743  loss=0.1076  lr=1.93e-05
[10:32:50 INFO] Epoch 34/50  iter 700/743  loss=0.0661  lr=1.93e-05
[10:33:01 INFO] Epoch 34 complete — avg_loss=0.1311  time=199s
[10:33:16 INFO] Epoch 35/50  iter 50/743  loss=0.0740  lr=1.91e-05
[10:33:29 INFO] Epoch 35/50  iter 100/743  loss=0.1578  lr=1.90e-05
[10:33:42 INFO] Epoch 35/50  iter 150/743  loss=0.1335  lr=1.90e-05
[10:33:56 INFO] Epoch 35/50  iter 200/743  loss=0.1418  lr=1.89e-05
[10:34:09 INFO] Epoch 35/50  iter 250/743  loss=0.0915  lr=1.88e-05
[10:34:22 INFO] Epoch 35/50  iter 300/743  loss=0.1374  lr=1.87e-05
[10:34:36 INFO] Epoch 35/50  iter 350/743  loss=0.0956  lr=1.86e-05
[10:34:49 INFO] Epoch 35/50  iter 400/743  loss=0.0791  lr=1.86e-05
[10:35:02 INFO] Epoch 35/50  iter 450/743  loss=0.4570  lr=1.85e-05
[10:35:16 INFO] Epoch 35/50  iter 500/743  loss=0.1683  lr=1.84e-05
[10:35:29 INFO] Epoch 35/50  iter 550/743  loss=0.8602  lr=1.83e-05
[10:35:42 INFO] Epoch 35/50  iter 600/743  loss=0.1168  lr=1.82e-05
[10:35:56 INFO] Epoch 35/50  iter 650/743  loss=0.0909  lr=1.81e-05
[10:36:09 INFO] Epoch 35/50  iter 700/743  loss=0.0863  lr=1.81e-05
[10:36:21 INFO] Epoch 35 complete — avg_loss=0.1252  time=199s
[10:38:19 INFO]   val mIoU = 0.7592
[10:38:33 INFO] Epoch 36/50  iter 50/743  loss=0.1245  lr=1.79e-05
[10:38:46 INFO] Epoch 36/50  iter 100/743  loss=0.1791  lr=1.78e-05
[10:38:59 INFO] Epoch 36/50  iter 150/743  loss=0.1057  lr=1.78e-05
[10:39:13 INFO] Epoch 36/50  iter 200/743  loss=0.0826  lr=1.77e-05
[10:39:26 INFO] Epoch 36/50  iter 250/743  loss=0.0696  lr=1.76e-05
[10:39:39 INFO] Epoch 36/50  iter 300/743  loss=0.1103  lr=1.75e-05
[10:39:53 INFO] Epoch 36/50  iter 350/743  loss=0.0738  lr=1.74e-05
[10:40:06 INFO] Epoch 36/50  iter 400/743  loss=0.0684  lr=1.74e-05
[10:40:19 INFO] Epoch 36/50  iter 450/743  loss=0.0911  lr=1.73e-05
[10:40:33 INFO] Epoch 36/50  iter 500/743  loss=0.0978  lr=1.72e-05
[10:40:46 INFO] Epoch 36/50  iter 550/743  loss=0.1058  lr=1.71e-05
[10:40:59 INFO] Epoch 36/50  iter 600/743  loss=0.0884  lr=1.70e-05
[10:41:13 INFO] Epoch 36/50  iter 650/743  loss=0.0462  lr=1.69e-05
[10:41:26 INFO] Epoch 36/50  iter 700/743  loss=0.1890  lr=1.69e-05
[10:41:38 INFO] Epoch 36 complete — avg_loss=0.1210  time=199s
[10:41:52 INFO] Epoch 37/50  iter 50/743  loss=0.0948  lr=1.67e-05
[10:42:05 INFO] Epoch 37/50  iter 100/743  loss=0.1357  lr=1.66e-05
[10:42:19 INFO] Epoch 37/50  iter 150/743  loss=0.0922  lr=1.66e-05
[10:42:32 INFO] Epoch 37/50  iter 200/743  loss=0.1572  lr=1.65e-05
[10:42:45 INFO] Epoch 37/50  iter 250/743  loss=0.0471  lr=1.64e-05
[10:42:59 INFO] Epoch 37/50  iter 300/743  loss=0.1212  lr=1.63e-05
[10:43:12 INFO] Epoch 37/50  iter 350/743  loss=0.1270  lr=1.62e-05
[10:43:25 INFO] Epoch 37/50  iter 400/743  loss=0.2656  lr=1.62e-05
[10:43:39 INFO] Epoch 37/50  iter 450/743  loss=0.0844  lr=1.61e-05
[10:43:52 INFO] Epoch 37/50  iter 500/743  loss=0.1434  lr=1.60e-05
[10:44:05 INFO] Epoch 37/50  iter 550/743  loss=0.1834  lr=1.59e-05
[10:44:19 INFO] Epoch 37/50  iter 600/743  loss=0.1093  lr=1.58e-05
[10:44:32 INFO] Epoch 37/50  iter 650/743  loss=0.1389  lr=1.57e-05
[10:44:45 INFO] Epoch 37/50  iter 700/743  loss=0.1250  lr=1.57e-05
[10:44:57 INFO] Epoch 37 complete — avg_loss=0.1256  time=199s
[10:45:11 INFO] Epoch 38/50  iter 50/743  loss=0.1457  lr=1.55e-05
[10:45:24 INFO] Epoch 38/50  iter 100/743  loss=0.0479  lr=1.54e-05
[10:45:38 INFO] Epoch 38/50  iter 150/743  loss=0.1070  lr=1.54e-05
[10:45:51 INFO] Epoch 38/50  iter 200/743  loss=0.0671  lr=1.53e-05
[10:46:04 INFO] Epoch 38/50  iter 250/743  loss=0.1133  lr=1.52e-05
[10:46:18 INFO] Epoch 38/50  iter 300/743  loss=0.1067  lr=1.51e-05
[10:46:31 INFO] Epoch 38/50  iter 350/743  loss=0.2733  lr=1.50e-05
[10:46:44 INFO] Epoch 38/50  iter 400/743  loss=0.0514  lr=1.50e-05
[10:46:58 INFO] Epoch 38/50  iter 450/743  loss=0.1404  lr=1.49e-05
[10:47:11 INFO] Epoch 38/50  iter 500/743  loss=0.1977  lr=1.48e-05
[10:47:24 INFO] Epoch 38/50  iter 550/743  loss=0.1489  lr=1.47e-05
[10:47:38 INFO] Epoch 38/50  iter 600/743  loss=0.1497  lr=1.46e-05
[10:47:51 INFO] Epoch 38/50  iter 650/743  loss=0.0988  lr=1.45e-05
[10:48:04 INFO] Epoch 38/50  iter 700/743  loss=0.0786  lr=1.45e-05
[10:48:16 INFO] Epoch 38 complete — avg_loss=0.1219  time=199s
[10:48:30 INFO] Epoch 39/50  iter 50/743  loss=0.0588  lr=1.43e-05
[10:48:43 INFO] Epoch 39/50  iter 100/743  loss=0.0595  lr=1.42e-05
[10:48:57 INFO] Epoch 39/50  iter 150/743  loss=0.0791  lr=1.42e-05
[10:49:10 INFO] Epoch 39/50  iter 200/743  loss=0.5496  lr=1.41e-05
[10:49:23 INFO] Epoch 39/50  iter 250/743  loss=0.1215  lr=1.40e-05
[10:49:37 INFO] Epoch 39/50  iter 300/743  loss=0.1079  lr=1.39e-05
[10:49:50 INFO] Epoch 39/50  iter 350/743  loss=0.1953  lr=1.38e-05
[10:50:03 INFO] Epoch 39/50  iter 400/743  loss=0.1200  lr=1.38e-05
[10:50:17 INFO] Epoch 39/50  iter 450/743  loss=0.2039  lr=1.37e-05
[10:50:30 INFO] Epoch 39/50  iter 500/743  loss=0.0868  lr=1.36e-05
[10:50:43 INFO] Epoch 39/50  iter 550/743  loss=0.1143  lr=1.35e-05
[10:50:57 INFO] Epoch 39/50  iter 600/743  loss=0.2423  lr=1.34e-05
[10:51:10 INFO] Epoch 39/50  iter 650/743  loss=0.1233  lr=1.33e-05
[10:51:23 INFO] Epoch 39/50  iter 700/743  loss=0.0787  lr=1.33e-05
[10:51:35 INFO] Epoch 39 complete — avg_loss=0.1255  time=199s
[10:51:49 INFO] Epoch 40/50  iter 50/743  loss=0.0924  lr=1.31e-05
[10:52:02 INFO] Epoch 40/50  iter 100/743  loss=0.1115  lr=1.30e-05
[10:52:16 INFO] Epoch 40/50  iter 150/743  loss=0.0456  lr=1.30e-05
[10:52:29 INFO] Epoch 40/50  iter 200/743  loss=0.1132  lr=1.29e-05
[10:52:43 INFO] Epoch 40/50  iter 250/743  loss=0.1521  lr=1.28e-05
[10:52:56 INFO] Epoch 40/50  iter 300/743  loss=0.1199  lr=1.27e-05
[10:53:09 INFO] Epoch 40/50  iter 350/743  loss=0.1484  lr=1.26e-05
[10:53:22 INFO] Epoch 40/50  iter 400/743  loss=0.1009  lr=1.26e-05
[10:53:36 INFO] Epoch 40/50  iter 450/743  loss=0.1094  lr=1.25e-05
[10:53:49 INFO] Epoch 40/50  iter 500/743  loss=0.1893  lr=1.24e-05
[10:54:02 INFO] Epoch 40/50  iter 550/743  loss=0.1719  lr=1.23e-05
[10:54:16 INFO] Epoch 40/50  iter 600/743  loss=0.1898  lr=1.22e-05
[10:54:29 INFO] Epoch 40/50  iter 650/743  loss=0.1728  lr=1.21e-05
[10:54:42 INFO] Epoch 40/50  iter 700/743  loss=0.0743  lr=1.21e-05
[10:54:54 INFO] Epoch 40 complete — avg_loss=0.1199  time=199s
[10:56:52 INFO]   val mIoU = 0.7666
[10:56:52 INFO]   ★ New best val mIoU: 0.7666
[10:57:06 INFO] Epoch 41/50  iter 50/743  loss=0.0959  lr=1.19e-05
[10:57:20 INFO] Epoch 41/50  iter 100/743  loss=0.0937  lr=1.18e-05
[10:57:33 INFO] Epoch 41/50  iter 150/743  loss=0.0673  lr=1.18e-05
[10:57:46 INFO] Epoch 41/50  iter 200/743  loss=0.0545  lr=1.17e-05
[10:58:00 INFO] Epoch 41/50  iter 250/743  loss=0.1336  lr=1.16e-05
[10:58:13 INFO] Epoch 41/50  iter 300/743  loss=0.0717  lr=1.15e-05
[10:58:26 INFO] Epoch 41/50  iter 350/743  loss=0.0766  lr=1.14e-05
[10:58:40 INFO] Epoch 41/50  iter 400/743  loss=0.1185  lr=1.14e-05
[10:58:53 INFO] Epoch 41/50  iter 450/743  loss=0.1422  lr=1.13e-05
[10:59:07 INFO] Epoch 41/50  iter 500/743  loss=0.0671  lr=1.12e-05
[10:59:20 INFO] Epoch 41/50  iter 550/743  loss=0.0559  lr=1.11e-05
[10:59:33 INFO] Epoch 41/50  iter 600/743  loss=0.0835  lr=1.10e-05
[10:59:47 INFO] Epoch 41/50  iter 650/743  loss=0.1546  lr=1.09e-05
[11:00:00 INFO] Epoch 41/50  iter 700/743  loss=0.0786  lr=1.09e-05
[11:00:12 INFO] Epoch 41 complete — avg_loss=0.1158  time=199s
[11:00:26 INFO] Epoch 42/50  iter 50/743  loss=0.0848  lr=1.07e-05
[11:00:39 INFO] Epoch 42/50  iter 100/743  loss=0.1082  lr=1.06e-05
[11:00:53 INFO] Epoch 42/50  iter 150/743  loss=0.1573  lr=1.06e-05
[11:01:06 INFO] Epoch 42/50  iter 200/743  loss=0.1223  lr=1.05e-05
[11:01:19 INFO] Epoch 42/50  iter 250/743  loss=0.0641  lr=1.04e-05
[11:01:33 INFO] Epoch 42/50  iter 300/743  loss=0.1528  lr=1.03e-05
[11:01:46 INFO] Epoch 42/50  iter 350/743  loss=0.1128  lr=1.02e-05
[11:01:59 INFO] Epoch 42/50  iter 400/743  loss=0.1022  lr=1.02e-05
[11:02:13 INFO] Epoch 42/50  iter 450/743  loss=0.0749  lr=1.01e-05
[11:02:26 INFO] Epoch 42/50  iter 500/743  loss=0.0778  lr=9.99e-06
[11:02:39 INFO] Epoch 42/50  iter 550/743  loss=0.0921  lr=9.91e-06
[11:02:53 INFO] Epoch 42/50  iter 600/743  loss=0.1032  lr=9.83e-06
[11:03:06 INFO] Epoch 42/50  iter 650/743  loss=0.0743  lr=9.75e-06
[11:03:19 INFO] Epoch 42/50  iter 700/743  loss=0.1192  lr=9.67e-06
[11:03:31 INFO] Epoch 42 complete — avg_loss=0.1150  time=199s
[11:03:45 INFO] Epoch 43/50  iter 50/743  loss=0.0491  lr=9.52e-06
[11:03:58 INFO] Epoch 43/50  iter 100/743  loss=0.1759  lr=9.44e-06
[11:04:12 INFO] Epoch 43/50  iter 150/743  loss=0.1324  lr=9.36e-06
[11:04:25 INFO] Epoch 43/50  iter 200/743  loss=0.0660  lr=9.28e-06
[11:04:38 INFO] Epoch 43/50  iter 250/743  loss=0.0843  lr=9.19e-06
[11:04:52 INFO] Epoch 43/50  iter 300/743  loss=0.0987  lr=9.11e-06
[11:05:05 INFO] Epoch 43/50  iter 350/743  loss=0.0980  lr=9.03e-06
[11:05:18 INFO] Epoch 43/50  iter 400/743  loss=0.0858  lr=8.95e-06
[11:05:32 INFO] Epoch 43/50  iter 450/743  loss=0.0834  lr=8.87e-06
[11:05:45 INFO] Epoch 43/50  iter 500/743  loss=0.0731  lr=8.79e-06
[11:05:58 INFO] Epoch 43/50  iter 550/743  loss=0.0905  lr=8.71e-06
[11:06:12 INFO] Epoch 43/50  iter 600/743  loss=0.0618  lr=8.63e-06
[11:06:25 INFO] Epoch 43/50  iter 650/743  loss=0.1640  lr=8.55e-06
[11:06:38 INFO] Epoch 43/50  iter 700/743  loss=0.0644  lr=8.47e-06
[11:06:50 INFO] Epoch 43 complete — avg_loss=0.1210  time=199s
[11:07:04 INFO] Epoch 44/50  iter 50/743  loss=0.0876  lr=8.32e-06
[11:07:18 INFO] Epoch 44/50  iter 100/743  loss=0.1208  lr=8.24e-06
[11:07:31 INFO] Epoch 44/50  iter 150/743  loss=0.1136  lr=8.16e-06
[11:07:44 INFO] Epoch 44/50  iter 200/743  loss=0.0919  lr=8.08e-06
[11:07:58 INFO] Epoch 44/50  iter 250/743  loss=0.0838  lr=7.99e-06
[11:08:11 INFO] Epoch 44/50  iter 300/743  loss=0.0989  lr=7.91e-06
[11:08:24 INFO] Epoch 44/50  iter 350/743  loss=0.0826  lr=7.83e-06
[11:08:38 INFO] Epoch 44/50  iter 400/743  loss=0.1663  lr=7.75e-06
[11:08:51 INFO] Epoch 44/50  iter 450/743  loss=0.0955  lr=7.67e-06
[11:09:04 INFO] Epoch 44/50  iter 500/743  loss=0.1104  lr=7.59e-06
[11:09:18 INFO] Epoch 44/50  iter 550/743  loss=0.1600  lr=7.51e-06
[11:09:31 INFO] Epoch 44/50  iter 600/743  loss=0.1234  lr=7.43e-06
[11:09:44 INFO] Epoch 44/50  iter 650/743  loss=0.1095  lr=7.35e-06
[11:09:58 INFO] Epoch 44/50  iter 700/743  loss=0.0719  lr=7.27e-06
[11:10:09 INFO] Epoch 44 complete — avg_loss=0.1146  time=199s
[11:10:23 INFO] Epoch 45/50  iter 50/743  loss=0.0454  lr=7.12e-06
[11:10:37 INFO] Epoch 45/50  iter 100/743  loss=0.1194  lr=7.04e-06
[11:10:50 INFO] Epoch 45/50  iter 150/743  loss=0.1052  lr=6.96e-06
[11:11:03 INFO] Epoch 45/50  iter 200/743  loss=0.1258  lr=6.88e-06
[11:11:17 INFO] Epoch 45/50  iter 250/743  loss=0.1113  lr=6.79e-06
[11:11:30 INFO] Epoch 45/50  iter 300/743  loss=0.1356  lr=6.71e-06
[11:11:43 INFO] Epoch 45/50  iter 350/743  loss=0.0874  lr=6.63e-06
[11:11:57 INFO] Epoch 45/50  iter 400/743  loss=0.1549  lr=6.55e-06
[11:12:10 INFO] Epoch 45/50  iter 450/743  loss=0.0799  lr=6.47e-06
[11:12:23 INFO] Epoch 45/50  iter 500/743  loss=0.1391  lr=6.39e-06
[11:12:37 INFO] Epoch 45/50  iter 550/743  loss=0.3221  lr=6.31e-06
[11:12:50 INFO] Epoch 45/50  iter 600/743  loss=0.1344  lr=6.23e-06
[11:13:03 INFO] Epoch 45/50  iter 650/743  loss=0.0857  lr=6.15e-06
[11:13:17 INFO] Epoch 45/50  iter 700/743  loss=0.0861  lr=6.07e-06
[11:13:28 INFO] Epoch 45 complete — avg_loss=0.1157  time=199s
[11:15:25 INFO]   val mIoU = 0.7704
[11:15:25 INFO]   ★ New best val mIoU: 0.7704
[11:15:39 INFO] Epoch 46/50  iter 50/743  loss=0.1016  lr=5.92e-06
[11:15:53 INFO] Epoch 46/50  iter 100/743  loss=0.0807  lr=5.84e-06
[11:16:06 INFO] Epoch 46/50  iter 150/743  loss=0.1510  lr=5.76e-06
[11:16:19 INFO] Epoch 46/50  iter 200/743  loss=0.1005  lr=5.68e-06
[11:16:33 INFO] Epoch 46/50  iter 250/743  loss=0.1402  lr=5.59e-06
[11:16:46 INFO] Epoch 46/50  iter 300/743  loss=0.1192  lr=5.51e-06
[11:16:59 INFO] Epoch 46/50  iter 350/743  loss=0.1339  lr=5.43e-06
[11:17:13 INFO] Epoch 46/50  iter 400/743  loss=0.1382  lr=5.35e-06
[11:17:26 INFO] Epoch 46/50  iter 450/743  loss=0.0752  lr=5.27e-06
[11:17:39 INFO] Epoch 46/50  iter 500/743  loss=0.0525  lr=5.19e-06
[11:17:53 INFO] Epoch 46/50  iter 550/743  loss=0.7135  lr=5.11e-06
[11:18:06 INFO] Epoch 46/50  iter 600/743  loss=0.1228  lr=5.03e-06
[11:18:19 INFO] Epoch 46/50  iter 650/743  loss=0.1893  lr=4.95e-06
[11:18:33 INFO] Epoch 46/50  iter 700/743  loss=0.0645  lr=4.87e-06
[11:18:44 INFO] Epoch 46 complete — avg_loss=0.1167  time=199s
[11:18:59 INFO] Epoch 47/50  iter 50/743  loss=0.1422  lr=4.72e-06
[11:19:12 INFO] Epoch 47/50  iter 100/743  loss=0.0611  lr=4.64e-06
[11:19:25 INFO] Epoch 47/50  iter 150/743  loss=0.0834  lr=4.56e-06
[11:19:38 INFO] Epoch 47/50  iter 200/743  loss=0.1142  lr=4.48e-06
[11:19:52 INFO] Epoch 47/50  iter 250/743  loss=0.0913  lr=4.39e-06
[11:20:05 INFO] Epoch 47/50  iter 300/743  loss=0.1039  lr=4.31e-06
[11:20:18 INFO] Epoch 47/50  iter 350/743  loss=0.1237  lr=4.23e-06
[11:20:32 INFO] Epoch 47/50  iter 400/743  loss=0.0953  lr=4.15e-06
[11:20:45 INFO] Epoch 47/50  iter 450/743  loss=0.1456  lr=4.07e-06
[11:20:58 INFO] Epoch 47/50  iter 500/743  loss=0.1040  lr=3.99e-06
[11:21:12 INFO] Epoch 47/50  iter 550/743  loss=0.1173  lr=3.91e-06
[11:21:25 INFO] Epoch 47/50  iter 600/743  loss=0.2781  lr=3.83e-06
[11:21:38 INFO] Epoch 47/50  iter 650/743  loss=0.0798  lr=3.75e-06
[11:21:52 INFO] Epoch 47/50  iter 700/743  loss=0.0840  lr=3.67e-06
[11:22:03 INFO] Epoch 47 complete — avg_loss=0.1152  time=199s
[11:22:18 INFO] Epoch 48/50  iter 50/743  loss=0.0808  lr=3.52e-06
[11:22:31 INFO] Epoch 48/50  iter 100/743  loss=0.0600  lr=3.44e-06
[11:22:44 INFO] Epoch 48/50  iter 150/743  loss=0.1099  lr=3.36e-06
[11:22:58 INFO] Epoch 48/50  iter 200/743  loss=0.2166  lr=3.28e-06
[11:23:11 INFO] Epoch 48/50  iter 250/743  loss=0.0804  lr=3.19e-06
[11:23:24 INFO] Epoch 48/50  iter 300/743  loss=0.0735  lr=3.11e-06
[11:23:38 INFO] Epoch 48/50  iter 350/743  loss=0.1412  lr=3.03e-06
[11:23:51 INFO] Epoch 48/50  iter 400/743  loss=0.1883  lr=2.95e-06
[11:24:04 INFO] Epoch 48/50  iter 450/743  loss=0.0969  lr=2.87e-06
[11:24:18 INFO] Epoch 48/50  iter 500/743  loss=0.0499  lr=2.79e-06
[11:24:31 INFO] Epoch 48/50  iter 550/743  loss=0.1027  lr=2.71e-06
[11:24:44 INFO] Epoch 48/50  iter 600/743  loss=0.1314  lr=2.63e-06
[11:24:57 INFO] Epoch 48/50  iter 650/743  loss=0.0946  lr=2.55e-06
[11:25:11 INFO] Epoch 48/50  iter 700/743  loss=0.1525  lr=2.47e-06
[11:25:22 INFO] Epoch 48 complete — avg_loss=0.1128  time=199s
[11:25:37 INFO] Epoch 49/50  iter 50/743  loss=0.0989  lr=2.32e-06
[11:25:50 INFO] Epoch 49/50  iter 100/743  loss=0.1309  lr=2.24e-06
[11:26:03 INFO] Epoch 49/50  iter 150/743  loss=0.1198  lr=2.16e-06
[11:26:17 INFO] Epoch 49/50  iter 200/743  loss=0.1133  lr=2.08e-06
[11:26:30 INFO] Epoch 49/50  iter 250/743  loss=0.1463  lr=1.99e-06
[11:26:43 INFO] Epoch 49/50  iter 300/743  loss=0.0953  lr=1.91e-06
[11:26:57 INFO] Epoch 49/50  iter 350/743  loss=0.1432  lr=1.83e-06
[11:27:10 INFO] Epoch 49/50  iter 400/743  loss=0.0749  lr=1.75e-06
[11:27:23 INFO] Epoch 49/50  iter 450/743  loss=0.0714  lr=1.67e-06
[11:27:36 INFO] Epoch 49/50  iter 500/743  loss=0.0723  lr=1.59e-06
[11:27:50 INFO] Epoch 49/50  iter 550/743  loss=0.1585  lr=1.51e-06
[11:28:03 INFO] Epoch 49/50  iter 600/743  loss=0.0662  lr=1.43e-06
[11:28:16 INFO] Epoch 49/50  iter 650/743  loss=0.1051  lr=1.35e-06
[11:28:30 INFO] Epoch 49/50  iter 700/743  loss=0.0905  lr=1.27e-06
[11:28:41 INFO] Epoch 49 complete — avg_loss=0.1111  time=199s
[11:28:56 INFO] Epoch 50/50  iter 50/743  loss=0.0968  lr=1.12e-06
[11:29:09 INFO] Epoch 50/50  iter 100/743  loss=0.1603  lr=1.04e-06
[11:29:22 INFO] Epoch 50/50  iter 150/743  loss=0.0449  lr=9.56e-07
[11:29:36 INFO] Epoch 50/50  iter 200/743  loss=0.1218  lr=8.75e-07
[11:29:49 INFO] Epoch 50/50  iter 250/743  loss=0.0791  lr=7.95e-07
[11:30:02 INFO] Epoch 50/50  iter 300/743  loss=0.0831  lr=7.14e-07
[11:30:16 INFO] Epoch 50/50  iter 350/743  loss=0.1313  lr=6.33e-07
[11:30:29 INFO] Epoch 50/50  iter 400/743  loss=0.1021  lr=5.52e-07
[11:30:42 INFO] Epoch 50/50  iter 450/743  loss=0.0730  lr=4.72e-07
[11:30:56 INFO] Epoch 50/50  iter 500/743  loss=0.1023  lr=3.91e-07
[11:31:09 INFO] Epoch 50/50  iter 550/743  loss=0.1032  lr=3.10e-07
[11:31:22 INFO] Epoch 50/50  iter 600/743  loss=0.0719  lr=2.29e-07
[11:31:36 INFO] Epoch 50/50  iter 650/743  loss=0.1113  lr=1.49e-07
[11:31:49 INFO] Epoch 50/50  iter 700/743  loss=0.1417  lr=6.78e-08
[11:32:00 INFO] Epoch 50 complete — avg_loss=0.1190  time=199s
[11:33:57 INFO]   val mIoU = 0.7767
[11:33:57 INFO]   ★ New best val mIoU: 0.7767
[11:33:58 INFO] Training complete. Best val mIoU = 0.7767
>>> Evaluating: depthaware_b0005_p10_mitb2
/home/taah3149/Documents/Group_Studies/.venv/lib64/python3.11/site-packages/torch/cuda/__init__.py:129: UserWarning: CUDA initialization: CUDA driver initialization failed, you might not have a CUDA gpu. (Triggered internally at ../c10/cuda/CUDAFunctions.cpp:108.)
  return torch._C._cuda_getDeviceCount() > 0
[11:34:18 INFO] Device: cpu
/home/taah3149/Documents/Group_Studies/fog-augmentation/src/models.py:74: FutureWarning: You are using `torch.load` with `weights_only=False` (the current default value), which uses the default pickle module implicitly. It is possible to construct malicious pickle data which will execute arbitrary code during unpickling (See https://github.com/pytorch/pytorch/blob/main/SECURITY.md#untrusted-models for more details). In a future release, the default value for `weights_only` will be flipped to `True`. This limits the functions that could be executed during unpickling. Arbitrary objects will no longer be allowed to be loaded via this mode unless they are explicitly allowlisted by the user via `torch.serialization.add_safe_globals`. We recommend you start setting `weights_only=True` for any use case where you don't have full control of the loaded file. Please open an issue on GitHub for any issues related to this experimental feature.
  state = torch.load(str(checkpoint), map_location="cpu")
Model backend: smp (encoder=mit_b2, architecture=fpn)
Loaded checkpoint: results/depthaware_b0005_p10_mitb2/best.pth
[11:34:23 INFO] ACDC fog val: 100 samples
[11:47:50 INFO]   100/100 processed
[11:47:50 INFO] mIoU = 0.5364
[11:47:50 INFO]   road                 0.8354
[11:47:50 INFO]   sidewalk             0.5843
[11:47:50 INFO]   building             0.7079
[11:47:50 INFO]   wall                 0.1370
[11:47:50 INFO]   fence                0.2304
[11:47:50 INFO]   pole                 0.3773
[11:47:50 INFO]   traffic light        0.6503
[11:47:50 INFO]   traffic sign         0.5412
[11:47:50 INFO]   vegetation           0.8082
[11:47:50 INFO]   terrain              0.5172
[11:47:50 INFO]   sky                  0.9444
[11:47:50 INFO]   person               0.3497
[11:47:50 INFO]   rider                0.5658
[11:47:50 INFO]   car                  0.6929
[11:47:50 INFO]   truck                0.3304
[11:47:50 INFO]   bus                  0.5903
[11:47:50 INFO]   train                0.7338
[11:47:50 INFO]   motorcycle           0.0713
[11:47:50 INFO]   bicycle              0.5233
[11:47:51 INFO] Results saved → results/depthaware_b0005_p10_mitb2/acdc_eval.json
>>> Done: depthaware_b0005_p10_mitb2

>>> Training (fresh start): depthaware_b0005_p30_mitb2
[11:47:58 INFO] Device: cuda
Model backend: smp (encoder=mit_b2, architecture=fpn)
[11:48:01 INFO] Using fog cache: data/fog_cache/depthaware_b0005
[11:48:01 INFO] fog_prob: 0.3
[11:48:03 INFO] Train: 2975 samples  |  Val: 500 samples
[11:48:18 INFO] Epoch 1/50  iter 50/743  loss=1.5928  lr=5.99e-05
[11:48:31 INFO] Epoch 1/50  iter 100/743  loss=0.8354  lr=5.98e-05
[11:48:44 INFO] Epoch 1/50  iter 150/743  loss=0.5315  lr=5.98e-05
[11:48:57 INFO] Epoch 1/50  iter 200/743  loss=0.7390  lr=5.97e-05
[11:49:11 INFO] Epoch 1/50  iter 250/743  loss=0.5022  lr=5.96e-05
[11:49:24 INFO] Epoch 1/50  iter 300/743  loss=0.3108  lr=5.95e-05
[11:49:37 INFO] Epoch 1/50  iter 350/743  loss=0.8111  lr=5.94e-05
[11:49:50 INFO] Epoch 1/50  iter 400/743  loss=0.4399  lr=5.94e-05
[11:50:04 INFO] Epoch 1/50  iter 450/743  loss=0.3730  lr=5.93e-05
[11:50:17 INFO] Epoch 1/50  iter 500/743  loss=0.2662  lr=5.92e-05
[11:50:31 INFO] Epoch 1/50  iter 550/743  loss=0.9944  lr=5.91e-05
[11:50:44 INFO] Epoch 1/50  iter 600/743  loss=0.2246  lr=5.90e-05
[11:50:57 INFO] Epoch 1/50  iter 650/743  loss=0.3557  lr=5.89e-05
[11:51:11 INFO] Epoch 1/50  iter 700/743  loss=0.4315  lr=5.89e-05
[11:51:22 INFO] Epoch 1 complete — avg_loss=0.6368  time=200s
[11:51:37 INFO] Epoch 2/50  iter 50/743  loss=0.2241  lr=5.87e-05
[11:51:50 INFO] Epoch 2/50  iter 100/743  loss=0.2873  lr=5.86e-05
[11:52:03 INFO] Epoch 2/50  iter 150/743  loss=0.1911  lr=5.86e-05
[11:52:17 INFO] Epoch 2/50  iter 200/743  loss=0.4289  lr=5.85e-05
[11:52:30 INFO] Epoch 2/50  iter 250/743  loss=0.2337  lr=5.84e-05
[11:52:44 INFO] Epoch 2/50  iter 300/743  loss=0.2042  lr=5.83e-05
[11:52:57 INFO] Epoch 2/50  iter 350/743  loss=0.1800  lr=5.82e-05
[11:53:11 INFO] Epoch 2/50  iter 400/743  loss=0.1995  lr=5.82e-05
[11:53:24 INFO] Epoch 2/50  iter 450/743  loss=0.5167  lr=5.81e-05
[11:53:37 INFO] Epoch 2/50  iter 500/743  loss=0.2844  lr=5.80e-05
[11:53:51 INFO] Epoch 2/50  iter 550/743  loss=0.3024  lr=5.79e-05
[11:54:04 INFO] Epoch 2/50  iter 600/743  loss=0.4485  lr=5.78e-05
[11:54:17 INFO] Epoch 2/50  iter 650/743  loss=0.2273  lr=5.77e-05
[11:54:31 INFO] Epoch 2/50  iter 700/743  loss=0.4318  lr=5.77e-05
[11:54:42 INFO] Epoch 2 complete — avg_loss=0.3296  time=200s
[11:54:57 INFO] Epoch 3/50  iter 50/743  loss=0.2523  lr=5.75e-05
[11:55:10 INFO] Epoch 3/50  iter 100/743  loss=0.2459  lr=5.74e-05
[11:55:23 INFO] Epoch 3/50  iter 150/743  loss=0.2065  lr=5.74e-05
[11:55:37 INFO] Epoch 3/50  iter 200/743  loss=0.2153  lr=5.73e-05
[11:55:50 INFO] Epoch 3/50  iter 250/743  loss=0.3755  lr=5.72e-05
[11:56:03 INFO] Epoch 3/50  iter 300/743  loss=1.1157  lr=5.71e-05
[11:56:17 INFO] Epoch 3/50  iter 350/743  loss=0.1193  lr=5.70e-05
[11:56:30 INFO] Epoch 3/50  iter 400/743  loss=0.4669  lr=5.70e-05
[11:56:43 INFO] Epoch 3/50  iter 450/743  loss=0.3527  lr=5.69e-05
[11:56:57 INFO] Epoch 3/50  iter 500/743  loss=0.1764  lr=5.68e-05
[11:57:10 INFO] Epoch 3/50  iter 550/743  loss=0.2403  lr=5.67e-05
[11:57:23 INFO] Epoch 3/50  iter 600/743  loss=0.2400  lr=5.66e-05
[11:57:37 INFO] Epoch 3/50  iter 650/743  loss=0.1803  lr=5.65e-05
[11:57:50 INFO] Epoch 3/50  iter 700/743  loss=0.1280  lr=5.65e-05
[11:58:01 INFO] Epoch 3 complete — avg_loss=0.2730  time=199s
[11:58:16 INFO] Epoch 4/50  iter 50/743  loss=0.1635  lr=5.63e-05
[11:58:29 INFO] Epoch 4/50  iter 100/743  loss=0.1695  lr=5.62e-05
[11:58:42 INFO] Epoch 4/50  iter 150/743  loss=0.6443  lr=5.62e-05
[11:58:56 INFO] Epoch 4/50  iter 200/743  loss=0.2309  lr=5.61e-05
[11:59:09 INFO] Epoch 4/50  iter 250/743  loss=0.2594  lr=5.60e-05
[11:59:23 INFO] Epoch 4/50  iter 300/743  loss=0.1862  lr=5.59e-05
[11:59:36 INFO] Epoch 4/50  iter 350/743  loss=0.0387  lr=5.58e-05
[11:59:49 INFO] Epoch 4/50  iter 400/743  loss=0.1129  lr=5.58e-05
[12:00:03 INFO] Epoch 4/50  iter 450/743  loss=0.0644  lr=5.57e-05
[12:00:16 INFO] Epoch 4/50  iter 500/743  loss=0.1714  lr=5.56e-05
[12:00:30 INFO] Epoch 4/50  iter 550/743  loss=0.2622  lr=5.55e-05
[12:00:43 INFO] Epoch 4/50  iter 600/743  loss=0.3105  lr=5.54e-05
[12:00:56 INFO] Epoch 4/50  iter 650/743  loss=0.2206  lr=5.53e-05
[12:01:10 INFO] Epoch 4/50  iter 700/743  loss=0.1337  lr=5.53e-05
[12:01:21 INFO] Epoch 4 complete — avg_loss=0.2591  time=199s
[12:01:36 INFO] Epoch 5/50  iter 50/743  loss=0.1107  lr=5.51e-05
[12:01:49 INFO] Epoch 5/50  iter 100/743  loss=0.1639  lr=5.50e-05
[12:02:02 INFO] Epoch 5/50  iter 150/743  loss=0.1803  lr=5.50e-05
[12:02:16 INFO] Epoch 5/50  iter 200/743  loss=0.1666  lr=5.49e-05
[12:02:29 INFO] Epoch 5/50  iter 250/743  loss=0.1904  lr=5.48e-05
[12:02:42 INFO] Epoch 5/50  iter 300/743  loss=1.0404  lr=5.47e-05
[12:02:56 INFO] Epoch 5/50  iter 350/743  loss=0.1222  lr=5.46e-05
[12:03:09 INFO] Epoch 5/50  iter 400/743  loss=0.2207  lr=5.46e-05
[12:03:22 INFO] Epoch 5/50  iter 450/743  loss=0.1577  lr=5.45e-05
[12:03:36 INFO] Epoch 5/50  iter 500/743  loss=0.2697  lr=5.44e-05
[12:03:49 INFO] Epoch 5/50  iter 550/743  loss=0.0726  lr=5.43e-05
[12:04:03 INFO] Epoch 5/50  iter 600/743  loss=0.0208  lr=5.42e-05
[12:04:16 INFO] Epoch 5/50  iter 650/743  loss=0.3716  lr=5.41e-05
[12:04:29 INFO] Epoch 5/50  iter 700/743  loss=0.1308  lr=5.41e-05
[12:04:41 INFO] Epoch 5 complete — avg_loss=0.2394  time=199s
[12:06:44 INFO]   val mIoU = 0.6443
[12:06:44 INFO]   ★ New best val mIoU: 0.6443
[12:06:59 INFO] Epoch 6/50  iter 50/743  loss=0.2926  lr=5.39e-05
[12:07:12 INFO] Epoch 6/50  iter 100/743  loss=0.0491  lr=5.38e-05
[12:07:25 INFO] Epoch 6/50  iter 150/743  loss=0.2910  lr=5.38e-05
[12:07:39 INFO] Epoch 6/50  iter 200/743  loss=0.1168  lr=5.37e-05
[12:07:52 INFO] Epoch 6/50  iter 250/743  loss=0.2210  lr=5.36e-05
[12:08:05 INFO] Epoch 6/50  iter 300/743  loss=0.2267  lr=5.35e-05
[12:08:19 INFO] Epoch 6/50  iter 350/743  loss=0.1031  lr=5.34e-05
[12:08:32 INFO] Epoch 6/50  iter 400/743  loss=0.1119  lr=5.34e-05
[12:08:45 INFO] Epoch 6/50  iter 450/743  loss=0.1978  lr=5.33e-05
[12:08:59 INFO] Epoch 6/50  iter 500/743  loss=0.1738  lr=5.32e-05
[12:09:12 INFO] Epoch 6/50  iter 550/743  loss=0.2374  lr=5.31e-05
[12:09:25 INFO] Epoch 6/50  iter 600/743  loss=0.1439  lr=5.30e-05
[12:09:39 INFO] Epoch 6/50  iter 650/743  loss=0.5591  lr=5.29e-05
[12:09:52 INFO] Epoch 6/50  iter 700/743  loss=0.2710  lr=5.29e-05
[12:10:04 INFO] Epoch 6 complete — avg_loss=0.2219  time=199s
[12:10:18 INFO] Epoch 7/50  iter 50/743  loss=0.1767  lr=5.27e-05
[12:10:31 INFO] Epoch 7/50  iter 100/743  loss=0.1094  lr=5.26e-05
[12:10:45 INFO] Epoch 7/50  iter 150/743  loss=0.3005  lr=5.26e-05
[12:10:58 INFO] Epoch 7/50  iter 200/743  loss=0.6219  lr=5.25e-05
[12:11:12 INFO] Epoch 7/50  iter 250/743  loss=0.2245  lr=5.24e-05
[12:11:25 INFO] Epoch 7/50  iter 300/743  loss=0.1382  lr=5.23e-05
[12:11:38 INFO] Epoch 7/50  iter 350/743  loss=0.2029  lr=5.22e-05
[12:11:52 INFO] Epoch 7/50  iter 400/743  loss=0.1090  lr=5.22e-05
[12:12:05 INFO] Epoch 7/50  iter 450/743  loss=0.7023  lr=5.21e-05
[12:12:19 INFO] Epoch 7/50  iter 500/743  loss=0.2933  lr=5.20e-05
[12:12:32 INFO] Epoch 7/50  iter 550/743  loss=0.2004  lr=5.19e-05
[12:12:45 INFO] Epoch 7/50  iter 600/743  loss=0.3877  lr=5.18e-05
[12:12:59 INFO] Epoch 7/50  iter 650/743  loss=0.0283  lr=5.17e-05
[12:13:12 INFO] Epoch 7/50  iter 700/743  loss=0.2156  lr=5.17e-05
[12:13:24 INFO] Epoch 7 complete — avg_loss=0.2112  time=199s
[12:13:38 INFO] Epoch 8/50  iter 50/743  loss=0.1735  lr=5.15e-05
[12:13:51 INFO] Epoch 8/50  iter 100/743  loss=0.2513  lr=5.14e-05
[12:14:05 INFO] Epoch 8/50  iter 150/743  loss=0.0816  lr=5.14e-05
[12:14:18 INFO] Epoch 8/50  iter 200/743  loss=0.1559  lr=5.13e-05
[12:14:31 INFO] Epoch 8/50  iter 250/743  loss=0.2061  lr=5.12e-05
[12:14:45 INFO] Epoch 8/50  iter 300/743  loss=0.2055  lr=5.11e-05
[12:14:58 INFO] Epoch 8/50  iter 350/743  loss=0.1982  lr=5.10e-05
[12:15:12 INFO] Epoch 8/50  iter 400/743  loss=0.3116  lr=5.10e-05
[12:15:25 INFO] Epoch 8/50  iter 450/743  loss=0.1171  lr=5.09e-05
[12:15:38 INFO] Epoch 8/50  iter 500/743  loss=0.1494  lr=5.08e-05
[12:15:52 INFO] Epoch 8/50  iter 550/743  loss=0.1875  lr=5.07e-05
[12:16:05 INFO] Epoch 8/50  iter 600/743  loss=0.0557  lr=5.06e-05
[12:16:18 INFO] Epoch 8/50  iter 650/743  loss=0.1767  lr=5.05e-05
[12:16:32 INFO] Epoch 8/50  iter 700/743  loss=0.0569  lr=5.05e-05
[12:16:43 INFO] Epoch 8 complete — avg_loss=0.2082  time=199s
[12:16:58 INFO] Epoch 9/50  iter 50/743  loss=0.1888  lr=5.03e-05
[12:17:11 INFO] Epoch 9/50  iter 100/743  loss=0.1182  lr=5.02e-05
[12:17:24 INFO] Epoch 9/50  iter 150/743  loss=0.1472  lr=5.02e-05
[12:17:38 INFO] Epoch 9/50  iter 200/743  loss=0.3271  lr=5.01e-05
[12:17:51 INFO] Epoch 9/50  iter 250/743  loss=0.2042  lr=5.00e-05
[12:18:04 INFO] Epoch 9/50  iter 300/743  loss=0.0915  lr=4.99e-05
[12:18:18 INFO] Epoch 9/50  iter 350/743  loss=0.1321  lr=4.98e-05
[12:18:31 INFO] Epoch 9/50  iter 400/743  loss=0.0914  lr=4.98e-05
[12:18:45 INFO] Epoch 9/50  iter 450/743  loss=0.1592  lr=4.97e-05
[12:18:58 INFO] Epoch 9/50  iter 500/743  loss=0.1841  lr=4.96e-05
[12:19:11 INFO] Epoch 9/50  iter 550/743  loss=0.1685  lr=4.95e-05
[12:19:25 INFO] Epoch 9/50  iter 600/743  loss=0.3143  lr=4.94e-05
[12:19:38 INFO] Epoch 9/50  iter 650/743  loss=0.1627  lr=4.93e-05
[12:19:51 INFO] Epoch 9/50  iter 700/743  loss=0.2444  lr=4.93e-05
[12:20:03 INFO] Epoch 9 complete — avg_loss=0.1998  time=199s
[12:20:17 INFO] Epoch 10/50  iter 50/743  loss=0.1959  lr=4.91e-05
[12:20:31 INFO] Epoch 10/50  iter 100/743  loss=0.1775  lr=4.90e-05
[12:20:44 INFO] Epoch 10/50  iter 150/743  loss=0.1332  lr=4.90e-05
[12:20:57 INFO] Epoch 10/50  iter 200/743  loss=0.0984  lr=4.89e-05
[12:21:11 INFO] Epoch 10/50  iter 250/743  loss=0.1131  lr=4.88e-05
[12:21:24 INFO] Epoch 10/50  iter 300/743  loss=0.0701  lr=4.87e-05
[12:21:38 INFO] Epoch 10/50  iter 350/743  loss=0.1852  lr=4.86e-05
[12:21:51 INFO] Epoch 10/50  iter 400/743  loss=0.2412  lr=4.86e-05
[12:22:04 INFO] Epoch 10/50  iter 450/743  loss=0.2002  lr=4.85e-05
[12:22:18 INFO] Epoch 10/50  iter 500/743  loss=0.1669  lr=4.84e-05
[12:22:31 INFO] Epoch 10/50  iter 550/743  loss=0.2664  lr=4.83e-05
[12:22:45 INFO] Epoch 10/50  iter 600/743  loss=0.2494  lr=4.82e-05
[12:22:58 INFO] Epoch 10/50  iter 650/743  loss=0.2536  lr=4.81e-05
[12:23:11 INFO] Epoch 10/50  iter 700/743  loss=0.1156  lr=4.81e-05
[12:23:23 INFO] Epoch 10 complete — avg_loss=0.2002  time=200s
[12:25:19 INFO]   val mIoU = 0.6635
[12:25:19 INFO]   ★ New best val mIoU: 0.6635
[12:25:34 INFO] Epoch 11/50  iter 50/743  loss=0.1363  lr=4.79e-05
[12:25:47 INFO] Epoch 11/50  iter 100/743  loss=0.8583  lr=4.78e-05
[12:26:00 INFO] Epoch 11/50  iter 150/743  loss=0.2341  lr=4.78e-05
[12:26:14 INFO] Epoch 11/50  iter 200/743  loss=0.2863  lr=4.77e-05
[12:26:27 INFO] Epoch 11/50  iter 250/743  loss=0.1542  lr=4.76e-05
[12:26:40 INFO] Epoch 11/50  iter 300/743  loss=0.2050  lr=4.75e-05
[12:26:54 INFO] Epoch 11/50  iter 350/743  loss=0.1540  lr=4.74e-05
[12:27:07 INFO] Epoch 11/50  iter 400/743  loss=0.1570  lr=4.74e-05
[12:27:20 INFO] Epoch 11/50  iter 450/743  loss=0.1632  lr=4.73e-05
[12:27:34 INFO] Epoch 11/50  iter 500/743  loss=0.0809  lr=4.72e-05
[12:27:47 INFO] Epoch 11/50  iter 550/743  loss=0.1157  lr=4.71e-05
[12:28:01 INFO] Epoch 11/50  iter 600/743  loss=0.0778  lr=4.70e-05
[12:28:14 INFO] Epoch 11/50  iter 650/743  loss=0.1568  lr=4.69e-05
[12:28:27 INFO] Epoch 11/50  iter 700/743  loss=0.2482  lr=4.69e-05
[12:28:39 INFO] Epoch 11 complete — avg_loss=0.1833  time=199s
[12:28:53 INFO] Epoch 12/50  iter 50/743  loss=0.0875  lr=4.67e-05
[12:29:07 INFO] Epoch 12/50  iter 100/743  loss=0.1918  lr=4.66e-05
[12:29:20 INFO] Epoch 12/50  iter 150/743  loss=0.1277  lr=4.66e-05
[12:29:33 INFO] Epoch 12/50  iter 200/743  loss=0.1070  lr=4.65e-05
[12:29:47 INFO] Epoch 12/50  iter 250/743  loss=0.1805  lr=4.64e-05
[12:30:00 INFO] Epoch 12/50  iter 300/743  loss=0.0882  lr=4.63e-05
[12:30:13 INFO] Epoch 12/50  iter 350/743  loss=0.2621  lr=4.62e-05
[12:30:27 INFO] Epoch 12/50  iter 400/743  loss=0.0935  lr=4.62e-05
[12:30:40 INFO] Epoch 12/50  iter 450/743  loss=0.1142  lr=4.61e-05
[12:30:54 INFO] Epoch 12/50  iter 500/743  loss=0.0733  lr=4.60e-05
[12:31:07 INFO] Epoch 12/50  iter 550/743  loss=0.1493  lr=4.59e-05
[12:31:20 INFO] Epoch 12/50  iter 600/743  loss=0.1149  lr=4.58e-05
[12:31:34 INFO] Epoch 12/50  iter 650/743  loss=0.2513  lr=4.57e-05
[12:31:47 INFO] Epoch 12/50  iter 700/743  loss=0.1246  lr=4.57e-05
[12:31:59 INFO] Epoch 12 complete — avg_loss=0.1785  time=199s
[12:32:13 INFO] Epoch 13/50  iter 50/743  loss=0.0675  lr=4.55e-05
[12:32:26 INFO] Epoch 13/50  iter 100/743  loss=0.1398  lr=4.54e-05
[12:32:40 INFO] Epoch 13/50  iter 150/743  loss=0.0789  lr=4.54e-05
[12:32:53 INFO] Epoch 13/50  iter 200/743  loss=0.0239  lr=4.53e-05
[12:33:07 INFO] Epoch 13/50  iter 250/743  loss=0.2356  lr=4.52e-05
[12:33:20 INFO] Epoch 13/50  iter 300/743  loss=0.1920  lr=4.51e-05
[12:33:33 INFO] Epoch 13/50  iter 350/743  loss=0.1131  lr=4.50e-05
[12:33:47 INFO] Epoch 13/50  iter 400/743  loss=0.1922  lr=4.50e-05
[12:34:00 INFO] Epoch 13/50  iter 450/743  loss=0.0459  lr=4.49e-05
[12:34:13 INFO] Epoch 13/50  iter 500/743  loss=0.2962  lr=4.48e-05
[12:34:27 INFO] Epoch 13/50  iter 550/743  loss=0.1136  lr=4.47e-05
[12:34:40 INFO] Epoch 13/50  iter 600/743  loss=0.1691  lr=4.46e-05
[12:34:54 INFO] Epoch 13/50  iter 650/743  loss=0.1116  lr=4.45e-05
[12:35:07 INFO] Epoch 13/50  iter 700/743  loss=0.1455  lr=4.45e-05
[12:35:19 INFO] Epoch 13 complete — avg_loss=0.1749  time=199s
[12:35:33 INFO] Epoch 14/50  iter 50/743  loss=0.1544  lr=4.43e-05
[12:35:46 INFO] Epoch 14/50  iter 100/743  loss=0.1517  lr=4.42e-05
[12:36:00 INFO] Epoch 14/50  iter 150/743  loss=0.1608  lr=4.42e-05
[12:36:13 INFO] Epoch 14/50  iter 200/743  loss=0.0956  lr=4.41e-05
[12:36:26 INFO] Epoch 14/50  iter 250/743  loss=0.1550  lr=4.40e-05
[12:36:40 INFO] Epoch 14/50  iter 300/743  loss=0.1687  lr=4.39e-05
[12:36:53 INFO] Epoch 14/50  iter 350/743  loss=0.1228  lr=4.38e-05
[12:37:07 INFO] Epoch 14/50  iter 400/743  loss=0.0741  lr=4.38e-05
[12:37:20 INFO] Epoch 14/50  iter 450/743  loss=0.1675  lr=4.37e-05
[12:37:33 INFO] Epoch 14/50  iter 500/743  loss=0.1104  lr=4.36e-05
[12:37:47 INFO] Epoch 14/50  iter 550/743  loss=0.0304  lr=4.35e-05
[12:38:00 INFO] Epoch 14/50  iter 600/743  loss=0.1271  lr=4.34e-05
[12:38:13 INFO] Epoch 14/50  iter 650/743  loss=0.1450  lr=4.33e-05
[12:38:27 INFO] Epoch 14/50  iter 700/743  loss=0.2457  lr=4.33e-05
[12:38:38 INFO] Epoch 14 complete — avg_loss=0.1776  time=199s
[12:38:53 INFO] Epoch 15/50  iter 50/743  loss=0.1502  lr=4.31e-05
[12:39:06 INFO] Epoch 15/50  iter 100/743  loss=0.1197  lr=4.30e-05
[12:39:19 INFO] Epoch 15/50  iter 150/743  loss=0.1654  lr=4.30e-05
[12:39:33 INFO] Epoch 15/50  iter 200/743  loss=0.1411  lr=4.29e-05
[12:39:46 INFO] Epoch 15/50  iter 250/743  loss=0.1098  lr=4.28e-05
[12:39:59 INFO] Epoch 15/50  iter 300/743  loss=0.1783  lr=4.27e-05
[12:40:13 INFO] Epoch 15/50  iter 350/743  loss=0.1728  lr=4.26e-05
[12:40:26 INFO] Epoch 15/50  iter 400/743  loss=0.1893  lr=4.26e-05
[12:40:39 INFO] Epoch 15/50  iter 450/743  loss=0.1354  lr=4.25e-05
[12:40:53 INFO] Epoch 15/50  iter 500/743  loss=0.1542  lr=4.24e-05
[12:41:06 INFO] Epoch 15/50  iter 550/743  loss=0.0821  lr=4.23e-05
[12:41:19 INFO] Epoch 15/50  iter 600/743  loss=0.1718  lr=4.22e-05
[12:41:33 INFO] Epoch 15/50  iter 650/743  loss=0.2061  lr=4.21e-05
[12:41:46 INFO] Epoch 15/50  iter 700/743  loss=0.1398  lr=4.21e-05
[12:41:57 INFO] Epoch 15 complete — avg_loss=0.1684  time=199s
[12:44:01 INFO]   val mIoU = 0.7255
[12:44:01 INFO]   ★ New best val mIoU: 0.7255
[12:44:15 INFO] Epoch 16/50  iter 50/743  loss=0.2015  lr=4.19e-05
[12:44:29 INFO] Epoch 16/50  iter 100/743  loss=0.1437  lr=4.18e-05
[12:44:42 INFO] Epoch 16/50  iter 150/743  loss=0.1207  lr=4.18e-05
[12:44:55 INFO] Epoch 16/50  iter 200/743  loss=0.0874  lr=4.17e-05
[12:45:09 INFO] Epoch 16/50  iter 250/743  loss=0.2538  lr=4.16e-05
[12:45:22 INFO] Epoch 16/50  iter 300/743  loss=0.1483  lr=4.15e-05
[12:45:36 INFO] Epoch 16/50  iter 350/743  loss=0.1321  lr=4.14e-05
[12:45:49 INFO] Epoch 16/50  iter 400/743  loss=0.0954  lr=4.14e-05
[12:46:02 INFO] Epoch 16/50  iter 450/743  loss=0.2146  lr=4.13e-05
[12:46:16 INFO] Epoch 16/50  iter 500/743  loss=0.1404  lr=4.12e-05
[12:46:29 INFO] Epoch 16/50  iter 550/743  loss=0.1058  lr=4.11e-05
[12:46:42 INFO] Epoch 16/50  iter 600/743  loss=0.1577  lr=4.10e-05
[12:46:56 INFO] Epoch 16/50  iter 650/743  loss=0.2383  lr=4.09e-05
[12:47:09 INFO] Epoch 16/50  iter 700/743  loss=0.0514  lr=4.09e-05
[12:47:21 INFO] Epoch 16 complete — avg_loss=0.1649  time=199s
[12:47:35 INFO] Epoch 17/50  iter 50/743  loss=0.0665  lr=4.07e-05
[12:47:48 INFO] Epoch 17/50  iter 100/743  loss=0.1521  lr=4.06e-05
[12:48:02 INFO] Epoch 17/50  iter 150/743  loss=0.2034  lr=4.06e-05
[12:48:15 INFO] Epoch 17/50  iter 200/743  loss=0.0929  lr=4.05e-05
[12:48:29 INFO] Epoch 17/50  iter 250/743  loss=0.1668  lr=4.04e-05
[12:48:42 INFO] Epoch 17/50  iter 300/743  loss=0.1766  lr=4.03e-05
[12:48:55 INFO] Epoch 17/50  iter 350/743  loss=0.1096  lr=4.02e-05
[12:49:09 INFO] Epoch 17/50  iter 400/743  loss=0.0948  lr=4.02e-05
[12:49:22 INFO] Epoch 17/50  iter 450/743  loss=0.1937  lr=4.01e-05
[12:49:35 INFO] Epoch 17/50  iter 500/743  loss=0.1257  lr=4.00e-05
[12:49:49 INFO] Epoch 17/50  iter 550/743  loss=0.2038  lr=3.99e-05
[12:50:02 INFO] Epoch 17/50  iter 600/743  loss=0.0734  lr=3.98e-05
[12:50:16 INFO] Epoch 17/50  iter 650/743  loss=0.1486  lr=3.97e-05
[12:50:29 INFO] Epoch 17/50  iter 700/743  loss=0.0966  lr=3.97e-05
[12:50:41 INFO] Epoch 17 complete — avg_loss=0.1623  time=199s
[12:50:55 INFO] Epoch 18/50  iter 50/743  loss=0.1604  lr=3.95e-05
[12:51:08 INFO] Epoch 18/50  iter 100/743  loss=0.1653  lr=3.94e-05
[12:51:22 INFO] Epoch 18/50  iter 150/743  loss=0.1429  lr=3.94e-05
[12:51:35 INFO] Epoch 18/50  iter 200/743  loss=0.1123  lr=3.93e-05
[12:51:48 INFO] Epoch 18/50  iter 250/743  loss=0.1060  lr=3.92e-05
[12:52:02 INFO] Epoch 18/50  iter 300/743  loss=0.2233  lr=3.91e-05
[12:52:15 INFO] Epoch 18/50  iter 350/743  loss=0.6852  lr=3.90e-05
[12:52:28 INFO] Epoch 18/50  iter 400/743  loss=0.1514  lr=3.90e-05
[12:52:42 INFO] Epoch 18/50  iter 450/743  loss=0.2157  lr=3.89e-05
[12:52:55 INFO] Epoch 18/50  iter 500/743  loss=0.0949  lr=3.88e-05
[12:53:09 INFO] Epoch 18/50  iter 550/743  loss=0.1285  lr=3.87e-05
[12:53:22 INFO] Epoch 18/50  iter 600/743  loss=0.8551  lr=3.86e-05
[12:53:35 INFO] Epoch 18/50  iter 650/743  loss=0.1770  lr=3.85e-05
[12:53:49 INFO] Epoch 18/50  iter 700/743  loss=0.0975  lr=3.85e-05
[12:54:00 INFO] Epoch 18 complete — avg_loss=0.1606  time=199s
[12:54:14 INFO] Epoch 19/50  iter 50/743  loss=0.1052  lr=3.83e-05
[12:54:28 INFO] Epoch 19/50  iter 100/743  loss=0.1791  lr=3.82e-05
[12:54:41 INFO] Epoch 19/50  iter 150/743  loss=0.1637  lr=3.82e-05
[12:54:55 INFO] Epoch 19/50  iter 200/743  loss=0.1772  lr=3.81e-05
[12:55:08 INFO] Epoch 19/50  iter 250/743  loss=0.0866  lr=3.80e-05
[12:55:21 INFO] Epoch 19/50  iter 300/743  loss=0.1239  lr=3.79e-05
[12:55:35 INFO] Epoch 19/50  iter 350/743  loss=0.1628  lr=3.78e-05
[12:55:48 INFO] Epoch 19/50  iter 400/743  loss=0.2651  lr=3.78e-05
[12:56:01 INFO] Epoch 19/50  iter 450/743  loss=0.1352  lr=3.77e-05
[12:56:15 INFO] Epoch 19/50  iter 500/743  loss=0.0845  lr=3.76e-05
[12:56:28 INFO] Epoch 19/50  iter 550/743  loss=0.1065  lr=3.75e-05
[12:56:42 INFO] Epoch 19/50  iter 600/743  loss=0.1233  lr=3.74e-05
[12:56:56 INFO] Epoch 19/50  iter 650/743  loss=0.1707  lr=3.73e-05
[12:57:09 INFO] Epoch 19/50  iter 700/743  loss=0.1351  lr=3.73e-05
[12:57:21 INFO] Epoch 19 complete — avg_loss=0.1588  time=200s
[12:57:35 INFO] Epoch 20/50  iter 50/743  loss=0.1317  lr=3.71e-05
[12:57:48 INFO] Epoch 20/50  iter 100/743  loss=0.0686  lr=3.70e-05
[12:58:02 INFO] Epoch 20/50  iter 150/743  loss=0.0705  lr=3.70e-05
[12:58:15 INFO] Epoch 20/50  iter 200/743  loss=0.1303  lr=3.69e-05
[12:58:28 INFO] Epoch 20/50  iter 250/743  loss=0.1217  lr=3.68e-05
[12:58:42 INFO] Epoch 20/50  iter 300/743  loss=0.0687  lr=3.67e-05
[12:58:55 INFO] Epoch 20/50  iter 350/743  loss=0.1572  lr=3.66e-05
[12:59:08 INFO] Epoch 20/50  iter 400/743  loss=0.1030  lr=3.66e-05
[12:59:22 INFO] Epoch 20/50  iter 450/743  loss=0.1658  lr=3.65e-05
[12:59:35 INFO] Epoch 20/50  iter 500/743  loss=0.1353  lr=3.64e-05
[12:59:49 INFO] Epoch 20/50  iter 550/743  loss=0.1327  lr=3.63e-05
[13:00:02 INFO] Epoch 20/50  iter 600/743  loss=0.0769  lr=3.62e-05
[13:00:15 INFO] Epoch 20/50  iter 650/743  loss=0.1190  lr=3.61e-05
[13:00:29 INFO] Epoch 20/50  iter 700/743  loss=0.1683  lr=3.61e-05
[13:00:40 INFO] Epoch 20 complete — avg_loss=0.1487  time=199s
[13:02:38 INFO]   val mIoU = 0.7377
[13:02:38 INFO]   ★ New best val mIoU: 0.7377
[13:02:53 INFO] Epoch 21/50  iter 50/743  loss=0.0987  lr=3.59e-05
[13:03:06 INFO] Epoch 21/50  iter 100/743  loss=0.0900  lr=3.58e-05
[13:03:19 INFO] Epoch 21/50  iter 150/743  loss=0.4189  lr=3.58e-05
[13:03:33 INFO] Epoch 21/50  iter 200/743  loss=0.1431  lr=3.57e-05
[13:03:46 INFO] Epoch 21/50  iter 250/743  loss=0.1516  lr=3.56e-05
[13:03:59 INFO] Epoch 21/50  iter 300/743  loss=0.1151  lr=3.55e-05
[13:04:13 INFO] Epoch 21/50  iter 350/743  loss=0.0745  lr=3.54e-05
[13:04:26 INFO] Epoch 21/50  iter 400/743  loss=0.1123  lr=3.54e-05
[13:04:39 INFO] Epoch 21/50  iter 450/743  loss=0.2701  lr=3.53e-05
[13:04:53 INFO] Epoch 21/50  iter 500/743  loss=0.2563  lr=3.52e-05
[13:05:06 INFO] Epoch 21/50  iter 550/743  loss=0.1068  lr=3.51e-05
[13:05:19 INFO] Epoch 21/50  iter 600/743  loss=0.1154  lr=3.50e-05
[13:05:33 INFO] Epoch 21/50  iter 650/743  loss=0.2974  lr=3.49e-05
[13:05:46 INFO] Epoch 21/50  iter 700/743  loss=0.0873  lr=3.49e-05
[13:05:58 INFO] Epoch 21 complete — avg_loss=0.1516  time=199s
[13:06:12 INFO] Epoch 22/50  iter 50/743  loss=0.1378  lr=3.47e-05
[13:06:25 INFO] Epoch 22/50  iter 100/743  loss=0.0462  lr=3.46e-05
[13:06:39 INFO] Epoch 22/50  iter 150/743  loss=0.2485  lr=3.46e-05
[13:06:52 INFO] Epoch 22/50  iter 200/743  loss=0.0806  lr=3.45e-05
[13:07:06 INFO] Epoch 22/50  iter 250/743  loss=0.1093  lr=3.44e-05
[13:07:19 INFO] Epoch 22/50  iter 300/743  loss=0.1161  lr=3.43e-05
[13:07:32 INFO] Epoch 22/50  iter 350/743  loss=0.0455  lr=3.42e-05
[13:07:46 INFO] Epoch 22/50  iter 400/743  loss=0.2249  lr=3.42e-05
[13:07:59 INFO] Epoch 22/50  iter 450/743  loss=0.2989  lr=3.41e-05
[13:08:12 INFO] Epoch 22/50  iter 500/743  loss=0.1685  lr=3.40e-05
[13:08:26 INFO] Epoch 22/50  iter 550/743  loss=0.1672  lr=3.39e-05
[13:08:39 INFO] Epoch 22/50  iter 600/743  loss=0.1055  lr=3.38e-05
[13:08:52 INFO] Epoch 22/50  iter 650/743  loss=0.2124  lr=3.37e-05
[13:09:06 INFO] Epoch 22/50  iter 700/743  loss=0.1637  lr=3.37e-05
[13:09:17 INFO] Epoch 22 complete — avg_loss=0.1430  time=199s
[13:09:32 INFO] Epoch 23/50  iter 50/743  loss=0.0904  lr=3.35e-05
[13:09:45 INFO] Epoch 23/50  iter 100/743  loss=1.1460  lr=3.34e-05
[13:09:58 INFO] Epoch 23/50  iter 150/743  loss=0.2838  lr=3.34e-05
[13:10:12 INFO] Epoch 23/50  iter 200/743  loss=0.0989  lr=3.33e-05
[13:10:25 INFO] Epoch 23/50  iter 250/743  loss=0.1393  lr=3.32e-05
[13:10:39 INFO] Epoch 23/50  iter 300/743  loss=0.4926  lr=3.31e-05
[13:10:52 INFO] Epoch 23/50  iter 350/743  loss=0.1548  lr=3.30e-05
[13:11:05 INFO] Epoch 23/50  iter 400/743  loss=0.1502  lr=3.30e-05
[13:11:19 INFO] Epoch 23/50  iter 450/743  loss=0.1422  lr=3.29e-05
[13:11:32 INFO] Epoch 23/50  iter 500/743  loss=0.0976  lr=3.28e-05
[13:11:45 INFO] Epoch 23/50  iter 550/743  loss=0.0858  lr=3.27e-05
[13:11:59 INFO] Epoch 23/50  iter 600/743  loss=0.1729  lr=3.26e-05
[13:12:12 INFO] Epoch 23/50  iter 650/743  loss=0.1195  lr=3.25e-05
[13:12:25 INFO] Epoch 23/50  iter 700/743  loss=0.1129  lr=3.25e-05
[13:12:37 INFO] Epoch 23 complete — avg_loss=0.1487  time=199s
[13:12:51 INFO] Epoch 24/50  iter 50/743  loss=0.1054  lr=3.23e-05
[13:13:05 INFO] Epoch 24/50  iter 100/743  loss=0.0949  lr=3.22e-05
[13:13:18 INFO] Epoch 24/50  iter 150/743  loss=0.2020  lr=3.22e-05
[13:13:31 INFO] Epoch 24/50  iter 200/743  loss=0.1037  lr=3.21e-05
[13:13:45 INFO] Epoch 24/50  iter 250/743  loss=0.1053  lr=3.20e-05
[13:13:58 INFO] Epoch 24/50  iter 300/743  loss=0.1202  lr=3.19e-05
[13:14:11 INFO] Epoch 24/50  iter 350/743  loss=0.0779  lr=3.18e-05
[13:14:25 INFO] Epoch 24/50  iter 400/743  loss=0.1125  lr=3.18e-05
[13:14:38 INFO] Epoch 24/50  iter 450/743  loss=0.0652  lr=3.17e-05
[13:14:52 INFO] Epoch 24/50  iter 500/743  loss=0.2264  lr=3.16e-05
[13:15:05 INFO] Epoch 24/50  iter 550/743  loss=0.7375  lr=3.15e-05
[13:15:18 INFO] Epoch 24/50  iter 600/743  loss=0.2457  lr=3.14e-05
[13:15:32 INFO] Epoch 24/50  iter 650/743  loss=0.0723  lr=3.13e-05
[13:15:45 INFO] Epoch 24/50  iter 700/743  loss=0.1504  lr=3.13e-05
[13:15:57 INFO] Epoch 24 complete — avg_loss=0.1473  time=199s
[13:16:11 INFO] Epoch 25/50  iter 50/743  loss=0.1519  lr=3.11e-05
[13:16:25 INFO] Epoch 25/50  iter 100/743  loss=0.0451  lr=3.10e-05
[13:16:38 INFO] Epoch 25/50  iter 150/743  loss=0.1586  lr=3.10e-05
[13:16:51 INFO] Epoch 25/50  iter 200/743  loss=0.1625  lr=3.09e-05
[13:17:05 INFO] Epoch 25/50  iter 250/743  loss=0.1001  lr=3.08e-05
[13:17:18 INFO] Epoch 25/50  iter 300/743  loss=0.1264  lr=3.07e-05
[13:17:31 INFO] Epoch 25/50  iter 350/743  loss=0.3604  lr=3.06e-05
[13:17:45 INFO] Epoch 25/50  iter 400/743  loss=0.1036  lr=3.06e-05
[13:17:58 INFO] Epoch 25/50  iter 450/743  loss=0.1130  lr=3.05e-05
[13:18:12 INFO] Epoch 25/50  iter 500/743  loss=0.0323  lr=3.04e-05
[13:18:25 INFO] Epoch 25/50  iter 550/743  loss=0.1353  lr=3.03e-05
[13:18:38 INFO] Epoch 25/50  iter 600/743  loss=0.1439  lr=3.02e-05
[13:18:52 INFO] Epoch 25/50  iter 650/743  loss=0.3483  lr=3.01e-05
[13:19:05 INFO] Epoch 25/50  iter 700/743  loss=0.0951  lr=3.01e-05
[13:19:17 INFO] Epoch 25 complete — avg_loss=0.1459  time=199s
[13:21:21 INFO]   val mIoU = 0.7456
[13:21:21 INFO]   ★ New best val mIoU: 0.7456
[13:21:36 INFO] Epoch 26/50  iter 50/743  loss=0.1211  lr=2.99e-05
[13:21:49 INFO] Epoch 26/50  iter 100/743  loss=0.0819  lr=2.98e-05
[13:22:02 INFO] Epoch 26/50  iter 150/743  loss=0.1154  lr=2.98e-05
[13:22:16 INFO] Epoch 26/50  iter 200/743  loss=0.1826  lr=2.97e-05
[13:22:29 INFO] Epoch 26/50  iter 250/743  loss=0.2074  lr=2.96e-05
[13:22:43 INFO] Epoch 26/50  iter 300/743  loss=0.1433  lr=2.95e-05
[13:22:56 INFO] Epoch 26/50  iter 350/743  loss=0.1933  lr=2.94e-05
[13:23:09 INFO] Epoch 26/50  iter 400/743  loss=0.1427  lr=2.94e-05
[13:23:23 INFO] Epoch 26/50  iter 450/743  loss=0.1649  lr=2.93e-05
[13:23:36 INFO] Epoch 26/50  iter 500/743  loss=0.2347  lr=2.92e-05
[13:23:49 INFO] Epoch 26/50  iter 550/743  loss=0.1356  lr=2.91e-05
[13:24:03 INFO] Epoch 26/50  iter 600/743  loss=0.1476  lr=2.90e-05
[13:24:16 INFO] Epoch 26/50  iter 650/743  loss=0.1305  lr=2.89e-05
[13:24:30 INFO] Epoch 26/50  iter 700/743  loss=0.1666  lr=2.89e-05
[13:24:41 INFO] Epoch 26 complete — avg_loss=0.1549  time=199s
[13:24:56 INFO] Epoch 27/50  iter 50/743  loss=0.1231  lr=2.87e-05
[13:25:09 INFO] Epoch 27/50  iter 100/743  loss=0.1397  lr=2.86e-05
[13:25:22 INFO] Epoch 27/50  iter 150/743  loss=0.1235  lr=2.86e-05
[13:25:36 INFO] Epoch 27/50  iter 200/743  loss=0.0841  lr=2.85e-05
[13:25:49 INFO] Epoch 27/50  iter 250/743  loss=0.1410  lr=2.84e-05
[13:26:02 INFO] Epoch 27/50  iter 300/743  loss=0.2022  lr=2.83e-05
[13:26:16 INFO] Epoch 27/50  iter 350/743  loss=0.1643  lr=2.82e-05
[13:26:29 INFO] Epoch 27/50  iter 400/743  loss=0.2409  lr=2.82e-05
[13:26:43 INFO] Epoch 27/50  iter 450/743  loss=0.0637  lr=2.81e-05
[13:26:56 INFO] Epoch 27/50  iter 500/743  loss=0.2142  lr=2.80e-05
[13:27:09 INFO] Epoch 27/50  iter 550/743  loss=0.1504  lr=2.79e-05
[13:27:23 INFO] Epoch 27/50  iter 600/743  loss=0.0899  lr=2.78e-05
[13:27:36 INFO] Epoch 27/50  iter 650/743  loss=0.1767  lr=2.77e-05
[13:27:50 INFO] Epoch 27/50  iter 700/743  loss=0.1099  lr=2.77e-05
[13:28:01 INFO] Epoch 27 complete — avg_loss=0.1370  time=199s
[13:28:15 INFO] Epoch 28/50  iter 50/743  loss=0.1251  lr=2.75e-05
[13:28:29 INFO] Epoch 28/50  iter 100/743  loss=0.1312  lr=2.74e-05
[13:28:42 INFO] Epoch 28/50  iter 150/743  loss=0.1126  lr=2.74e-05
[13:28:55 INFO] Epoch 28/50  iter 200/743  loss=0.1312  lr=2.73e-05
[13:29:09 INFO] Epoch 28/50  iter 250/743  loss=0.1208  lr=2.72e-05
[13:29:22 INFO] Epoch 28/50  iter 300/743  loss=0.1979  lr=2.71e-05
[13:29:35 INFO] Epoch 28/50  iter 350/743  loss=0.1586  lr=2.70e-05
[13:29:49 INFO] Epoch 28/50  iter 400/743  loss=0.1037  lr=2.70e-05
[13:30:02 INFO] Epoch 28/50  iter 450/743  loss=0.1092  lr=2.69e-05
[13:30:15 INFO] Epoch 28/50  iter 500/743  loss=0.1429  lr=2.68e-05
[13:30:29 INFO] Epoch 28/50  iter 550/743  loss=0.1764  lr=2.67e-05
[13:30:42 INFO] Epoch 28/50  iter 600/743  loss=0.3028  lr=2.66e-05
[13:30:56 INFO] Epoch 28/50  iter 650/743  loss=0.0817  lr=2.65e-05
[13:31:09 INFO] Epoch 28/50  iter 700/743  loss=0.1137  lr=2.65e-05
[13:31:20 INFO] Epoch 28 complete — avg_loss=0.1365  time=199s
[13:31:35 INFO] Epoch 29/50  iter 50/743  loss=0.1438  lr=2.63e-05
[13:31:48 INFO] Epoch 29/50  iter 100/743  loss=0.1629  lr=2.62e-05
[13:32:02 INFO] Epoch 29/50  iter 150/743  loss=0.1225  lr=2.62e-05
[13:32:15 INFO] Epoch 29/50  iter 200/743  loss=0.1179  lr=2.61e-05
[13:32:28 INFO] Epoch 29/50  iter 250/743  loss=0.0767  lr=2.60e-05
[13:32:42 INFO] Epoch 29/50  iter 300/743  loss=0.1443  lr=2.59e-05
[13:32:55 INFO] Epoch 29/50  iter 350/743  loss=0.1526  lr=2.58e-05
[13:33:09 INFO] Epoch 29/50  iter 400/743  loss=0.1190  lr=2.58e-05
[13:33:22 INFO] Epoch 29/50  iter 450/743  loss=0.1474  lr=2.57e-05
[13:33:35 INFO] Epoch 29/50  iter 500/743  loss=0.0635  lr=2.56e-05
[13:33:49 INFO] Epoch 29/50  iter 550/743  loss=0.1382  lr=2.55e-05
[13:34:02 INFO] Epoch 29/50  iter 600/743  loss=0.0592  lr=2.54e-05
[13:34:15 INFO] Epoch 29/50  iter 650/743  loss=0.0804  lr=2.53e-05
[13:34:29 INFO] Epoch 29/50  iter 700/743  loss=0.0880  lr=2.53e-05
[13:34:40 INFO] Epoch 29 complete — avg_loss=0.1382  time=200s
[13:34:55 INFO] Epoch 30/50  iter 50/743  loss=0.1822  lr=2.51e-05
[13:35:08 INFO] Epoch 30/50  iter 100/743  loss=0.0751  lr=2.50e-05
[13:35:22 INFO] Epoch 30/50  iter 150/743  loss=0.0321  lr=2.50e-05
[13:35:35 INFO] Epoch 30/50  iter 200/743  loss=0.0568  lr=2.49e-05
[13:35:48 INFO] Epoch 30/50  iter 250/743  loss=0.0695  lr=2.48e-05
[13:36:02 INFO] Epoch 30/50  iter 300/743  loss=0.1214  lr=2.47e-05
[13:36:15 INFO] Epoch 30/50  iter 350/743  loss=0.0694  lr=2.46e-05
[13:36:29 INFO] Epoch 30/50  iter 400/743  loss=0.1201  lr=2.46e-05
[13:36:42 INFO] Epoch 30/50  iter 450/743  loss=0.0605  lr=2.45e-05
[13:36:55 INFO] Epoch 30/50  iter 500/743  loss=0.0926  lr=2.44e-05
[13:37:09 INFO] Epoch 30/50  iter 550/743  loss=0.2147  lr=2.43e-05
[13:37:22 INFO] Epoch 30/50  iter 600/743  loss=0.0920  lr=2.42e-05
[13:37:36 INFO] Epoch 30/50  iter 650/743  loss=0.1466  lr=2.41e-05
[13:37:49 INFO] Epoch 30/50  iter 700/743  loss=0.1265  lr=2.41e-05
[13:38:00 INFO] Epoch 30 complete — avg_loss=0.1355  time=200s
[13:40:04 INFO]   val mIoU = 0.7612
[13:40:04 INFO]   ★ New best val mIoU: 0.7612
[13:40:18 INFO] Epoch 31/50  iter 50/743  loss=0.1083  lr=2.39e-05
[13:40:32 INFO] Epoch 31/50  iter 100/743  loss=0.1324  lr=2.38e-05
[13:40:45 INFO] Epoch 31/50  iter 150/743  loss=0.1581  lr=2.38e-05
[13:40:58 INFO] Epoch 31/50  iter 200/743  loss=0.6222  lr=2.37e-05
[13:41:12 INFO] Epoch 31/50  iter 250/743  loss=0.0724  lr=2.36e-05
[13:41:25 INFO] Epoch 31/50  iter 300/743  loss=0.3455  lr=2.35e-05
[13:41:39 INFO] Epoch 31/50  iter 350/743  loss=0.3038  lr=2.34e-05
[13:41:54 INFO] Epoch 31/50  iter 400/743  loss=0.0608  lr=2.34e-05
[13:42:12 INFO] Epoch 31/50  iter 450/743  loss=0.1548  lr=2.33e-05
[13:42:30 INFO] Epoch 31/50  iter 500/743  loss=0.1036  lr=2.32e-05
[13:42:48 INFO] Epoch 31/50  iter 550/743  loss=0.4388  lr=2.31e-05
[13:43:06 INFO] Epoch 31/50  iter 600/743  loss=0.0814  lr=2.30e-05
[13:43:24 INFO] Epoch 31/50  iter 650/743  loss=0.1453  lr=2.29e-05
[13:43:42 INFO] Epoch 31/50  iter 700/743  loss=0.0867  lr=2.29e-05
[13:43:58 INFO] Epoch 31 complete — avg_loss=0.1347  time=233s
[13:44:16 INFO] Epoch 32/50  iter 50/743  loss=0.1418  lr=2.27e-05
[13:44:34 INFO] Epoch 32/50  iter 100/743  loss=0.2027  lr=2.26e-05
[13:44:52 INFO] Epoch 32/50  iter 150/743  loss=0.0645  lr=2.26e-05
[13:45:10 INFO] Epoch 32/50  iter 200/743  loss=0.1091  lr=2.25e-05
[13:45:25 INFO] Epoch 32/50  iter 250/743  loss=0.1440  lr=2.24e-05
[13:45:38 INFO] Epoch 32/50  iter 300/743  loss=0.0387  lr=2.23e-05
[13:45:51 INFO] Epoch 32/50  iter 350/743  loss=0.1893  lr=2.22e-05
[13:46:05 INFO] Epoch 32/50  iter 400/743  loss=0.1049  lr=2.22e-05
[13:46:18 INFO] Epoch 32/50  iter 450/743  loss=0.0697  lr=2.21e-05
[13:46:31 INFO] Epoch 32/50  iter 500/743  loss=0.1515  lr=2.20e-05
[13:46:45 INFO] Epoch 32/50  iter 550/743  loss=0.0659  lr=2.19e-05
[13:46:58 INFO] Epoch 32/50  iter 600/743  loss=0.0964  lr=2.18e-05
[13:47:12 INFO] Epoch 32/50  iter 650/743  loss=0.1292  lr=2.17e-05
[13:47:25 INFO] Epoch 32/50  iter 700/743  loss=0.1739  lr=2.17e-05
[13:47:37 INFO] Epoch 32 complete — avg_loss=0.1343  time=219s
[13:47:51 INFO] Epoch 33/50  iter 50/743  loss=0.1501  lr=2.15e-05
[13:48:04 INFO] Epoch 33/50  iter 100/743  loss=0.0832  lr=2.14e-05
[13:48:18 INFO] Epoch 33/50  iter 150/743  loss=0.0909  lr=2.14e-05
[13:48:31 INFO] Epoch 33/50  iter 200/743  loss=0.0534  lr=2.13e-05
[13:48:44 INFO] Epoch 33/50  iter 250/743  loss=0.0566  lr=2.12e-05
[13:48:58 INFO] Epoch 33/50  iter 300/743  loss=0.1063  lr=2.11e-05
[13:49:11 INFO] Epoch 33/50  iter 350/743  loss=0.2195  lr=2.10e-05
[13:49:25 INFO] Epoch 33/50  iter 400/743  loss=0.1395  lr=2.10e-05
[13:49:38 INFO] Epoch 33/50  iter 450/743  loss=0.1527  lr=2.09e-05
[13:49:51 INFO] Epoch 33/50  iter 500/743  loss=0.0740  lr=2.08e-05
[13:50:05 INFO] Epoch 33/50  iter 550/743  loss=0.1029  lr=2.07e-05
[13:50:18 INFO] Epoch 33/50  iter 600/743  loss=0.0589  lr=2.06e-05
[13:50:32 INFO] Epoch 33/50  iter 650/743  loss=0.0893  lr=2.05e-05
[13:50:45 INFO] Epoch 33/50  iter 700/743  loss=0.0458  lr=2.05e-05
[13:50:57 INFO] Epoch 33 complete — avg_loss=0.1319  time=200s
[13:51:11 INFO] Epoch 34/50  iter 50/743  loss=0.0387  lr=2.03e-05
[13:51:24 INFO] Epoch 34/50  iter 100/743  loss=0.1325  lr=2.02e-05
[13:51:38 INFO] Epoch 34/50  iter 150/743  loss=0.1475  lr=2.02e-05
[13:51:51 INFO] Epoch 34/50  iter 200/743  loss=0.1388  lr=2.01e-05
[13:52:04 INFO] Epoch 34/50  iter 250/743  loss=0.1637  lr=2.00e-05
[13:52:18 INFO] Epoch 34/50  iter 300/743  loss=0.1699  lr=1.99e-05
[13:52:31 INFO] Epoch 34/50  iter 350/743  loss=0.1959  lr=1.98e-05
[13:52:45 INFO] Epoch 34/50  iter 400/743  loss=0.1118  lr=1.98e-05
[13:52:58 INFO] Epoch 34/50  iter 450/743  loss=0.1052  lr=1.97e-05
[13:53:11 INFO] Epoch 34/50  iter 500/743  loss=0.1300  lr=1.96e-05
[13:53:25 INFO] Epoch 34/50  iter 550/743  loss=0.1324  lr=1.95e-05
[13:53:38 INFO] Epoch 34/50  iter 600/743  loss=0.5036  lr=1.94e-05
[13:53:52 INFO] Epoch 34/50  iter 650/743  loss=0.1131  lr=1.93e-05
[13:54:05 INFO] Epoch 34/50  iter 700/743  loss=0.0771  lr=1.93e-05
[13:54:17 INFO] Epoch 34 complete — avg_loss=0.1342  time=200s
[13:54:31 INFO] Epoch 35/50  iter 50/743  loss=0.0731  lr=1.91e-05
[13:54:44 INFO] Epoch 35/50  iter 100/743  loss=0.1597  lr=1.90e-05
[13:54:58 INFO] Epoch 35/50  iter 150/743  loss=0.1344  lr=1.90e-05
[13:55:11 INFO] Epoch 35/50  iter 200/743  loss=0.1244  lr=1.89e-05
[13:55:25 INFO] Epoch 35/50  iter 250/743  loss=0.0796  lr=1.88e-05
[13:55:38 INFO] Epoch 35/50  iter 300/743  loss=0.1068  lr=1.87e-05
[13:55:51 INFO] Epoch 35/50  iter 350/743  loss=0.0999  lr=1.86e-05
[13:56:05 INFO] Epoch 35/50  iter 400/743  loss=0.0902  lr=1.86e-05
[13:56:18 INFO] Epoch 35/50  iter 450/743  loss=0.5352  lr=1.85e-05
[13:56:32 INFO] Epoch 35/50  iter 500/743  loss=0.1745  lr=1.84e-05
[13:56:45 INFO] Epoch 35/50  iter 550/743  loss=0.7317  lr=1.83e-05
[13:56:58 INFO] Epoch 35/50  iter 600/743  loss=0.1213  lr=1.82e-05
[13:57:12 INFO] Epoch 35/50  iter 650/743  loss=0.0824  lr=1.81e-05
[13:57:25 INFO] Epoch 35/50  iter 700/743  loss=0.0894  lr=1.81e-05
[13:57:37 INFO] Epoch 35 complete — avg_loss=0.1297  time=200s
[13:59:41 INFO]   val mIoU = 0.7655
[13:59:41 INFO]   ★ New best val mIoU: 0.7655
[13:59:55 INFO] Epoch 36/50  iter 50/743  loss=0.1272  lr=1.79e-05
[14:00:09 INFO] Epoch 36/50  iter 100/743  loss=0.1815  lr=1.78e-05
[14:00:22 INFO] Epoch 36/50  iter 150/743  loss=0.1161  lr=1.78e-05
[14:00:36 INFO] Epoch 36/50  iter 200/743  loss=0.0880  lr=1.77e-05
[14:00:49 INFO] Epoch 36/50  iter 250/743  loss=0.0680  lr=1.76e-05
[14:01:03 INFO] Epoch 36/50  iter 300/743  loss=0.1145  lr=1.75e-05
[14:01:16 INFO] Epoch 36/50  iter 350/743  loss=0.0592  lr=1.74e-05
[14:01:29 INFO] Epoch 36/50  iter 400/743  loss=0.0739  lr=1.74e-05
[14:01:43 INFO] Epoch 36/50  iter 450/743  loss=0.0918  lr=1.73e-05
[14:01:56 INFO] Epoch 36/50  iter 500/743  loss=0.1096  lr=1.72e-05
[14:02:10 INFO] Epoch 36/50  iter 550/743  loss=0.1187  lr=1.71e-05
[14:02:23 INFO] Epoch 36/50  iter 600/743  loss=0.0790  lr=1.70e-05
[14:02:37 INFO] Epoch 36/50  iter 650/743  loss=0.0465  lr=1.69e-05
[14:02:50 INFO] Epoch 36/50  iter 700/743  loss=0.2019  lr=1.69e-05
[14:03:02 INFO] Epoch 36 complete — avg_loss=0.1284  time=200s
[14:03:16 INFO] Epoch 37/50  iter 50/743  loss=0.0881  lr=1.67e-05
[14:03:29 INFO] Epoch 37/50  iter 100/743  loss=0.1377  lr=1.66e-05
[14:03:43 INFO] Epoch 37/50  iter 150/743  loss=0.0810  lr=1.66e-05
[14:03:56 INFO] Epoch 37/50  iter 200/743  loss=0.1745  lr=1.65e-05
[14:04:10 INFO] Epoch 37/50  iter 250/743  loss=0.0524  lr=1.64e-05
[14:04:23 INFO] Epoch 37/50  iter 300/743  loss=0.1163  lr=1.63e-05
[14:04:36 INFO] Epoch 37/50  iter 350/743  loss=0.1240  lr=1.62e-05
[14:04:50 INFO] Epoch 37/50  iter 400/743  loss=0.2613  lr=1.62e-05
[14:05:03 INFO] Epoch 37/50  iter 450/743  loss=0.0932  lr=1.61e-05
[14:05:17 INFO] Epoch 37/50  iter 500/743  loss=0.1420  lr=1.60e-05
[14:05:30 INFO] Epoch 37/50  iter 550/743  loss=0.1525  lr=1.59e-05
[14:05:44 INFO] Epoch 37/50  iter 600/743  loss=0.1233  lr=1.58e-05
[14:05:57 INFO] Epoch 37/50  iter 650/743  loss=0.1408  lr=1.57e-05
[14:06:10 INFO] Epoch 37/50  iter 700/743  loss=0.1266  lr=1.57e-05
[14:06:22 INFO] Epoch 37 complete — avg_loss=0.1298  time=200s
[14:06:36 INFO] Epoch 38/50  iter 50/743  loss=0.1608  lr=1.55e-05
[14:06:50 INFO] Epoch 38/50  iter 100/743  loss=0.0554  lr=1.54e-05
[14:07:03 INFO] Epoch 38/50  iter 150/743  loss=0.1064  lr=1.54e-05
[14:07:17 INFO] Epoch 38/50  iter 200/743  loss=0.0627  lr=1.53e-05
[14:07:30 INFO] Epoch 38/50  iter 250/743  loss=0.1167  lr=1.52e-05
[14:07:43 INFO] Epoch 38/50  iter 300/743  loss=0.0994  lr=1.51e-05
[14:07:57 INFO] Epoch 38/50  iter 350/743  loss=0.1654  lr=1.50e-05
[14:08:10 INFO] Epoch 38/50  iter 400/743  loss=0.0492  lr=1.50e-05
[14:08:24 INFO] Epoch 38/50  iter 450/743  loss=0.1452  lr=1.49e-05
[14:08:37 INFO] Epoch 38/50  iter 500/743  loss=0.1871  lr=1.48e-05
[14:08:50 INFO] Epoch 38/50  iter 550/743  loss=0.1658  lr=1.47e-05
[14:09:04 INFO] Epoch 38/50  iter 600/743  loss=0.1537  lr=1.46e-05
[14:09:17 INFO] Epoch 38/50  iter 650/743  loss=0.0929  lr=1.45e-05
[14:09:31 INFO] Epoch 38/50  iter 700/743  loss=0.0797  lr=1.45e-05
[14:09:42 INFO] Epoch 38 complete — avg_loss=0.1259  time=200s
[14:09:57 INFO] Epoch 39/50  iter 50/743  loss=0.0606  lr=1.43e-05
[14:10:10 INFO] Epoch 39/50  iter 100/743  loss=0.0858  lr=1.42e-05
[14:10:23 INFO] Epoch 39/50  iter 150/743  loss=0.0762  lr=1.42e-05
[14:10:37 INFO] Epoch 39/50  iter 200/743  loss=0.5531  lr=1.41e-05
[14:10:50 INFO] Epoch 39/50  iter 250/743  loss=0.1218  lr=1.40e-05
[14:11:04 INFO] Epoch 39/50  iter 300/743  loss=0.1037  lr=1.39e-05
[14:11:17 INFO] Epoch 39/50  iter 350/743  loss=0.1898  lr=1.38e-05
[14:11:30 INFO] Epoch 39/50  iter 400/743  loss=0.1240  lr=1.38e-05
[14:11:44 INFO] Epoch 39/50  iter 450/743  loss=0.1925  lr=1.37e-05
[14:11:57 INFO] Epoch 39/50  iter 500/743  loss=0.0933  lr=1.36e-05
[14:12:11 INFO] Epoch 39/50  iter 550/743  loss=0.1204  lr=1.35e-05
[14:12:24 INFO] Epoch 39/50  iter 600/743  loss=0.3174  lr=1.34e-05
[14:12:37 INFO] Epoch 39/50  iter 650/743  loss=0.1232  lr=1.33e-05
[14:12:51 INFO] Epoch 39/50  iter 700/743  loss=0.0893  lr=1.33e-05
[14:13:02 INFO] Epoch 39 complete — avg_loss=0.1269  time=200s
[14:13:17 INFO] Epoch 40/50  iter 50/743  loss=0.1030  lr=1.31e-05
[14:13:30 INFO] Epoch 40/50  iter 100/743  loss=0.1145  lr=1.30e-05
[14:13:44 INFO] Epoch 40/50  iter 150/743  loss=0.0479  lr=1.30e-05
[14:13:57 INFO] Epoch 40/50  iter 200/743  loss=0.1085  lr=1.29e-05
[14:14:11 INFO] Epoch 40/50  iter 250/743  loss=0.1664  lr=1.28e-05
[14:14:24 INFO] Epoch 40/50  iter 300/743  loss=0.1247  lr=1.27e-05
[14:14:37 INFO] Epoch 40/50  iter 350/743  loss=0.3104  lr=1.26e-05
[14:14:51 INFO] Epoch 40/50  iter 400/743  loss=0.1113  lr=1.26e-05
[14:15:04 INFO] Epoch 40/50  iter 450/743  loss=0.1111  lr=1.25e-05
[14:15:22 INFO] Epoch 40/50  iter 500/743  loss=0.1856  lr=1.24e-05
[14:15:46 INFO] Epoch 40/50  iter 550/743  loss=0.1872  lr=1.23e-05
[14:16:10 INFO] Epoch 40/50  iter 600/743  loss=0.1833  lr=1.22e-05
[14:16:33 INFO] Epoch 40/50  iter 650/743  loss=0.1496  lr=1.21e-05
[14:16:57 INFO] Epoch 40/50  iter 700/743  loss=0.0728  lr=1.21e-05
[14:17:17 INFO] Epoch 40 complete — avg_loss=0.1212  time=254s
[14:20:38 INFO]   val mIoU = 0.7692
[14:20:38 INFO]   ★ New best val mIoU: 0.7692
[14:21:03 INFO] Epoch 41/50  iter 50/743  loss=0.0965  lr=1.19e-05
[14:21:27 INFO] Epoch 41/50  iter 100/743  loss=0.0932  lr=1.18e-05
[14:21:50 INFO] Epoch 41/50  iter 150/743  loss=0.0631  lr=1.18e-05
[14:22:14 INFO] Epoch 41/50  iter 200/743  loss=0.0533  lr=1.17e-05
[14:22:38 INFO] Epoch 41/50  iter 250/743  loss=0.1256  lr=1.16e-05
[14:23:01 INFO] Epoch 41/50  iter 300/743  loss=0.0785  lr=1.15e-05
[14:23:25 INFO] Epoch 41/50  iter 350/743  loss=0.0818  lr=1.14e-05
[14:23:48 INFO] Epoch 41/50  iter 400/743  loss=0.1223  lr=1.14e-05
[14:24:12 INFO] Epoch 41/50  iter 450/743  loss=0.1394  lr=1.13e-05
[14:24:35 INFO] Epoch 41/50  iter 500/743  loss=0.0748  lr=1.12e-05
[14:24:59 INFO] Epoch 41/50  iter 550/743  loss=0.0575  lr=1.11e-05
[14:25:23 INFO] Epoch 41/50  iter 600/743  loss=0.0861  lr=1.10e-05
[14:25:47 INFO] Epoch 41/50  iter 650/743  loss=0.1613  lr=1.09e-05
[14:26:11 INFO] Epoch 41/50  iter 700/743  loss=0.0782  lr=1.09e-05
[14:26:31 INFO] Epoch 41 complete — avg_loss=0.1212  time=352s
[14:26:56 INFO] Epoch 42/50  iter 50/743  loss=0.0797  lr=1.07e-05
[14:27:19 INFO] Epoch 42/50  iter 100/743  loss=0.1153  lr=1.06e-05
[14:27:43 INFO] Epoch 42/50  iter 150/743  loss=0.1487  lr=1.06e-05
[14:28:07 INFO] Epoch 42/50  iter 200/743  loss=0.1349  lr=1.05e-05
[14:28:30 INFO] Epoch 42/50  iter 250/743  loss=0.0637  lr=1.04e-05
[14:28:54 INFO] Epoch 42/50  iter 300/743  loss=0.1508  lr=1.03e-05
[14:29:18 INFO] Epoch 42/50  iter 350/743  loss=0.1091  lr=1.02e-05
[14:29:41 INFO] Epoch 42/50  iter 400/743  loss=0.1047  lr=1.02e-05
[14:30:05 INFO] Epoch 42/50  iter 450/743  loss=0.0762  lr=1.01e-05
[14:30:28 INFO] Epoch 42/50  iter 500/743  loss=0.0856  lr=9.99e-06
[14:30:52 INFO] Epoch 42/50  iter 550/743  loss=0.0905  lr=9.91e-06
[14:31:15 INFO] Epoch 42/50  iter 600/743  loss=0.1061  lr=9.83e-06
[14:31:39 INFO] Epoch 42/50  iter 650/743  loss=0.0719  lr=9.75e-06
[14:32:03 INFO] Epoch 42/50  iter 700/743  loss=0.1182  lr=9.67e-06
[14:32:23 INFO] Epoch 42 complete — avg_loss=0.1201  time=351s
[14:32:48 INFO] Epoch 43/50  iter 50/743  loss=0.0514  lr=9.52e-06
[14:33:11 INFO] Epoch 43/50  iter 100/743  loss=0.1787  lr=9.44e-06
[14:33:35 INFO] Epoch 43/50  iter 150/743  loss=0.1330  lr=9.36e-06
[14:33:59 INFO] Epoch 43/50  iter 200/743  loss=0.0693  lr=9.28e-06
[14:34:22 INFO] Epoch 43/50  iter 250/743  loss=0.0800  lr=9.19e-06
[14:34:46 INFO] Epoch 43/50  iter 300/743  loss=0.1016  lr=9.11e-06
[14:35:10 INFO] Epoch 43/50  iter 350/743  loss=0.0987  lr=9.03e-06
[14:35:34 INFO] Epoch 43/50  iter 400/743  loss=0.0872  lr=8.95e-06
[14:35:58 INFO] Epoch 43/50  iter 450/743  loss=0.0863  lr=8.87e-06
[14:36:22 INFO] Epoch 43/50  iter 500/743  loss=0.0680  lr=8.79e-06
[14:36:46 INFO] Epoch 43/50  iter 550/743  loss=0.0934  lr=8.71e-06
[14:37:09 INFO] Epoch 43/50  iter 600/743  loss=0.0605  lr=8.63e-06
[14:37:33 INFO] Epoch 43/50  iter 650/743  loss=0.1817  lr=8.55e-06
[14:37:57 INFO] Epoch 43/50  iter 700/743  loss=0.0672  lr=8.47e-06
[14:38:18 INFO] Epoch 43 complete — avg_loss=0.1236  time=354s
[14:38:43 INFO] Epoch 44/50  iter 50/743  loss=0.0905  lr=8.32e-06
[14:39:06 INFO] Epoch 44/50  iter 100/743  loss=0.1240  lr=8.24e-06
[14:39:30 INFO] Epoch 44/50  iter 150/743  loss=0.1119  lr=8.16e-06
[14:39:53 INFO] Epoch 44/50  iter 200/743  loss=0.1153  lr=8.08e-06
[14:40:17 INFO] Epoch 44/50  iter 250/743  loss=0.0849  lr=7.99e-06
[14:40:41 INFO] Epoch 44/50  iter 300/743  loss=0.1008  lr=7.91e-06
[14:41:04 INFO] Epoch 44/50  iter 350/743  loss=0.0836  lr=7.83e-06
[14:41:28 INFO] Epoch 44/50  iter 400/743  loss=0.1961  lr=7.75e-06
[14:41:52 INFO] Epoch 44/50  iter 450/743  loss=0.0858  lr=7.67e-06
[14:42:16 INFO] Epoch 44/50  iter 500/743  loss=0.1090  lr=7.59e-06
[14:42:39 INFO] Epoch 44/50  iter 550/743  loss=0.1663  lr=7.51e-06
[14:43:03 INFO] Epoch 44/50  iter 600/743  loss=0.1257  lr=7.43e-06
[14:43:27 INFO] Epoch 44/50  iter 650/743  loss=0.1096  lr=7.35e-06
[14:43:50 INFO] Epoch 44/50  iter 700/743  loss=0.0758  lr=7.27e-06
[14:44:10 INFO] Epoch 44 complete — avg_loss=0.1177  time=352s
[14:44:35 INFO] Epoch 45/50  iter 50/743  loss=0.0392  lr=7.12e-06
[14:44:59 INFO] Epoch 45/50  iter 100/743  loss=0.1198  lr=7.04e-06
[14:45:22 INFO] Epoch 45/50  iter 150/743  loss=0.1057  lr=6.96e-06
[14:45:46 INFO] Epoch 45/50  iter 200/743  loss=0.1275  lr=6.88e-06
[14:46:09 INFO] Epoch 45/50  iter 250/743  loss=0.1159  lr=6.79e-06
[14:46:33 INFO] Epoch 45/50  iter 300/743  loss=0.1409  lr=6.71e-06
[14:46:57 INFO] Epoch 45/50  iter 350/743  loss=0.0931  lr=6.63e-06
[14:47:20 INFO] Epoch 45/50  iter 400/743  loss=0.1596  lr=6.55e-06
[14:47:44 INFO] Epoch 45/50  iter 450/743  loss=0.0742  lr=6.47e-06
[14:48:08 INFO] Epoch 45/50  iter 500/743  loss=0.1398  lr=6.39e-06
[14:48:31 INFO] Epoch 45/50  iter 550/743  loss=0.3400  lr=6.31e-06
[14:48:55 INFO] Epoch 45/50  iter 600/743  loss=0.1413  lr=6.23e-06
[14:49:18 INFO] Epoch 45/50  iter 650/743  loss=0.0775  lr=6.15e-06
[14:49:37 INFO] Epoch 45/50  iter 700/743  loss=0.0851  lr=6.07e-06
[14:49:48 INFO] Epoch 45 complete — avg_loss=0.1178  time=337s
[14:51:48 INFO]   val mIoU = 0.7719
[14:51:49 INFO]   ★ New best val mIoU: 0.7719
[14:52:03 INFO] Epoch 46/50  iter 50/743  loss=0.1036  lr=5.92e-06
[14:52:16 INFO] Epoch 46/50  iter 100/743  loss=0.0824  lr=5.84e-06
[14:52:30 INFO] Epoch 46/50  iter 150/743  loss=0.1582  lr=5.76e-06
[14:52:43 INFO] Epoch 46/50  iter 200/743  loss=0.0973  lr=5.68e-06
[14:52:57 INFO] Epoch 46/50  iter 250/743  loss=0.1521  lr=5.59e-06
[14:53:10 INFO] Epoch 46/50  iter 300/743  loss=0.1219  lr=5.51e-06
[14:53:23 INFO] Epoch 46/50  iter 350/743  loss=0.1291  lr=5.43e-06
[14:53:37 INFO] Epoch 46/50  iter 400/743  loss=0.1406  lr=5.35e-06
[14:53:50 INFO] Epoch 46/50  iter 450/743  loss=0.0772  lr=5.27e-06
[14:54:04 INFO] Epoch 46/50  iter 500/743  loss=0.0544  lr=5.19e-06
[14:54:17 INFO] Epoch 46/50  iter 550/743  loss=0.5013  lr=5.11e-06
[14:54:30 INFO] Epoch 46/50  iter 600/743  loss=0.1332  lr=5.03e-06
[14:54:44 INFO] Epoch 46/50  iter 650/743  loss=0.1978  lr=4.95e-06
[14:54:57 INFO] Epoch 46/50  iter 700/743  loss=0.0624  lr=4.87e-06
[14:55:09 INFO] Epoch 46 complete — avg_loss=0.1191  time=200s
[14:55:23 INFO] Epoch 47/50  iter 50/743  loss=0.1377  lr=4.72e-06
[14:55:36 INFO] Epoch 47/50  iter 100/743  loss=0.0640  lr=4.64e-06
[14:55:50 INFO] Epoch 47/50  iter 150/743  loss=0.0825  lr=4.56e-06
[14:56:03 INFO] Epoch 47/50  iter 200/743  loss=0.1151  lr=4.48e-06
[14:56:17 INFO] Epoch 47/50  iter 250/743  loss=0.0992  lr=4.39e-06
[14:56:30 INFO] Epoch 47/50  iter 300/743  loss=0.1079  lr=4.31e-06
[14:56:43 INFO] Epoch 47/50  iter 350/743  loss=0.1157  lr=4.23e-06
[14:56:57 INFO] Epoch 47/50  iter 400/743  loss=0.0978  lr=4.15e-06
[14:57:10 INFO] Epoch 47/50  iter 450/743  loss=0.1593  lr=4.07e-06
[14:57:24 INFO] Epoch 47/50  iter 500/743  loss=0.1118  lr=3.99e-06
[14:57:37 INFO] Epoch 47/50  iter 550/743  loss=0.1192  lr=3.91e-06
[14:57:50 INFO] Epoch 47/50  iter 600/743  loss=0.2841  lr=3.83e-06
[14:58:04 INFO] Epoch 47/50  iter 650/743  loss=0.0774  lr=3.75e-06
[14:58:17 INFO] Epoch 47/50  iter 700/743  loss=0.0962  lr=3.67e-06
[14:58:29 INFO] Epoch 47 complete — avg_loss=0.1175  time=200s
[14:58:43 INFO] Epoch 48/50  iter 50/743  loss=0.0749  lr=3.52e-06
[14:58:57 INFO] Epoch 48/50  iter 100/743  loss=0.0566  lr=3.44e-06
[14:59:10 INFO] Epoch 48/50  iter 150/743  loss=0.1116  lr=3.36e-06
[14:59:24 INFO] Epoch 48/50  iter 200/743  loss=0.2436  lr=3.28e-06
[14:59:37 INFO] Epoch 48/50  iter 250/743  loss=0.0806  lr=3.19e-06
[14:59:50 INFO] Epoch 48/50  iter 300/743  loss=0.0713  lr=3.11e-06
[15:00:04 INFO] Epoch 48/50  iter 350/743  loss=0.1416  lr=3.03e-06
[15:00:17 INFO] Epoch 48/50  iter 400/743  loss=0.1670  lr=2.95e-06
[15:00:31 INFO] Epoch 48/50  iter 450/743  loss=0.0929  lr=2.87e-06
[15:00:44 INFO] Epoch 48/50  iter 500/743  loss=0.0519  lr=2.79e-06
[15:00:57 INFO] Epoch 48/50  iter 550/743  loss=0.0978  lr=2.71e-06
[15:01:11 INFO] Epoch 48/50  iter 600/743  loss=0.1285  lr=2.63e-06
[15:01:24 INFO] Epoch 48/50  iter 650/743  loss=0.0980  lr=2.55e-06
[15:01:37 INFO] Epoch 48/50  iter 700/743  loss=0.1583  lr=2.47e-06
[15:01:49 INFO] Epoch 48 complete — avg_loss=0.1159  time=200s
[15:02:03 INFO] Epoch 49/50  iter 50/743  loss=0.0933  lr=2.32e-06
[15:02:17 INFO] Epoch 49/50  iter 100/743  loss=0.1376  lr=2.24e-06
[15:02:30 INFO] Epoch 49/50  iter 150/743  loss=0.1380  lr=2.16e-06
[15:02:43 INFO] Epoch 49/50  iter 200/743  loss=0.1177  lr=2.08e-06
[15:02:57 INFO] Epoch 49/50  iter 250/743  loss=0.1587  lr=1.99e-06
[15:03:10 INFO] Epoch 49/50  iter 300/743  loss=0.1053  lr=1.91e-06
[15:03:23 INFO] Epoch 49/50  iter 350/743  loss=0.1490  lr=1.83e-06
[15:03:37 INFO] Epoch 49/50  iter 400/743  loss=0.0797  lr=1.75e-06
[15:03:50 INFO] Epoch 49/50  iter 450/743  loss=0.0695  lr=1.67e-06
[15:04:03 INFO] Epoch 49/50  iter 500/743  loss=0.0715  lr=1.59e-06
[15:04:17 INFO] Epoch 49/50  iter 550/743  loss=0.1594  lr=1.51e-06
[15:04:30 INFO] Epoch 49/50  iter 600/743  loss=0.0648  lr=1.43e-06
[15:04:44 INFO] Epoch 49/50  iter 650/743  loss=0.1036  lr=1.35e-06
[15:04:57 INFO] Epoch 49/50  iter 700/743  loss=0.0900  lr=1.27e-06
[15:05:08 INFO] Epoch 49 complete — avg_loss=0.1142  time=199s
[15:05:23 INFO] Epoch 50/50  iter 50/743  loss=0.0965  lr=1.12e-06
[15:05:36 INFO] Epoch 50/50  iter 100/743  loss=0.1679  lr=1.04e-06
[15:05:49 INFO] Epoch 50/50  iter 150/743  loss=0.0470  lr=9.56e-07
[15:06:03 INFO] Epoch 50/50  iter 200/743  loss=0.1259  lr=8.75e-07
[15:06:16 INFO] Epoch 50/50  iter 250/743  loss=0.0810  lr=7.95e-07
[15:06:29 INFO] Epoch 50/50  iter 300/743  loss=0.0837  lr=7.14e-07
[15:06:43 INFO] Epoch 50/50  iter 350/743  loss=0.1452  lr=6.33e-07
[15:06:56 INFO] Epoch 50/50  iter 400/743  loss=0.0968  lr=5.52e-07
[15:07:10 INFO] Epoch 50/50  iter 450/743  loss=0.0793  lr=4.72e-07
[15:07:23 INFO] Epoch 50/50  iter 500/743  loss=0.1068  lr=3.91e-07
[15:07:36 INFO] Epoch 50/50  iter 550/743  loss=0.1041  lr=3.10e-07
[15:07:50 INFO] Epoch 50/50  iter 600/743  loss=0.0703  lr=2.29e-07
[15:08:03 INFO] Epoch 50/50  iter 650/743  loss=0.1133  lr=1.49e-07
[15:08:16 INFO] Epoch 50/50  iter 700/743  loss=0.1531  lr=6.78e-08
[15:08:28 INFO] Epoch 50 complete — avg_loss=0.1207  time=199s
[15:10:29 INFO]   val mIoU = 0.7765
[15:10:30 INFO]   ★ New best val mIoU: 0.7765
[15:10:30 INFO] Training complete. Best val mIoU = 0.7765
>>> Evaluating: depthaware_b0005_p30_mitb2
[15:10:41 INFO] Device: cuda
/home/taah3149/Documents/Group_Studies/fog-augmentation/src/models.py:74: FutureWarning: You are using `torch.load` with `weights_only=False` (the current default value), which uses the default pickle module implicitly. It is possible to construct malicious pickle data which will execute arbitrary code during unpickling (See https://github.com/pytorch/pytorch/blob/main/SECURITY.md#untrusted-models for more details). In a future release, the default value for `weights_only` will be flipped to `True`. This limits the functions that could be executed during unpickling. Arbitrary objects will no longer be allowed to be loaded via this mode unless they are explicitly allowlisted by the user via `torch.serialization.add_safe_globals`. We recommend you start setting `weights_only=True` for any use case where you don't have full control of the loaded file. Please open an issue on GitHub for any issues related to this experimental feature.
  state = torch.load(str(checkpoint), map_location="cpu")
Model backend: smp (encoder=mit_b2, architecture=fpn)
Loaded checkpoint: results/depthaware_b0005_p30_mitb2/best.pth
[15:10:45 INFO] ACDC fog val: 100 samples
[15:11:10 INFO]   100/100 processed
[15:11:10 INFO] mIoU = 0.4879
[15:11:10 INFO]   road                 0.8274
[15:11:10 INFO]   sidewalk             0.5668
[15:11:10 INFO]   building             0.6360
[15:11:10 INFO]   wall                 0.2330
[15:11:10 INFO]   fence                0.2569
[15:11:10 INFO]   pole                 0.3532
[15:11:10 INFO]   traffic light        0.6434
[15:11:10 INFO]   traffic sign         0.5528
[15:11:10 INFO]   vegetation           0.7486
[15:11:10 INFO]   terrain              0.4781
[15:11:10 INFO]   sky                  0.9057
[15:11:10 INFO]   person               0.2810
[15:11:10 INFO]   rider                0.4564
[15:11:10 INFO]   car                  0.6818
[15:11:10 INFO]   truck                0.2502
[15:11:10 INFO]   bus                  0.3492
[15:11:10 INFO]   train                0.4693
[15:11:10 INFO]   motorcycle           0.0546
[15:11:10 INFO]   bicycle              0.5252
[15:11:10 INFO] Results saved → results/depthaware_b0005_p30_mitb2/acdc_eval.json
>>> Done: depthaware_b0005_p30_mitb2

>>> Training (fresh start): depthaware_b0005_p50_mitb2
[15:11:17 INFO] Device: cuda
Model backend: smp (encoder=mit_b2, architecture=fpn)
[15:11:19 INFO] Using fog cache: data/fog_cache/depthaware_b0005
[15:11:19 INFO] fog_prob: 0.5
[15:11:21 INFO] Train: 2975 samples  |  Val: 500 samples
[15:11:36 INFO] Epoch 1/50  iter 50/743  loss=1.8462  lr=5.99e-05
[15:11:49 INFO] Epoch 1/50  iter 100/743  loss=0.9146  lr=5.98e-05
[15:12:02 INFO] Epoch 1/50  iter 150/743  loss=0.7703  lr=5.98e-05
[15:12:15 INFO] Epoch 1/50  iter 200/743  loss=0.7469  lr=5.97e-05
[15:12:29 INFO] Epoch 1/50  iter 250/743  loss=0.4064  lr=5.96e-05
[15:12:42 INFO] Epoch 1/50  iter 300/743  loss=0.2716  lr=5.95e-05
[15:12:55 INFO] Epoch 1/50  iter 350/743  loss=0.7349  lr=5.94e-05
[15:13:09 INFO] Epoch 1/50  iter 400/743  loss=0.4408  lr=5.94e-05
[15:13:22 INFO] Epoch 1/50  iter 450/743  loss=0.3823  lr=5.93e-05
[15:13:35 INFO] Epoch 1/50  iter 500/743  loss=0.2404  lr=5.92e-05
[15:13:49 INFO] Epoch 1/50  iter 550/743  loss=0.9563  lr=5.91e-05
[15:14:02 INFO] Epoch 1/50  iter 600/743  loss=0.2333  lr=5.90e-05
[15:14:15 INFO] Epoch 1/50  iter 650/743  loss=0.3056  lr=5.89e-05
[15:14:29 INFO] Epoch 1/50  iter 700/743  loss=0.4574  lr=5.89e-05
[15:14:40 INFO] Epoch 1 complete — avg_loss=0.6486  time=199s
[15:14:54 INFO] Epoch 2/50  iter 50/743  loss=0.2676  lr=5.87e-05
[15:15:08 INFO] Epoch 2/50  iter 100/743  loss=0.2933  lr=5.86e-05
[15:15:21 INFO] Epoch 2/50  iter 150/743  loss=0.1937  lr=5.86e-05
[15:15:34 INFO] Epoch 2/50  iter 200/743  loss=0.5190  lr=5.85e-05
[15:15:48 INFO] Epoch 2/50  iter 250/743  loss=0.2821  lr=5.84e-05
[15:16:01 INFO] Epoch 2/50  iter 300/743  loss=0.2044  lr=5.83e-05
[15:16:14 INFO] Epoch 2/50  iter 350/743  loss=0.2113  lr=5.82e-05
[15:16:28 INFO] Epoch 2/50  iter 400/743  loss=0.2530  lr=5.82e-05
[15:16:41 INFO] Epoch 2/50  iter 450/743  loss=0.5855  lr=5.81e-05
[15:16:54 INFO] Epoch 2/50  iter 500/743  loss=0.2951  lr=5.80e-05
[15:17:08 INFO] Epoch 2/50  iter 550/743  loss=0.3031  lr=5.79e-05
[15:17:21 INFO] Epoch 2/50  iter 600/743  loss=0.4614  lr=5.78e-05
[15:17:34 INFO] Epoch 2/50  iter 650/743  loss=0.2112  lr=5.77e-05
[15:17:48 INFO] Epoch 2/50  iter 700/743  loss=0.4487  lr=5.77e-05
[15:17:59 INFO] Epoch 2 complete — avg_loss=0.3380  time=199s
[15:18:13 INFO] Epoch 3/50  iter 50/743  loss=0.3455  lr=5.75e-05
[15:18:27 INFO] Epoch 3/50  iter 100/743  loss=0.2711  lr=5.74e-05
[15:18:40 INFO] Epoch 3/50  iter 150/743  loss=0.2375  lr=5.74e-05
[15:18:53 INFO] Epoch 3/50  iter 200/743  loss=0.2200  lr=5.73e-05
[15:19:07 INFO] Epoch 3/50  iter 250/743  loss=0.3704  lr=5.72e-05
[15:19:20 INFO] Epoch 3/50  iter 300/743  loss=1.0492  lr=5.71e-05
[15:19:33 INFO] Epoch 3/50  iter 350/743  loss=0.1110  lr=5.70e-05
[15:19:47 INFO] Epoch 3/50  iter 400/743  loss=0.4606  lr=5.70e-05
[15:20:00 INFO] Epoch 3/50  iter 450/743  loss=0.4136  lr=5.69e-05
[15:20:13 INFO] Epoch 3/50  iter 500/743  loss=0.1672  lr=5.68e-05
[15:20:27 INFO] Epoch 3/50  iter 550/743  loss=0.2452  lr=5.67e-05
[15:20:40 INFO] Epoch 3/50  iter 600/743  loss=0.2607  lr=5.66e-05
[15:20:53 INFO] Epoch 3/50  iter 650/743  loss=0.1729  lr=5.65e-05
[15:21:07 INFO] Epoch 3/50  iter 700/743  loss=0.1583  lr=5.65e-05
[15:21:18 INFO] Epoch 3 complete — avg_loss=0.2761  time=199s
[15:21:32 INFO] Epoch 4/50  iter 50/743  loss=0.1583  lr=5.63e-05
[15:21:46 INFO] Epoch 4/50  iter 100/743  loss=0.1756  lr=5.62e-05
[15:21:59 INFO] Epoch 4/50  iter 150/743  loss=0.6850  lr=5.62e-05
[15:22:12 INFO] Epoch 4/50  iter 200/743  loss=0.2294  lr=5.61e-05
[15:22:26 INFO] Epoch 4/50  iter 250/743  loss=0.2752  lr=5.60e-05
[15:22:39 INFO] Epoch 4/50  iter 300/743  loss=0.1885  lr=5.59e-05
[15:22:52 INFO] Epoch 4/50  iter 350/743  loss=0.0357  lr=5.58e-05
[15:23:06 INFO] Epoch 4/50  iter 400/743  loss=0.1115  lr=5.58e-05
[15:23:19 INFO] Epoch 4/50  iter 450/743  loss=0.0689  lr=5.57e-05
[15:23:32 INFO] Epoch 4/50  iter 500/743  loss=0.1684  lr=5.56e-05
[15:23:46 INFO] Epoch 4/50  iter 550/743  loss=0.2727  lr=5.55e-05
[15:23:59 INFO] Epoch 4/50  iter 600/743  loss=0.3155  lr=5.54e-05
[15:24:12 INFO] Epoch 4/50  iter 650/743  loss=0.2088  lr=5.53e-05
[15:24:26 INFO] Epoch 4/50  iter 700/743  loss=0.1254  lr=5.53e-05
[15:24:37 INFO] Epoch 4 complete — avg_loss=0.2618  time=199s
[15:24:51 INFO] Epoch 5/50  iter 50/743  loss=0.1196  lr=5.51e-05
[15:25:05 INFO] Epoch 5/50  iter 100/743  loss=0.1786  lr=5.50e-05
[15:25:18 INFO] Epoch 5/50  iter 150/743  loss=0.1698  lr=5.50e-05
[15:25:31 INFO] Epoch 5/50  iter 200/743  loss=0.1592  lr=5.49e-05
[15:25:45 INFO] Epoch 5/50  iter 250/743  loss=0.1888  lr=5.48e-05
[15:25:58 INFO] Epoch 5/50  iter 300/743  loss=1.0626  lr=5.47e-05
[15:26:11 INFO] Epoch 5/50  iter 350/743  loss=0.5024  lr=5.46e-05
[15:26:25 INFO] Epoch 5/50  iter 400/743  loss=0.2235  lr=5.46e-05
[15:26:38 INFO] Epoch 5/50  iter 450/743  loss=0.1647  lr=5.45e-05
[15:26:51 INFO] Epoch 5/50  iter 500/743  loss=0.2690  lr=5.44e-05
[15:27:05 INFO] Epoch 5/50  iter 550/743  loss=0.0839  lr=5.43e-05
[15:27:18 INFO] Epoch 5/50  iter 600/743  loss=0.0228  lr=5.42e-05
[15:27:32 INFO] Epoch 5/50  iter 650/743  loss=0.3324  lr=5.41e-05
[15:27:45 INFO] Epoch 5/50  iter 700/743  loss=0.1262  lr=5.41e-05
[15:27:56 INFO] Epoch 5 complete — avg_loss=0.2449  time=199s
[15:30:00 INFO]   val mIoU = 0.6406
[15:30:00 INFO]   ★ New best val mIoU: 0.6406
[15:30:14 INFO] Epoch 6/50  iter 50/743  loss=0.2844  lr=5.39e-05
[15:30:27 INFO] Epoch 6/50  iter 100/743  loss=0.0512  lr=5.38e-05
[15:30:41 INFO] Epoch 6/50  iter 150/743  loss=0.2680  lr=5.38e-05
[15:30:54 INFO] Epoch 6/50  iter 200/743  loss=0.1130  lr=5.37e-05
[15:31:07 INFO] Epoch 6/50  iter 250/743  loss=0.3185  lr=5.36e-05
[15:31:21 INFO] Epoch 6/50  iter 300/743  loss=0.1949  lr=5.35e-05
[15:31:34 INFO] Epoch 6/50  iter 350/743  loss=0.1041  lr=5.34e-05
[15:31:47 INFO] Epoch 6/50  iter 400/743  loss=0.1052  lr=5.34e-05
[15:32:01 INFO] Epoch 6/50  iter 450/743  loss=0.2111  lr=5.33e-05
[15:32:14 INFO] Epoch 6/50  iter 500/743  loss=0.1585  lr=5.32e-05
[15:32:27 INFO] Epoch 6/50  iter 550/743  loss=0.2314  lr=5.31e-05
[15:32:41 INFO] Epoch 6/50  iter 600/743  loss=0.1539  lr=5.30e-05
[15:32:54 INFO] Epoch 6/50  iter 650/743  loss=0.5398  lr=5.29e-05
[15:33:07 INFO] Epoch 6/50  iter 700/743  loss=0.2489  lr=5.29e-05
[15:33:19 INFO] Epoch 6 complete — avg_loss=0.2239  time=199s
[15:33:33 INFO] Epoch 7/50  iter 50/743  loss=0.1988  lr=5.27e-05
[15:33:47 INFO] Epoch 7/50  iter 100/743  loss=0.1134  lr=5.26e-05
[15:34:00 INFO] Epoch 7/50  iter 150/743  loss=0.2418  lr=5.26e-05
[15:34:13 INFO] Epoch 7/50  iter 200/743  loss=0.5974  lr=5.25e-05
[15:34:27 INFO] Epoch 7/50  iter 250/743  loss=0.2246  lr=5.24e-05
[15:34:40 INFO] Epoch 7/50  iter 300/743  loss=0.1464  lr=5.23e-05
[15:34:53 INFO] Epoch 7/50  iter 350/743  loss=0.1919  lr=5.22e-05
[15:35:07 INFO] Epoch 7/50  iter 400/743  loss=0.1105  lr=5.22e-05
[15:35:20 INFO] Epoch 7/50  iter 450/743  loss=0.7222  lr=5.21e-05
[15:35:33 INFO] Epoch 7/50  iter 500/743  loss=0.2926  lr=5.20e-05
[15:35:47 INFO] Epoch 7/50  iter 550/743  loss=0.2046  lr=5.19e-05
[15:36:00 INFO] Epoch 7/50  iter 600/743  loss=0.4249  lr=5.18e-05
[15:36:13 INFO] Epoch 7/50  iter 650/743  loss=0.0286  lr=5.17e-05
[15:36:27 INFO] Epoch 7/50  iter 700/743  loss=0.2418  lr=5.17e-05
[15:36:38 INFO] Epoch 7 complete — avg_loss=0.2139  time=199s
[15:36:52 INFO] Epoch 8/50  iter 50/743  loss=0.1652  lr=5.15e-05
[15:37:06 INFO] Epoch 8/50  iter 100/743  loss=0.2437  lr=5.14e-05
[15:37:19 INFO] Epoch 8/50  iter 150/743  loss=0.0876  lr=5.14e-05
[15:37:33 INFO] Epoch 8/50  iter 200/743  loss=0.1598  lr=5.13e-05
[15:37:46 INFO] Epoch 8/50  iter 250/743  loss=0.1935  lr=5.12e-05
[15:37:59 INFO] Epoch 8/50  iter 300/743  loss=0.2535  lr=5.11e-05
[15:38:13 INFO] Epoch 8/50  iter 350/743  loss=0.1799  lr=5.10e-05
[15:38:26 INFO] Epoch 8/50  iter 400/743  loss=0.3150  lr=5.10e-05
[15:38:39 INFO] Epoch 8/50  iter 450/743  loss=0.1039  lr=5.09e-05
[15:38:53 INFO] Epoch 8/50  iter 500/743  loss=0.1520  lr=5.08e-05
[15:39:06 INFO] Epoch 8/50  iter 550/743  loss=0.1896  lr=5.07e-05
[15:39:20 INFO] Epoch 8/50  iter 600/743  loss=0.0565  lr=5.06e-05
[15:39:33 INFO] Epoch 8/50  iter 650/743  loss=0.1773  lr=5.05e-05
[15:39:46 INFO] Epoch 8/50  iter 700/743  loss=0.0578  lr=5.05e-05
[15:39:58 INFO] Epoch 8 complete — avg_loss=0.2113  time=199s
[15:40:12 INFO] Epoch 9/50  iter 50/743  loss=0.1701  lr=5.03e-05
[15:40:26 INFO] Epoch 9/50  iter 100/743  loss=0.1118  lr=5.02e-05
[15:40:39 INFO] Epoch 9/50  iter 150/743  loss=0.1393  lr=5.02e-05
[15:40:52 INFO] Epoch 9/50  iter 200/743  loss=0.3212  lr=5.01e-05
[15:41:06 INFO] Epoch 9/50  iter 250/743  loss=0.2170  lr=5.00e-05
[15:41:19 INFO] Epoch 9/50  iter 300/743  loss=0.0871  lr=4.99e-05
[15:41:32 INFO] Epoch 9/50  iter 350/743  loss=0.1595  lr=4.98e-05
[15:41:46 INFO] Epoch 9/50  iter 400/743  loss=0.0991  lr=4.98e-05
[15:41:59 INFO] Epoch 9/50  iter 450/743  loss=0.1546  lr=4.97e-05
[15:42:12 INFO] Epoch 9/50  iter 500/743  loss=0.1785  lr=4.96e-05
[15:42:26 INFO] Epoch 9/50  iter 550/743  loss=0.1801  lr=4.95e-05
[15:42:39 INFO] Epoch 9/50  iter 600/743  loss=0.3268  lr=4.94e-05
[15:42:53 INFO] Epoch 9/50  iter 650/743  loss=0.1562  lr=4.93e-05
[15:43:06 INFO] Epoch 9/50  iter 700/743  loss=0.2339  lr=4.93e-05
[15:43:18 INFO] Epoch 9 complete — avg_loss=0.2027  time=199s
[15:43:32 INFO] Epoch 10/50  iter 50/743  loss=0.2021  lr=4.91e-05
[15:43:45 INFO] Epoch 10/50  iter 100/743  loss=0.1842  lr=4.90e-05
[15:43:59 INFO] Epoch 10/50  iter 150/743  loss=0.1321  lr=4.90e-05
[15:44:12 INFO] Epoch 10/50  iter 200/743  loss=0.0792  lr=4.89e-05
[15:44:25 INFO] Epoch 10/50  iter 250/743  loss=0.1169  lr=4.88e-05
[15:44:39 INFO] Epoch 10/50  iter 300/743  loss=0.0713  lr=4.87e-05
[15:44:52 INFO] Epoch 10/50  iter 350/743  loss=0.2041  lr=4.86e-05
[15:45:06 INFO] Epoch 10/50  iter 400/743  loss=0.2874  lr=4.86e-05
[15:45:19 INFO] Epoch 10/50  iter 450/743  loss=0.2012  lr=4.85e-05
[15:45:32 INFO] Epoch 10/50  iter 500/743  loss=0.1572  lr=4.84e-05
[15:45:46 INFO] Epoch 10/50  iter 550/743  loss=0.3359  lr=4.83e-05
[15:45:59 INFO] Epoch 10/50  iter 600/743  loss=0.2438  lr=4.82e-05
[15:46:12 INFO] Epoch 10/50  iter 650/743  loss=0.2712  lr=4.81e-05
[15:46:26 INFO] Epoch 10/50  iter 700/743  loss=0.1181  lr=4.81e-05
[15:46:37 INFO] Epoch 10 complete — avg_loss=0.1978  time=199s
[15:48:41 INFO]   val mIoU = 0.6645
[15:48:41 INFO]   ★ New best val mIoU: 0.6645
[15:48:56 INFO] Epoch 11/50  iter 50/743  loss=0.1387  lr=4.79e-05
[15:49:09 INFO] Epoch 11/50  iter 100/743  loss=0.4114  lr=4.78e-05
[15:49:22 INFO] Epoch 11/50  iter 150/743  loss=0.2363  lr=4.78e-05
[15:49:36 INFO] Epoch 11/50  iter 200/743  loss=0.2508  lr=4.77e-05
[15:49:49 INFO] Epoch 11/50  iter 250/743  loss=0.1571  lr=4.76e-05
[15:50:03 INFO] Epoch 11/50  iter 300/743  loss=0.1793  lr=4.75e-05
[15:50:16 INFO] Epoch 11/50  iter 350/743  loss=0.1512  lr=4.74e-05
[15:50:29 INFO] Epoch 11/50  iter 400/743  loss=0.1754  lr=4.74e-05
[15:50:43 INFO] Epoch 11/50  iter 450/743  loss=0.1617  lr=4.73e-05
[15:50:56 INFO] Epoch 11/50  iter 500/743  loss=0.0844  lr=4.72e-05
[15:51:09 INFO] Epoch 11/50  iter 550/743  loss=0.1121  lr=4.71e-05
[15:51:23 INFO] Epoch 11/50  iter 600/743  loss=0.0826  lr=4.70e-05
[15:51:36 INFO] Epoch 11/50  iter 650/743  loss=0.1708  lr=4.69e-05
[15:51:50 INFO] Epoch 11/50  iter 700/743  loss=0.2559  lr=4.69e-05
[15:52:01 INFO] Epoch 11 complete — avg_loss=0.1847  time=199s
[15:52:15 INFO] Epoch 12/50  iter 50/743  loss=0.0922  lr=4.67e-05
[15:52:29 INFO] Epoch 12/50  iter 100/743  loss=0.1952  lr=4.66e-05
[15:52:42 INFO] Epoch 12/50  iter 150/743  loss=0.1304  lr=4.66e-05
[15:52:55 INFO] Epoch 12/50  iter 200/743  loss=0.1171  lr=4.65e-05
[15:53:09 INFO] Epoch 12/50  iter 250/743  loss=0.1687  lr=4.64e-05
[15:53:22 INFO] Epoch 12/50  iter 300/743  loss=0.0958  lr=4.63e-05
[15:53:36 INFO] Epoch 12/50  iter 350/743  loss=0.2518  lr=4.62e-05
[15:53:49 INFO] Epoch 12/50  iter 400/743  loss=0.0980  lr=4.62e-05
[15:54:02 INFO] Epoch 12/50  iter 450/743  loss=0.1132  lr=4.61e-05
[15:54:16 INFO] Epoch 12/50  iter 500/743  loss=0.0662  lr=4.60e-05
[15:54:29 INFO] Epoch 12/50  iter 550/743  loss=0.1594  lr=4.59e-05
[15:54:42 INFO] Epoch 12/50  iter 600/743  loss=0.1218  lr=4.58e-05
[15:54:56 INFO] Epoch 12/50  iter 650/743  loss=0.3041  lr=4.57e-05
[15:55:09 INFO] Epoch 12/50  iter 700/743  loss=0.1219  lr=4.57e-05
[15:55:21 INFO] Epoch 12 complete — avg_loss=0.1805  time=199s
[15:55:35 INFO] Epoch 13/50  iter 50/743  loss=0.0683  lr=4.55e-05
[15:55:48 INFO] Epoch 13/50  iter 100/743  loss=0.1521  lr=4.54e-05
[15:56:02 INFO] Epoch 13/50  iter 150/743  loss=0.0780  lr=4.54e-05
[15:56:15 INFO] Epoch 13/50  iter 200/743  loss=0.0232  lr=4.53e-05
[15:56:28 INFO] Epoch 13/50  iter 250/743  loss=0.2347  lr=4.52e-05
[15:56:42 INFO] Epoch 13/50  iter 300/743  loss=0.1928  lr=4.51e-05
[15:56:55 INFO] Epoch 13/50  iter 350/743  loss=0.1228  lr=4.50e-05
[15:57:08 INFO] Epoch 13/50  iter 400/743  loss=0.2721  lr=4.50e-05
[15:57:22 INFO] Epoch 13/50  iter 450/743  loss=0.0475  lr=4.49e-05
[15:57:35 INFO] Epoch 13/50  iter 500/743  loss=0.2904  lr=4.48e-05
[15:57:48 INFO] Epoch 13/50  iter 550/743  loss=0.1159  lr=4.47e-05
[15:58:02 INFO] Epoch 13/50  iter 600/743  loss=0.1534  lr=4.46e-05
[15:58:15 INFO] Epoch 13/50  iter 650/743  loss=0.1091  lr=4.45e-05
[15:58:29 INFO] Epoch 13/50  iter 700/743  loss=0.1522  lr=4.45e-05
[15:58:40 INFO] Epoch 13 complete — avg_loss=0.1736  time=199s
[15:58:55 INFO] Epoch 14/50  iter 50/743  loss=0.1493  lr=4.43e-05
[15:59:08 INFO] Epoch 14/50  iter 100/743  loss=0.1577  lr=4.42e-05
[15:59:21 INFO] Epoch 14/50  iter 150/743  loss=0.1660  lr=4.42e-05
[15:59:35 INFO] Epoch 14/50  iter 200/743  loss=0.0936  lr=4.41e-05
[15:59:48 INFO] Epoch 14/50  iter 250/743  loss=0.2126  lr=4.40e-05
[16:00:01 INFO] Epoch 14/50  iter 300/743  loss=0.1756  lr=4.39e-05
[16:00:15 INFO] Epoch 14/50  iter 350/743  loss=0.0971  lr=4.38e-05
[16:00:28 INFO] Epoch 14/50  iter 400/743  loss=0.0733  lr=4.38e-05
[16:00:41 INFO] Epoch 14/50  iter 450/743  loss=0.1578  lr=4.37e-05
[16:00:55 INFO] Epoch 14/50  iter 500/743  loss=0.1096  lr=4.36e-05
[16:01:08 INFO] Epoch 14/50  iter 550/743  loss=0.0351  lr=4.35e-05
[16:01:22 INFO] Epoch 14/50  iter 600/743  loss=0.1231  lr=4.34e-05
[16:01:35 INFO] Epoch 14/50  iter 650/743  loss=0.1347  lr=4.33e-05
[16:01:48 INFO] Epoch 14/50  iter 700/743  loss=0.1690  lr=4.33e-05
[16:02:00 INFO] Epoch 14 complete — avg_loss=0.1790  time=199s
[16:02:14 INFO] Epoch 15/50  iter 50/743  loss=0.1497  lr=4.31e-05
[16:02:27 INFO] Epoch 15/50  iter 100/743  loss=0.1210  lr=4.30e-05
[16:02:41 INFO] Epoch 15/50  iter 150/743  loss=0.1921  lr=4.30e-05
[16:02:54 INFO] Epoch 15/50  iter 200/743  loss=0.1438  lr=4.29e-05
[16:03:07 INFO] Epoch 15/50  iter 250/743  loss=0.0870  lr=4.28e-05
[16:03:21 INFO] Epoch 15/50  iter 300/743  loss=0.1818  lr=4.27e-05
[16:03:34 INFO] Epoch 15/50  iter 350/743  loss=0.1413  lr=4.26e-05
[16:03:48 INFO] Epoch 15/50  iter 400/743  loss=0.1795  lr=4.26e-05
[16:04:01 INFO] Epoch 15/50  iter 450/743  loss=0.1303  lr=4.25e-05
[16:04:14 INFO] Epoch 15/50  iter 500/743  loss=0.1606  lr=4.24e-05
[16:04:28 INFO] Epoch 15/50  iter 550/743  loss=0.0803  lr=4.23e-05
[16:04:41 INFO] Epoch 15/50  iter 600/743  loss=0.1904  lr=4.22e-05
[16:04:54 INFO] Epoch 15/50  iter 650/743  loss=0.2510  lr=4.21e-05
[16:05:08 INFO] Epoch 15/50  iter 700/743  loss=0.1366  lr=4.21e-05
[16:05:19 INFO] Epoch 15 complete — avg_loss=0.1700  time=199s
[16:07:23 INFO]   val mIoU = 0.7307
[16:07:23 INFO]   ★ New best val mIoU: 0.7307
[16:07:38 INFO] Epoch 16/50  iter 50/743  loss=0.2044  lr=4.19e-05
[16:07:51 INFO] Epoch 16/50  iter 100/743  loss=0.1240  lr=4.18e-05
[16:08:04 INFO] Epoch 16/50  iter 150/743  loss=0.1218  lr=4.18e-05
[16:08:18 INFO] Epoch 16/50  iter 200/743  loss=0.0830  lr=4.17e-05
[16:08:31 INFO] Epoch 16/50  iter 250/743  loss=0.2287  lr=4.16e-05
[16:08:44 INFO] Epoch 16/50  iter 300/743  loss=0.1568  lr=4.15e-05
[16:08:58 INFO] Epoch 16/50  iter 350/743  loss=0.1318  lr=4.14e-05
[16:09:11 INFO] Epoch 16/50  iter 400/743  loss=0.1090  lr=4.14e-05
[16:09:24 INFO] Epoch 16/50  iter 450/743  loss=0.1864  lr=4.13e-05
[16:09:38 INFO] Epoch 16/50  iter 500/743  loss=0.1547  lr=4.12e-05
[16:09:51 INFO] Epoch 16/50  iter 550/743  loss=0.1225  lr=4.11e-05
[16:10:05 INFO] Epoch 16/50  iter 600/743  loss=0.1703  lr=4.10e-05
[16:10:18 INFO] Epoch 16/50  iter 650/743  loss=0.1558  lr=4.09e-05
[16:10:31 INFO] Epoch 16/50  iter 700/743  loss=0.0546  lr=4.09e-05
[16:10:43 INFO] Epoch 16 complete — avg_loss=0.1644  time=199s
[16:10:57 INFO] Epoch 17/50  iter 50/743  loss=0.0626  lr=4.07e-05
[16:11:10 INFO] Epoch 17/50  iter 100/743  loss=0.1503  lr=4.06e-05
[16:11:24 INFO] Epoch 17/50  iter 150/743  loss=0.2062  lr=4.06e-05
[16:11:37 INFO] Epoch 17/50  iter 200/743  loss=0.0934  lr=4.05e-05
[16:11:50 INFO] Epoch 17/50  iter 250/743  loss=0.1896  lr=4.04e-05
[16:12:04 INFO] Epoch 17/50  iter 300/743  loss=0.1499  lr=4.03e-05
[16:12:17 INFO] Epoch 17/50  iter 350/743  loss=0.1252  lr=4.02e-05
[16:12:31 INFO] Epoch 17/50  iter 400/743  loss=0.0790  lr=4.02e-05
[16:12:44 INFO] Epoch 17/50  iter 450/743  loss=0.1954  lr=4.01e-05
[16:12:57 INFO] Epoch 17/50  iter 500/743  loss=0.1373  lr=4.00e-05
[16:13:11 INFO] Epoch 17/50  iter 550/743  loss=0.2119  lr=3.99e-05
[16:13:24 INFO] Epoch 17/50  iter 600/743  loss=0.0670  lr=3.98e-05
[16:13:37 INFO] Epoch 17/50  iter 650/743  loss=0.1415  lr=3.97e-05
[16:13:51 INFO] Epoch 17/50  iter 700/743  loss=0.1019  lr=3.97e-05
[16:14:02 INFO] Epoch 17 complete — avg_loss=0.1645  time=199s
[16:14:17 INFO] Epoch 18/50  iter 50/743  loss=0.1467  lr=3.95e-05
[16:14:30 INFO] Epoch 18/50  iter 100/743  loss=0.1746  lr=3.94e-05
[16:14:43 INFO] Epoch 18/50  iter 150/743  loss=0.1434  lr=3.94e-05
[16:14:57 INFO] Epoch 18/50  iter 200/743  loss=0.1096  lr=3.93e-05
[16:15:10 INFO] Epoch 18/50  iter 250/743  loss=0.1142  lr=3.92e-05
[16:15:23 INFO] Epoch 18/50  iter 300/743  loss=0.2310  lr=3.91e-05
[16:15:37 INFO] Epoch 18/50  iter 350/743  loss=0.6114  lr=3.90e-05
[16:15:50 INFO] Epoch 18/50  iter 400/743  loss=0.1329  lr=3.90e-05
[16:16:03 INFO] Epoch 18/50  iter 450/743  loss=0.2112  lr=3.89e-05
[16:16:17 INFO] Epoch 18/50  iter 500/743  loss=0.0945  lr=3.88e-05
[16:16:30 INFO] Epoch 18/50  iter 550/743  loss=0.1186  lr=3.87e-05
[16:16:43 INFO] Epoch 18/50  iter 600/743  loss=0.9061  lr=3.86e-05
[16:16:57 INFO] Epoch 18/50  iter 650/743  loss=0.1696  lr=3.85e-05
[16:17:10 INFO] Epoch 18/50  iter 700/743  loss=0.0955  lr=3.85e-05
[16:17:22 INFO] Epoch 18 complete — avg_loss=0.1626  time=199s
[16:17:36 INFO] Epoch 19/50  iter 50/743  loss=0.1024  lr=3.83e-05
[16:17:49 INFO] Epoch 19/50  iter 100/743  loss=0.1872  lr=3.82e-05
[16:18:03 INFO] Epoch 19/50  iter 150/743  loss=0.1744  lr=3.82e-05
[16:18:16 INFO] Epoch 19/50  iter 200/743  loss=0.1745  lr=3.81e-05
[16:18:29 INFO] Epoch 19/50  iter 250/743  loss=0.0954  lr=3.80e-05
[16:18:43 INFO] Epoch 19/50  iter 300/743  loss=0.1150  lr=3.79e-05
[16:18:56 INFO] Epoch 19/50  iter 350/743  loss=0.1576  lr=3.78e-05
[16:19:09 INFO] Epoch 19/50  iter 400/743  loss=0.2744  lr=3.78e-05
[16:19:23 INFO] Epoch 19/50  iter 450/743  loss=0.1354  lr=3.77e-05
[16:19:36 INFO] Epoch 19/50  iter 500/743  loss=0.0882  lr=3.76e-05
[16:19:49 INFO] Epoch 19/50  iter 550/743  loss=0.1088  lr=3.75e-05
[16:20:03 INFO] Epoch 19/50  iter 600/743  loss=0.1227  lr=3.74e-05
[16:20:16 INFO] Epoch 19/50  iter 650/743  loss=0.1972  lr=3.73e-05
[16:20:29 INFO] Epoch 19/50  iter 700/743  loss=0.1536  lr=3.73e-05
[16:20:41 INFO] Epoch 19 complete — avg_loss=0.1604  time=199s
[16:20:55 INFO] Epoch 20/50  iter 50/743  loss=0.1484  lr=3.71e-05
[16:21:08 INFO] Epoch 20/50  iter 100/743  loss=0.0730  lr=3.70e-05
[16:21:22 INFO] Epoch 20/50  iter 150/743  loss=0.0646  lr=3.70e-05
[16:21:35 INFO] Epoch 20/50  iter 200/743  loss=0.1562  lr=3.69e-05
[16:21:49 INFO] Epoch 20/50  iter 250/743  loss=0.1301  lr=3.68e-05
[16:22:02 INFO] Epoch 20/50  iter 300/743  loss=0.0744  lr=3.67e-05
[16:22:15 INFO] Epoch 20/50  iter 350/743  loss=0.1921  lr=3.66e-05
[16:22:29 INFO] Epoch 20/50  iter 400/743  loss=0.1103  lr=3.66e-05
[16:22:42 INFO] Epoch 20/50  iter 450/743  loss=0.1698  lr=3.65e-05
[16:22:55 INFO] Epoch 20/50  iter 500/743  loss=0.1373  lr=3.64e-05
[16:23:09 INFO] Epoch 20/50  iter 550/743  loss=0.1357  lr=3.63e-05
[16:23:22 INFO] Epoch 20/50  iter 600/743  loss=0.0730  lr=3.62e-05
[16:23:35 INFO] Epoch 20/50  iter 650/743  loss=0.1230  lr=3.61e-05
[16:23:49 INFO] Epoch 20/50  iter 700/743  loss=0.1692  lr=3.61e-05
[16:24:00 INFO] Epoch 20 complete — avg_loss=0.1522  time=199s
[16:26:03 INFO]   val mIoU = 0.7338
[16:26:03 INFO]   ★ New best val mIoU: 0.7338
[16:26:18 INFO] Epoch 21/50  iter 50/743  loss=0.0985  lr=3.59e-05
[16:26:31 INFO] Epoch 21/50  iter 100/743  loss=0.1149  lr=3.58e-05
[16:26:44 INFO] Epoch 21/50  iter 150/743  loss=0.4497  lr=3.58e-05
[16:26:58 INFO] Epoch 21/50  iter 200/743  loss=0.1376  lr=3.57e-05
[16:27:11 INFO] Epoch 21/50  iter 250/743  loss=0.1424  lr=3.56e-05
[16:27:24 INFO] Epoch 21/50  iter 300/743  loss=0.1151  lr=3.55e-05
[16:27:38 INFO] Epoch 21/50  iter 350/743  loss=0.0791  lr=3.54e-05
[16:27:51 INFO] Epoch 21/50  iter 400/743  loss=0.1321  lr=3.54e-05
[16:28:05 INFO] Epoch 21/50  iter 450/743  loss=0.2832  lr=3.53e-05
[16:28:18 INFO] Epoch 21/50  iter 500/743  loss=0.2267  lr=3.52e-05
[16:28:31 INFO] Epoch 21/50  iter 550/743  loss=0.0974  lr=3.51e-05
[16:28:45 INFO] Epoch 21/50  iter 600/743  loss=0.1153  lr=3.50e-05
[16:28:58 INFO] Epoch 21/50  iter 650/743  loss=0.2485  lr=3.49e-05
[16:29:11 INFO] Epoch 21/50  iter 700/743  loss=0.0840  lr=3.49e-05
[16:29:23 INFO] Epoch 21 complete — avg_loss=0.1552  time=199s
[16:29:37 INFO] Epoch 22/50  iter 50/743  loss=0.1682  lr=3.47e-05
[16:29:51 INFO] Epoch 22/50  iter 100/743  loss=0.0490  lr=3.46e-05
[16:30:04 INFO] Epoch 22/50  iter 150/743  loss=0.1217  lr=3.46e-05
[16:30:17 INFO] Epoch 22/50  iter 200/743  loss=0.0715  lr=3.45e-05
[16:30:31 INFO] Epoch 22/50  iter 250/743  loss=0.1114  lr=3.44e-05
[16:30:44 INFO] Epoch 22/50  iter 300/743  loss=0.1156  lr=3.43e-05
[16:30:57 INFO] Epoch 22/50  iter 350/743  loss=0.0597  lr=3.42e-05
[16:31:11 INFO] Epoch 22/50  iter 400/743  loss=0.2069  lr=3.42e-05
[16:31:24 INFO] Epoch 22/50  iter 450/743  loss=0.2735  lr=3.41e-05
[16:31:38 INFO] Epoch 22/50  iter 500/743  loss=0.1851  lr=3.40e-05
[16:31:51 INFO] Epoch 22/50  iter 550/743  loss=0.1676  lr=3.39e-05
[16:32:04 INFO] Epoch 22/50  iter 600/743  loss=0.1037  lr=3.38e-05
[16:32:18 INFO] Epoch 22/50  iter 650/743  loss=0.2290  lr=3.37e-05
[16:32:31 INFO] Epoch 22/50  iter 700/743  loss=0.1718  lr=3.37e-05
[16:32:42 INFO] Epoch 22 complete — avg_loss=0.1455  time=199s
[16:32:57 INFO] Epoch 23/50  iter 50/743  loss=0.0908  lr=3.35e-05
[16:33:10 INFO] Epoch 23/50  iter 100/743  loss=1.4678  lr=3.34e-05
[16:33:24 INFO] Epoch 23/50  iter 150/743  loss=0.2678  lr=3.34e-05
[16:33:37 INFO] Epoch 23/50  iter 200/743  loss=0.1063  lr=3.33e-05
[16:33:50 INFO] Epoch 23/50  iter 250/743  loss=0.1370  lr=3.32e-05
[16:34:04 INFO] Epoch 23/50  iter 300/743  loss=0.4182  lr=3.31e-05
[16:34:17 INFO] Epoch 23/50  iter 350/743  loss=0.1548  lr=3.30e-05
[16:34:30 INFO] Epoch 23/50  iter 400/743  loss=0.1389  lr=3.30e-05
[16:34:44 INFO] Epoch 23/50  iter 450/743  loss=0.1466  lr=3.29e-05
[16:34:57 INFO] Epoch 23/50  iter 500/743  loss=0.0963  lr=3.28e-05
[16:35:10 INFO] Epoch 23/50  iter 550/743  loss=0.0964  lr=3.27e-05
[16:35:24 INFO] Epoch 23/50  iter 600/743  loss=0.1844  lr=3.26e-05
[16:35:37 INFO] Epoch 23/50  iter 650/743  loss=0.1218  lr=3.25e-05
[16:35:51 INFO] Epoch 23/50  iter 700/743  loss=0.1315  lr=3.25e-05
[16:36:02 INFO] Epoch 23 complete — avg_loss=0.1522  time=199s
[16:36:17 INFO] Epoch 24/50  iter 50/743  loss=0.1060  lr=3.23e-05
[16:36:30 INFO] Epoch 24/50  iter 100/743  loss=0.0897  lr=3.22e-05
[16:36:43 INFO] Epoch 24/50  iter 150/743  loss=0.1872  lr=3.22e-05
[16:36:57 INFO] Epoch 24/50  iter 200/743  loss=0.1071  lr=3.21e-05
[16:37:10 INFO] Epoch 24/50  iter 250/743  loss=0.1009  lr=3.20e-05
[16:37:23 INFO] Epoch 24/50  iter 300/743  loss=0.1222  lr=3.19e-05
[16:37:37 INFO] Epoch 24/50  iter 350/743  loss=0.0761  lr=3.18e-05
[16:37:50 INFO] Epoch 24/50  iter 400/743  loss=0.1177  lr=3.18e-05
[16:38:03 INFO] Epoch 24/50  iter 450/743  loss=0.0632  lr=3.17e-05
[16:38:17 INFO] Epoch 24/50  iter 500/743  loss=0.2278  lr=3.16e-05
[16:38:30 INFO] Epoch 24/50  iter 550/743  loss=0.7576  lr=3.15e-05
[16:38:43 INFO] Epoch 24/50  iter 600/743  loss=0.2525  lr=3.14e-05
[16:38:57 INFO] Epoch 24/50  iter 650/743  loss=0.0753  lr=3.13e-05
[16:39:10 INFO] Epoch 24/50  iter 700/743  loss=0.1447  lr=3.13e-05
[16:39:22 INFO] Epoch 24 complete — avg_loss=0.1465  time=199s
[16:39:36 INFO] Epoch 25/50  iter 50/743  loss=0.1571  lr=3.11e-05
[16:39:50 INFO] Epoch 25/50  iter 100/743  loss=0.0448  lr=3.10e-05
[16:40:03 INFO] Epoch 25/50  iter 150/743  loss=0.1753  lr=3.10e-05
[16:40:16 INFO] Epoch 25/50  iter 200/743  loss=0.1556  lr=3.09e-05
[16:40:30 INFO] Epoch 25/50  iter 250/743  loss=0.1095  lr=3.08e-05
[16:40:43 INFO] Epoch 25/50  iter 300/743  loss=0.1222  lr=3.07e-05
[16:40:56 INFO] Epoch 25/50  iter 350/743  loss=0.4047  lr=3.06e-05
[16:41:10 INFO] Epoch 25/50  iter 400/743  loss=0.1106  lr=3.06e-05
[16:41:23 INFO] Epoch 25/50  iter 450/743  loss=0.1172  lr=3.05e-05
[16:41:36 INFO] Epoch 25/50  iter 500/743  loss=0.0420  lr=3.04e-05
[16:41:50 INFO] Epoch 25/50  iter 550/743  loss=0.1341  lr=3.03e-05
[16:42:03 INFO] Epoch 25/50  iter 600/743  loss=0.1350  lr=3.02e-05
[16:42:16 INFO] Epoch 25/50  iter 650/743  loss=0.3586  lr=3.01e-05
[16:42:30 INFO] Epoch 25/50  iter 700/743  loss=0.1190  lr=3.01e-05
[16:42:41 INFO] Epoch 25 complete — avg_loss=0.1469  time=199s
[16:44:45 INFO]   val mIoU = 0.7505
[16:44:46 INFO]   ★ New best val mIoU: 0.7505
[16:45:00 INFO] Epoch 26/50  iter 50/743  loss=0.1679  lr=2.99e-05
[16:45:14 INFO] Epoch 26/50  iter 100/743  loss=0.0836  lr=2.98e-05
[16:45:27 INFO] Epoch 26/50  iter 150/743  loss=0.1366  lr=2.98e-05
[16:45:40 INFO] Epoch 26/50  iter 200/743  loss=0.1785  lr=2.97e-05
[16:45:54 INFO] Epoch 26/50  iter 250/743  loss=0.2020  lr=2.96e-05
[16:46:07 INFO] Epoch 26/50  iter 300/743  loss=0.1536  lr=2.95e-05
[16:46:21 INFO] Epoch 26/50  iter 350/743  loss=0.1694  lr=2.94e-05
[16:46:34 INFO] Epoch 26/50  iter 400/743  loss=0.1361  lr=2.94e-05
[16:46:47 INFO] Epoch 26/50  iter 450/743  loss=0.1713  lr=2.93e-05
[16:47:01 INFO] Epoch 26/50  iter 500/743  loss=0.2650  lr=2.92e-05
[16:47:14 INFO] Epoch 26/50  iter 550/743  loss=0.1436  lr=2.91e-05
[16:47:27 INFO] Epoch 26/50  iter 600/743  loss=0.1323  lr=2.90e-05
[16:47:41 INFO] Epoch 26/50  iter 650/743  loss=0.1310  lr=2.89e-05
[16:47:54 INFO] Epoch 26/50  iter 700/743  loss=0.1761  lr=2.89e-05
[16:48:06 INFO] Epoch 26 complete — avg_loss=0.1554  time=199s
[16:48:20 INFO] Epoch 27/50  iter 50/743  loss=0.1392  lr=2.87e-05
[16:48:34 INFO] Epoch 27/50  iter 100/743  loss=0.1418  lr=2.86e-05
[16:48:47 INFO] Epoch 27/50  iter 150/743  loss=0.1224  lr=2.86e-05
[16:49:00 INFO] Epoch 27/50  iter 200/743  loss=0.0851  lr=2.85e-05
[16:49:14 INFO] Epoch 27/50  iter 250/743  loss=0.1658  lr=2.84e-05
[16:49:27 INFO] Epoch 27/50  iter 300/743  loss=0.2359  lr=2.83e-05
[16:49:40 INFO] Epoch 27/50  iter 350/743  loss=0.1694  lr=2.82e-05
[16:49:54 INFO] Epoch 27/50  iter 400/743  loss=0.2469  lr=2.82e-05
[16:50:07 INFO] Epoch 27/50  iter 450/743  loss=0.0635  lr=2.81e-05
[16:50:21 INFO] Epoch 27/50  iter 500/743  loss=0.2219  lr=2.80e-05
[16:50:34 INFO] Epoch 27/50  iter 550/743  loss=0.1572  lr=2.79e-05
[16:50:47 INFO] Epoch 27/50  iter 600/743  loss=0.0932  lr=2.78e-05
[16:51:01 INFO] Epoch 27/50  iter 650/743  loss=0.2554  lr=2.77e-05
[16:51:14 INFO] Epoch 27/50  iter 700/743  loss=0.1213  lr=2.77e-05
[16:51:26 INFO] Epoch 27 complete — avg_loss=0.1411  time=199s
[16:51:40 INFO] Epoch 28/50  iter 50/743  loss=0.1275  lr=2.75e-05
[16:51:53 INFO] Epoch 28/50  iter 100/743  loss=0.1305  lr=2.74e-05
[16:52:07 INFO] Epoch 28/50  iter 150/743  loss=0.1141  lr=2.74e-05
[16:52:20 INFO] Epoch 28/50  iter 200/743  loss=0.1321  lr=2.73e-05
[16:52:33 INFO] Epoch 28/50  iter 250/743  loss=0.1259  lr=2.72e-05
[16:52:47 INFO] Epoch 28/50  iter 300/743  loss=0.2072  lr=2.71e-05
[16:53:00 INFO] Epoch 28/50  iter 350/743  loss=0.1619  lr=2.70e-05
[16:53:14 INFO] Epoch 28/50  iter 400/743  loss=0.1075  lr=2.70e-05
[16:53:27 INFO] Epoch 28/50  iter 450/743  loss=0.1091  lr=2.69e-05
[16:53:40 INFO] Epoch 28/50  iter 500/743  loss=0.1459  lr=2.68e-05
[16:53:54 INFO] Epoch 28/50  iter 550/743  loss=0.1914  lr=2.67e-05
[16:54:07 INFO] Epoch 28/50  iter 600/743  loss=0.2985  lr=2.66e-05
[16:54:20 INFO] Epoch 28/50  iter 650/743  loss=0.0788  lr=2.65e-05
[16:54:34 INFO] Epoch 28/50  iter 700/743  loss=0.1154  lr=2.65e-05
[16:54:45 INFO] Epoch 28 complete — avg_loss=0.1390  time=199s
[16:55:00 INFO] Epoch 29/50  iter 50/743  loss=0.1439  lr=2.63e-05
[16:55:13 INFO] Epoch 29/50  iter 100/743  loss=0.1603  lr=2.62e-05
[16:55:26 INFO] Epoch 29/50  iter 150/743  loss=0.1325  lr=2.62e-05
[16:55:40 INFO] Epoch 29/50  iter 200/743  loss=0.1167  lr=2.61e-05
[16:55:53 INFO] Epoch 29/50  iter 250/743  loss=0.0762  lr=2.60e-05
[16:56:06 INFO] Epoch 29/50  iter 300/743  loss=0.1461  lr=2.59e-05
[16:56:20 INFO] Epoch 29/50  iter 350/743  loss=0.1551  lr=2.58e-05
[16:56:33 INFO] Epoch 29/50  iter 400/743  loss=0.1215  lr=2.58e-05
[16:56:47 INFO] Epoch 29/50  iter 450/743  loss=0.1429  lr=2.57e-05
[16:57:00 INFO] Epoch 29/50  iter 500/743  loss=0.0682  lr=2.56e-05
[16:57:13 INFO] Epoch 29/50  iter 550/743  loss=0.1283  lr=2.55e-05
[16:57:27 INFO] Epoch 29/50  iter 600/743  loss=0.0615  lr=2.54e-05
[16:57:40 INFO] Epoch 29/50  iter 650/743  loss=0.0827  lr=2.53e-05
[16:57:53 INFO] Epoch 29/50  iter 700/743  loss=0.0913  lr=2.53e-05
[16:58:05 INFO] Epoch 29 complete — avg_loss=0.1406  time=199s
[16:58:19 INFO] Epoch 30/50  iter 50/743  loss=0.2162  lr=2.51e-05
[16:58:33 INFO] Epoch 30/50  iter 100/743  loss=0.0736  lr=2.50e-05
[16:58:46 INFO] Epoch 30/50  iter 150/743  loss=0.0363  lr=2.50e-05
[16:58:59 INFO] Epoch 30/50  iter 200/743  loss=0.0562  lr=2.49e-05
[16:59:13 INFO] Epoch 30/50  iter 250/743  loss=0.0679  lr=2.48e-05
[16:59:26 INFO] Epoch 30/50  iter 300/743  loss=0.1303  lr=2.47e-05
[16:59:40 INFO] Epoch 30/50  iter 350/743  loss=0.0709  lr=2.46e-05
[16:59:53 INFO] Epoch 30/50  iter 400/743  loss=0.1679  lr=2.46e-05
[17:00:06 INFO] Epoch 30/50  iter 450/743  loss=0.0604  lr=2.45e-05
[17:00:20 INFO] Epoch 30/50  iter 500/743  loss=0.0926  lr=2.44e-05
[17:00:33 INFO] Epoch 30/50  iter 550/743  loss=0.2074  lr=2.43e-05
[17:00:46 INFO] Epoch 30/50  iter 600/743  loss=0.0913  lr=2.42e-05
[17:01:00 INFO] Epoch 30/50  iter 650/743  loss=0.1435  lr=2.41e-05
[17:01:13 INFO] Epoch 30/50  iter 700/743  loss=0.1271  lr=2.41e-05
[17:01:25 INFO] Epoch 30 complete — avg_loss=0.1373  time=199s
[17:03:28 INFO]   val mIoU = 0.7576
[17:03:29 INFO]   ★ New best val mIoU: 0.7576
[17:03:43 INFO] Epoch 31/50  iter 50/743  loss=0.1111  lr=2.39e-05
[17:03:56 INFO] Epoch 31/50  iter 100/743  loss=0.2044  lr=2.38e-05
[17:04:10 INFO] Epoch 31/50  iter 150/743  loss=0.1476  lr=2.38e-05
[17:04:23 INFO] Epoch 31/50  iter 200/743  loss=0.5668  lr=2.37e-05
[17:04:36 INFO] Epoch 31/50  iter 250/743  loss=0.0815  lr=2.36e-05
[17:04:50 INFO] Epoch 31/50  iter 300/743  loss=0.3491  lr=2.35e-05
[17:05:03 INFO] Epoch 31/50  iter 350/743  loss=0.3016  lr=2.34e-05
[17:05:17 INFO] Epoch 31/50  iter 400/743  loss=0.0634  lr=2.34e-05
[17:05:30 INFO] Epoch 31/50  iter 450/743  loss=0.1617  lr=2.33e-05
[17:05:43 INFO] Epoch 31/50  iter 500/743  loss=0.1084  lr=2.32e-05
[17:05:57 INFO] Epoch 31/50  iter 550/743  loss=0.5114  lr=2.31e-05
[17:06:10 INFO] Epoch 31/50  iter 600/743  loss=0.0835  lr=2.30e-05
[17:06:23 INFO] Epoch 31/50  iter 650/743  loss=0.1415  lr=2.29e-05
[17:06:37 INFO] Epoch 31/50  iter 700/743  loss=0.0845  lr=2.29e-05
[17:06:48 INFO] Epoch 31 complete — avg_loss=0.1360  time=199s
[17:07:03 INFO] Epoch 32/50  iter 50/743  loss=0.1570  lr=2.27e-05
[17:07:16 INFO] Epoch 32/50  iter 100/743  loss=0.2064  lr=2.26e-05
[17:07:30 INFO] Epoch 32/50  iter 150/743  loss=0.0742  lr=2.26e-05
[17:07:43 INFO] Epoch 32/50  iter 200/743  loss=0.1064  lr=2.25e-05
[17:07:56 INFO] Epoch 32/50  iter 250/743  loss=0.1515  lr=2.24e-05
[17:08:10 INFO] Epoch 32/50  iter 300/743  loss=0.0371  lr=2.23e-05
[17:08:23 INFO] Epoch 32/50  iter 350/743  loss=0.1978  lr=2.22e-05
[17:08:36 INFO] Epoch 32/50  iter 400/743  loss=0.1096  lr=2.22e-05
[17:08:50 INFO] Epoch 32/50  iter 450/743  loss=0.0660  lr=2.21e-05
[17:09:03 INFO] Epoch 32/50  iter 500/743  loss=0.1472  lr=2.20e-05
[17:09:16 INFO] Epoch 32/50  iter 550/743  loss=0.0584  lr=2.19e-05
[17:09:30 INFO] Epoch 32/50  iter 600/743  loss=0.1094  lr=2.18e-05
[17:09:43 INFO] Epoch 32/50  iter 650/743  loss=0.1320  lr=2.17e-05
[17:09:57 INFO] Epoch 32/50  iter 700/743  loss=0.1817  lr=2.17e-05
[17:10:08 INFO] Epoch 32 complete — avg_loss=0.1386  time=199s
[17:10:23 INFO] Epoch 33/50  iter 50/743  loss=0.1495  lr=2.15e-05
[17:10:36 INFO] Epoch 33/50  iter 100/743  loss=0.0847  lr=2.14e-05
[17:10:49 INFO] Epoch 33/50  iter 150/743  loss=0.0915  lr=2.14e-05
[17:11:03 INFO] Epoch 33/50  iter 200/743  loss=0.0554  lr=2.13e-05
[17:11:16 INFO] Epoch 33/50  iter 250/743  loss=0.0571  lr=2.12e-05
[17:11:29 INFO] Epoch 33/50  iter 300/743  loss=0.1060  lr=2.11e-05
[17:11:43 INFO] Epoch 33/50  iter 350/743  loss=0.2335  lr=2.10e-05
[17:11:56 INFO] Epoch 33/50  iter 400/743  loss=0.1429  lr=2.10e-05
[17:12:09 INFO] Epoch 33/50  iter 450/743  loss=0.1525  lr=2.09e-05
[17:12:23 INFO] Epoch 33/50  iter 500/743  loss=0.0737  lr=2.08e-05
[17:12:36 INFO] Epoch 33/50  iter 550/743  loss=0.1036  lr=2.07e-05
[17:12:50 INFO] Epoch 33/50  iter 600/743  loss=0.0571  lr=2.06e-05
[17:13:03 INFO] Epoch 33/50  iter 650/743  loss=0.0952  lr=2.05e-05
[17:13:16 INFO] Epoch 33/50  iter 700/743  loss=0.0483  lr=2.05e-05
[17:13:28 INFO] Epoch 33 complete — avg_loss=0.1334  time=199s
[17:13:42 INFO] Epoch 34/50  iter 50/743  loss=0.0406  lr=2.03e-05
[17:13:56 INFO] Epoch 34/50  iter 100/743  loss=0.1448  lr=2.02e-05
[17:14:09 INFO] Epoch 34/50  iter 150/743  loss=0.1588  lr=2.02e-05
[17:14:22 INFO] Epoch 34/50  iter 200/743  loss=0.1415  lr=2.01e-05
[17:14:36 INFO] Epoch 34/50  iter 250/743  loss=0.1624  lr=2.00e-05
[17:14:49 INFO] Epoch 34/50  iter 300/743  loss=0.1708  lr=1.99e-05
[17:15:02 INFO] Epoch 34/50  iter 350/743  loss=0.1990  lr=1.98e-05
[17:15:16 INFO] Epoch 34/50  iter 400/743  loss=0.1177  lr=1.98e-05
[17:15:29 INFO] Epoch 34/50  iter 450/743  loss=0.1048  lr=1.97e-05
[17:15:43 INFO] Epoch 34/50  iter 500/743  loss=0.1324  lr=1.96e-05
[17:15:56 INFO] Epoch 34/50  iter 550/743  loss=0.1299  lr=1.95e-05
[17:16:09 INFO] Epoch 34/50  iter 600/743  loss=0.3571  lr=1.94e-05
[17:16:23 INFO] Epoch 34/50  iter 650/743  loss=0.1168  lr=1.93e-05
[17:16:36 INFO] Epoch 34/50  iter 700/743  loss=0.0681  lr=1.93e-05
[17:16:48 INFO] Epoch 34 complete — avg_loss=0.1370  time=199s
[17:17:02 INFO] Epoch 35/50  iter 50/743  loss=0.0782  lr=1.91e-05
[17:17:15 INFO] Epoch 35/50  iter 100/743  loss=0.1740  lr=1.90e-05
[17:17:29 INFO] Epoch 35/50  iter 150/743  loss=0.1388  lr=1.90e-05
[17:17:42 INFO] Epoch 35/50  iter 200/743  loss=0.1250  lr=1.89e-05
[17:17:55 INFO] Epoch 35/50  iter 250/743  loss=0.0882  lr=1.88e-05
[17:18:09 INFO] Epoch 35/50  iter 300/743  loss=0.1077  lr=1.87e-05
[17:18:22 INFO] Epoch 35/50  iter 350/743  loss=0.1024  lr=1.86e-05
[17:18:35 INFO] Epoch 35/50  iter 400/743  loss=0.0907  lr=1.86e-05
[17:18:49 INFO] Epoch 35/50  iter 450/743  loss=0.2165  lr=1.85e-05
[17:19:02 INFO] Epoch 35/50  iter 500/743  loss=0.1768  lr=1.84e-05
[17:19:15 INFO] Epoch 35/50  iter 550/743  loss=0.9123  lr=1.83e-05
[17:19:29 INFO] Epoch 35/50  iter 600/743  loss=0.1063  lr=1.82e-05
[17:19:42 INFO] Epoch 35/50  iter 650/743  loss=0.0966  lr=1.81e-05
[17:19:56 INFO] Epoch 35/50  iter 700/743  loss=0.0925  lr=1.81e-05
[17:20:07 INFO] Epoch 35 complete — avg_loss=0.1340  time=199s
[17:22:10 INFO]   val mIoU = 0.7610
[17:22:11 INFO]   ★ New best val mIoU: 0.7610
[17:22:25 INFO] Epoch 36/50  iter 50/743  loss=0.1262  lr=1.79e-05
[17:22:38 INFO] Epoch 36/50  iter 100/743  loss=0.1792  lr=1.78e-05
[17:22:52 INFO] Epoch 36/50  iter 150/743  loss=0.1168  lr=1.78e-05
[17:23:05 INFO] Epoch 36/50  iter 200/743  loss=0.0938  lr=1.77e-05
[17:23:18 INFO] Epoch 36/50  iter 250/743  loss=0.0746  lr=1.76e-05
[17:23:32 INFO] Epoch 36/50  iter 300/743  loss=0.1173  lr=1.75e-05
[17:23:45 INFO] Epoch 36/50  iter 350/743  loss=0.0668  lr=1.74e-05
[17:23:58 INFO] Epoch 36/50  iter 400/743  loss=0.0821  lr=1.74e-05
[17:24:12 INFO] Epoch 36/50  iter 450/743  loss=0.0910  lr=1.73e-05
[17:24:25 INFO] Epoch 36/50  iter 500/743  loss=0.1074  lr=1.72e-05
[17:24:38 INFO] Epoch 36/50  iter 550/743  loss=0.1142  lr=1.71e-05
[17:24:52 INFO] Epoch 36/50  iter 600/743  loss=0.0830  lr=1.70e-05
[17:25:05 INFO] Epoch 36/50  iter 650/743  loss=0.0470  lr=1.69e-05
[17:25:18 INFO] Epoch 36/50  iter 700/743  loss=0.2046  lr=1.69e-05
[17:25:30 INFO] Epoch 36 complete — avg_loss=0.1268  time=199s
[17:25:44 INFO] Epoch 37/50  iter 50/743  loss=0.0906  lr=1.67e-05
[17:25:58 INFO] Epoch 37/50  iter 100/743  loss=0.1407  lr=1.66e-05
[17:26:11 INFO] Epoch 37/50  iter 150/743  loss=0.0801  lr=1.66e-05
[17:26:24 INFO] Epoch 37/50  iter 200/743  loss=0.1594  lr=1.65e-05
[17:26:38 INFO] Epoch 37/50  iter 250/743  loss=0.0652  lr=1.64e-05
[17:26:51 INFO] Epoch 37/50  iter 300/743  loss=0.1201  lr=1.63e-05
[17:27:04 INFO] Epoch 37/50  iter 350/743  loss=0.1245  lr=1.62e-05
[17:27:18 INFO] Epoch 37/50  iter 400/743  loss=0.2658  lr=1.62e-05
[17:27:31 INFO] Epoch 37/50  iter 450/743  loss=0.0978  lr=1.61e-05
[17:27:44 INFO] Epoch 37/50  iter 500/743  loss=0.1412  lr=1.60e-05
[17:27:58 INFO] Epoch 37/50  iter 550/743  loss=0.1502  lr=1.59e-05
[17:28:11 INFO] Epoch 37/50  iter 600/743  loss=0.1171  lr=1.58e-05
[17:28:24 INFO] Epoch 37/50  iter 650/743  loss=0.1372  lr=1.57e-05
[17:28:38 INFO] Epoch 37/50  iter 700/743  loss=0.1305  lr=1.57e-05
[17:28:49 INFO] Epoch 37 complete — avg_loss=0.1301  time=199s
[17:29:04 INFO] Epoch 38/50  iter 50/743  loss=0.1622  lr=1.55e-05
[17:29:17 INFO] Epoch 38/50  iter 100/743  loss=0.0533  lr=1.54e-05
[17:29:30 INFO] Epoch 38/50  iter 150/743  loss=0.1112  lr=1.54e-05
[17:29:44 INFO] Epoch 38/50  iter 200/743  loss=0.0705  lr=1.53e-05
[17:29:57 INFO] Epoch 38/50  iter 250/743  loss=0.1130  lr=1.52e-05
[17:30:10 INFO] Epoch 38/50  iter 300/743  loss=0.1150  lr=1.51e-05
[17:30:24 INFO] Epoch 38/50  iter 350/743  loss=0.1912  lr=1.50e-05
[17:30:37 INFO] Epoch 38/50  iter 400/743  loss=0.0469  lr=1.50e-05
[17:30:51 INFO] Epoch 38/50  iter 450/743  loss=0.1531  lr=1.49e-05
[17:31:04 INFO] Epoch 38/50  iter 500/743  loss=0.2049  lr=1.48e-05
[17:31:17 INFO] Epoch 38/50  iter 550/743  loss=0.1650  lr=1.47e-05
[17:31:31 INFO] Epoch 38/50  iter 600/743  loss=0.1494  lr=1.46e-05
[17:31:44 INFO] Epoch 38/50  iter 650/743  loss=0.0931  lr=1.45e-05
[17:31:57 INFO] Epoch 38/50  iter 700/743  loss=0.0804  lr=1.45e-05
[17:32:09 INFO] Epoch 38 complete — avg_loss=0.1275  time=199s
[17:32:23 INFO] Epoch 39/50  iter 50/743  loss=0.0641  lr=1.43e-05
[17:32:37 INFO] Epoch 39/50  iter 100/743  loss=0.0553  lr=1.42e-05
[17:32:50 INFO] Epoch 39/50  iter 150/743  loss=0.0800  lr=1.42e-05
[17:33:03 INFO] Epoch 39/50  iter 200/743  loss=0.8407  lr=1.41e-05
[17:33:17 INFO] Epoch 39/50  iter 250/743  loss=0.1255  lr=1.40e-05
[17:33:30 INFO] Epoch 39/50  iter 300/743  loss=0.0974  lr=1.39e-05
[17:33:43 INFO] Epoch 39/50  iter 350/743  loss=0.1968  lr=1.38e-05
[17:33:57 INFO] Epoch 39/50  iter 400/743  loss=0.1250  lr=1.38e-05
[17:34:10 INFO] Epoch 39/50  iter 450/743  loss=0.1845  lr=1.37e-05
[17:34:23 INFO] Epoch 39/50  iter 500/743  loss=0.0937  lr=1.36e-05
[17:34:37 INFO] Epoch 39/50  iter 550/743  loss=0.1072  lr=1.35e-05
[17:34:50 INFO] Epoch 39/50  iter 600/743  loss=0.2919  lr=1.34e-05
[17:35:03 INFO] Epoch 39/50  iter 650/743  loss=0.1325  lr=1.33e-05
[17:35:17 INFO] Epoch 39/50  iter 700/743  loss=0.0847  lr=1.33e-05
[17:35:28 INFO] Epoch 39 complete — avg_loss=0.1307  time=199s
[17:35:43 INFO] Epoch 40/50  iter 50/743  loss=0.1203  lr=1.31e-05
[17:35:56 INFO] Epoch 40/50  iter 100/743  loss=0.1226  lr=1.30e-05
[17:36:10 INFO] Epoch 40/50  iter 150/743  loss=0.0491  lr=1.30e-05
[17:36:23 INFO] Epoch 40/50  iter 200/743  loss=0.1028  lr=1.29e-05
[17:36:36 INFO] Epoch 40/50  iter 250/743  loss=0.1545  lr=1.28e-05
[17:36:50 INFO] Epoch 40/50  iter 300/743  loss=0.1264  lr=1.27e-05
[17:37:03 INFO] Epoch 40/50  iter 350/743  loss=0.2811  lr=1.26e-05
[17:37:16 INFO] Epoch 40/50  iter 400/743  loss=0.1148  lr=1.26e-05
[17:37:30 INFO] Epoch 40/50  iter 450/743  loss=0.1182  lr=1.25e-05
[17:37:43 INFO] Epoch 40/50  iter 500/743  loss=0.1846  lr=1.24e-05
[17:37:56 INFO] Epoch 40/50  iter 550/743  loss=0.1852  lr=1.23e-05
[17:38:10 INFO] Epoch 40/50  iter 600/743  loss=0.1840  lr=1.22e-05
[17:38:23 INFO] Epoch 40/50  iter 650/743  loss=0.1577  lr=1.21e-05
[17:38:36 INFO] Epoch 40/50  iter 700/743  loss=0.0710  lr=1.21e-05
[17:38:48 INFO] Epoch 40 complete — avg_loss=0.1255  time=199s
[17:40:52 INFO]   val mIoU = 0.7622
[17:40:52 INFO]   ★ New best val mIoU: 0.7622
[17:41:07 INFO] Epoch 41/50  iter 50/743  loss=0.1036  lr=1.19e-05
[17:41:20 INFO] Epoch 41/50  iter 100/743  loss=0.0949  lr=1.18e-05
[17:41:33 INFO] Epoch 41/50  iter 150/743  loss=0.0677  lr=1.18e-05
[17:41:47 INFO] Epoch 41/50  iter 200/743  loss=0.0596  lr=1.17e-05
[17:42:00 INFO] Epoch 41/50  iter 250/743  loss=0.1253  lr=1.16e-05
[17:42:13 INFO] Epoch 41/50  iter 300/743  loss=0.0750  lr=1.15e-05
[17:42:27 INFO] Epoch 41/50  iter 350/743  loss=0.0838  lr=1.14e-05
[17:42:40 INFO] Epoch 41/50  iter 400/743  loss=0.1229  lr=1.14e-05
[17:42:53 INFO] Epoch 41/50  iter 450/743  loss=0.1408  lr=1.13e-05
[17:43:07 INFO] Epoch 41/50  iter 500/743  loss=0.0691  lr=1.12e-05
[17:43:20 INFO] Epoch 41/50  iter 550/743  loss=0.0599  lr=1.11e-05
[17:43:33 INFO] Epoch 41/50  iter 600/743  loss=0.0934  lr=1.10e-05
[17:43:47 INFO] Epoch 41/50  iter 650/743  loss=0.1769  lr=1.09e-05
[17:44:00 INFO] Epoch 41/50  iter 700/743  loss=0.0817  lr=1.09e-05
[17:44:11 INFO] Epoch 41 complete — avg_loss=0.1223  time=199s
[17:44:26 INFO] Epoch 42/50  iter 50/743  loss=0.0965  lr=1.07e-05
[17:44:39 INFO] Epoch 42/50  iter 100/743  loss=0.1142  lr=1.06e-05
[17:44:53 INFO] Epoch 42/50  iter 150/743  loss=0.1450  lr=1.06e-05
[17:45:06 INFO] Epoch 42/50  iter 200/743  loss=0.1371  lr=1.05e-05
[17:45:19 INFO] Epoch 42/50  iter 250/743  loss=0.0598  lr=1.04e-05
[17:45:33 INFO] Epoch 42/50  iter 300/743  loss=0.1719  lr=1.03e-05
[17:45:46 INFO] Epoch 42/50  iter 350/743  loss=0.1105  lr=1.02e-05
[17:45:59 INFO] Epoch 42/50  iter 400/743  loss=0.0888  lr=1.02e-05
[17:46:13 INFO] Epoch 42/50  iter 450/743  loss=0.0775  lr=1.01e-05
[17:46:26 INFO] Epoch 42/50  iter 500/743  loss=0.0840  lr=9.99e-06
[17:46:39 INFO] Epoch 42/50  iter 550/743  loss=0.0911  lr=9.91e-06
[17:46:53 INFO] Epoch 42/50  iter 600/743  loss=0.1240  lr=9.83e-06
[17:47:06 INFO] Epoch 42/50  iter 650/743  loss=0.0851  lr=9.75e-06
[17:47:19 INFO] Epoch 42/50  iter 700/743  loss=0.1253  lr=9.67e-06
[17:47:31 INFO] Epoch 42 complete — avg_loss=0.1209  time=199s
[17:47:45 INFO] Epoch 43/50  iter 50/743  loss=0.0504  lr=9.52e-06
[17:47:59 INFO] Epoch 43/50  iter 100/743  loss=0.1797  lr=9.44e-06
[17:48:12 INFO] Epoch 43/50  iter 150/743  loss=0.1509  lr=9.36e-06
[17:48:26 INFO] Epoch 43/50  iter 200/743  loss=0.0697  lr=9.28e-06
[17:48:39 INFO] Epoch 43/50  iter 250/743  loss=0.0826  lr=9.19e-06
[17:48:52 INFO] Epoch 43/50  iter 300/743  loss=0.1035  lr=9.11e-06
[17:49:06 INFO] Epoch 43/50  iter 350/743  loss=0.1023  lr=9.03e-06
[17:49:19 INFO] Epoch 43/50  iter 400/743  loss=0.0951  lr=8.95e-06
[17:49:32 INFO] Epoch 43/50  iter 450/743  loss=0.0926  lr=8.87e-06
[17:49:46 INFO] Epoch 43/50  iter 500/743  loss=0.0693  lr=8.79e-06
[17:49:59 INFO] Epoch 43/50  iter 550/743  loss=0.1072  lr=8.71e-06
[17:50:12 INFO] Epoch 43/50  iter 600/743  loss=0.0603  lr=8.63e-06
[17:50:26 INFO] Epoch 43/50  iter 650/743  loss=0.1803  lr=8.55e-06
[17:50:39 INFO] Epoch 43/50  iter 700/743  loss=0.0661  lr=8.47e-06
[17:50:51 INFO] Epoch 43 complete — avg_loss=0.1266  time=199s
[17:51:05 INFO] Epoch 44/50  iter 50/743  loss=0.0826  lr=8.32e-06
[17:51:18 INFO] Epoch 44/50  iter 100/743  loss=0.1355  lr=8.24e-06
[17:51:32 INFO] Epoch 44/50  iter 150/743  loss=0.1182  lr=8.16e-06
[17:51:45 INFO] Epoch 44/50  iter 200/743  loss=0.1118  lr=8.08e-06
[17:51:58 INFO] Epoch 44/50  iter 250/743  loss=0.0881  lr=7.99e-06
[17:52:12 INFO] Epoch 44/50  iter 300/743  loss=0.1013  lr=7.91e-06
[17:52:25 INFO] Epoch 44/50  iter 350/743  loss=0.0837  lr=7.83e-06
[17:52:38 INFO] Epoch 44/50  iter 400/743  loss=0.1799  lr=7.75e-06
[17:52:52 INFO] Epoch 44/50  iter 450/743  loss=0.0889  lr=7.67e-06
[17:53:05 INFO] Epoch 44/50  iter 500/743  loss=0.1177  lr=7.59e-06
[17:53:19 INFO] Epoch 44/50  iter 550/743  loss=0.1677  lr=7.51e-06
[17:53:32 INFO] Epoch 44/50  iter 600/743  loss=0.1234  lr=7.43e-06
[17:53:45 INFO] Epoch 44/50  iter 650/743  loss=0.1157  lr=7.35e-06
[17:53:59 INFO] Epoch 44/50  iter 700/743  loss=0.0755  lr=7.27e-06
[17:54:10 INFO] Epoch 44 complete — avg_loss=0.1210  time=199s
[17:54:25 INFO] Epoch 45/50  iter 50/743  loss=0.0371  lr=7.12e-06
[17:54:38 INFO] Epoch 45/50  iter 100/743  loss=0.1203  lr=7.04e-06
[17:54:51 INFO] Epoch 45/50  iter 150/743  loss=0.1057  lr=6.96e-06
[17:55:05 INFO] Epoch 45/50  iter 200/743  loss=0.1432  lr=6.88e-06
[17:55:18 INFO] Epoch 45/50  iter 250/743  loss=0.1166  lr=6.79e-06
[17:55:31 INFO] Epoch 45/50  iter 300/743  loss=0.1410  lr=6.71e-06
[17:55:45 INFO] Epoch 45/50  iter 350/743  loss=0.0971  lr=6.63e-06
[17:55:58 INFO] Epoch 45/50  iter 400/743  loss=0.1654  lr=6.55e-06
[17:56:11 INFO] Epoch 45/50  iter 450/743  loss=0.0731  lr=6.47e-06
[17:56:25 INFO] Epoch 45/50  iter 500/743  loss=0.1332  lr=6.39e-06
[17:56:38 INFO] Epoch 45/50  iter 550/743  loss=0.3974  lr=6.31e-06
[17:56:51 INFO] Epoch 45/50  iter 600/743  loss=0.1475  lr=6.23e-06
[17:57:05 INFO] Epoch 45/50  iter 650/743  loss=0.0857  lr=6.15e-06
[17:57:18 INFO] Epoch 45/50  iter 700/743  loss=0.0918  lr=6.07e-06
[17:57:30 INFO] Epoch 45 complete — avg_loss=0.1191  time=199s
[17:59:33 INFO]   val mIoU = 0.7681
[17:59:34 INFO]   ★ New best val mIoU: 0.7681
[17:59:48 INFO] Epoch 46/50  iter 50/743  loss=0.1083  lr=5.92e-06
[18:00:01 INFO] Epoch 46/50  iter 100/743  loss=0.0857  lr=5.84e-06
[18:00:15 INFO] Epoch 46/50  iter 150/743  loss=0.1640  lr=5.76e-06
[18:00:28 INFO] Epoch 46/50  iter 200/743  loss=0.0983  lr=5.68e-06
[18:00:41 INFO] Epoch 46/50  iter 250/743  loss=0.1526  lr=5.59e-06
[18:00:55 INFO] Epoch 46/50  iter 300/743  loss=0.1208  lr=5.51e-06
[18:01:08 INFO] Epoch 46/50  iter 350/743  loss=0.1385  lr=5.43e-06
[18:01:21 INFO] Epoch 46/50  iter 400/743  loss=0.1417  lr=5.35e-06
[18:01:35 INFO] Epoch 46/50  iter 450/743  loss=0.0762  lr=5.27e-06
[18:01:48 INFO] Epoch 46/50  iter 500/743  loss=0.0524  lr=5.19e-06
[18:02:01 INFO] Epoch 46/50  iter 550/743  loss=0.2785  lr=5.11e-06
[18:02:15 INFO] Epoch 46/50  iter 600/743  loss=0.1242  lr=5.03e-06
[18:02:28 INFO] Epoch 46/50  iter 650/743  loss=0.2055  lr=4.95e-06
[18:02:41 INFO] Epoch 46/50  iter 700/743  loss=0.0639  lr=4.87e-06
[18:02:53 INFO] Epoch 46 complete — avg_loss=0.1213  time=199s
[18:03:07 INFO] Epoch 47/50  iter 50/743  loss=0.1417  lr=4.72e-06
[18:03:21 INFO] Epoch 47/50  iter 100/743  loss=0.0663  lr=4.64e-06
[18:03:34 INFO] Epoch 47/50  iter 150/743  loss=0.0863  lr=4.56e-06
[18:03:47 INFO] Epoch 47/50  iter 200/743  loss=0.1135  lr=4.48e-06
[18:04:01 INFO] Epoch 47/50  iter 250/743  loss=0.0834  lr=4.39e-06
[18:04:14 INFO] Epoch 47/50  iter 300/743  loss=0.1076  lr=4.31e-06
[18:04:28 INFO] Epoch 47/50  iter 350/743  loss=0.1155  lr=4.23e-06
[18:04:41 INFO] Epoch 47/50  iter 400/743  loss=0.1010  lr=4.15e-06
[18:04:54 INFO] Epoch 47/50  iter 450/743  loss=0.1441  lr=4.07e-06
[18:05:08 INFO] Epoch 47/50  iter 500/743  loss=0.1144  lr=3.99e-06
[18:05:21 INFO] Epoch 47/50  iter 550/743  loss=0.1266  lr=3.91e-06
[18:05:34 INFO] Epoch 47/50  iter 600/743  loss=0.2579  lr=3.83e-06
[18:05:48 INFO] Epoch 47/50  iter 650/743  loss=0.0764  lr=3.75e-06
[18:06:01 INFO] Epoch 47/50  iter 700/743  loss=0.0940  lr=3.67e-06
[18:06:12 INFO] Epoch 47 complete — avg_loss=0.1193  time=199s
[18:06:27 INFO] Epoch 48/50  iter 50/743  loss=0.0780  lr=3.52e-06
[18:06:40 INFO] Epoch 48/50  iter 100/743  loss=0.0556  lr=3.44e-06
[18:06:54 INFO] Epoch 48/50  iter 150/743  loss=0.1158  lr=3.36e-06
[18:07:07 INFO] Epoch 48/50  iter 200/743  loss=0.2281  lr=3.28e-06
[18:07:20 INFO] Epoch 48/50  iter 250/743  loss=0.0751  lr=3.19e-06
[18:07:34 INFO] Epoch 48/50  iter 300/743  loss=0.0721  lr=3.11e-06
[18:07:47 INFO] Epoch 48/50  iter 350/743  loss=0.1492  lr=3.03e-06
[18:08:00 INFO] Epoch 48/50  iter 400/743  loss=0.1877  lr=2.95e-06
[18:08:14 INFO] Epoch 48/50  iter 450/743  loss=0.0935  lr=2.87e-06
[18:08:27 INFO] Epoch 48/50  iter 500/743  loss=0.0578  lr=2.79e-06
[18:08:41 INFO] Epoch 48/50  iter 550/743  loss=0.1056  lr=2.71e-06
[18:08:54 INFO] Epoch 48/50  iter 600/743  loss=0.1362  lr=2.63e-06
[18:09:07 INFO] Epoch 48/50  iter 650/743  loss=0.0965  lr=2.55e-06
[18:09:21 INFO] Epoch 48/50  iter 700/743  loss=0.1578  lr=2.47e-06
[18:09:32 INFO] Epoch 48 complete — avg_loss=0.1190  time=199s
[18:09:47 INFO] Epoch 49/50  iter 50/743  loss=0.1017  lr=2.32e-06
[18:10:00 INFO] Epoch 49/50  iter 100/743  loss=0.1286  lr=2.24e-06
[18:10:13 INFO] Epoch 49/50  iter 150/743  loss=0.1320  lr=2.16e-06
[18:10:27 INFO] Epoch 49/50  iter 200/743  loss=0.1231  lr=2.08e-06
[18:10:40 INFO] Epoch 49/50  iter 250/743  loss=0.1549  lr=1.99e-06
[18:10:53 INFO] Epoch 49/50  iter 300/743  loss=0.1074  lr=1.91e-06
[18:11:07 INFO] Epoch 49/50  iter 350/743  loss=0.1516  lr=1.83e-06
[18:11:20 INFO] Epoch 49/50  iter 400/743  loss=0.0735  lr=1.75e-06
[18:11:34 INFO] Epoch 49/50  iter 450/743  loss=0.0743  lr=1.67e-06
[18:11:47 INFO] Epoch 49/50  iter 500/743  loss=0.0737  lr=1.59e-06
[18:12:00 INFO] Epoch 49/50  iter 550/743  loss=0.1572  lr=1.51e-06
[18:12:14 INFO] Epoch 49/50  iter 600/743  loss=0.0660  lr=1.43e-06
[18:12:27 INFO] Epoch 49/50  iter 650/743  loss=0.1045  lr=1.35e-06
[18:12:40 INFO] Epoch 49/50  iter 700/743  loss=0.1008  lr=1.27e-06
[18:12:52 INFO] Epoch 49 complete — avg_loss=0.1179  time=199s
[18:13:06 INFO] Epoch 50/50  iter 50/743  loss=0.0964  lr=1.12e-06
[18:13:20 INFO] Epoch 50/50  iter 100/743  loss=0.1573  lr=1.04e-06
[18:13:33 INFO] Epoch 50/50  iter 150/743  loss=0.0473  lr=9.56e-07
[18:13:46 INFO] Epoch 50/50  iter 200/743  loss=0.1297  lr=8.75e-07
[18:14:00 INFO] Epoch 50/50  iter 250/743  loss=0.0766  lr=7.95e-07
[18:14:13 INFO] Epoch 50/50  iter 300/743  loss=0.0828  lr=7.14e-07
[18:14:26 INFO] Epoch 50/50  iter 350/743  loss=0.1543  lr=6.33e-07
[18:14:40 INFO] Epoch 50/50  iter 400/743  loss=0.0991  lr=5.52e-07
[18:14:53 INFO] Epoch 50/50  iter 450/743  loss=0.0792  lr=4.72e-07
[18:15:07 INFO] Epoch 50/50  iter 500/743  loss=0.1116  lr=3.91e-07
[18:15:20 INFO] Epoch 50/50  iter 550/743  loss=0.1035  lr=3.10e-07
[18:15:33 INFO] Epoch 50/50  iter 600/743  loss=0.0731  lr=2.29e-07
[18:15:47 INFO] Epoch 50/50  iter 650/743  loss=0.1135  lr=1.49e-07
[18:16:00 INFO] Epoch 50/50  iter 700/743  loss=0.1557  lr=6.78e-08
[18:16:11 INFO] Epoch 50 complete — avg_loss=0.1235  time=199s
[18:18:15 INFO]   val mIoU = 0.7727
[18:18:16 INFO]   ★ New best val mIoU: 0.7727
[18:18:17 INFO] Training complete. Best val mIoU = 0.7727
>>> Evaluating: depthaware_b0005_p50_mitb2
[18:18:30 INFO] Device: cuda
/home/taah3149/Documents/Group_Studies/fog-augmentation/src/models.py:74: FutureWarning: You are using `torch.load` with `weights_only=False` (the current default value), which uses the default pickle module implicitly. It is possible to construct malicious pickle data which will execute arbitrary code during unpickling (See https://github.com/pytorch/pytorch/blob/main/SECURITY.md#untrusted-models for more details). In a future release, the default value for `weights_only` will be flipped to `True`. This limits the functions that could be executed during unpickling. Arbitrary objects will no longer be allowed to be loaded via this mode unless they are explicitly allowlisted by the user via `torch.serialization.add_safe_globals`. We recommend you start setting `weights_only=True` for any use case where you don't have full control of the loaded file. Please open an issue on GitHub for any issues related to this experimental feature.
  state = torch.load(str(checkpoint), map_location="cpu")
Model backend: smp (encoder=mit_b2, architecture=fpn)
Loaded checkpoint: results/depthaware_b0005_p50_mitb2/best.pth
[18:18:34 INFO] ACDC fog val: 100 samples
[18:18:59 INFO]   100/100 processed
[18:18:59 INFO] mIoU = 0.5026
[18:18:59 INFO]   road                 0.8742
[18:18:59 INFO]   sidewalk             0.6136
[18:18:59 INFO]   building             0.5986
[18:18:59 INFO]   wall                 0.2428
[18:18:59 INFO]   fence                0.2431
[18:18:59 INFO]   pole                 0.3432
[18:18:59 INFO]   traffic light        0.6382
[18:18:59 INFO]   traffic sign         0.5577
[18:18:59 INFO]   vegetation           0.7898
[18:18:59 INFO]   terrain              0.5211
[18:18:59 INFO]   sky                  0.8681
[18:18:59 INFO]   person               0.3449
[18:18:59 INFO]   rider                0.4942
[18:18:59 INFO]   car                  0.7153
[18:18:59 INFO]   truck                0.3256
[18:18:59 INFO]   bus                  0.5201
[18:18:59 INFO]   train                0.3266
[18:18:59 INFO]   motorcycle           0.0452
[18:18:59 INFO]   bicycle              0.4871
[18:18:59 INFO] Results saved → results/depthaware_b0005_p50_mitb2/acdc_eval.json
>>> Done: depthaware_b0005_p50_mitb2

>>> Training (fresh start): depthaware_b0005_p70_mitb2
[18:19:05 INFO] Device: cuda
Model backend: smp (encoder=mit_b2, architecture=fpn)
[18:19:07 INFO] Using fog cache: data/fog_cache/depthaware_b0005
[18:19:07 INFO] fog_prob: 0.7
[18:19:09 INFO] Train: 2975 samples  |  Val: 500 samples
[18:19:23 INFO] Epoch 1/50  iter 50/743  loss=1.9268  lr=5.99e-05
[18:19:36 INFO] Epoch 1/50  iter 100/743  loss=0.8817  lr=5.98e-05
[18:19:50 INFO] Epoch 1/50  iter 150/743  loss=0.6257  lr=5.98e-05
[18:20:03 INFO] Epoch 1/50  iter 200/743  loss=0.6726  lr=5.97e-05
[18:20:16 INFO] Epoch 1/50  iter 250/743  loss=0.5922  lr=5.96e-05
[18:20:30 INFO] Epoch 1/50  iter 300/743  loss=0.2804  lr=5.95e-05
[18:20:43 INFO] Epoch 1/50  iter 350/743  loss=0.8621  lr=5.94e-05
[18:20:57 INFO] Epoch 1/50  iter 400/743  loss=0.4772  lr=5.94e-05
[18:21:10 INFO] Epoch 1/50  iter 450/743  loss=0.4291  lr=5.93e-05
[18:21:24 INFO] Epoch 1/50  iter 500/743  loss=0.2341  lr=5.92e-05
[18:21:37 INFO] Epoch 1/50  iter 550/743  loss=1.0176  lr=5.91e-05
[18:21:50 INFO] Epoch 1/50  iter 600/743  loss=0.2229  lr=5.90e-05
[18:22:04 INFO] Epoch 1/50  iter 650/743  loss=0.3129  lr=5.89e-05
[18:22:17 INFO] Epoch 1/50  iter 700/743  loss=0.5221  lr=5.89e-05
[18:22:29 INFO] Epoch 1 complete — avg_loss=0.6605  time=200s
[18:22:43 INFO] Epoch 2/50  iter 50/743  loss=0.3190  lr=5.87e-05
[18:22:57 INFO] Epoch 2/50  iter 100/743  loss=0.2697  lr=5.86e-05
[18:23:10 INFO] Epoch 2/50  iter 150/743  loss=0.1912  lr=5.86e-05
[18:23:23 INFO] Epoch 2/50  iter 200/743  loss=0.5523  lr=5.85e-05
[18:23:37 INFO] Epoch 2/50  iter 250/743  loss=0.2905  lr=5.84e-05
[18:23:50 INFO] Epoch 2/50  iter 300/743  loss=0.2058  lr=5.83e-05
[18:24:04 INFO] Epoch 2/50  iter 350/743  loss=0.1957  lr=5.82e-05
[18:24:17 INFO] Epoch 2/50  iter 400/743  loss=0.2587  lr=5.82e-05
[18:24:30 INFO] Epoch 2/50  iter 450/743  loss=0.6619  lr=5.81e-05
[18:24:44 INFO] Epoch 2/50  iter 500/743  loss=0.3132  lr=5.80e-05
[18:24:57 INFO] Epoch 2/50  iter 550/743  loss=0.2834  lr=5.79e-05
[18:25:10 INFO] Epoch 2/50  iter 600/743  loss=0.4422  lr=5.78e-05
[18:25:24 INFO] Epoch 2/50  iter 650/743  loss=0.2374  lr=5.77e-05
[18:25:37 INFO] Epoch 2/50  iter 700/743  loss=0.4487  lr=5.77e-05
[18:25:49 INFO] Epoch 2 complete — avg_loss=0.3435  time=199s
[18:26:03 INFO] Epoch 3/50  iter 50/743  loss=0.3159  lr=5.75e-05
[18:26:17 INFO] Epoch 3/50  iter 100/743  loss=0.2657  lr=5.74e-05
[18:26:30 INFO] Epoch 3/50  iter 150/743  loss=0.3280  lr=5.74e-05
[18:26:43 INFO] Epoch 3/50  iter 200/743  loss=0.2247  lr=5.73e-05
[18:26:57 INFO] Epoch 3/50  iter 250/743  loss=0.3502  lr=5.72e-05
[18:27:10 INFO] Epoch 3/50  iter 300/743  loss=1.0265  lr=5.71e-05
[18:27:23 INFO] Epoch 3/50  iter 350/743  loss=0.1097  lr=5.70e-05
[18:27:37 INFO] Epoch 3/50  iter 400/743  loss=0.4687  lr=5.70e-05
[18:27:50 INFO] Epoch 3/50  iter 450/743  loss=0.4346  lr=5.69e-05
[18:28:04 INFO] Epoch 3/50  iter 500/743  loss=0.1605  lr=5.68e-05
[18:28:17 INFO] Epoch 3/50  iter 550/743  loss=0.2601  lr=5.67e-05
[18:28:30 INFO] Epoch 3/50  iter 600/743  loss=0.2720  lr=5.66e-05
[18:28:44 INFO] Epoch 3/50  iter 650/743  loss=0.1901  lr=5.65e-05
[18:28:57 INFO] Epoch 3/50  iter 700/743  loss=0.1501  lr=5.65e-05
[18:29:09 INFO] Epoch 3 complete — avg_loss=0.2781  time=199s
[18:29:23 INFO] Epoch 4/50  iter 50/743  loss=0.1683  lr=5.63e-05
[18:29:36 INFO] Epoch 4/50  iter 100/743  loss=0.1766  lr=5.62e-05
[18:29:50 INFO] Epoch 4/50  iter 150/743  loss=0.7511  lr=5.62e-05
[18:30:03 INFO] Epoch 4/50  iter 200/743  loss=0.2411  lr=5.61e-05
[18:30:16 INFO] Epoch 4/50  iter 250/743  loss=0.2764  lr=5.60e-05
[18:30:30 INFO] Epoch 4/50  iter 300/743  loss=0.1912  lr=5.59e-05
[18:30:43 INFO] Epoch 4/50  iter 350/743  loss=0.0389  lr=5.58e-05
[18:30:57 INFO] Epoch 4/50  iter 400/743  loss=0.1071  lr=5.58e-05
[18:31:10 INFO] Epoch 4/50  iter 450/743  loss=0.0737  lr=5.57e-05
[18:31:23 INFO] Epoch 4/50  iter 500/743  loss=0.1994  lr=5.56e-05
[18:31:37 INFO] Epoch 4/50  iter 550/743  loss=0.2751  lr=5.55e-05
[18:31:50 INFO] Epoch 4/50  iter 600/743  loss=0.2826  lr=5.54e-05
[18:32:03 INFO] Epoch 4/50  iter 650/743  loss=0.2005  lr=5.53e-05
[18:32:17 INFO] Epoch 4/50  iter 700/743  loss=0.1303  lr=5.53e-05
[18:32:28 INFO] Epoch 4 complete — avg_loss=0.2644  time=199s
[18:32:43 INFO] Epoch 5/50  iter 50/743  loss=0.1345  lr=5.51e-05
[18:32:56 INFO] Epoch 5/50  iter 100/743  loss=0.1669  lr=5.50e-05
[18:33:09 INFO] Epoch 5/50  iter 150/743  loss=0.2189  lr=5.50e-05
[18:33:23 INFO] Epoch 5/50  iter 200/743  loss=0.1636  lr=5.49e-05
[18:33:36 INFO] Epoch 5/50  iter 250/743  loss=0.2017  lr=5.48e-05
[18:33:49 INFO] Epoch 5/50  iter 300/743  loss=0.9856  lr=5.47e-05
[18:34:03 INFO] Epoch 5/50  iter 350/743  loss=0.2614  lr=5.46e-05
[18:34:16 INFO] Epoch 5/50  iter 400/743  loss=0.2371  lr=5.46e-05
[18:34:29 INFO] Epoch 5/50  iter 450/743  loss=0.1761  lr=5.45e-05
[18:34:43 INFO] Epoch 5/50  iter 500/743  loss=0.2972  lr=5.44e-05
[18:34:56 INFO] Epoch 5/50  iter 550/743  loss=0.0764  lr=5.43e-05
[18:35:10 INFO] Epoch 5/50  iter 600/743  loss=0.0204  lr=5.42e-05
[18:35:23 INFO] Epoch 5/50  iter 650/743  loss=0.3560  lr=5.41e-05
[18:35:36 INFO] Epoch 5/50  iter 700/743  loss=0.1277  lr=5.41e-05
[18:35:48 INFO] Epoch 5 complete — avg_loss=0.2462  time=199s
[18:37:40 INFO]   val mIoU = 0.6353
[18:37:41 INFO]   ★ New best val mIoU: 0.6353
[18:37:55 INFO] Epoch 6/50  iter 50/743  loss=0.3227  lr=5.39e-05
[18:38:08 INFO] Epoch 6/50  iter 100/743  loss=0.0502  lr=5.38e-05
[18:38:22 INFO] Epoch 6/50  iter 150/743  loss=0.2834  lr=5.38e-05
[18:38:35 INFO] Epoch 6/50  iter 200/743  loss=0.1132  lr=5.37e-05
[18:38:48 INFO] Epoch 6/50  iter 250/743  loss=0.3180  lr=5.36e-05
[18:39:02 INFO] Epoch 6/50  iter 300/743  loss=0.2454  lr=5.35e-05
[18:39:15 INFO] Epoch 6/50  iter 350/743  loss=0.1073  lr=5.34e-05
[18:39:29 INFO] Epoch 6/50  iter 400/743  loss=0.1022  lr=5.34e-05
[18:39:42 INFO] Epoch 6/50  iter 450/743  loss=0.2109  lr=5.33e-05
[18:39:55 INFO] Epoch 6/50  iter 500/743  loss=0.1291  lr=5.32e-05
[18:40:09 INFO] Epoch 6/50  iter 550/743  loss=0.2262  lr=5.31e-05
[18:40:22 INFO] Epoch 6/50  iter 600/743  loss=0.1551  lr=5.30e-05
[18:40:35 INFO] Epoch 6/50  iter 650/743  loss=0.5531  lr=5.29e-05
[18:40:49 INFO] Epoch 6/50  iter 700/743  loss=0.2620  lr=5.29e-05
[18:41:00 INFO] Epoch 6 complete — avg_loss=0.2273  time=199s
[18:41:15 INFO] Epoch 7/50  iter 50/743  loss=0.2002  lr=5.27e-05
[18:41:28 INFO] Epoch 7/50  iter 100/743  loss=0.1208  lr=5.26e-05
[18:41:41 INFO] Epoch 7/50  iter 150/743  loss=0.2942  lr=5.26e-05
[18:41:55 INFO] Epoch 7/50  iter 200/743  loss=0.4733  lr=5.25e-05
[18:42:08 INFO] Epoch 7/50  iter 250/743  loss=0.2495  lr=5.24e-05
[18:42:21 INFO] Epoch 7/50  iter 300/743  loss=0.1566  lr=5.23e-05
[18:42:35 INFO] Epoch 7/50  iter 350/743  loss=0.1959  lr=5.22e-05
[18:42:48 INFO] Epoch 7/50  iter 400/743  loss=0.1103  lr=5.22e-05
[18:43:02 INFO] Epoch 7/50  iter 450/743  loss=0.6208  lr=5.21e-05
[18:43:15 INFO] Epoch 7/50  iter 500/743  loss=0.2810  lr=5.20e-05
[18:43:28 INFO] Epoch 7/50  iter 550/743  loss=0.2055  lr=5.19e-05
[18:43:42 INFO] Epoch 7/50  iter 600/743  loss=0.4873  lr=5.18e-05
[18:43:55 INFO] Epoch 7/50  iter 650/743  loss=0.0271  lr=5.17e-05
[18:44:08 INFO] Epoch 7/50  iter 700/743  loss=0.2433  lr=5.17e-05
[18:44:20 INFO] Epoch 7 complete — avg_loss=0.2167  time=199s
[18:44:35 INFO] Epoch 8/50  iter 50/743  loss=0.1736  lr=5.15e-05
[18:44:48 INFO] Epoch 8/50  iter 100/743  loss=0.2356  lr=5.14e-05
[18:45:01 INFO] Epoch 8/50  iter 150/743  loss=0.0874  lr=5.14e-05
[18:45:15 INFO] Epoch 8/50  iter 200/743  loss=0.1457  lr=5.13e-05
[18:45:28 INFO] Epoch 8/50  iter 250/743  loss=0.1874  lr=5.12e-05
[18:45:41 INFO] Epoch 8/50  iter 300/743  loss=0.2420  lr=5.11e-05
[18:45:55 INFO] Epoch 8/50  iter 350/743  loss=0.1830  lr=5.10e-05
[18:46:08 INFO] Epoch 8/50  iter 400/743  loss=0.3038  lr=5.10e-05
[18:46:22 INFO] Epoch 8/50  iter 450/743  loss=0.1082  lr=5.09e-05
[18:46:35 INFO] Epoch 8/50  iter 500/743  loss=0.1312  lr=5.08e-05
[18:46:48 INFO] Epoch 8/50  iter 550/743  loss=0.2040  lr=5.07e-05
[18:47:02 INFO] Epoch 8/50  iter 600/743  loss=0.0702  lr=5.06e-05
[18:47:15 INFO] Epoch 8/50  iter 650/743  loss=0.2162  lr=5.05e-05
[18:47:29 INFO] Epoch 8/50  iter 700/743  loss=0.0664  lr=5.05e-05
[18:47:40 INFO] Epoch 8 complete — avg_loss=0.2156  time=199s
[18:47:55 INFO] Epoch 9/50  iter 50/743  loss=0.1736  lr=5.03e-05
[18:48:08 INFO] Epoch 9/50  iter 100/743  loss=0.1110  lr=5.02e-05
[18:48:21 INFO] Epoch 9/50  iter 150/743  loss=0.1231  lr=5.02e-05
[18:48:35 INFO] Epoch 9/50  iter 200/743  loss=0.2946  lr=5.01e-05
[18:48:48 INFO] Epoch 9/50  iter 250/743  loss=0.2214  lr=5.00e-05
[18:49:02 INFO] Epoch 9/50  iter 300/743  loss=0.0879  lr=4.99e-05
[18:49:15 INFO] Epoch 9/50  iter 350/743  loss=0.1894  lr=4.98e-05
[18:49:28 INFO] Epoch 9/50  iter 400/743  loss=0.0940  lr=4.98e-05
[18:49:42 INFO] Epoch 9/50  iter 450/743  loss=0.1578  lr=4.97e-05
[18:49:55 INFO] Epoch 9/50  iter 500/743  loss=0.1819  lr=4.96e-05
[18:50:08 INFO] Epoch 9/50  iter 550/743  loss=0.1744  lr=4.95e-05
[18:50:22 INFO] Epoch 9/50  iter 600/743  loss=0.3337  lr=4.94e-05
[18:50:35 INFO] Epoch 9/50  iter 650/743  loss=0.1469  lr=4.93e-05
[18:50:48 INFO] Epoch 9/50  iter 700/743  loss=0.2320  lr=4.93e-05
[18:51:00 INFO] Epoch 9 complete — avg_loss=0.2022  time=199s
[18:51:15 INFO] Epoch 10/50  iter 50/743  loss=0.2026  lr=4.91e-05
[18:51:28 INFO] Epoch 10/50  iter 100/743  loss=0.1867  lr=4.90e-05
[18:51:41 INFO] Epoch 10/50  iter 150/743  loss=0.1288  lr=4.90e-05
[18:51:55 INFO] Epoch 10/50  iter 200/743  loss=0.0917  lr=4.89e-05
[18:52:08 INFO] Epoch 10/50  iter 250/743  loss=0.0997  lr=4.88e-05
[18:52:21 INFO] Epoch 10/50  iter 300/743  loss=0.0742  lr=4.87e-05
[18:52:35 INFO] Epoch 10/50  iter 350/743  loss=0.2127  lr=4.86e-05
[18:52:48 INFO] Epoch 10/50  iter 400/743  loss=0.2956  lr=4.86e-05
[18:53:01 INFO] Epoch 10/50  iter 450/743  loss=0.2078  lr=4.85e-05
[18:53:15 INFO] Epoch 10/50  iter 500/743  loss=0.1765  lr=4.84e-05
[18:53:28 INFO] Epoch 10/50  iter 550/743  loss=0.2012  lr=4.83e-05
[18:53:41 INFO] Epoch 10/50  iter 600/743  loss=0.2414  lr=4.82e-05
[18:53:55 INFO] Epoch 10/50  iter 650/743  loss=0.2290  lr=4.81e-05
[18:54:08 INFO] Epoch 10/50  iter 700/743  loss=0.1184  lr=4.81e-05
[18:54:20 INFO] Epoch 10 complete — avg_loss=0.2042  time=199s
[18:56:17 INFO]   val mIoU = 0.6408
[18:56:18 INFO]   ★ New best val mIoU: 0.6408
[18:56:32 INFO] Epoch 11/50  iter 50/743  loss=0.1465  lr=4.79e-05
[18:56:46 INFO] Epoch 11/50  iter 100/743  loss=0.3366  lr=4.78e-05
[18:56:59 INFO] Epoch 11/50  iter 150/743  loss=0.2390  lr=4.78e-05
[18:57:12 INFO] Epoch 11/50  iter 200/743  loss=0.2719  lr=4.77e-05
[18:57:26 INFO] Epoch 11/50  iter 250/743  loss=0.1665  lr=4.76e-05
[18:57:39 INFO] Epoch 11/50  iter 300/743  loss=0.1838  lr=4.75e-05
[18:57:52 INFO] Epoch 11/50  iter 350/743  loss=0.1502  lr=4.74e-05
[18:58:06 INFO] Epoch 11/50  iter 400/743  loss=0.1872  lr=4.74e-05
[18:58:19 INFO] Epoch 11/50  iter 450/743  loss=0.1349  lr=4.73e-05
[18:58:32 INFO] Epoch 11/50  iter 500/743  loss=0.0901  lr=4.72e-05
[18:58:46 INFO] Epoch 11/50  iter 550/743  loss=0.1123  lr=4.71e-05
[18:58:59 INFO] Epoch 11/50  iter 600/743  loss=0.0825  lr=4.70e-05
[18:59:12 INFO] Epoch 11/50  iter 650/743  loss=0.1700  lr=4.69e-05
[18:59:26 INFO] Epoch 11/50  iter 700/743  loss=0.2793  lr=4.69e-05
[18:59:37 INFO] Epoch 11 complete — avg_loss=0.1859  time=199s
[18:59:52 INFO] Epoch 12/50  iter 50/743  loss=0.0982  lr=4.67e-05
[19:00:05 INFO] Epoch 12/50  iter 100/743  loss=0.1932  lr=4.66e-05
[19:00:18 INFO] Epoch 12/50  iter 150/743  loss=0.1380  lr=4.66e-05
[19:00:32 INFO] Epoch 12/50  iter 200/743  loss=0.1138  lr=4.65e-05
[19:00:45 INFO] Epoch 12/50  iter 250/743  loss=0.2256  lr=4.64e-05
[19:00:58 INFO] Epoch 12/50  iter 300/743  loss=0.0963  lr=4.63e-05
[19:01:12 INFO] Epoch 12/50  iter 350/743  loss=0.2381  lr=4.62e-05
[19:01:25 INFO] Epoch 12/50  iter 400/743  loss=0.0946  lr=4.62e-05
[19:01:38 INFO] Epoch 12/50  iter 450/743  loss=0.1194  lr=4.61e-05
[19:01:52 INFO] Epoch 12/50  iter 500/743  loss=0.0760  lr=4.60e-05
[19:02:05 INFO] Epoch 12/50  iter 550/743  loss=0.1567  lr=4.59e-05
[19:02:19 INFO] Epoch 12/50  iter 600/743  loss=0.1175  lr=4.58e-05
[19:02:32 INFO] Epoch 12/50  iter 650/743  loss=0.2793  lr=4.57e-05
[19:02:45 INFO] Epoch 12/50  iter 700/743  loss=0.1324  lr=4.57e-05
[19:02:57 INFO] Epoch 12 complete — avg_loss=0.1819  time=199s
[19:03:11 INFO] Epoch 13/50  iter 50/743  loss=0.0724  lr=4.55e-05
[19:03:25 INFO] Epoch 13/50  iter 100/743  loss=0.1489  lr=4.54e-05
[19:03:38 INFO] Epoch 13/50  iter 150/743  loss=0.0789  lr=4.54e-05
[19:03:51 INFO] Epoch 13/50  iter 200/743  loss=0.0636  lr=4.53e-05
[19:04:05 INFO] Epoch 13/50  iter 250/743  loss=0.2448  lr=4.52e-05
[19:04:18 INFO] Epoch 13/50  iter 300/743  loss=0.1968  lr=4.51e-05
[19:04:31 INFO] Epoch 13/50  iter 350/743  loss=0.1116  lr=4.50e-05
[19:04:45 INFO] Epoch 13/50  iter 400/743  loss=0.1931  lr=4.50e-05
[19:04:58 INFO] Epoch 13/50  iter 450/743  loss=0.0485  lr=4.49e-05
[19:05:11 INFO] Epoch 13/50  iter 500/743  loss=0.2787  lr=4.48e-05
[19:05:25 INFO] Epoch 13/50  iter 550/743  loss=0.1134  lr=4.47e-05
[19:05:38 INFO] Epoch 13/50  iter 600/743  loss=0.1415  lr=4.46e-05
[19:05:51 INFO] Epoch 13/50  iter 650/743  loss=0.1200  lr=4.45e-05
[19:06:05 INFO] Epoch 13/50  iter 700/743  loss=0.1513  lr=4.45e-05
[19:06:16 INFO] Epoch 13 complete — avg_loss=0.1722  time=199s
[19:06:31 INFO] Epoch 14/50  iter 50/743  loss=0.1417  lr=4.43e-05
[19:06:44 INFO] Epoch 14/50  iter 100/743  loss=0.1681  lr=4.42e-05
[19:06:58 INFO] Epoch 14/50  iter 150/743  loss=0.1633  lr=4.42e-05
[19:07:11 INFO] Epoch 14/50  iter 200/743  loss=0.0931  lr=4.41e-05
[19:07:24 INFO] Epoch 14/50  iter 250/743  loss=0.1793  lr=4.40e-05
[19:07:38 INFO] Epoch 14/50  iter 300/743  loss=0.2012  lr=4.39e-05
[19:07:51 INFO] Epoch 14/50  iter 350/743  loss=0.1535  lr=4.38e-05
[19:08:04 INFO] Epoch 14/50  iter 400/743  loss=0.0745  lr=4.38e-05
[19:08:18 INFO] Epoch 14/50  iter 450/743  loss=0.1678  lr=4.37e-05
[19:08:31 INFO] Epoch 14/50  iter 500/743  loss=0.1091  lr=4.36e-05
[19:08:44 INFO] Epoch 14/50  iter 550/743  loss=0.0334  lr=4.35e-05
[19:08:58 INFO] Epoch 14/50  iter 600/743  loss=0.1172  lr=4.34e-05
[19:09:11 INFO] Epoch 14/50  iter 650/743  loss=0.1447  lr=4.33e-05
[19:09:25 INFO] Epoch 14/50  iter 700/743  loss=0.1912  lr=4.33e-05
[19:09:36 INFO] Epoch 14 complete — avg_loss=0.1793  time=199s
[19:09:51 INFO] Epoch 15/50  iter 50/743  loss=0.1530  lr=4.31e-05
[19:10:04 INFO] Epoch 15/50  iter 100/743  loss=0.1390  lr=4.30e-05
[19:10:17 INFO] Epoch 15/50  iter 150/743  loss=0.1975  lr=4.30e-05
[19:10:31 INFO] Epoch 15/50  iter 200/743  loss=0.1373  lr=4.29e-05
[19:10:44 INFO] Epoch 15/50  iter 250/743  loss=0.0971  lr=4.28e-05
[19:10:57 INFO] Epoch 15/50  iter 300/743  loss=0.1602  lr=4.27e-05
[19:11:11 INFO] Epoch 15/50  iter 350/743  loss=0.2181  lr=4.26e-05
[19:11:24 INFO] Epoch 15/50  iter 400/743  loss=0.1967  lr=4.26e-05
[19:11:37 INFO] Epoch 15/50  iter 450/743  loss=0.1223  lr=4.25e-05
[19:11:51 INFO] Epoch 15/50  iter 500/743  loss=0.1591  lr=4.24e-05
[19:12:04 INFO] Epoch 15/50  iter 550/743  loss=0.0874  lr=4.23e-05
[19:12:18 INFO] Epoch 15/50  iter 600/743  loss=0.2243  lr=4.22e-05
[19:12:31 INFO] Epoch 15/50  iter 650/743  loss=0.2145  lr=4.21e-05
[19:12:44 INFO] Epoch 15/50  iter 700/743  loss=0.1368  lr=4.21e-05
[19:12:56 INFO] Epoch 15 complete — avg_loss=0.1715  time=199s
[19:14:54 INFO]   val mIoU = 0.7212
[19:14:55 INFO]   ★ New best val mIoU: 0.7212
[19:15:09 INFO] Epoch 16/50  iter 50/743  loss=0.1976  lr=4.19e-05
[19:15:22 INFO] Epoch 16/50  iter 100/743  loss=0.1082  lr=4.18e-05
[19:15:36 INFO] Epoch 16/50  iter 150/743  loss=0.1309  lr=4.18e-05
[19:15:49 INFO] Epoch 16/50  iter 200/743  loss=0.0896  lr=4.17e-05
[19:16:02 INFO] Epoch 16/50  iter 250/743  loss=0.2318  lr=4.16e-05
[19:16:16 INFO] Epoch 16/50  iter 300/743  loss=0.1477  lr=4.15e-05
[19:16:29 INFO] Epoch 16/50  iter 350/743  loss=0.1338  lr=4.14e-05
[19:16:42 INFO] Epoch 16/50  iter 400/743  loss=0.1104  lr=4.14e-05
[19:16:56 INFO] Epoch 16/50  iter 450/743  loss=0.2220  lr=4.13e-05
[19:17:09 INFO] Epoch 16/50  iter 500/743  loss=0.1482  lr=4.12e-05
[19:17:22 INFO] Epoch 16/50  iter 550/743  loss=0.1219  lr=4.11e-05
[19:17:36 INFO] Epoch 16/50  iter 600/743  loss=0.1681  lr=4.10e-05
[19:17:49 INFO] Epoch 16/50  iter 650/743  loss=0.1430  lr=4.09e-05
[19:18:02 INFO] Epoch 16/50  iter 700/743  loss=0.0560  lr=4.09e-05
[19:18:14 INFO] Epoch 16 complete — avg_loss=0.1660  time=199s
[19:18:28 INFO] Epoch 17/50  iter 50/743  loss=0.0673  lr=4.07e-05
[19:18:42 INFO] Epoch 17/50  iter 100/743  loss=0.1499  lr=4.06e-05
[19:18:55 INFO] Epoch 17/50  iter 150/743  loss=0.2028  lr=4.06e-05
[19:19:08 INFO] Epoch 17/50  iter 200/743  loss=0.0837  lr=4.05e-05
[19:19:22 INFO] Epoch 17/50  iter 250/743  loss=0.1746  lr=4.04e-05
[19:19:35 INFO] Epoch 17/50  iter 300/743  loss=0.1459  lr=4.03e-05
[19:19:48 INFO] Epoch 17/50  iter 350/743  loss=0.1263  lr=4.02e-05
[19:20:02 INFO] Epoch 17/50  iter 400/743  loss=0.1032  lr=4.02e-05
[19:20:15 INFO] Epoch 17/50  iter 450/743  loss=0.1860  lr=4.01e-05
[19:20:28 INFO] Epoch 17/50  iter 500/743  loss=0.1390  lr=4.00e-05
[19:20:42 INFO] Epoch 17/50  iter 550/743  loss=0.2114  lr=3.99e-05
[19:20:55 INFO] Epoch 17/50  iter 600/743  loss=0.0687  lr=3.98e-05
[19:21:08 INFO] Epoch 17/50  iter 650/743  loss=0.1346  lr=3.97e-05
[19:21:22 INFO] Epoch 17/50  iter 700/743  loss=0.1131  lr=3.97e-05
[19:21:33 INFO] Epoch 17 complete — avg_loss=0.1651  time=199s
[19:21:48 INFO] Epoch 18/50  iter 50/743  loss=0.1466  lr=3.95e-05
[19:22:01 INFO] Epoch 18/50  iter 100/743  loss=0.1760  lr=3.94e-05
[19:22:14 INFO] Epoch 18/50  iter 150/743  loss=0.1504  lr=3.94e-05
[19:22:28 INFO] Epoch 18/50  iter 200/743  loss=0.1087  lr=3.93e-05
[19:22:41 INFO] Epoch 18/50  iter 250/743  loss=0.1145  lr=3.92e-05
[19:22:54 INFO] Epoch 18/50  iter 300/743  loss=0.2522  lr=3.91e-05
[19:23:08 INFO] Epoch 18/50  iter 350/743  loss=0.6631  lr=3.90e-05
[19:23:21 INFO] Epoch 18/50  iter 400/743  loss=0.1361  lr=3.90e-05
[19:23:34 INFO] Epoch 18/50  iter 450/743  loss=0.2006  lr=3.89e-05
[19:23:48 INFO] Epoch 18/50  iter 500/743  loss=0.0977  lr=3.88e-05
[19:24:01 INFO] Epoch 18/50  iter 550/743  loss=0.1226  lr=3.87e-05
[19:24:14 INFO] Epoch 18/50  iter 600/743  loss=0.8505  lr=3.86e-05
[19:24:28 INFO] Epoch 18/50  iter 650/743  loss=0.1858  lr=3.85e-05
[19:24:41 INFO] Epoch 18/50  iter 700/743  loss=0.0949  lr=3.85e-05
[19:24:52 INFO] Epoch 18 complete — avg_loss=0.1606  time=199s
[19:25:07 INFO] Epoch 19/50  iter 50/743  loss=0.1042  lr=3.83e-05
[19:25:20 INFO] Epoch 19/50  iter 100/743  loss=0.1788  lr=3.82e-05
[19:25:34 INFO] Epoch 19/50  iter 150/743  loss=0.2349  lr=3.82e-05
[19:25:47 INFO] Epoch 19/50  iter 200/743  loss=0.1774  lr=3.81e-05
[19:26:00 INFO] Epoch 19/50  iter 250/743  loss=0.0962  lr=3.80e-05
[19:26:14 INFO] Epoch 19/50  iter 300/743  loss=0.1204  lr=3.79e-05
[19:26:27 INFO] Epoch 19/50  iter 350/743  loss=0.1581  lr=3.78e-05
[19:26:40 INFO] Epoch 19/50  iter 400/743  loss=0.2745  lr=3.78e-05
[19:26:54 INFO] Epoch 19/50  iter 450/743  loss=0.1384  lr=3.77e-05
[19:27:07 INFO] Epoch 19/50  iter 500/743  loss=0.0841  lr=3.76e-05
[19:27:20 INFO] Epoch 19/50  iter 550/743  loss=0.1099  lr=3.75e-05
[19:27:34 INFO] Epoch 19/50  iter 600/743  loss=0.1238  lr=3.74e-05
[19:27:47 INFO] Epoch 19/50  iter 650/743  loss=0.2322  lr=3.73e-05
[19:28:00 INFO] Epoch 19/50  iter 700/743  loss=0.1516  lr=3.73e-05
[19:28:12 INFO] Epoch 19 complete — avg_loss=0.1607  time=199s
[19:28:26 INFO] Epoch 20/50  iter 50/743  loss=0.1538  lr=3.71e-05
[19:28:40 INFO] Epoch 20/50  iter 100/743  loss=0.0743  lr=3.70e-05
[19:28:53 INFO] Epoch 20/50  iter 150/743  loss=0.0724  lr=3.70e-05
[19:29:06 INFO] Epoch 20/50  iter 200/743  loss=0.1459  lr=3.69e-05
[19:29:20 INFO] Epoch 20/50  iter 250/743  loss=0.1355  lr=3.68e-05
[19:29:33 INFO] Epoch 20/50  iter 300/743  loss=0.0690  lr=3.67e-05
[19:29:46 INFO] Epoch 20/50  iter 350/743  loss=0.1974  lr=3.66e-05
[19:30:00 INFO] Epoch 20/50  iter 400/743  loss=0.1090  lr=3.66e-05
[19:30:13 INFO] Epoch 20/50  iter 450/743  loss=0.1665  lr=3.65e-05
[19:30:26 INFO] Epoch 20/50  iter 500/743  loss=0.1481  lr=3.64e-05
[19:30:40 INFO] Epoch 20/50  iter 550/743  loss=0.1298  lr=3.63e-05
[19:30:53 INFO] Epoch 20/50  iter 600/743  loss=0.0736  lr=3.62e-05
[19:31:06 INFO] Epoch 20/50  iter 650/743  loss=0.1192  lr=3.61e-05
[19:31:20 INFO] Epoch 20/50  iter 700/743  loss=0.1767  lr=3.61e-05
[19:31:31 INFO] Epoch 20 complete — avg_loss=0.1543  time=199s
[19:33:27 INFO]   val mIoU = 0.7310
[19:33:28 INFO]   ★ New best val mIoU: 0.7310
[19:33:42 INFO] Epoch 21/50  iter 50/743  loss=0.0958  lr=3.59e-05
[19:33:56 INFO] Epoch 21/50  iter 100/743  loss=0.0981  lr=3.58e-05
[19:34:09 INFO] Epoch 21/50  iter 150/743  loss=0.3398  lr=3.58e-05
[19:34:22 INFO] Epoch 21/50  iter 200/743  loss=0.1401  lr=3.57e-05
[19:34:36 INFO] Epoch 21/50  iter 250/743  loss=0.1408  lr=3.56e-05
[19:34:49 INFO] Epoch 21/50  iter 300/743  loss=0.1221  lr=3.55e-05
[19:35:02 INFO] Epoch 21/50  iter 350/743  loss=0.0771  lr=3.54e-05
[19:35:16 INFO] Epoch 21/50  iter 400/743  loss=0.1685  lr=3.54e-05
[19:35:29 INFO] Epoch 21/50  iter 450/743  loss=0.2488  lr=3.53e-05
[19:35:42 INFO] Epoch 21/50  iter 500/743  loss=0.2247  lr=3.52e-05
[19:35:56 INFO] Epoch 21/50  iter 550/743  loss=0.0898  lr=3.51e-05
[19:36:09 INFO] Epoch 21/50  iter 600/743  loss=0.1118  lr=3.50e-05
[19:36:22 INFO] Epoch 21/50  iter 650/743  loss=0.2539  lr=3.49e-05
[19:36:36 INFO] Epoch 21/50  iter 700/743  loss=0.0835  lr=3.49e-05
[19:36:47 INFO] Epoch 21 complete — avg_loss=0.1573  time=199s
[19:37:02 INFO] Epoch 22/50  iter 50/743  loss=0.1771  lr=3.47e-05
[19:37:15 INFO] Epoch 22/50  iter 100/743  loss=0.0576  lr=3.46e-05
[19:37:28 INFO] Epoch 22/50  iter 150/743  loss=0.1298  lr=3.46e-05
[19:37:42 INFO] Epoch 22/50  iter 200/743  loss=0.0719  lr=3.45e-05
[19:37:55 INFO] Epoch 22/50  iter 250/743  loss=0.1335  lr=3.44e-05
[19:38:08 INFO] Epoch 22/50  iter 300/743  loss=0.1240  lr=3.43e-05
[19:38:22 INFO] Epoch 22/50  iter 350/743  loss=0.0566  lr=3.42e-05
[19:38:35 INFO] Epoch 22/50  iter 400/743  loss=0.2202  lr=3.42e-05
[19:38:48 INFO] Epoch 22/50  iter 450/743  loss=0.2544  lr=3.41e-05
[19:39:02 INFO] Epoch 22/50  iter 500/743  loss=0.1927  lr=3.40e-05
[19:39:15 INFO] Epoch 22/50  iter 550/743  loss=0.1708  lr=3.39e-05
[19:39:28 INFO] Epoch 22/50  iter 600/743  loss=0.1120  lr=3.38e-05
[19:39:42 INFO] Epoch 22/50  iter 650/743  loss=0.1924  lr=3.37e-05
[19:39:55 INFO] Epoch 22/50  iter 700/743  loss=0.1677  lr=3.37e-05
[19:40:06 INFO] Epoch 22 complete — avg_loss=0.1466  time=199s
[19:40:21 INFO] Epoch 23/50  iter 50/743  loss=0.0913  lr=3.35e-05
[19:40:34 INFO] Epoch 23/50  iter 100/743  loss=1.3609  lr=3.34e-05
[19:40:48 INFO] Epoch 23/50  iter 150/743  loss=0.2413  lr=3.34e-05
[19:41:01 INFO] Epoch 23/50  iter 200/743  loss=0.1035  lr=3.33e-05
[19:41:14 INFO] Epoch 23/50  iter 250/743  loss=0.1405  lr=3.32e-05
[19:41:28 INFO] Epoch 23/50  iter 300/743  loss=0.4403  lr=3.31e-05
[19:41:41 INFO] Epoch 23/50  iter 350/743  loss=0.1582  lr=3.30e-05
[19:41:54 INFO] Epoch 23/50  iter 400/743  loss=0.1380  lr=3.30e-05
[19:42:08 INFO] Epoch 23/50  iter 450/743  loss=0.1630  lr=3.29e-05
[19:42:21 INFO] Epoch 23/50  iter 500/743  loss=0.1002  lr=3.28e-05
[19:42:34 INFO] Epoch 23/50  iter 550/743  loss=0.0858  lr=3.27e-05
[19:42:48 INFO] Epoch 23/50  iter 600/743  loss=0.1710  lr=3.26e-05
[19:43:01 INFO] Epoch 23/50  iter 650/743  loss=0.1246  lr=3.25e-05
[19:43:14 INFO] Epoch 23/50  iter 700/743  loss=0.1131  lr=3.25e-05
[19:43:26 INFO] Epoch 23 complete — avg_loss=0.1537  time=199s
[19:43:40 INFO] Epoch 24/50  iter 50/743  loss=0.1063  lr=3.23e-05
[19:43:54 INFO] Epoch 24/50  iter 100/743  loss=0.0959  lr=3.22e-05
[19:44:07 INFO] Epoch 24/50  iter 150/743  loss=0.1825  lr=3.22e-05
[19:44:20 INFO] Epoch 24/50  iter 200/743  loss=0.1076  lr=3.21e-05
[19:44:34 INFO] Epoch 24/50  iter 250/743  loss=0.0996  lr=3.20e-05
[19:44:47 INFO] Epoch 24/50  iter 300/743  loss=0.1210  lr=3.19e-05
[19:45:00 INFO] Epoch 24/50  iter 350/743  loss=0.0742  lr=3.18e-05
[19:45:14 INFO] Epoch 24/50  iter 400/743  loss=0.1203  lr=3.18e-05
[19:45:27 INFO] Epoch 24/50  iter 450/743  loss=0.0639  lr=3.17e-05
[19:45:41 INFO] Epoch 24/50  iter 500/743  loss=0.2894  lr=3.16e-05
[19:45:54 INFO] Epoch 24/50  iter 550/743  loss=0.5856  lr=3.15e-05
[19:46:07 INFO] Epoch 24/50  iter 600/743  loss=0.3323  lr=3.14e-05
[19:46:21 INFO] Epoch 24/50  iter 650/743  loss=0.0753  lr=3.13e-05
[19:46:34 INFO] Epoch 24/50  iter 700/743  loss=0.1602  lr=3.13e-05
[19:46:45 INFO] Epoch 24 complete — avg_loss=0.1498  time=199s
[19:47:00 INFO] Epoch 25/50  iter 50/743  loss=0.1580  lr=3.11e-05
[19:47:13 INFO] Epoch 25/50  iter 100/743  loss=0.0447  lr=3.10e-05
[19:47:27 INFO] Epoch 25/50  iter 150/743  loss=0.1577  lr=3.10e-05
[19:47:40 INFO] Epoch 25/50  iter 200/743  loss=0.1762  lr=3.09e-05
[19:47:53 INFO] Epoch 25/50  iter 250/743  loss=0.1035  lr=3.08e-05
[19:48:07 INFO] Epoch 25/50  iter 300/743  loss=0.1250  lr=3.07e-05
[19:48:20 INFO] Epoch 25/50  iter 350/743  loss=0.3029  lr=3.06e-05
[19:48:33 INFO] Epoch 25/50  iter 400/743  loss=0.1108  lr=3.06e-05
[19:48:47 INFO] Epoch 25/50  iter 450/743  loss=0.1202  lr=3.05e-05
[19:49:00 INFO] Epoch 25/50  iter 500/743  loss=0.0318  lr=3.04e-05
[19:49:13 INFO] Epoch 25/50  iter 550/743  loss=0.1490  lr=3.03e-05
[19:49:27 INFO] Epoch 25/50  iter 600/743  loss=0.1403  lr=3.02e-05
[19:49:40 INFO] Epoch 25/50  iter 650/743  loss=0.4074  lr=3.01e-05
[19:49:53 INFO] Epoch 25/50  iter 700/743  loss=0.1056  lr=3.01e-05
[19:50:05 INFO] Epoch 25 complete — avg_loss=0.1477  time=199s
[19:52:02 INFO]   val mIoU = 0.7434
[19:52:03 INFO]   ★ New best val mIoU: 0.7434
[19:52:17 INFO] Epoch 26/50  iter 50/743  loss=0.1348  lr=2.99e-05
[19:52:31 INFO] Epoch 26/50  iter 100/743  loss=0.0809  lr=2.98e-05
[19:52:44 INFO] Epoch 26/50  iter 150/743  loss=0.1563  lr=2.98e-05
[19:52:57 INFO] Epoch 26/50  iter 200/743  loss=0.1821  lr=2.97e-05
[19:53:11 INFO] Epoch 26/50  iter 250/743  loss=0.1817  lr=2.96e-05
[19:53:24 INFO] Epoch 26/50  iter 300/743  loss=0.1499  lr=2.95e-05
[19:53:37 INFO] Epoch 26/50  iter 350/743  loss=0.2420  lr=2.94e-05
[19:53:51 INFO] Epoch 26/50  iter 400/743  loss=0.1302  lr=2.94e-05
[19:54:04 INFO] Epoch 26/50  iter 450/743  loss=0.1870  lr=2.93e-05
[19:54:17 INFO] Epoch 26/50  iter 500/743  loss=0.2374  lr=2.92e-05
[19:54:30 INFO] Epoch 26/50  iter 550/743  loss=0.1416  lr=2.91e-05
[19:54:44 INFO] Epoch 26/50  iter 600/743  loss=0.1305  lr=2.90e-05
[19:54:57 INFO] Epoch 26/50  iter 650/743  loss=0.1356  lr=2.89e-05
[19:55:10 INFO] Epoch 26/50  iter 700/743  loss=0.1725  lr=2.89e-05
[19:55:22 INFO] Epoch 26 complete — avg_loss=0.1563  time=199s
[19:55:36 INFO] Epoch 27/50  iter 50/743  loss=0.1371  lr=2.87e-05
[19:55:50 INFO] Epoch 27/50  iter 100/743  loss=0.1418  lr=2.86e-05
[19:56:03 INFO] Epoch 27/50  iter 150/743  loss=0.1271  lr=2.86e-05
[19:56:16 INFO] Epoch 27/50  iter 200/743  loss=0.0811  lr=2.85e-05
[19:56:30 INFO] Epoch 27/50  iter 250/743  loss=0.1453  lr=2.84e-05
[19:56:43 INFO] Epoch 27/50  iter 300/743  loss=0.3916  lr=2.83e-05
[19:56:56 INFO] Epoch 27/50  iter 350/743  loss=0.1762  lr=2.82e-05
[19:57:10 INFO] Epoch 27/50  iter 400/743  loss=0.2462  lr=2.82e-05
[19:57:23 INFO] Epoch 27/50  iter 450/743  loss=0.0710  lr=2.81e-05
[19:57:36 INFO] Epoch 27/50  iter 500/743  loss=0.2115  lr=2.80e-05
[19:57:50 INFO] Epoch 27/50  iter 550/743  loss=0.1542  lr=2.79e-05
[19:58:03 INFO] Epoch 27/50  iter 600/743  loss=0.0885  lr=2.78e-05
[19:58:16 INFO] Epoch 27/50  iter 650/743  loss=1.0576  lr=2.77e-05
[19:58:30 INFO] Epoch 27/50  iter 700/743  loss=0.1193  lr=2.77e-05
[19:58:41 INFO] Epoch 27 complete — avg_loss=0.1433  time=199s
[19:58:56 INFO] Epoch 28/50  iter 50/743  loss=0.1277  lr=2.75e-05
[19:59:09 INFO] Epoch 28/50  iter 100/743  loss=0.1371  lr=2.74e-05
[19:59:22 INFO] Epoch 28/50  iter 150/743  loss=0.1140  lr=2.74e-05
[19:59:36 INFO] Epoch 28/50  iter 200/743  loss=0.1363  lr=2.73e-05
[19:59:49 INFO] Epoch 28/50  iter 250/743  loss=0.1268  lr=2.72e-05
[20:00:02 INFO] Epoch 28/50  iter 300/743  loss=0.1848  lr=2.71e-05
[20:00:16 INFO] Epoch 28/50  iter 350/743  loss=0.1159  lr=2.70e-05
[20:00:29 INFO] Epoch 28/50  iter 400/743  loss=0.1049  lr=2.70e-05
[20:00:42 INFO] Epoch 28/50  iter 450/743  loss=0.1051  lr=2.69e-05
[20:00:56 INFO] Epoch 28/50  iter 500/743  loss=0.1461  lr=2.68e-05
[20:01:09 INFO] Epoch 28/50  iter 550/743  loss=0.1803  lr=2.67e-05
[20:01:22 INFO] Epoch 28/50  iter 600/743  loss=0.2722  lr=2.66e-05
[20:01:36 INFO] Epoch 28/50  iter 650/743  loss=0.0831  lr=2.65e-05
[20:01:49 INFO] Epoch 28/50  iter 700/743  loss=0.1202  lr=2.65e-05
[20:02:01 INFO] Epoch 28 complete — avg_loss=0.1400  time=199s
[20:02:15 INFO] Epoch 29/50  iter 50/743  loss=0.1230  lr=2.63e-05
[20:02:28 INFO] Epoch 29/50  iter 100/743  loss=0.1570  lr=2.62e-05
[20:02:42 INFO] Epoch 29/50  iter 150/743  loss=0.1447  lr=2.62e-05
[20:02:55 INFO] Epoch 29/50  iter 200/743  loss=0.1204  lr=2.61e-05
[20:03:08 INFO] Epoch 29/50  iter 250/743  loss=0.0816  lr=2.60e-05
[20:03:22 INFO] Epoch 29/50  iter 300/743  loss=0.1438  lr=2.59e-05
[20:03:35 INFO] Epoch 29/50  iter 350/743  loss=0.1543  lr=2.58e-05
[20:03:48 INFO] Epoch 29/50  iter 400/743  loss=0.1171  lr=2.58e-05
[20:04:02 INFO] Epoch 29/50  iter 450/743  loss=0.1655  lr=2.57e-05
[20:04:15 INFO] Epoch 29/50  iter 500/743  loss=0.0691  lr=2.56e-05
[20:04:28 INFO] Epoch 29/50  iter 550/743  loss=0.1326  lr=2.55e-05
[20:04:42 INFO] Epoch 29/50  iter 600/743  loss=0.0626  lr=2.54e-05
[20:04:55 INFO] Epoch 29/50  iter 650/743  loss=0.0855  lr=2.53e-05
[20:05:08 INFO] Epoch 29/50  iter 700/743  loss=0.0900  lr=2.53e-05
[20:05:20 INFO] Epoch 29 complete — avg_loss=0.1412  time=199s
[20:05:34 INFO] Epoch 30/50  iter 50/743  loss=0.2106  lr=2.51e-05
[20:05:48 INFO] Epoch 30/50  iter 100/743  loss=0.0726  lr=2.50e-05
[20:06:01 INFO] Epoch 30/50  iter 150/743  loss=0.0357  lr=2.50e-05
[20:06:14 INFO] Epoch 30/50  iter 200/743  loss=0.0591  lr=2.49e-05
[20:06:28 INFO] Epoch 30/50  iter 250/743  loss=0.0790  lr=2.48e-05
[20:06:41 INFO] Epoch 30/50  iter 300/743  loss=0.1228  lr=2.47e-05
[20:06:54 INFO] Epoch 30/50  iter 350/743  loss=0.0714  lr=2.46e-05
[20:07:08 INFO] Epoch 30/50  iter 400/743  loss=0.1153  lr=2.46e-05
[20:07:21 INFO] Epoch 30/50  iter 450/743  loss=0.0634  lr=2.45e-05
[20:07:34 INFO] Epoch 30/50  iter 500/743  loss=0.0881  lr=2.44e-05
[20:07:48 INFO] Epoch 30/50  iter 550/743  loss=0.2103  lr=2.43e-05
[20:08:01 INFO] Epoch 30/50  iter 600/743  loss=0.0902  lr=2.42e-05
[20:08:14 INFO] Epoch 30/50  iter 650/743  loss=0.1468  lr=2.41e-05
[20:08:28 INFO] Epoch 30/50  iter 700/743  loss=0.1245  lr=2.41e-05
[20:08:39 INFO] Epoch 30 complete — avg_loss=0.1384  time=199s
[20:10:36 INFO]   val mIoU = 0.7569
[20:10:36 INFO]   ★ New best val mIoU: 0.7569
[20:10:51 INFO] Epoch 31/50  iter 50/743  loss=0.1107  lr=2.39e-05
[20:11:04 INFO] Epoch 31/50  iter 100/743  loss=0.1459  lr=2.38e-05
[20:11:17 INFO] Epoch 31/50  iter 150/743  loss=0.1679  lr=2.38e-05
[20:11:31 INFO] Epoch 31/50  iter 200/743  loss=0.4708  lr=2.37e-05
[20:11:44 INFO] Epoch 31/50  iter 250/743  loss=0.0936  lr=2.36e-05
[20:11:57 INFO] Epoch 31/50  iter 300/743  loss=0.2949  lr=2.35e-05
[20:12:11 INFO] Epoch 31/50  iter 350/743  loss=0.2923  lr=2.34e-05
[20:12:24 INFO] Epoch 31/50  iter 400/743  loss=0.0626  lr=2.34e-05
[20:12:38 INFO] Epoch 31/50  iter 450/743  loss=0.1743  lr=2.33e-05
[20:12:51 INFO] Epoch 31/50  iter 500/743  loss=0.1052  lr=2.32e-05
[20:13:04 INFO] Epoch 31/50  iter 550/743  loss=0.4165  lr=2.31e-05
[20:13:18 INFO] Epoch 31/50  iter 600/743  loss=0.0864  lr=2.30e-05
[20:13:31 INFO] Epoch 31/50  iter 650/743  loss=0.1431  lr=2.29e-05
[20:13:44 INFO] Epoch 31/50  iter 700/743  loss=0.0860  lr=2.29e-05
[20:13:56 INFO] Epoch 31 complete — avg_loss=0.1382  time=199s
[20:14:10 INFO] Epoch 32/50  iter 50/743  loss=0.1784  lr=2.27e-05
[20:14:24 INFO] Epoch 32/50  iter 100/743  loss=0.2013  lr=2.26e-05
[20:14:37 INFO] Epoch 32/50  iter 150/743  loss=0.0750  lr=2.26e-05
[20:14:50 INFO] Epoch 32/50  iter 200/743  loss=0.1094  lr=2.25e-05
[20:15:04 INFO] Epoch 32/50  iter 250/743  loss=0.1497  lr=2.24e-05
[20:15:17 INFO] Epoch 32/50  iter 300/743  loss=0.0402  lr=2.23e-05
[20:15:30 INFO] Epoch 32/50  iter 350/743  loss=0.1975  lr=2.22e-05
[20:15:44 INFO] Epoch 32/50  iter 400/743  loss=0.1145  lr=2.22e-05
[20:15:57 INFO] Epoch 32/50  iter 450/743  loss=0.0631  lr=2.21e-05
[20:16:10 INFO] Epoch 32/50  iter 500/743  loss=0.1530  lr=2.20e-05
[20:16:24 INFO] Epoch 32/50  iter 550/743  loss=0.0611  lr=2.19e-05
[20:16:37 INFO] Epoch 32/50  iter 600/743  loss=0.1104  lr=2.18e-05
[20:16:50 INFO] Epoch 32/50  iter 650/743  loss=0.1303  lr=2.17e-05
[20:17:04 INFO] Epoch 32/50  iter 700/743  loss=0.1841  lr=2.17e-05
[20:17:15 INFO] Epoch 32 complete — avg_loss=0.1358  time=199s
[20:17:30 INFO] Epoch 33/50  iter 50/743  loss=0.1319  lr=2.15e-05
[20:17:43 INFO] Epoch 33/50  iter 100/743  loss=0.0876  lr=2.14e-05
[20:17:57 INFO] Epoch 33/50  iter 150/743  loss=0.1010  lr=2.14e-05
[20:18:10 INFO] Epoch 33/50  iter 200/743  loss=0.0572  lr=2.13e-05
[20:18:23 INFO] Epoch 33/50  iter 250/743  loss=0.0572  lr=2.12e-05
[20:18:37 INFO] Epoch 33/50  iter 300/743  loss=0.1035  lr=2.11e-05
[20:18:50 INFO] Epoch 33/50  iter 350/743  loss=0.2124  lr=2.10e-05
[20:19:03 INFO] Epoch 33/50  iter 400/743  loss=0.1406  lr=2.10e-05
[20:19:17 INFO] Epoch 33/50  iter 450/743  loss=0.1620  lr=2.09e-05
[20:19:30 INFO] Epoch 33/50  iter 500/743  loss=0.0784  lr=2.08e-05
[20:19:43 INFO] Epoch 33/50  iter 550/743  loss=0.1033  lr=2.07e-05
[20:19:57 INFO] Epoch 33/50  iter 600/743  loss=0.0526  lr=2.06e-05
[20:20:10 INFO] Epoch 33/50  iter 650/743  loss=0.0944  lr=2.05e-05
[20:20:23 INFO] Epoch 33/50  iter 700/743  loss=0.0478  lr=2.05e-05
[20:20:35 INFO] Epoch 33 complete — avg_loss=0.1348  time=199s
[20:20:50 INFO] Epoch 34/50  iter 50/743  loss=0.0432  lr=2.03e-05
[20:21:03 INFO] Epoch 34/50  iter 100/743  loss=0.1262  lr=2.02e-05
[20:21:16 INFO] Epoch 34/50  iter 150/743  loss=0.1475  lr=2.02e-05
[20:21:30 INFO] Epoch 34/50  iter 200/743  loss=0.1434  lr=2.01e-05
[20:21:43 INFO] Epoch 34/50  iter 250/743  loss=0.1835  lr=2.00e-05
[20:21:56 INFO] Epoch 34/50  iter 300/743  loss=0.1666  lr=1.99e-05
[20:22:10 INFO] Epoch 34/50  iter 350/743  loss=0.1996  lr=1.98e-05
[20:22:23 INFO] Epoch 34/50  iter 400/743  loss=0.1150  lr=1.98e-05
[20:22:36 INFO] Epoch 34/50  iter 450/743  loss=0.1055  lr=1.97e-05
[20:22:50 INFO] Epoch 34/50  iter 500/743  loss=0.1272  lr=1.96e-05
[20:23:03 INFO] Epoch 34/50  iter 550/743  loss=0.1535  lr=1.95e-05
[20:23:16 INFO] Epoch 34/50  iter 600/743  loss=0.2915  lr=1.94e-05
[20:23:30 INFO] Epoch 34/50  iter 650/743  loss=0.1103  lr=1.93e-05
[20:23:43 INFO] Epoch 34/50  iter 700/743  loss=0.0991  lr=1.93e-05
[20:23:55 INFO] Epoch 34 complete — avg_loss=0.1370  time=199s
[20:24:09 INFO] Epoch 35/50  iter 50/743  loss=0.0835  lr=1.91e-05
[20:24:22 INFO] Epoch 35/50  iter 100/743  loss=0.1761  lr=1.90e-05
[20:24:36 INFO] Epoch 35/50  iter 150/743  loss=0.1404  lr=1.90e-05
[20:24:49 INFO] Epoch 35/50  iter 200/743  loss=0.1235  lr=1.89e-05
[20:25:02 INFO] Epoch 35/50  iter 250/743  loss=0.0957  lr=1.88e-05
[20:25:16 INFO] Epoch 35/50  iter 300/743  loss=0.1472  lr=1.87e-05
[20:25:29 INFO] Epoch 35/50  iter 350/743  loss=0.1017  lr=1.86e-05
[20:25:42 INFO] Epoch 35/50  iter 400/743  loss=0.0887  lr=1.86e-05
[20:25:56 INFO] Epoch 35/50  iter 450/743  loss=0.4507  lr=1.85e-05
[20:26:09 INFO] Epoch 35/50  iter 500/743  loss=0.1766  lr=1.84e-05
[20:26:22 INFO] Epoch 35/50  iter 550/743  loss=0.8095  lr=1.83e-05
[20:26:36 INFO] Epoch 35/50  iter 600/743  loss=0.1128  lr=1.82e-05
[20:26:49 INFO] Epoch 35/50  iter 650/743  loss=0.0931  lr=1.81e-05
[20:27:02 INFO] Epoch 35/50  iter 700/743  loss=0.0951  lr=1.81e-05
[20:27:14 INFO] Epoch 35 complete — avg_loss=0.1347  time=199s
[20:29:12 INFO]   val mIoU = 0.7523
[20:29:26 INFO] Epoch 36/50  iter 50/743  loss=0.1278  lr=1.79e-05
[20:29:40 INFO] Epoch 36/50  iter 100/743  loss=0.1836  lr=1.78e-05
[20:29:53 INFO] Epoch 36/50  iter 150/743  loss=0.1151  lr=1.78e-05
[20:30:06 INFO] Epoch 36/50  iter 200/743  loss=0.0949  lr=1.77e-05
[20:30:20 INFO] Epoch 36/50  iter 250/743  loss=0.0689  lr=1.76e-05
[20:30:33 INFO] Epoch 36/50  iter 300/743  loss=0.1755  lr=1.75e-05
[20:30:46 INFO] Epoch 36/50  iter 350/743  loss=0.0591  lr=1.74e-05
[20:31:00 INFO] Epoch 36/50  iter 400/743  loss=0.0832  lr=1.74e-05
[20:31:13 INFO] Epoch 36/50  iter 450/743  loss=0.0979  lr=1.73e-05
[20:31:26 INFO] Epoch 36/50  iter 500/743  loss=0.1058  lr=1.72e-05
[20:31:40 INFO] Epoch 36/50  iter 550/743  loss=0.1146  lr=1.71e-05
[20:31:53 INFO] Epoch 36/50  iter 600/743  loss=0.0717  lr=1.70e-05
[20:32:06 INFO] Epoch 36/50  iter 650/743  loss=0.0469  lr=1.69e-05
[20:32:20 INFO] Epoch 36/50  iter 700/743  loss=0.2015  lr=1.69e-05
[20:32:31 INFO] Epoch 36 complete — avg_loss=0.1281  time=199s
[20:32:46 INFO] Epoch 37/50  iter 50/743  loss=0.1053  lr=1.67e-05
[20:32:59 INFO] Epoch 37/50  iter 100/743  loss=0.1454  lr=1.66e-05
[20:33:12 INFO] Epoch 37/50  iter 150/743  loss=0.0870  lr=1.66e-05
[20:33:26 INFO] Epoch 37/50  iter 200/743  loss=0.1851  lr=1.65e-05
[20:33:39 INFO] Epoch 37/50  iter 250/743  loss=0.0880  lr=1.64e-05
[20:33:54 INFO] Epoch 37/50  iter 300/743  loss=0.1186  lr=1.63e-05
[20:34:08 INFO] Epoch 37/50  iter 350/743  loss=0.1317  lr=1.62e-05
[20:34:23 INFO] Epoch 37/50  iter 400/743  loss=0.2626  lr=1.62e-05
[20:34:38 INFO] Epoch 37/50  iter 450/743  loss=0.0987  lr=1.61e-05
[20:34:53 INFO] Epoch 37/50  iter 500/743  loss=0.1422  lr=1.60e-05
[20:35:08 INFO] Epoch 37/50  iter 550/743  loss=0.1501  lr=1.59e-05
[20:35:22 INFO] Epoch 37/50  iter 600/743  loss=0.1266  lr=1.58e-05
[20:35:37 INFO] Epoch 37/50  iter 650/743  loss=0.1405  lr=1.57e-05
[20:35:52 INFO] Epoch 37/50  iter 700/743  loss=0.1304  lr=1.57e-05
[20:36:05 INFO] Epoch 37 complete — avg_loss=0.1294  time=213s
[20:36:21 INFO] Epoch 38/50  iter 50/743  loss=0.1631  lr=1.55e-05
[20:36:36 INFO] Epoch 38/50  iter 100/743  loss=0.0541  lr=1.54e-05
[20:36:50 INFO] Epoch 38/50  iter 150/743  loss=0.1132  lr=1.54e-05
[20:37:05 INFO] Epoch 38/50  iter 200/743  loss=0.0690  lr=1.53e-05
[20:37:20 INFO] Epoch 38/50  iter 250/743  loss=0.1210  lr=1.52e-05
[20:37:35 INFO] Epoch 38/50  iter 300/743  loss=0.1107  lr=1.51e-05
[20:37:49 INFO] Epoch 38/50  iter 350/743  loss=0.1665  lr=1.50e-05
[20:38:04 INFO] Epoch 38/50  iter 400/743  loss=0.0507  lr=1.50e-05
[20:38:19 INFO] Epoch 38/50  iter 450/743  loss=0.1486  lr=1.49e-05
[20:38:34 INFO] Epoch 38/50  iter 500/743  loss=0.1799  lr=1.48e-05
[20:38:48 INFO] Epoch 38/50  iter 550/743  loss=0.1535  lr=1.47e-05
[20:39:03 INFO] Epoch 38/50  iter 600/743  loss=0.1577  lr=1.46e-05
[20:39:18 INFO] Epoch 38/50  iter 650/743  loss=0.0957  lr=1.45e-05
[20:39:33 INFO] Epoch 38/50  iter 700/743  loss=0.0887  lr=1.45e-05
[20:39:45 INFO] Epoch 38 complete — avg_loss=0.1282  time=220s
[20:40:01 INFO] Epoch 39/50  iter 50/743  loss=0.0633  lr=1.43e-05
[20:40:16 INFO] Epoch 39/50  iter 100/743  loss=0.0509  lr=1.42e-05
[20:40:31 INFO] Epoch 39/50  iter 150/743  loss=0.0760  lr=1.42e-05
[20:40:46 INFO] Epoch 39/50  iter 200/743  loss=0.8055  lr=1.41e-05
[20:41:01 INFO] Epoch 39/50  iter 250/743  loss=0.1264  lr=1.40e-05
[20:41:15 INFO] Epoch 39/50  iter 300/743  loss=0.0971  lr=1.39e-05
[20:41:30 INFO] Epoch 39/50  iter 350/743  loss=0.2411  lr=1.38e-05
[20:41:45 INFO] Epoch 39/50  iter 400/743  loss=0.1374  lr=1.38e-05
[20:42:00 INFO] Epoch 39/50  iter 450/743  loss=0.1789  lr=1.37e-05
[20:42:14 INFO] Epoch 39/50  iter 500/743  loss=0.0918  lr=1.36e-05
[20:42:29 INFO] Epoch 39/50  iter 550/743  loss=0.1200  lr=1.35e-05
[20:42:44 INFO] Epoch 39/50  iter 600/743  loss=0.3592  lr=1.34e-05
[20:42:59 INFO] Epoch 39/50  iter 650/743  loss=0.1346  lr=1.33e-05
[20:43:14 INFO] Epoch 39/50  iter 700/743  loss=0.0852  lr=1.33e-05
[20:43:26 INFO] Epoch 39 complete — avg_loss=0.1306  time=220s
[20:43:42 INFO] Epoch 40/50  iter 50/743  loss=0.1389  lr=1.31e-05
[20:43:57 INFO] Epoch 40/50  iter 100/743  loss=0.1281  lr=1.30e-05
[20:44:12 INFO] Epoch 40/50  iter 150/743  loss=0.0497  lr=1.30e-05
[20:44:27 INFO] Epoch 40/50  iter 200/743  loss=0.1037  lr=1.29e-05
[20:44:42 INFO] Epoch 40/50  iter 250/743  loss=0.1551  lr=1.28e-05
[20:44:57 INFO] Epoch 40/50  iter 300/743  loss=0.1386  lr=1.27e-05
[20:45:11 INFO] Epoch 40/50  iter 350/743  loss=0.3056  lr=1.26e-05
[20:45:25 INFO] Epoch 40/50  iter 400/743  loss=0.1291  lr=1.26e-05
[20:45:38 INFO] Epoch 40/50  iter 450/743  loss=0.1182  lr=1.25e-05
[20:45:52 INFO] Epoch 40/50  iter 500/743  loss=0.1826  lr=1.24e-05
[20:46:05 INFO] Epoch 40/50  iter 550/743  loss=0.1817  lr=1.23e-05
[20:46:18 INFO] Epoch 40/50  iter 600/743  loss=0.1926  lr=1.22e-05
[20:46:32 INFO] Epoch 40/50  iter 650/743  loss=0.1567  lr=1.21e-05
[20:46:45 INFO] Epoch 40/50  iter 700/743  loss=0.0713  lr=1.21e-05
[20:46:57 INFO] Epoch 40 complete — avg_loss=0.1257  time=210s
[20:49:02 INFO]   val mIoU = 0.7645
[20:49:03 INFO]   ★ New best val mIoU: 0.7645
[20:49:19 INFO] Epoch 41/50  iter 50/743  loss=0.1037  lr=1.19e-05
[20:49:33 INFO] Epoch 41/50  iter 100/743  loss=0.0910  lr=1.18e-05
[20:49:48 INFO] Epoch 41/50  iter 150/743  loss=0.0697  lr=1.18e-05
[20:50:03 INFO] Epoch 41/50  iter 200/743  loss=0.0619  lr=1.17e-05
[20:50:18 INFO] Epoch 41/50  iter 250/743  loss=0.1234  lr=1.16e-05
[20:50:32 INFO] Epoch 41/50  iter 300/743  loss=0.0763  lr=1.15e-05
[20:50:47 INFO] Epoch 41/50  iter 350/743  loss=0.0821  lr=1.14e-05
[20:51:02 INFO] Epoch 41/50  iter 400/743  loss=0.1237  lr=1.14e-05
[20:51:17 INFO] Epoch 41/50  iter 450/743  loss=0.1421  lr=1.13e-05
[20:51:32 INFO] Epoch 41/50  iter 500/743  loss=0.0841  lr=1.12e-05
[20:51:46 INFO] Epoch 41/50  iter 550/743  loss=0.0661  lr=1.11e-05
[20:52:01 INFO] Epoch 41/50  iter 600/743  loss=0.0915  lr=1.10e-05
[20:52:16 INFO] Epoch 41/50  iter 650/743  loss=0.1602  lr=1.09e-05
[20:52:31 INFO] Epoch 41/50  iter 700/743  loss=0.0807  lr=1.09e-05
[20:52:44 INFO] Epoch 41 complete — avg_loss=0.1229  time=220s
[20:53:00 INFO] Epoch 42/50  iter 50/743  loss=0.0848  lr=1.07e-05
[20:53:14 INFO] Epoch 42/50  iter 100/743  loss=0.0999  lr=1.06e-05
[20:53:29 INFO] Epoch 42/50  iter 150/743  loss=0.1604  lr=1.06e-05
[20:53:44 INFO] Epoch 42/50  iter 200/743  loss=0.1326  lr=1.05e-05
[20:53:59 INFO] Epoch 42/50  iter 250/743  loss=0.0644  lr=1.04e-05
[20:54:13 INFO] Epoch 42/50  iter 300/743  loss=0.1677  lr=1.03e-05
[20:54:28 INFO] Epoch 42/50  iter 350/743  loss=0.1138  lr=1.02e-05
[20:54:43 INFO] Epoch 42/50  iter 400/743  loss=0.0959  lr=1.02e-05
[20:54:58 INFO] Epoch 42/50  iter 450/743  loss=0.0791  lr=1.01e-05
[20:55:12 INFO] Epoch 42/50  iter 500/743  loss=0.0847  lr=9.99e-06
[20:55:27 INFO] Epoch 42/50  iter 550/743  loss=0.0895  lr=9.91e-06
[20:55:42 INFO] Epoch 42/50  iter 600/743  loss=0.1157  lr=9.83e-06
[20:55:57 INFO] Epoch 42/50  iter 650/743  loss=0.0759  lr=9.75e-06
[20:56:12 INFO] Epoch 42/50  iter 700/743  loss=0.1373  lr=9.67e-06
[20:56:24 INFO] Epoch 42 complete — avg_loss=0.1207  time=220s
[20:56:40 INFO] Epoch 43/50  iter 50/743  loss=0.0495  lr=9.52e-06
[20:56:55 INFO] Epoch 43/50  iter 100/743  loss=0.1930  lr=9.44e-06
[20:57:10 INFO] Epoch 43/50  iter 150/743  loss=0.1495  lr=9.36e-06
[20:57:25 INFO] Epoch 43/50  iter 200/743  loss=0.0672  lr=9.28e-06
[20:57:39 INFO] Epoch 43/50  iter 250/743  loss=0.0798  lr=9.19e-06
[20:57:54 INFO] Epoch 43/50  iter 300/743  loss=0.1017  lr=9.11e-06
[20:58:09 INFO] Epoch 43/50  iter 350/743  loss=0.1017  lr=9.03e-06
[20:58:24 INFO] Epoch 43/50  iter 400/743  loss=0.1017  lr=8.95e-06
[20:58:38 INFO] Epoch 43/50  iter 450/743  loss=0.0905  lr=8.87e-06
[20:58:53 INFO] Epoch 43/50  iter 500/743  loss=0.0749  lr=8.79e-06
[20:59:08 INFO] Epoch 43/50  iter 550/743  loss=0.1082  lr=8.71e-06
[20:59:23 INFO] Epoch 43/50  iter 600/743  loss=0.0605  lr=8.63e-06
[20:59:37 INFO] Epoch 43/50  iter 650/743  loss=0.1641  lr=8.55e-06
[20:59:52 INFO] Epoch 43/50  iter 700/743  loss=0.0666  lr=8.47e-06
[21:00:05 INFO] Epoch 43 complete — avg_loss=0.1276  time=220s
[21:00:21 INFO] Epoch 44/50  iter 50/743  loss=0.0828  lr=8.32e-06
[21:00:36 INFO] Epoch 44/50  iter 100/743  loss=0.1331  lr=8.24e-06
[21:00:50 INFO] Epoch 44/50  iter 150/743  loss=0.1268  lr=8.16e-06
[21:01:05 INFO] Epoch 44/50  iter 200/743  loss=0.1116  lr=8.08e-06
[21:01:20 INFO] Epoch 44/50  iter 250/743  loss=0.0881  lr=7.99e-06
[21:01:35 INFO] Epoch 44/50  iter 300/743  loss=0.1032  lr=7.91e-06
[21:01:49 INFO] Epoch 44/50  iter 350/743  loss=0.0928  lr=7.83e-06
[21:02:04 INFO] Epoch 44/50  iter 400/743  loss=0.1674  lr=7.75e-06
[21:02:19 INFO] Epoch 44/50  iter 450/743  loss=0.0865  lr=7.67e-06
[21:02:33 INFO] Epoch 44/50  iter 500/743  loss=0.1262  lr=7.59e-06
[21:02:48 INFO] Epoch 44/50  iter 550/743  loss=0.1647  lr=7.51e-06
[21:03:03 INFO] Epoch 44/50  iter 600/743  loss=0.1253  lr=7.43e-06
[21:03:17 INFO] Epoch 44/50  iter 650/743  loss=0.1183  lr=7.35e-06
[21:03:32 INFO] Epoch 44/50  iter 700/743  loss=0.0779  lr=7.27e-06
[21:03:45 INFO] Epoch 44 complete — avg_loss=0.1204  time=219s
[21:04:01 INFO] Epoch 45/50  iter 50/743  loss=0.0420  lr=7.12e-06
[21:04:16 INFO] Epoch 45/50  iter 100/743  loss=0.1216  lr=7.04e-06
[21:04:30 INFO] Epoch 45/50  iter 150/743  loss=0.1107  lr=6.96e-06
[21:04:44 INFO] Epoch 45/50  iter 200/743  loss=0.1415  lr=6.88e-06
[21:04:58 INFO] Epoch 45/50  iter 250/743  loss=0.1149  lr=6.79e-06
[21:05:11 INFO] Epoch 45/50  iter 300/743  loss=0.1404  lr=6.71e-06
[21:05:24 INFO] Epoch 45/50  iter 350/743  loss=0.0925  lr=6.63e-06
[21:05:38 INFO] Epoch 45/50  iter 400/743  loss=0.1660  lr=6.55e-06
[21:05:51 INFO] Epoch 45/50  iter 450/743  loss=0.1891  lr=6.47e-06
[21:06:04 INFO] Epoch 45/50  iter 500/743  loss=0.1263  lr=6.39e-06
[21:06:18 INFO] Epoch 45/50  iter 550/743  loss=0.3768  lr=6.31e-06
[21:06:31 INFO] Epoch 45/50  iter 600/743  loss=0.1316  lr=6.23e-06
[21:06:44 INFO] Epoch 45/50  iter 650/743  loss=0.0840  lr=6.15e-06
[21:06:58 INFO] Epoch 45/50  iter 700/743  loss=0.0924  lr=6.07e-06
[21:07:09 INFO] Epoch 45 complete — avg_loss=0.1225  time=203s
[21:09:07 INFO]   val mIoU = 0.7661
[21:09:07 INFO]   ★ New best val mIoU: 0.7661
[21:09:22 INFO] Epoch 46/50  iter 50/743  loss=0.1100  lr=5.92e-06
[21:09:35 INFO] Epoch 46/50  iter 100/743  loss=0.0874  lr=5.84e-06
[21:09:48 INFO] Epoch 46/50  iter 150/743  loss=0.1542  lr=5.76e-06
[21:10:02 INFO] Epoch 46/50  iter 200/743  loss=0.1105  lr=5.68e-06
[21:10:15 INFO] Epoch 46/50  iter 250/743  loss=0.1453  lr=5.59e-06
[21:10:28 INFO] Epoch 46/50  iter 300/743  loss=0.1245  lr=5.51e-06
[21:10:42 INFO] Epoch 46/50  iter 350/743  loss=0.1440  lr=5.43e-06
[21:10:55 INFO] Epoch 46/50  iter 400/743  loss=0.1359  lr=5.35e-06
[21:11:08 INFO] Epoch 46/50  iter 450/743  loss=0.0777  lr=5.27e-06
[21:11:22 INFO] Epoch 46/50  iter 500/743  loss=0.0552  lr=5.19e-06
[21:11:35 INFO] Epoch 46/50  iter 550/743  loss=0.5766  lr=5.11e-06
[21:11:48 INFO] Epoch 46/50  iter 600/743  loss=0.1274  lr=5.03e-06
[21:12:02 INFO] Epoch 46/50  iter 650/743  loss=0.2071  lr=4.95e-06
[21:12:15 INFO] Epoch 46/50  iter 700/743  loss=0.0663  lr=4.87e-06
[21:12:27 INFO] Epoch 46 complete — avg_loss=0.1227  time=198s
[21:12:41 INFO] Epoch 47/50  iter 50/743  loss=0.1440  lr=4.72e-06
[21:12:54 INFO] Epoch 47/50  iter 100/743  loss=0.0664  lr=4.64e-06
[21:13:08 INFO] Epoch 47/50  iter 150/743  loss=0.0916  lr=4.56e-06
[21:13:21 INFO] Epoch 47/50  iter 200/743  loss=0.1127  lr=4.48e-06
[21:13:34 INFO] Epoch 47/50  iter 250/743  loss=0.0897  lr=4.39e-06
[21:13:48 INFO] Epoch 47/50  iter 300/743  loss=0.1074  lr=4.31e-06
[21:14:01 INFO] Epoch 47/50  iter 350/743  loss=0.1112  lr=4.23e-06
[21:14:14 INFO] Epoch 47/50  iter 400/743  loss=0.1054  lr=4.15e-06
[21:14:28 INFO] Epoch 47/50  iter 450/743  loss=0.1407  lr=4.07e-06
[21:14:41 INFO] Epoch 47/50  iter 500/743  loss=0.1145  lr=3.99e-06
[21:14:54 INFO] Epoch 47/50  iter 550/743  loss=0.1320  lr=3.91e-06
[21:15:08 INFO] Epoch 47/50  iter 600/743  loss=0.4038  lr=3.83e-06
[21:15:21 INFO] Epoch 47/50  iter 650/743  loss=0.0772  lr=3.75e-06
[21:15:34 INFO] Epoch 47/50  iter 700/743  loss=0.0842  lr=3.67e-06
[21:15:46 INFO] Epoch 47 complete — avg_loss=0.1187  time=199s
[21:16:00 INFO] Epoch 48/50  iter 50/743  loss=0.0814  lr=3.52e-06
[21:16:14 INFO] Epoch 48/50  iter 100/743  loss=0.0553  lr=3.44e-06
[21:16:27 INFO] Epoch 48/50  iter 150/743  loss=0.1176  lr=3.36e-06
[21:16:40 INFO] Epoch 48/50  iter 200/743  loss=0.2315  lr=3.28e-06
[21:16:54 INFO] Epoch 48/50  iter 250/743  loss=0.0833  lr=3.19e-06
[21:17:07 INFO] Epoch 48/50  iter 300/743  loss=0.0712  lr=3.11e-06
[21:17:20 INFO] Epoch 48/50  iter 350/743  loss=0.1546  lr=3.03e-06
[21:17:34 INFO] Epoch 48/50  iter 400/743  loss=0.2169  lr=2.95e-06
[21:17:47 INFO] Epoch 48/50  iter 450/743  loss=0.1008  lr=2.87e-06
[21:18:00 INFO] Epoch 48/50  iter 500/743  loss=0.0551  lr=2.79e-06
[21:18:14 INFO] Epoch 48/50  iter 550/743  loss=0.1081  lr=2.71e-06
[21:18:27 INFO] Epoch 48/50  iter 600/743  loss=0.1375  lr=2.63e-06
[21:18:40 INFO] Epoch 48/50  iter 650/743  loss=0.1048  lr=2.55e-06
[21:18:54 INFO] Epoch 48/50  iter 700/743  loss=0.1657  lr=2.47e-06
[21:19:05 INFO] Epoch 48 complete — avg_loss=0.1196  time=199s
[21:19:19 INFO] Epoch 49/50  iter 50/743  loss=0.1005  lr=2.32e-06
[21:19:33 INFO] Epoch 49/50  iter 100/743  loss=0.1292  lr=2.24e-06
[21:19:46 INFO] Epoch 49/50  iter 150/743  loss=0.1290  lr=2.16e-06
[21:20:00 INFO] Epoch 49/50  iter 200/743  loss=0.1145  lr=2.08e-06
[21:20:13 INFO] Epoch 49/50  iter 250/743  loss=0.1796  lr=1.99e-06
[21:20:26 INFO] Epoch 49/50  iter 300/743  loss=0.1033  lr=1.91e-06
[21:20:40 INFO] Epoch 49/50  iter 350/743  loss=0.1545  lr=1.83e-06
[21:20:53 INFO] Epoch 49/50  iter 400/743  loss=0.0822  lr=1.75e-06
[21:21:06 INFO] Epoch 49/50  iter 450/743  loss=0.0725  lr=1.67e-06
[21:21:20 INFO] Epoch 49/50  iter 500/743  loss=0.0709  lr=1.59e-06
[21:21:33 INFO] Epoch 49/50  iter 550/743  loss=0.1644  lr=1.51e-06
[21:21:46 INFO] Epoch 49/50  iter 600/743  loss=0.0665  lr=1.43e-06
[21:22:00 INFO] Epoch 49/50  iter 650/743  loss=0.1102  lr=1.35e-06
[21:22:13 INFO] Epoch 49/50  iter 700/743  loss=0.0970  lr=1.27e-06
[21:22:24 INFO] Epoch 49 complete — avg_loss=0.1181  time=199s
[21:22:39 INFO] Epoch 50/50  iter 50/743  loss=0.0944  lr=1.12e-06
[21:22:52 INFO] Epoch 50/50  iter 100/743  loss=0.1545  lr=1.04e-06
[21:23:06 INFO] Epoch 50/50  iter 150/743  loss=0.0470  lr=9.56e-07
[21:23:19 INFO] Epoch 50/50  iter 200/743  loss=0.1385  lr=8.75e-07
[21:23:32 INFO] Epoch 50/50  iter 250/743  loss=0.0791  lr=7.95e-07
[21:23:46 INFO] Epoch 50/50  iter 300/743  loss=0.0851  lr=7.14e-07
[21:23:59 INFO] Epoch 50/50  iter 350/743  loss=0.1561  lr=6.33e-07
[21:24:12 INFO] Epoch 50/50  iter 400/743  loss=0.0969  lr=5.52e-07
[21:24:26 INFO] Epoch 50/50  iter 450/743  loss=0.0789  lr=4.72e-07
[21:24:39 INFO] Epoch 50/50  iter 500/743  loss=0.1205  lr=3.91e-07
[21:24:52 INFO] Epoch 50/50  iter 550/743  loss=0.1064  lr=3.10e-07
[21:25:06 INFO] Epoch 50/50  iter 600/743  loss=0.0765  lr=2.29e-07
[21:25:19 INFO] Epoch 50/50  iter 650/743  loss=0.1221  lr=1.49e-07
[21:25:32 INFO] Epoch 50/50  iter 700/743  loss=0.1643  lr=6.78e-08
[21:25:44 INFO] Epoch 50 complete — avg_loss=0.1247  time=199s
[21:27:42 INFO]   val mIoU = 0.7707
[21:27:42 INFO]   ★ New best val mIoU: 0.7707
[21:27:43 INFO] Training complete. Best val mIoU = 0.7707
>>> Evaluating: depthaware_b0005_p70_mitb2
[21:27:53 INFO] Device: cuda
/home/taah3149/Documents/Group_Studies/fog-augmentation/src/models.py:74: FutureWarning: You are using `torch.load` with `weights_only=False` (the current default value), which uses the default pickle module implicitly. It is possible to construct malicious pickle data which will execute arbitrary code during unpickling (See https://github.com/pytorch/pytorch/blob/main/SECURITY.md#untrusted-models for more details). In a future release, the default value for `weights_only` will be flipped to `True`. This limits the functions that could be executed during unpickling. Arbitrary objects will no longer be allowed to be loaded via this mode unless they are explicitly allowlisted by the user via `torch.serialization.add_safe_globals`. We recommend you start setting `weights_only=True` for any use case where you don't have full control of the loaded file. Please open an issue on GitHub for any issues related to this experimental feature.
  state = torch.load(str(checkpoint), map_location="cpu")
Model backend: smp (encoder=mit_b2, architecture=fpn)
Loaded checkpoint: results/depthaware_b0005_p70_mitb2/best.pth
[21:27:56 INFO] ACDC fog val: 100 samples
[21:28:21 INFO]   100/100 processed
[21:28:21 INFO] mIoU = 0.4628
[21:28:21 INFO]   road                 0.8690
[21:28:21 INFO]   sidewalk             0.5768
[21:28:21 INFO]   building             0.5455
[21:28:21 INFO]   wall                 0.2253
[21:28:21 INFO]   fence                0.2712
[21:28:21 INFO]   pole                 0.3362
[21:28:21 INFO]   traffic light        0.6110
[21:28:21 INFO]   traffic sign         0.5423
[21:28:21 INFO]   vegetation           0.7685
[21:28:21 INFO]   terrain              0.4729
[21:28:21 INFO]   sky                  0.8158
[21:28:21 INFO]   person               0.3188
[21:28:21 INFO]   rider                0.4973
[21:28:21 INFO]   car                  0.6644
[21:28:21 INFO]   truck                0.2817
[21:28:21 INFO]   bus                  0.3720
[21:28:21 INFO]   train                0.1670
[21:28:21 INFO]   motorcycle           0.0177
[21:28:21 INFO]   bicycle              0.4404
[21:28:21 INFO] Results saved → results/depthaware_b0005_p70_mitb2/acdc_eval.json
>>> Done: depthaware_b0005_p70_mitb2

>>> Training (fresh start): depthaware_b001_p03_mitb2
[21:28:28 INFO] Device: cuda
Model backend: smp (encoder=mit_b2, architecture=fpn)
[21:28:30 INFO] Using fog cache: data/fog_cache/depthaware_b001
[21:28:30 INFO] fog_prob: 0.3
[21:28:32 INFO] Train: 2975 samples  |  Val: 500 samples
[21:28:46 INFO] Epoch 1/50  iter 50/743  loss=1.6873  lr=5.99e-05
[21:29:00 INFO] Epoch 1/50  iter 100/743  loss=0.9293  lr=5.98e-05
[21:29:13 INFO] Epoch 1/50  iter 150/743  loss=0.6640  lr=5.98e-05
[21:29:26 INFO] Epoch 1/50  iter 200/743  loss=0.5934  lr=5.97e-05
[21:29:40 INFO] Epoch 1/50  iter 250/743  loss=0.5091  lr=5.96e-05
[21:29:53 INFO] Epoch 1/50  iter 300/743  loss=0.3172  lr=5.95e-05
[21:30:06 INFO] Epoch 1/50  iter 350/743  loss=0.9303  lr=5.94e-05
[21:30:20 INFO] Epoch 1/50  iter 400/743  loss=0.4241  lr=5.94e-05
[21:30:33 INFO] Epoch 1/50  iter 450/743  loss=0.3955  lr=5.93e-05
[21:30:47 INFO] Epoch 1/50  iter 500/743  loss=0.2581  lr=5.92e-05
[21:31:00 INFO] Epoch 1/50  iter 550/743  loss=1.0669  lr=5.91e-05
[21:31:14 INFO] Epoch 1/50  iter 600/743  loss=0.2531  lr=5.90e-05
[21:31:27 INFO] Epoch 1/50  iter 650/743  loss=0.3471  lr=5.89e-05
[21:31:40 INFO] Epoch 1/50  iter 700/743  loss=0.4084  lr=5.89e-05
[21:31:52 INFO] Epoch 1 complete — avg_loss=0.6552  time=200s
[21:32:07 INFO] Epoch 2/50  iter 50/743  loss=0.1951  lr=5.87e-05
[21:32:20 INFO] Epoch 2/50  iter 100/743  loss=0.3659  lr=5.86e-05
[21:32:33 INFO] Epoch 2/50  iter 150/743  loss=0.2037  lr=5.86e-05
[21:32:47 INFO] Epoch 2/50  iter 200/743  loss=0.3752  lr=5.85e-05
[21:33:00 INFO] Epoch 2/50  iter 250/743  loss=0.2482  lr=5.84e-05
[21:33:13 INFO] Epoch 2/50  iter 300/743  loss=0.1976  lr=5.83e-05
[21:33:27 INFO] Epoch 2/50  iter 350/743  loss=0.2020  lr=5.82e-05
[21:33:40 INFO] Epoch 2/50  iter 400/743  loss=0.2012  lr=5.82e-05
[21:33:54 INFO] Epoch 2/50  iter 450/743  loss=0.4820  lr=5.81e-05
[21:34:07 INFO] Epoch 2/50  iter 500/743  loss=0.2942  lr=5.80e-05
[21:34:20 INFO] Epoch 2/50  iter 550/743  loss=0.3236  lr=5.79e-05
[21:34:34 INFO] Epoch 2/50  iter 600/743  loss=0.4515  lr=5.78e-05
[21:34:47 INFO] Epoch 2/50  iter 650/743  loss=0.1937  lr=5.77e-05
[21:35:00 INFO] Epoch 2/50  iter 700/743  loss=0.4589  lr=5.77e-05
[21:35:12 INFO] Epoch 2 complete — avg_loss=0.3436  time=199s
[21:35:26 INFO] Epoch 3/50  iter 50/743  loss=0.2924  lr=5.75e-05
[21:35:40 INFO] Epoch 3/50  iter 100/743  loss=0.2490  lr=5.74e-05
[21:35:53 INFO] Epoch 3/50  iter 150/743  loss=0.1988  lr=5.74e-05
[21:36:06 INFO] Epoch 3/50  iter 200/743  loss=0.2164  lr=5.73e-05
[21:36:20 INFO] Epoch 3/50  iter 250/743  loss=0.3858  lr=5.72e-05
[21:36:33 INFO] Epoch 3/50  iter 300/743  loss=1.0089  lr=5.71e-05
[21:36:46 INFO] Epoch 3/50  iter 350/743  loss=0.1287  lr=5.70e-05
[21:37:00 INFO] Epoch 3/50  iter 400/743  loss=0.5157  lr=5.70e-05
[21:37:13 INFO] Epoch 3/50  iter 450/743  loss=0.3860  lr=5.69e-05
[21:37:26 INFO] Epoch 3/50  iter 500/743  loss=0.1766  lr=5.68e-05
[21:37:40 INFO] Epoch 3/50  iter 550/743  loss=0.2429  lr=5.67e-05
[21:37:53 INFO] Epoch 3/50  iter 600/743  loss=0.2434  lr=5.66e-05
[21:38:06 INFO] Epoch 3/50  iter 650/743  loss=0.1873  lr=5.65e-05
[21:38:20 INFO] Epoch 3/50  iter 700/743  loss=0.1296  lr=5.65e-05
[21:38:31 INFO] Epoch 3 complete — avg_loss=0.2795  time=199s
[21:38:45 INFO] Epoch 4/50  iter 50/743  loss=0.1661  lr=5.63e-05
[21:38:59 INFO] Epoch 4/50  iter 100/743  loss=0.1865  lr=5.62e-05
[21:39:12 INFO] Epoch 4/50  iter 150/743  loss=0.6696  lr=5.62e-05
[21:39:25 INFO] Epoch 4/50  iter 200/743  loss=0.2250  lr=5.61e-05
[21:39:39 INFO] Epoch 4/50  iter 250/743  loss=0.2569  lr=5.60e-05
[21:39:52 INFO] Epoch 4/50  iter 300/743  loss=0.2044  lr=5.59e-05
[21:40:05 INFO] Epoch 4/50  iter 350/743  loss=0.0377  lr=5.58e-05
[21:40:19 INFO] Epoch 4/50  iter 400/743  loss=0.1055  lr=5.58e-05
[21:40:32 INFO] Epoch 4/50  iter 450/743  loss=0.0682  lr=5.57e-05
[21:40:45 INFO] Epoch 4/50  iter 500/743  loss=0.1737  lr=5.56e-05
[21:40:59 INFO] Epoch 4/50  iter 550/743  loss=0.2925  lr=5.55e-05
[21:41:12 INFO] Epoch 4/50  iter 600/743  loss=0.3226  lr=5.54e-05
[21:41:25 INFO] Epoch 4/50  iter 650/743  loss=0.2358  lr=5.53e-05
[21:41:39 INFO] Epoch 4/50  iter 700/743  loss=0.1510  lr=5.53e-05
[21:41:50 INFO] Epoch 4 complete — avg_loss=0.2648  time=199s
[21:42:05 INFO] Epoch 5/50  iter 50/743  loss=0.1212  lr=5.51e-05
[21:42:18 INFO] Epoch 5/50  iter 100/743  loss=0.1650  lr=5.50e-05
[21:42:31 INFO] Epoch 5/50  iter 150/743  loss=0.1791  lr=5.50e-05
[21:42:45 INFO] Epoch 5/50  iter 200/743  loss=0.1754  lr=5.49e-05
[21:42:58 INFO] Epoch 5/50  iter 250/743  loss=0.1858  lr=5.48e-05
[21:43:11 INFO] Epoch 5/50  iter 300/743  loss=1.1077  lr=5.47e-05
[21:43:25 INFO] Epoch 5/50  iter 350/743  loss=0.0565  lr=5.46e-05
[21:43:38 INFO] Epoch 5/50  iter 400/743  loss=0.2403  lr=5.46e-05
[21:43:51 INFO] Epoch 5/50  iter 450/743  loss=0.1676  lr=5.45e-05
[21:44:05 INFO] Epoch 5/50  iter 500/743  loss=0.3346  lr=5.44e-05
[21:44:18 INFO] Epoch 5/50  iter 550/743  loss=0.0784  lr=5.43e-05
[21:44:31 INFO] Epoch 5/50  iter 600/743  loss=0.0215  lr=5.42e-05
[21:44:45 INFO] Epoch 5/50  iter 650/743  loss=0.3584  lr=5.41e-05
[21:44:58 INFO] Epoch 5/50  iter 700/743  loss=0.1491  lr=5.41e-05
[21:45:09 INFO] Epoch 5 complete — avg_loss=0.2492  time=199s
[21:47:02 INFO]   val mIoU = 0.6357
[21:47:02 INFO]   ★ New best val mIoU: 0.6357
[21:47:17 INFO] Epoch 6/50  iter 50/743  loss=0.2657  lr=5.39e-05
[21:47:30 INFO] Epoch 6/50  iter 100/743  loss=0.0456  lr=5.38e-05
[21:47:43 INFO] Epoch 6/50  iter 150/743  loss=0.3009  lr=5.38e-05
[21:47:57 INFO] Epoch 6/50  iter 200/743  loss=0.1199  lr=5.37e-05
[21:48:10 INFO] Epoch 6/50  iter 250/743  loss=0.2838  lr=5.36e-05
[21:48:23 INFO] Epoch 6/50  iter 300/743  loss=0.2292  lr=5.35e-05
[21:48:37 INFO] Epoch 6/50  iter 350/743  loss=0.1069  lr=5.34e-05
[21:48:50 INFO] Epoch 6/50  iter 400/743  loss=0.1102  lr=5.34e-05
[21:49:03 INFO] Epoch 6/50  iter 450/743  loss=0.2044  lr=5.33e-05
[21:49:17 INFO] Epoch 6/50  iter 500/743  loss=0.1993  lr=5.32e-05
[21:49:30 INFO] Epoch 6/50  iter 550/743  loss=0.2542  lr=5.31e-05
[21:49:43 INFO] Epoch 6/50  iter 600/743  loss=0.1637  lr=5.30e-05
[21:49:57 INFO] Epoch 6/50  iter 650/743  loss=0.6170  lr=5.29e-05
[21:50:10 INFO] Epoch 6/50  iter 700/743  loss=0.2757  lr=5.29e-05
[21:50:22 INFO] Epoch 6 complete — avg_loss=0.2294  time=199s
[21:50:36 INFO] Epoch 7/50  iter 50/743  loss=0.1857  lr=5.27e-05
[21:50:49 INFO] Epoch 7/50  iter 100/743  loss=0.1181  lr=5.26e-05
[21:51:03 INFO] Epoch 7/50  iter 150/743  loss=0.2531  lr=5.26e-05
[21:51:16 INFO] Epoch 7/50  iter 200/743  loss=0.5993  lr=5.25e-05
[21:51:29 INFO] Epoch 7/50  iter 250/743  loss=0.2474  lr=5.24e-05
[21:51:43 INFO] Epoch 7/50  iter 300/743  loss=0.1408  lr=5.23e-05
[21:51:56 INFO] Epoch 7/50  iter 350/743  loss=0.2042  lr=5.22e-05
[21:52:10 INFO] Epoch 7/50  iter 400/743  loss=0.1189  lr=5.22e-05
[21:52:23 INFO] Epoch 7/50  iter 450/743  loss=0.8315  lr=5.21e-05
[21:52:36 INFO] Epoch 7/50  iter 500/743  loss=0.3408  lr=5.20e-05
[21:52:50 INFO] Epoch 7/50  iter 550/743  loss=0.2072  lr=5.19e-05
[21:53:03 INFO] Epoch 7/50  iter 600/743  loss=0.4485  lr=5.18e-05
[21:53:16 INFO] Epoch 7/50  iter 650/743  loss=0.0259  lr=5.17e-05
[21:53:30 INFO] Epoch 7/50  iter 700/743  loss=0.2126  lr=5.17e-05
[21:53:41 INFO] Epoch 7 complete — avg_loss=0.2206  time=199s
[21:53:56 INFO] Epoch 8/50  iter 50/743  loss=0.1651  lr=5.15e-05
[21:54:09 INFO] Epoch 8/50  iter 100/743  loss=0.2689  lr=5.14e-05
[21:54:22 INFO] Epoch 8/50  iter 150/743  loss=0.0952  lr=5.14e-05
[21:54:36 INFO] Epoch 8/50  iter 200/743  loss=0.1532  lr=5.13e-05
[21:54:49 INFO] Epoch 8/50  iter 250/743  loss=0.2220  lr=5.12e-05
[21:55:03 INFO] Epoch 8/50  iter 300/743  loss=0.2449  lr=5.11e-05
[21:55:16 INFO] Epoch 8/50  iter 350/743  loss=0.1979  lr=5.10e-05
[21:55:30 INFO] Epoch 8/50  iter 400/743  loss=0.3050  lr=5.10e-05
[21:55:43 INFO] Epoch 8/50  iter 450/743  loss=0.1381  lr=5.09e-05
[21:55:56 INFO] Epoch 8/50  iter 500/743  loss=0.1413  lr=5.08e-05
[21:56:10 INFO] Epoch 8/50  iter 550/743  loss=0.2097  lr=5.07e-05
[21:56:23 INFO] Epoch 8/50  iter 600/743  loss=0.0553  lr=5.06e-05
[21:56:37 INFO] Epoch 8/50  iter 650/743  loss=0.1863  lr=5.05e-05
[21:56:50 INFO] Epoch 8/50  iter 700/743  loss=0.0556  lr=5.05e-05
[21:57:02 INFO] Epoch 8 complete — avg_loss=0.2163  time=200s
[21:57:16 INFO] Epoch 9/50  iter 50/743  loss=0.2176  lr=5.03e-05
[21:57:30 INFO] Epoch 9/50  iter 100/743  loss=0.1103  lr=5.02e-05
[21:57:43 INFO] Epoch 9/50  iter 150/743  loss=0.1482  lr=5.02e-05
[21:57:56 INFO] Epoch 9/50  iter 200/743  loss=0.3036  lr=5.01e-05
[21:58:10 INFO] Epoch 9/50  iter 250/743  loss=0.2475  lr=5.00e-05
[21:58:23 INFO] Epoch 9/50  iter 300/743  loss=0.0878  lr=4.99e-05
[21:58:36 INFO] Epoch 9/50  iter 350/743  loss=0.1688  lr=4.98e-05
[21:58:50 INFO] Epoch 9/50  iter 400/743  loss=0.0950  lr=4.98e-05
[21:59:03 INFO] Epoch 9/50  iter 450/743  loss=0.1640  lr=4.97e-05
[21:59:17 INFO] Epoch 9/50  iter 500/743  loss=0.1967  lr=4.96e-05
[21:59:30 INFO] Epoch 9/50  iter 550/743  loss=0.1738  lr=4.95e-05
[21:59:43 INFO] Epoch 9/50  iter 600/743  loss=0.3090  lr=4.94e-05
[21:59:57 INFO] Epoch 9/50  iter 650/743  loss=0.1871  lr=4.93e-05
[22:00:10 INFO] Epoch 9/50  iter 700/743  loss=0.2347  lr=4.93e-05
[22:00:22 INFO] Epoch 9 complete — avg_loss=0.2060  time=200s
[22:00:36 INFO] Epoch 10/50  iter 50/743  loss=0.2147  lr=4.91e-05
[22:00:50 INFO] Epoch 10/50  iter 100/743  loss=0.1912  lr=4.90e-05
[22:01:03 INFO] Epoch 10/50  iter 150/743  loss=0.1387  lr=4.90e-05
[22:01:17 INFO] Epoch 10/50  iter 200/743  loss=0.0982  lr=4.89e-05
[22:01:30 INFO] Epoch 10/50  iter 250/743  loss=0.1240  lr=4.88e-05
[22:01:43 INFO] Epoch 10/50  iter 300/743  loss=0.0732  lr=4.87e-05
[22:01:57 INFO] Epoch 10/50  iter 350/743  loss=0.1849  lr=4.86e-05
[22:02:10 INFO] Epoch 10/50  iter 400/743  loss=0.2502  lr=4.86e-05
[22:02:24 INFO] Epoch 10/50  iter 450/743  loss=0.2120  lr=4.85e-05
[22:02:37 INFO] Epoch 10/50  iter 500/743  loss=0.1608  lr=4.84e-05
[22:02:50 INFO] Epoch 10/50  iter 550/743  loss=0.2920  lr=4.83e-05
[22:03:04 INFO] Epoch 10/50  iter 600/743  loss=0.2638  lr=4.82e-05
[22:03:17 INFO] Epoch 10/50  iter 650/743  loss=0.2514  lr=4.81e-05
[22:03:31 INFO] Epoch 10/50  iter 700/743  loss=0.1161  lr=4.81e-05
[22:03:42 INFO] Epoch 10 complete — avg_loss=0.2037  time=200s
[22:05:43 INFO]   val mIoU = 0.6908
[22:05:44 INFO]   ★ New best val mIoU: 0.6908
[22:05:58 INFO] Epoch 11/50  iter 50/743  loss=0.1366  lr=4.79e-05
[22:06:12 INFO] Epoch 11/50  iter 100/743  loss=0.6881  lr=4.78e-05
[22:06:25 INFO] Epoch 11/50  iter 150/743  loss=0.2379  lr=4.78e-05
[22:06:38 INFO] Epoch 11/50  iter 200/743  loss=0.2385  lr=4.77e-05
[22:06:52 INFO] Epoch 11/50  iter 250/743  loss=0.1624  lr=4.76e-05
[22:07:05 INFO] Epoch 11/50  iter 300/743  loss=0.1883  lr=4.75e-05
[22:07:19 INFO] Epoch 11/50  iter 350/743  loss=0.1606  lr=4.74e-05
[22:07:32 INFO] Epoch 11/50  iter 400/743  loss=0.1440  lr=4.74e-05
[22:07:46 INFO] Epoch 11/50  iter 450/743  loss=0.1946  lr=4.73e-05
[22:07:59 INFO] Epoch 11/50  iter 500/743  loss=0.0859  lr=4.72e-05
[22:08:13 INFO] Epoch 11/50  iter 550/743  loss=0.1272  lr=4.71e-05
[22:08:26 INFO] Epoch 11/50  iter 600/743  loss=0.0872  lr=4.70e-05
[22:08:39 INFO] Epoch 11/50  iter 650/743  loss=0.1528  lr=4.69e-05
[22:08:53 INFO] Epoch 11/50  iter 700/743  loss=0.2374  lr=4.69e-05
[22:09:04 INFO] Epoch 11 complete — avg_loss=0.1890  time=200s
[22:09:19 INFO] Epoch 12/50  iter 50/743  loss=0.1003  lr=4.67e-05
[22:09:32 INFO] Epoch 12/50  iter 100/743  loss=0.2594  lr=4.66e-05
[22:09:46 INFO] Epoch 12/50  iter 150/743  loss=0.1263  lr=4.66e-05
[22:09:59 INFO] Epoch 12/50  iter 200/743  loss=0.1114  lr=4.65e-05
[22:10:13 INFO] Epoch 12/50  iter 250/743  loss=0.1802  lr=4.64e-05
[22:10:26 INFO] Epoch 12/50  iter 300/743  loss=0.0858  lr=4.63e-05
[22:10:40 INFO] Epoch 12/50  iter 350/743  loss=0.2577  lr=4.62e-05
[22:10:53 INFO] Epoch 12/50  iter 400/743  loss=0.0955  lr=4.62e-05
[22:11:07 INFO] Epoch 12/50  iter 450/743  loss=0.1206  lr=4.61e-05
[22:11:20 INFO] Epoch 12/50  iter 500/743  loss=0.0689  lr=4.60e-05
[22:11:33 INFO] Epoch 12/50  iter 550/743  loss=0.1861  lr=4.59e-05
[22:11:47 INFO] Epoch 12/50  iter 600/743  loss=0.1210  lr=4.58e-05
[22:12:00 INFO] Epoch 12/50  iter 650/743  loss=0.2432  lr=4.57e-05
[22:12:14 INFO] Epoch 12/50  iter 700/743  loss=0.1585  lr=4.57e-05
[22:12:25 INFO] Epoch 12 complete — avg_loss=0.1836  time=200s
[22:12:40 INFO] Epoch 13/50  iter 50/743  loss=0.0677  lr=4.55e-05
[22:12:53 INFO] Epoch 13/50  iter 100/743  loss=0.1592  lr=4.54e-05
[22:13:07 INFO] Epoch 13/50  iter 150/743  loss=0.0811  lr=4.54e-05
[22:13:20 INFO] Epoch 13/50  iter 200/743  loss=0.3267  lr=4.53e-05
[22:13:34 INFO] Epoch 13/50  iter 250/743  loss=0.2343  lr=4.52e-05
[22:13:47 INFO] Epoch 13/50  iter 300/743  loss=0.2100  lr=4.51e-05
[22:14:00 INFO] Epoch 13/50  iter 350/743  loss=0.1108  lr=4.50e-05
[22:14:14 INFO] Epoch 13/50  iter 400/743  loss=0.2739  lr=4.50e-05
[22:14:27 INFO] Epoch 13/50  iter 450/743  loss=0.0487  lr=4.49e-05
[22:14:41 INFO] Epoch 13/50  iter 500/743  loss=0.3138  lr=4.48e-05
[22:14:54 INFO] Epoch 13/50  iter 550/743  loss=0.1212  lr=4.47e-05
[22:15:08 INFO] Epoch 13/50  iter 600/743  loss=0.1925  lr=4.46e-05
[22:15:21 INFO] Epoch 13/50  iter 650/743  loss=0.1207  lr=4.45e-05
[22:15:35 INFO] Epoch 13/50  iter 700/743  loss=0.1562  lr=4.45e-05
[22:15:46 INFO] Epoch 13 complete — avg_loss=0.1800  time=200s
[22:16:01 INFO] Epoch 14/50  iter 50/743  loss=0.1755  lr=4.43e-05
[22:16:14 INFO] Epoch 14/50  iter 100/743  loss=0.1451  lr=4.42e-05
[22:16:28 INFO] Epoch 14/50  iter 150/743  loss=0.1756  lr=4.42e-05
[22:16:41 INFO] Epoch 14/50  iter 200/743  loss=0.0946  lr=4.41e-05
[22:16:55 INFO] Epoch 14/50  iter 250/743  loss=0.1649  lr=4.40e-05
[22:17:08 INFO] Epoch 14/50  iter 300/743  loss=0.2137  lr=4.39e-05
[22:17:21 INFO] Epoch 14/50  iter 350/743  loss=0.1454  lr=4.38e-05
[22:17:35 INFO] Epoch 14/50  iter 400/743  loss=0.0733  lr=4.38e-05
[22:17:48 INFO] Epoch 14/50  iter 450/743  loss=0.1746  lr=4.37e-05
[22:18:02 INFO] Epoch 14/50  iter 500/743  loss=0.1202  lr=4.36e-05
[22:18:15 INFO] Epoch 14/50  iter 550/743  loss=0.0345  lr=4.35e-05
[22:18:29 INFO] Epoch 14/50  iter 600/743  loss=0.1229  lr=4.34e-05
[22:18:42 INFO] Epoch 14/50  iter 650/743  loss=0.1464  lr=4.33e-05
[22:18:55 INFO] Epoch 14/50  iter 700/743  loss=0.1778  lr=4.33e-05
[22:19:07 INFO] Epoch 14 complete — avg_loss=0.1810  time=200s
[22:19:22 INFO] Epoch 15/50  iter 50/743  loss=0.1482  lr=4.31e-05
[22:19:35 INFO] Epoch 15/50  iter 100/743  loss=0.1208  lr=4.30e-05
[22:19:49 INFO] Epoch 15/50  iter 150/743  loss=0.1680  lr=4.30e-05
[22:20:02 INFO] Epoch 15/50  iter 200/743  loss=0.1596  lr=4.29e-05
[22:20:15 INFO] Epoch 15/50  iter 250/743  loss=0.1142  lr=4.28e-05
[22:20:29 INFO] Epoch 15/50  iter 300/743  loss=0.2092  lr=4.27e-05
[22:20:42 INFO] Epoch 15/50  iter 350/743  loss=0.2152  lr=4.26e-05
[22:20:56 INFO] Epoch 15/50  iter 400/743  loss=0.2092  lr=4.26e-05
[22:21:09 INFO] Epoch 15/50  iter 450/743  loss=0.1494  lr=4.25e-05
[22:21:23 INFO] Epoch 15/50  iter 500/743  loss=0.1678  lr=4.24e-05
[22:21:36 INFO] Epoch 15/50  iter 550/743  loss=0.0841  lr=4.23e-05
[22:21:49 INFO] Epoch 15/50  iter 600/743  loss=0.1776  lr=4.22e-05
[22:22:03 INFO] Epoch 15/50  iter 650/743  loss=0.1819  lr=4.21e-05
[22:22:16 INFO] Epoch 15/50  iter 700/743  loss=0.1428  lr=4.21e-05
[22:22:28 INFO] Epoch 15 complete — avg_loss=0.1734  time=200s
[22:24:26 INFO]   val mIoU = 0.7300
[22:24:27 INFO]   ★ New best val mIoU: 0.7300
[22:24:41 INFO] Epoch 16/50  iter 50/743  loss=0.1991  lr=4.19e-05
[22:24:55 INFO] Epoch 16/50  iter 100/743  loss=0.1430  lr=4.18e-05
[22:25:08 INFO] Epoch 16/50  iter 150/743  loss=0.1234  lr=4.18e-05
[22:25:21 INFO] Epoch 16/50  iter 200/743  loss=0.0943  lr=4.17e-05
[22:25:35 INFO] Epoch 16/50  iter 250/743  loss=0.2410  lr=4.16e-05
[22:25:48 INFO] Epoch 16/50  iter 300/743  loss=0.1605  lr=4.15e-05
[22:26:02 INFO] Epoch 16/50  iter 350/743  loss=0.1311  lr=4.14e-05
[22:26:15 INFO] Epoch 16/50  iter 400/743  loss=0.0992  lr=4.14e-05
[22:26:29 INFO] Epoch 16/50  iter 450/743  loss=0.2339  lr=4.13e-05
[22:26:42 INFO] Epoch 16/50  iter 500/743  loss=0.1363  lr=4.12e-05
[22:26:55 INFO] Epoch 16/50  iter 550/743  loss=0.1212  lr=4.11e-05
[22:27:11 INFO] Epoch 16/50  iter 600/743  loss=0.1637  lr=4.10e-05
[22:27:26 INFO] Epoch 16/50  iter 650/743  loss=0.1615  lr=4.09e-05
[22:27:41 INFO] Epoch 16/50  iter 700/743  loss=0.0541  lr=4.09e-05
[22:27:54 INFO] Epoch 16 complete — avg_loss=0.1701  time=207s
[22:28:11 INFO] Epoch 17/50  iter 50/743  loss=0.0645  lr=4.07e-05
[22:28:26 INFO] Epoch 17/50  iter 100/743  loss=0.1572  lr=4.06e-05
[22:28:41 INFO] Epoch 17/50  iter 150/743  loss=0.2046  lr=4.06e-05
[22:28:56 INFO] Epoch 17/50  iter 200/743  loss=0.0891  lr=4.05e-05
[22:29:11 INFO] Epoch 17/50  iter 250/743  loss=0.1844  lr=4.04e-05
[22:29:27 INFO] Epoch 17/50  iter 300/743  loss=0.1515  lr=4.03e-05
[22:29:42 INFO] Epoch 17/50  iter 350/743  loss=0.1021  lr=4.02e-05
[22:29:57 INFO] Epoch 17/50  iter 400/743  loss=0.0832  lr=4.02e-05
[22:30:12 INFO] Epoch 17/50  iter 450/743  loss=0.2051  lr=4.01e-05
[22:30:28 INFO] Epoch 17/50  iter 500/743  loss=0.1396  lr=4.00e-05
[22:30:43 INFO] Epoch 17/50  iter 550/743  loss=0.2303  lr=3.99e-05
[22:30:58 INFO] Epoch 17/50  iter 600/743  loss=0.0877  lr=3.98e-05
[22:31:13 INFO] Epoch 17/50  iter 650/743  loss=0.1558  lr=3.97e-05
[22:31:28 INFO] Epoch 17/50  iter 700/743  loss=0.1047  lr=3.97e-05
[22:31:42 INFO] Epoch 17 complete — avg_loss=0.1683  time=227s
[22:31:57 INFO] Epoch 18/50  iter 50/743  loss=0.1616  lr=3.95e-05
[22:32:11 INFO] Epoch 18/50  iter 100/743  loss=0.1756  lr=3.94e-05
[22:32:24 INFO] Epoch 18/50  iter 150/743  loss=0.1360  lr=3.94e-05
[22:32:37 INFO] Epoch 18/50  iter 200/743  loss=0.1135  lr=3.93e-05
[22:32:51 INFO] Epoch 18/50  iter 250/743  loss=0.1064  lr=3.92e-05
[22:33:04 INFO] Epoch 18/50  iter 300/743  loss=0.2375  lr=3.91e-05
[22:33:18 INFO] Epoch 18/50  iter 350/743  loss=0.7077  lr=3.90e-05
[22:33:31 INFO] Epoch 18/50  iter 400/743  loss=0.1450  lr=3.90e-05
[22:33:45 INFO] Epoch 18/50  iter 450/743  loss=0.3228  lr=3.89e-05
[22:33:58 INFO] Epoch 18/50  iter 500/743  loss=0.1031  lr=3.88e-05
[22:34:11 INFO] Epoch 18/50  iter 550/743  loss=0.1234  lr=3.87e-05
[22:34:25 INFO] Epoch 18/50  iter 600/743  loss=1.1865  lr=3.86e-05
[22:34:38 INFO] Epoch 18/50  iter 650/743  loss=0.1780  lr=3.85e-05
[22:34:52 INFO] Epoch 18/50  iter 700/743  loss=0.1053  lr=3.85e-05
[22:35:03 INFO] Epoch 18 complete — avg_loss=0.1653  time=201s
[22:35:18 INFO] Epoch 19/50  iter 50/743  loss=0.1135  lr=3.83e-05
[22:35:31 INFO] Epoch 19/50  iter 100/743  loss=0.1796  lr=3.82e-05
[22:35:45 INFO] Epoch 19/50  iter 150/743  loss=0.2339  lr=3.82e-05
[22:35:58 INFO] Epoch 19/50  iter 200/743  loss=0.1842  lr=3.81e-05
[22:36:12 INFO] Epoch 19/50  iter 250/743  loss=0.0901  lr=3.80e-05
[22:36:25 INFO] Epoch 19/50  iter 300/743  loss=0.1483  lr=3.79e-05
[22:36:38 INFO] Epoch 19/50  iter 350/743  loss=0.2249  lr=3.78e-05
[22:36:52 INFO] Epoch 19/50  iter 400/743  loss=0.2645  lr=3.78e-05
[22:37:05 INFO] Epoch 19/50  iter 450/743  loss=0.1395  lr=3.77e-05
[22:37:19 INFO] Epoch 19/50  iter 500/743  loss=0.0821  lr=3.76e-05
[22:37:32 INFO] Epoch 19/50  iter 550/743  loss=0.1108  lr=3.75e-05
[22:37:45 INFO] Epoch 19/50  iter 600/743  loss=0.1325  lr=3.74e-05
[22:37:59 INFO] Epoch 19/50  iter 650/743  loss=0.1733  lr=3.73e-05
[22:38:12 INFO] Epoch 19/50  iter 700/743  loss=0.1399  lr=3.73e-05
[22:38:24 INFO] Epoch 19 complete — avg_loss=0.1626  time=200s
[22:38:38 INFO] Epoch 20/50  iter 50/743  loss=0.1374  lr=3.71e-05
[22:38:52 INFO] Epoch 20/50  iter 100/743  loss=0.0772  lr=3.70e-05
[22:39:05 INFO] Epoch 20/50  iter 150/743  loss=0.0704  lr=3.70e-05
[22:39:19 INFO] Epoch 20/50  iter 200/743  loss=0.1307  lr=3.69e-05
[22:39:32 INFO] Epoch 20/50  iter 250/743  loss=0.1298  lr=3.68e-05
[22:39:45 INFO] Epoch 20/50  iter 300/743  loss=0.0691  lr=3.67e-05
[22:39:59 INFO] Epoch 20/50  iter 350/743  loss=0.1721  lr=3.66e-05
[22:40:12 INFO] Epoch 20/50  iter 400/743  loss=0.1043  lr=3.66e-05
[22:40:26 INFO] Epoch 20/50  iter 450/743  loss=0.1613  lr=3.65e-05
[22:40:39 INFO] Epoch 20/50  iter 500/743  loss=0.1366  lr=3.64e-05
[22:40:53 INFO] Epoch 20/50  iter 550/743  loss=0.1592  lr=3.63e-05
[22:41:06 INFO] Epoch 20/50  iter 600/743  loss=0.0919  lr=3.62e-05
[22:41:19 INFO] Epoch 20/50  iter 650/743  loss=0.1243  lr=3.61e-05
[22:41:33 INFO] Epoch 20/50  iter 700/743  loss=0.1755  lr=3.61e-05
[22:41:44 INFO] Epoch 20 complete — avg_loss=0.1554  time=200s
[22:43:42 INFO]   val mIoU = 0.7341
[22:43:43 INFO]   ★ New best val mIoU: 0.7341
[22:43:57 INFO] Epoch 21/50  iter 50/743  loss=0.0991  lr=3.59e-05
[22:44:11 INFO] Epoch 21/50  iter 100/743  loss=0.0850  lr=3.58e-05
[22:44:24 INFO] Epoch 21/50  iter 150/743  loss=0.4388  lr=3.58e-05
[22:44:37 INFO] Epoch 21/50  iter 200/743  loss=0.1439  lr=3.57e-05
[22:44:51 INFO] Epoch 21/50  iter 250/743  loss=0.1594  lr=3.56e-05
[22:45:04 INFO] Epoch 21/50  iter 300/743  loss=0.1162  lr=3.55e-05
[22:45:18 INFO] Epoch 21/50  iter 350/743  loss=0.0737  lr=3.54e-05
[22:45:31 INFO] Epoch 21/50  iter 400/743  loss=0.1066  lr=3.54e-05
[22:45:44 INFO] Epoch 21/50  iter 450/743  loss=0.2241  lr=3.53e-05
[22:45:58 INFO] Epoch 21/50  iter 500/743  loss=0.2840  lr=3.52e-05
[22:46:11 INFO] Epoch 21/50  iter 550/743  loss=0.0852  lr=3.51e-05
[22:46:25 INFO] Epoch 21/50  iter 600/743  loss=0.1220  lr=3.50e-05
[22:46:38 INFO] Epoch 21/50  iter 650/743  loss=0.2773  lr=3.49e-05
[22:46:51 INFO] Epoch 21/50  iter 700/743  loss=0.0899  lr=3.49e-05
[22:47:03 INFO] Epoch 21 complete — avg_loss=0.1549  time=200s
[22:47:27 INFO] Epoch 22/50  iter 50/743  loss=0.1631  lr=3.47e-05
[22:47:50 INFO] Epoch 22/50  iter 100/743  loss=0.0532  lr=3.46e-05
[22:48:12 INFO] Epoch 22/50  iter 150/743  loss=0.2120  lr=3.46e-05
[22:48:31 INFO] Epoch 22/50  iter 200/743  loss=0.0697  lr=3.45e-05
[22:48:44 INFO] Epoch 22/50  iter 250/743  loss=0.1227  lr=3.44e-05
[22:48:58 INFO] Epoch 22/50  iter 300/743  loss=0.1213  lr=3.43e-05
[22:49:11 INFO] Epoch 22/50  iter 350/743  loss=0.0476  lr=3.42e-05
[22:49:25 INFO] Epoch 22/50  iter 400/743  loss=0.2266  lr=3.42e-05
[22:49:38 INFO] Epoch 22/50  iter 450/743  loss=0.2856  lr=3.41e-05
[22:49:52 INFO] Epoch 22/50  iter 500/743  loss=0.1694  lr=3.40e-05
[22:50:05 INFO] Epoch 22/50  iter 550/743  loss=0.1726  lr=3.39e-05
[22:50:18 INFO] Epoch 22/50  iter 600/743  loss=0.1139  lr=3.38e-05
[22:50:32 INFO] Epoch 22/50  iter 650/743  loss=0.1907  lr=3.37e-05
[22:50:45 INFO] Epoch 22/50  iter 700/743  loss=0.1664  lr=3.37e-05
[22:50:57 INFO] Epoch 22 complete — avg_loss=0.1480  time=233s
[22:51:11 INFO] Epoch 23/50  iter 50/743  loss=0.0953  lr=3.35e-05
[22:51:25 INFO] Epoch 23/50  iter 100/743  loss=0.9542  lr=3.34e-05
[22:51:38 INFO] Epoch 23/50  iter 150/743  loss=0.2517  lr=3.34e-05
[22:51:52 INFO] Epoch 23/50  iter 200/743  loss=0.1011  lr=3.33e-05
[22:52:05 INFO] Epoch 23/50  iter 250/743  loss=0.1360  lr=3.32e-05
[22:52:19 INFO] Epoch 23/50  iter 300/743  loss=0.4071  lr=3.31e-05
[22:52:32 INFO] Epoch 23/50  iter 350/743  loss=0.1539  lr=3.30e-05
[22:52:45 INFO] Epoch 23/50  iter 400/743  loss=0.1378  lr=3.30e-05
[22:52:59 INFO] Epoch 23/50  iter 450/743  loss=0.1413  lr=3.29e-05
[22:53:12 INFO] Epoch 23/50  iter 500/743  loss=0.1482  lr=3.28e-05
[22:53:26 INFO] Epoch 23/50  iter 550/743  loss=0.0827  lr=3.27e-05
[22:53:39 INFO] Epoch 23/50  iter 600/743  loss=0.1732  lr=3.26e-05
[22:53:52 INFO] Epoch 23/50  iter 650/743  loss=0.1294  lr=3.25e-05
[22:54:06 INFO] Epoch 23/50  iter 700/743  loss=0.1269  lr=3.25e-05
[22:54:17 INFO] Epoch 23 complete — avg_loss=0.1533  time=200s
[22:54:32 INFO] Epoch 24/50  iter 50/743  loss=0.1056  lr=3.23e-05
[22:54:45 INFO] Epoch 24/50  iter 100/743  loss=0.0952  lr=3.22e-05
[22:54:59 INFO] Epoch 24/50  iter 150/743  loss=0.2034  lr=3.22e-05
[22:55:14 INFO] Epoch 24/50  iter 200/743  loss=0.1031  lr=3.21e-05
[22:55:29 INFO] Epoch 24/50  iter 250/743  loss=0.1053  lr=3.20e-05
[22:55:44 INFO] Epoch 24/50  iter 300/743  loss=0.1218  lr=3.19e-05
[22:55:59 INFO] Epoch 24/50  iter 350/743  loss=0.0799  lr=3.18e-05
[22:56:15 INFO] Epoch 24/50  iter 400/743  loss=0.1161  lr=3.18e-05
[22:56:29 INFO] Epoch 24/50  iter 450/743  loss=0.0692  lr=3.17e-05
[22:56:45 INFO] Epoch 24/50  iter 500/743  loss=0.2427  lr=3.16e-05
[22:57:00 INFO] Epoch 24/50  iter 550/743  loss=0.6427  lr=3.15e-05
[22:57:15 INFO] Epoch 24/50  iter 600/743  loss=0.2964  lr=3.14e-05
[22:57:30 INFO] Epoch 24/50  iter 650/743  loss=0.0742  lr=3.13e-05
[22:57:45 INFO] Epoch 24/50  iter 700/743  loss=0.1560  lr=3.13e-05
[22:57:58 INFO] Epoch 24 complete — avg_loss=0.1508  time=220s
[22:58:14 INFO] Epoch 25/50  iter 50/743  loss=0.1552  lr=3.11e-05
[22:58:29 INFO] Epoch 25/50  iter 100/743  loss=0.0480  lr=3.10e-05
[22:58:44 INFO] Epoch 25/50  iter 150/743  loss=0.1567  lr=3.10e-05
[22:58:59 INFO] Epoch 25/50  iter 200/743  loss=0.1523  lr=3.09e-05
[22:59:14 INFO] Epoch 25/50  iter 250/743  loss=0.1045  lr=3.08e-05
[22:59:29 INFO] Epoch 25/50  iter 300/743  loss=0.1411  lr=3.07e-05
[22:59:44 INFO] Epoch 25/50  iter 350/743  loss=0.4139  lr=3.06e-05
[22:59:59 INFO] Epoch 25/50  iter 400/743  loss=0.0974  lr=3.06e-05
[23:00:15 INFO] Epoch 25/50  iter 450/743  loss=0.1136  lr=3.05e-05
[23:00:30 INFO] Epoch 25/50  iter 500/743  loss=0.0324  lr=3.04e-05
[23:00:45 INFO] Epoch 25/50  iter 550/743  loss=0.1364  lr=3.03e-05
[23:01:00 INFO] Epoch 25/50  iter 600/743  loss=0.1516  lr=3.02e-05
[23:01:15 INFO] Epoch 25/50  iter 650/743  loss=0.3675  lr=3.01e-05
[23:01:30 INFO] Epoch 25/50  iter 700/743  loss=0.1113  lr=3.01e-05
[23:01:43 INFO] Epoch 25 complete — avg_loss=0.1484  time=224s
[23:03:52 INFO]   val mIoU = 0.7483
[23:03:53 INFO]   ★ New best val mIoU: 0.7483
[23:04:09 INFO] Epoch 26/50  iter 50/743  loss=0.1294  lr=2.99e-05
[23:04:24 INFO] Epoch 26/50  iter 100/743  loss=0.0837  lr=2.98e-05
[23:04:39 INFO] Epoch 26/50  iter 150/743  loss=0.1366  lr=2.98e-05
[23:04:54 INFO] Epoch 26/50  iter 200/743  loss=0.1829  lr=2.97e-05
[23:05:09 INFO] Epoch 26/50  iter 250/743  loss=0.2194  lr=2.96e-05
[23:05:24 INFO] Epoch 26/50  iter 300/743  loss=0.1523  lr=2.95e-05
[23:05:39 INFO] Epoch 26/50  iter 350/743  loss=0.1840  lr=2.94e-05
[23:05:54 INFO] Epoch 26/50  iter 400/743  loss=0.1473  lr=2.94e-05
[23:06:09 INFO] Epoch 26/50  iter 450/743  loss=0.1786  lr=2.93e-05
[23:06:24 INFO] Epoch 26/50  iter 500/743  loss=0.2290  lr=2.92e-05
[23:06:39 INFO] Epoch 26/50  iter 550/743  loss=0.1484  lr=2.91e-05
[23:06:54 INFO] Epoch 26/50  iter 600/743  loss=0.1413  lr=2.90e-05
[23:07:09 INFO] Epoch 26/50  iter 650/743  loss=0.1314  lr=2.89e-05
[23:07:23 INFO] Epoch 26/50  iter 700/743  loss=0.1903  lr=2.89e-05
[23:07:35 INFO] Epoch 26 complete — avg_loss=0.1569  time=221s
[23:07:49 INFO] Epoch 27/50  iter 50/743  loss=0.1208  lr=2.87e-05
[23:08:03 INFO] Epoch 27/50  iter 100/743  loss=0.1479  lr=2.86e-05
[23:08:16 INFO] Epoch 27/50  iter 150/743  loss=0.1455  lr=2.86e-05
[23:08:30 INFO] Epoch 27/50  iter 200/743  loss=0.0896  lr=2.85e-05
[23:08:43 INFO] Epoch 27/50  iter 250/743  loss=0.1206  lr=2.84e-05
[23:08:56 INFO] Epoch 27/50  iter 300/743  loss=0.2716  lr=2.83e-05
[23:09:10 INFO] Epoch 27/50  iter 350/743  loss=0.1648  lr=2.82e-05
[23:09:23 INFO] Epoch 27/50  iter 400/743  loss=0.2143  lr=2.82e-05
[23:09:36 INFO] Epoch 27/50  iter 450/743  loss=0.0646  lr=2.81e-05
[23:09:50 INFO] Epoch 27/50  iter 500/743  loss=0.2224  lr=2.80e-05
[23:10:03 INFO] Epoch 27/50  iter 550/743  loss=0.1730  lr=2.79e-05
[23:10:17 INFO] Epoch 27/50  iter 600/743  loss=0.1073  lr=2.78e-05
[23:10:30 INFO] Epoch 27/50  iter 650/743  loss=0.4688  lr=2.77e-05
[23:10:44 INFO] Epoch 27/50  iter 700/743  loss=0.1144  lr=2.77e-05
[23:10:55 INFO] Epoch 27 complete — avg_loss=0.1436  time=200s
[23:11:10 INFO] Epoch 28/50  iter 50/743  loss=0.1256  lr=2.75e-05
[23:11:23 INFO] Epoch 28/50  iter 100/743  loss=0.1323  lr=2.74e-05
[23:11:36 INFO] Epoch 28/50  iter 150/743  loss=0.1167  lr=2.74e-05
[23:11:50 INFO] Epoch 28/50  iter 200/743  loss=0.1360  lr=2.73e-05
[23:12:03 INFO] Epoch 28/50  iter 250/743  loss=0.1222  lr=2.72e-05
[23:12:17 INFO] Epoch 28/50  iter 300/743  loss=0.2140  lr=2.71e-05
[23:12:30 INFO] Epoch 28/50  iter 350/743  loss=0.1463  lr=2.70e-05
[23:12:43 INFO] Epoch 28/50  iter 400/743  loss=0.1025  lr=2.70e-05
[23:12:57 INFO] Epoch 28/50  iter 450/743  loss=0.1036  lr=2.69e-05
[23:13:10 INFO] Epoch 28/50  iter 500/743  loss=0.1623  lr=2.68e-05
[23:13:24 INFO] Epoch 28/50  iter 550/743  loss=0.1865  lr=2.67e-05
[23:13:37 INFO] Epoch 28/50  iter 600/743  loss=0.4145  lr=2.66e-05
[23:13:50 INFO] Epoch 28/50  iter 650/743  loss=0.0708  lr=2.65e-05
[23:14:04 INFO] Epoch 28/50  iter 700/743  loss=0.1140  lr=2.65e-05
[23:14:15 INFO] Epoch 28 complete — avg_loss=0.1385  time=200s
[23:14:30 INFO] Epoch 29/50  iter 50/743  loss=0.1951  lr=2.63e-05
[23:14:43 INFO] Epoch 29/50  iter 100/743  loss=0.1626  lr=2.62e-05
[23:14:57 INFO] Epoch 29/50  iter 150/743  loss=0.1237  lr=2.62e-05
[23:15:10 INFO] Epoch 29/50  iter 200/743  loss=0.1240  lr=2.61e-05
[23:15:23 INFO] Epoch 29/50  iter 250/743  loss=0.0785  lr=2.60e-05
[23:15:37 INFO] Epoch 29/50  iter 300/743  loss=0.1433  lr=2.59e-05
[23:15:50 INFO] Epoch 29/50  iter 350/743  loss=0.1603  lr=2.58e-05
[23:16:04 INFO] Epoch 29/50  iter 400/743  loss=0.1254  lr=2.58e-05
[23:16:17 INFO] Epoch 29/50  iter 450/743  loss=0.1520  lr=2.57e-05
[23:16:30 INFO] Epoch 29/50  iter 500/743  loss=0.0675  lr=2.56e-05
[23:16:44 INFO] Epoch 29/50  iter 550/743  loss=0.1479  lr=2.55e-05
[23:16:57 INFO] Epoch 29/50  iter 600/743  loss=0.0599  lr=2.54e-05
[23:17:11 INFO] Epoch 29/50  iter 650/743  loss=0.0874  lr=2.53e-05
[23:17:24 INFO] Epoch 29/50  iter 700/743  loss=0.0899  lr=2.53e-05
[23:17:36 INFO] Epoch 29 complete — avg_loss=0.1424  time=200s
[23:17:50 INFO] Epoch 30/50  iter 50/743  loss=0.2086  lr=2.51e-05
[23:18:04 INFO] Epoch 30/50  iter 100/743  loss=0.0717  lr=2.50e-05
[23:18:17 INFO] Epoch 30/50  iter 150/743  loss=0.0326  lr=2.50e-05
[23:18:30 INFO] Epoch 30/50  iter 200/743  loss=0.0526  lr=2.49e-05
[23:18:44 INFO] Epoch 30/50  iter 250/743  loss=0.0695  lr=2.48e-05
[23:18:57 INFO] Epoch 30/50  iter 300/743  loss=0.1311  lr=2.47e-05
[23:19:11 INFO] Epoch 30/50  iter 350/743  loss=0.0680  lr=2.46e-05
[23:19:24 INFO] Epoch 30/50  iter 400/743  loss=0.1041  lr=2.46e-05
[23:19:37 INFO] Epoch 30/50  iter 450/743  loss=0.0755  lr=2.45e-05
[23:19:51 INFO] Epoch 30/50  iter 500/743  loss=0.0913  lr=2.44e-05
[23:20:04 INFO] Epoch 30/50  iter 550/743  loss=0.2288  lr=2.43e-05
[23:20:17 INFO] Epoch 30/50  iter 600/743  loss=0.0906  lr=2.42e-05
[23:20:31 INFO] Epoch 30/50  iter 650/743  loss=0.1550  lr=2.41e-05
[23:20:44 INFO] Epoch 30/50  iter 700/743  loss=0.1295  lr=2.41e-05
[23:20:56 INFO] Epoch 30 complete — avg_loss=0.1407  time=200s
[23:22:53 INFO]   val mIoU = 0.7613
[23:22:53 INFO]   ★ New best val mIoU: 0.7613
[23:23:08 INFO] Epoch 31/50  iter 50/743  loss=0.1104  lr=2.39e-05
[23:23:21 INFO] Epoch 31/50  iter 100/743  loss=0.1230  lr=2.38e-05
[23:23:35 INFO] Epoch 31/50  iter 150/743  loss=0.1547  lr=2.38e-05
[23:23:48 INFO] Epoch 31/50  iter 200/743  loss=0.7004  lr=2.37e-05
[23:24:01 INFO] Epoch 31/50  iter 250/743  loss=0.0899  lr=2.36e-05
[23:24:15 INFO] Epoch 31/50  iter 300/743  loss=0.4914  lr=2.35e-05
[23:24:28 INFO] Epoch 31/50  iter 350/743  loss=0.2709  lr=2.34e-05
[23:24:42 INFO] Epoch 31/50  iter 400/743  loss=0.0639  lr=2.34e-05
[23:24:55 INFO] Epoch 31/50  iter 450/743  loss=0.1556  lr=2.33e-05
[23:25:08 INFO] Epoch 31/50  iter 500/743  loss=0.1110  lr=2.32e-05
[23:25:22 INFO] Epoch 31/50  iter 550/743  loss=0.4841  lr=2.31e-05
[23:25:35 INFO] Epoch 31/50  iter 600/743  loss=0.0867  lr=2.30e-05
[23:25:49 INFO] Epoch 31/50  iter 650/743  loss=0.1485  lr=2.29e-05
[23:26:02 INFO] Epoch 31/50  iter 700/743  loss=0.0893  lr=2.29e-05
[23:26:14 INFO] Epoch 31 complete — avg_loss=0.1402  time=200s
[23:26:28 INFO] Epoch 32/50  iter 50/743  loss=0.1399  lr=2.27e-05
[23:26:41 INFO] Epoch 32/50  iter 100/743  loss=0.1905  lr=2.26e-05
[23:26:55 INFO] Epoch 32/50  iter 150/743  loss=0.0753  lr=2.26e-05
[23:27:08 INFO] Epoch 32/50  iter 200/743  loss=0.1208  lr=2.25e-05
[23:27:22 INFO] Epoch 32/50  iter 250/743  loss=0.1389  lr=2.24e-05
[23:27:35 INFO] Epoch 32/50  iter 300/743  loss=0.0335  lr=2.23e-05
[23:27:48 INFO] Epoch 32/50  iter 350/743  loss=0.1960  lr=2.22e-05
[23:28:02 INFO] Epoch 32/50  iter 400/743  loss=0.1038  lr=2.22e-05
[23:28:15 INFO] Epoch 32/50  iter 450/743  loss=0.0685  lr=2.21e-05
[23:28:28 INFO] Epoch 32/50  iter 500/743  loss=0.1546  lr=2.20e-05
[23:28:42 INFO] Epoch 32/50  iter 550/743  loss=0.0705  lr=2.19e-05
[23:28:55 INFO] Epoch 32/50  iter 600/743  loss=0.0984  lr=2.18e-05
[23:29:08 INFO] Epoch 32/50  iter 650/743  loss=0.1296  lr=2.17e-05
[23:29:22 INFO] Epoch 32/50  iter 700/743  loss=0.1738  lr=2.17e-05
[23:29:33 INFO] Epoch 32 complete — avg_loss=0.1353  time=199s
[23:29:48 INFO] Epoch 33/50  iter 50/743  loss=0.2007  lr=2.15e-05
[23:30:03 INFO] Epoch 33/50  iter 100/743  loss=0.0923  lr=2.14e-05
[23:30:19 INFO] Epoch 33/50  iter 150/743  loss=0.0974  lr=2.14e-05
[23:30:35 INFO] Epoch 33/50  iter 200/743  loss=0.0592  lr=2.13e-05
[23:30:52 INFO] Epoch 33/50  iter 250/743  loss=0.0562  lr=2.12e-05
[23:31:08 INFO] Epoch 33/50  iter 300/743  loss=0.1067  lr=2.11e-05
[23:31:24 INFO] Epoch 33/50  iter 350/743  loss=0.2180  lr=2.10e-05
[23:31:41 INFO] Epoch 33/50  iter 400/743  loss=0.1464  lr=2.10e-05
[23:31:57 INFO] Epoch 33/50  iter 450/743  loss=0.1547  lr=2.09e-05
[23:32:13 INFO] Epoch 33/50  iter 500/743  loss=0.0891  lr=2.08e-05
[23:32:29 INFO] Epoch 33/50  iter 550/743  loss=0.1094  lr=2.07e-05
[23:32:46 INFO] Epoch 33/50  iter 600/743  loss=0.0599  lr=2.06e-05
[23:33:02 INFO] Epoch 33/50  iter 650/743  loss=0.0931  lr=2.05e-05
[23:33:18 INFO] Epoch 33/50  iter 700/743  loss=0.0482  lr=2.05e-05
[23:33:32 INFO] Epoch 33 complete — avg_loss=0.1358  time=238s
[23:33:50 INFO] Epoch 34/50  iter 50/743  loss=0.0500  lr=2.03e-05
[23:34:06 INFO] Epoch 34/50  iter 100/743  loss=0.1766  lr=2.02e-05
[23:34:22 INFO] Epoch 34/50  iter 150/743  loss=0.1329  lr=2.02e-05
[23:34:39 INFO] Epoch 34/50  iter 200/743  loss=0.1426  lr=2.01e-05
[23:34:55 INFO] Epoch 34/50  iter 250/743  loss=0.1602  lr=2.00e-05
[23:35:11 INFO] Epoch 34/50  iter 300/743  loss=0.1707  lr=1.99e-05
[23:35:27 INFO] Epoch 34/50  iter 350/743  loss=0.1988  lr=1.98e-05
[23:35:44 INFO] Epoch 34/50  iter 400/743  loss=0.1172  lr=1.98e-05
[23:36:00 INFO] Epoch 34/50  iter 450/743  loss=0.1075  lr=1.97e-05
[23:36:16 INFO] Epoch 34/50  iter 500/743  loss=0.1319  lr=1.96e-05
[23:36:33 INFO] Epoch 34/50  iter 550/743  loss=0.1336  lr=1.95e-05
[23:36:49 INFO] Epoch 34/50  iter 600/743  loss=0.3253  lr=1.94e-05
[23:37:06 INFO] Epoch 34/50  iter 650/743  loss=0.1084  lr=1.93e-05
[23:37:21 INFO] Epoch 34/50  iter 700/743  loss=0.0730  lr=1.93e-05
[23:37:33 INFO] Epoch 34 complete — avg_loss=0.1401  time=240s
[23:37:48 INFO] Epoch 35/50  iter 50/743  loss=0.0759  lr=1.91e-05
[23:38:01 INFO] Epoch 35/50  iter 100/743  loss=0.1624  lr=1.90e-05
[23:38:14 INFO] Epoch 35/50  iter 150/743  loss=0.1375  lr=1.90e-05
[23:38:28 INFO] Epoch 35/50  iter 200/743  loss=0.1289  lr=1.89e-05
[23:38:41 INFO] Epoch 35/50  iter 250/743  loss=0.0900  lr=1.88e-05
[23:38:54 INFO] Epoch 35/50  iter 300/743  loss=0.1520  lr=1.87e-05
[23:39:08 INFO] Epoch 35/50  iter 350/743  loss=0.1051  lr=1.86e-05
[23:39:21 INFO] Epoch 35/50  iter 400/743  loss=0.0879  lr=1.86e-05
[23:39:35 INFO] Epoch 35/50  iter 450/743  loss=0.2075  lr=1.85e-05
[23:39:48 INFO] Epoch 35/50  iter 500/743  loss=0.1880  lr=1.84e-05
[23:40:01 INFO] Epoch 35/50  iter 550/743  loss=0.8190  lr=1.83e-05
[23:40:15 INFO] Epoch 35/50  iter 600/743  loss=0.1216  lr=1.82e-05
[23:40:28 INFO] Epoch 35/50  iter 650/743  loss=0.0959  lr=1.81e-05
[23:40:42 INFO] Epoch 35/50  iter 700/743  loss=0.0862  lr=1.81e-05
[23:40:53 INFO] Epoch 35 complete — avg_loss=0.1336  time=200s
[23:42:51 INFO]   val mIoU = 0.7617
[23:42:52 INFO]   ★ New best val mIoU: 0.7617
[23:43:06 INFO] Epoch 36/50  iter 50/743  loss=0.1276  lr=1.79e-05
[23:43:20 INFO] Epoch 36/50  iter 100/743  loss=0.1865  lr=1.78e-05
[23:43:33 INFO] Epoch 36/50  iter 150/743  loss=0.1221  lr=1.78e-05
[23:43:46 INFO] Epoch 36/50  iter 200/743  loss=0.0869  lr=1.77e-05
[23:44:00 INFO] Epoch 36/50  iter 250/743  loss=0.0679  lr=1.76e-05
[23:44:13 INFO] Epoch 36/50  iter 300/743  loss=0.1138  lr=1.75e-05
[23:44:27 INFO] Epoch 36/50  iter 350/743  loss=0.0748  lr=1.74e-05
[23:44:40 INFO] Epoch 36/50  iter 400/743  loss=0.0706  lr=1.74e-05
[23:44:53 INFO] Epoch 36/50  iter 450/743  loss=0.0914  lr=1.73e-05
[23:45:07 INFO] Epoch 36/50  iter 500/743  loss=0.1104  lr=1.72e-05
[23:45:20 INFO] Epoch 36/50  iter 550/743  loss=0.1248  lr=1.71e-05
[23:45:33 INFO] Epoch 36/50  iter 600/743  loss=0.0635  lr=1.70e-05
[23:45:47 INFO] Epoch 36/50  iter 650/743  loss=0.0477  lr=1.69e-05
[23:46:00 INFO] Epoch 36/50  iter 700/743  loss=0.1951  lr=1.69e-05
[23:46:12 INFO] Epoch 36 complete — avg_loss=0.1278  time=199s
[23:46:27 INFO] Epoch 37/50  iter 50/743  loss=0.0999  lr=1.67e-05
[23:46:43 INFO] Epoch 37/50  iter 100/743  loss=0.1407  lr=1.66e-05
[23:47:00 INFO] Epoch 37/50  iter 150/743  loss=0.0894  lr=1.66e-05
[23:47:16 INFO] Epoch 37/50  iter 200/743  loss=0.1842  lr=1.65e-05
[23:47:32 INFO] Epoch 37/50  iter 250/743  loss=0.0573  lr=1.64e-05
[23:47:48 INFO] Epoch 37/50  iter 300/743  loss=0.1226  lr=1.63e-05
[23:48:05 INFO] Epoch 37/50  iter 350/743  loss=0.1262  lr=1.62e-05
[23:48:21 INFO] Epoch 37/50  iter 400/743  loss=0.2559  lr=1.62e-05
[23:48:37 INFO] Epoch 37/50  iter 450/743  loss=0.0964  lr=1.61e-05
[23:48:53 INFO] Epoch 37/50  iter 500/743  loss=0.1468  lr=1.60e-05
[23:49:10 INFO] Epoch 37/50  iter 550/743  loss=0.1650  lr=1.59e-05
[23:49:26 INFO] Epoch 37/50  iter 600/743  loss=0.1232  lr=1.58e-05
[23:49:42 INFO] Epoch 37/50  iter 650/743  loss=0.1404  lr=1.57e-05
[23:49:58 INFO] Epoch 37/50  iter 700/743  loss=0.1270  lr=1.57e-05
[23:50:12 INFO] Epoch 37 complete — avg_loss=0.1333  time=240s
[23:50:30 INFO] Epoch 38/50  iter 50/743  loss=0.1869  lr=1.55e-05
[23:50:46 INFO] Epoch 38/50  iter 100/743  loss=0.0550  lr=1.54e-05
[23:51:03 INFO] Epoch 38/50  iter 150/743  loss=0.1069  lr=1.54e-05
[23:51:19 INFO] Epoch 38/50  iter 200/743  loss=0.0643  lr=1.53e-05
[23:51:35 INFO] Epoch 38/50  iter 250/743  loss=0.1131  lr=1.52e-05
[23:51:52 INFO] Epoch 38/50  iter 300/743  loss=0.1254  lr=1.51e-05
[23:52:08 INFO] Epoch 38/50  iter 350/743  loss=0.1747  lr=1.50e-05
[23:52:24 INFO] Epoch 38/50  iter 400/743  loss=0.0505  lr=1.50e-05
[23:52:40 INFO] Epoch 38/50  iter 450/743  loss=0.1490  lr=1.49e-05
[23:52:57 INFO] Epoch 38/50  iter 500/743  loss=0.1939  lr=1.48e-05
[23:53:13 INFO] Epoch 38/50  iter 550/743  loss=0.1755  lr=1.47e-05
[23:53:29 INFO] Epoch 38/50  iter 600/743  loss=0.1598  lr=1.46e-05
[23:53:46 INFO] Epoch 38/50  iter 650/743  loss=0.1007  lr=1.45e-05
[23:54:01 INFO] Epoch 38/50  iter 700/743  loss=0.0877  lr=1.45e-05
[23:54:13 INFO] Epoch 38 complete — avg_loss=0.1299  time=239s
[23:54:27 INFO] Epoch 39/50  iter 50/743  loss=0.0597  lr=1.43e-05
[23:54:41 INFO] Epoch 39/50  iter 100/743  loss=0.0509  lr=1.42e-05
[23:54:54 INFO] Epoch 39/50  iter 150/743  loss=0.0815  lr=1.42e-05
[23:55:07 INFO] Epoch 39/50  iter 200/743  loss=0.5770  lr=1.41e-05
[23:55:21 INFO] Epoch 39/50  iter 250/743  loss=0.1209  lr=1.40e-05
[23:55:34 INFO] Epoch 39/50  iter 300/743  loss=0.1026  lr=1.39e-05
[23:55:48 INFO] Epoch 39/50  iter 350/743  loss=0.2239  lr=1.38e-05
[23:56:01 INFO] Epoch 39/50  iter 400/743  loss=0.1265  lr=1.38e-05
[23:56:14 INFO] Epoch 39/50  iter 450/743  loss=0.2140  lr=1.37e-05
[23:56:28 INFO] Epoch 39/50  iter 500/743  loss=0.0980  lr=1.36e-05
[23:56:41 INFO] Epoch 39/50  iter 550/743  loss=0.1391  lr=1.35e-05
[23:56:55 INFO] Epoch 39/50  iter 600/743  loss=0.2895  lr=1.34e-05
[23:57:08 INFO] Epoch 39/50  iter 650/743  loss=0.1261  lr=1.33e-05
[23:57:22 INFO] Epoch 39/50  iter 700/743  loss=0.0802  lr=1.33e-05
[23:57:33 INFO] Epoch 39 complete — avg_loss=0.1344  time=200s
[23:57:48 INFO] Epoch 40/50  iter 50/743  loss=0.1122  lr=1.31e-05
[23:58:01 INFO] Epoch 40/50  iter 100/743  loss=0.1145  lr=1.30e-05
[23:58:15 INFO] Epoch 40/50  iter 150/743  loss=0.0472  lr=1.30e-05
[23:58:28 INFO] Epoch 40/50  iter 200/743  loss=0.1099  lr=1.29e-05
[23:58:41 INFO] Epoch 40/50  iter 250/743  loss=0.1576  lr=1.28e-05
[23:58:55 INFO] Epoch 40/50  iter 300/743  loss=0.1291  lr=1.27e-05
[23:59:08 INFO] Epoch 40/50  iter 350/743  loss=0.3225  lr=1.26e-05
[23:59:22 INFO] Epoch 40/50  iter 400/743  loss=0.1134  lr=1.26e-05
[23:59:35 INFO] Epoch 40/50  iter 450/743  loss=0.1134  lr=1.25e-05
[23:59:48 INFO] Epoch 40/50  iter 500/743  loss=0.2040  lr=1.24e-05
[00:00:02 INFO] Epoch 40/50  iter 550/743  loss=0.1913  lr=1.23e-05
[00:00:15 INFO] Epoch 40/50  iter 600/743  loss=0.2000  lr=1.22e-05
[00:00:29 INFO] Epoch 40/50  iter 650/743  loss=0.1536  lr=1.21e-05
[00:00:42 INFO] Epoch 40/50  iter 700/743  loss=0.0723  lr=1.21e-05
[00:00:54 INFO] Epoch 40 complete — avg_loss=0.1260  time=200s
[00:02:52 INFO]   val mIoU = 0.7723
[00:02:53 INFO]   ★ New best val mIoU: 0.7723
[00:03:07 INFO] Epoch 41/50  iter 50/743  loss=0.1023  lr=1.19e-05
[00:03:21 INFO] Epoch 41/50  iter 100/743  loss=0.0971  lr=1.18e-05
[00:03:34 INFO] Epoch 41/50  iter 150/743  loss=0.0669  lr=1.18e-05
[00:03:47 INFO] Epoch 41/50  iter 200/743  loss=0.0574  lr=1.17e-05
[00:04:01 INFO] Epoch 41/50  iter 250/743  loss=0.1328  lr=1.16e-05
[00:04:14 INFO] Epoch 41/50  iter 300/743  loss=0.0802  lr=1.15e-05
[00:04:28 INFO] Epoch 41/50  iter 350/743  loss=0.0856  lr=1.14e-05
[00:04:41 INFO] Epoch 41/50  iter 400/743  loss=0.1220  lr=1.14e-05
[00:04:54 INFO] Epoch 41/50  iter 450/743  loss=0.1482  lr=1.13e-05
[00:05:08 INFO] Epoch 41/50  iter 500/743  loss=0.0760  lr=1.12e-05
[00:05:21 INFO] Epoch 41/50  iter 550/743  loss=0.0652  lr=1.11e-05
[00:05:34 INFO] Epoch 41/50  iter 600/743  loss=0.0907  lr=1.10e-05
[00:05:48 INFO] Epoch 41/50  iter 650/743  loss=0.1678  lr=1.09e-05
[00:06:01 INFO] Epoch 41/50  iter 700/743  loss=0.0805  lr=1.09e-05
[00:06:13 INFO] Epoch 41 complete — avg_loss=0.1231  time=199s
[00:06:27 INFO] Epoch 42/50  iter 50/743  loss=0.0785  lr=1.07e-05
[00:06:41 INFO] Epoch 42/50  iter 100/743  loss=0.1194  lr=1.06e-05
[00:06:54 INFO] Epoch 42/50  iter 150/743  loss=0.1701  lr=1.06e-05
[00:07:07 INFO] Epoch 42/50  iter 200/743  loss=0.1469  lr=1.05e-05
[00:07:21 INFO] Epoch 42/50  iter 250/743  loss=0.0615  lr=1.04e-05
[00:07:34 INFO] Epoch 42/50  iter 300/743  loss=0.1720  lr=1.03e-05
[00:07:47 INFO] Epoch 42/50  iter 350/743  loss=0.1146  lr=1.02e-05
[00:08:01 INFO] Epoch 42/50  iter 400/743  loss=0.0954  lr=1.02e-05
[00:08:14 INFO] Epoch 42/50  iter 450/743  loss=0.0760  lr=1.01e-05
[00:08:28 INFO] Epoch 42/50  iter 500/743  loss=0.0862  lr=9.99e-06
[00:08:41 INFO] Epoch 42/50  iter 550/743  loss=0.0963  lr=9.91e-06
[00:08:54 INFO] Epoch 42/50  iter 600/743  loss=0.1056  lr=9.83e-06
[00:09:08 INFO] Epoch 42/50  iter 650/743  loss=0.0714  lr=9.75e-06
[00:09:21 INFO] Epoch 42/50  iter 700/743  loss=0.1224  lr=9.67e-06
[00:09:33 INFO] Epoch 42 complete — avg_loss=0.1226  time=199s
[00:09:47 INFO] Epoch 43/50  iter 50/743  loss=0.0515  lr=9.52e-06
[00:10:00 INFO] Epoch 43/50  iter 100/743  loss=0.1802  lr=9.44e-06
[00:10:14 INFO] Epoch 43/50  iter 150/743  loss=0.1375  lr=9.36e-06
[00:10:27 INFO] Epoch 43/50  iter 200/743  loss=0.0728  lr=9.28e-06
[00:10:41 INFO] Epoch 43/50  iter 250/743  loss=0.0832  lr=9.19e-06
[00:10:54 INFO] Epoch 43/50  iter 300/743  loss=0.1091  lr=9.11e-06
[00:11:07 INFO] Epoch 43/50  iter 350/743  loss=0.1005  lr=9.03e-06
[00:11:21 INFO] Epoch 43/50  iter 400/743  loss=0.0871  lr=8.95e-06
[00:11:34 INFO] Epoch 43/50  iter 450/743  loss=0.0874  lr=8.87e-06
[00:11:47 INFO] Epoch 43/50  iter 500/743  loss=0.0806  lr=8.79e-06
[00:12:01 INFO] Epoch 43/50  iter 550/743  loss=0.0952  lr=8.71e-06
[00:12:14 INFO] Epoch 43/50  iter 600/743  loss=0.0665  lr=8.63e-06
[00:12:28 INFO] Epoch 43/50  iter 650/743  loss=0.1845  lr=8.55e-06
[00:12:41 INFO] Epoch 43/50  iter 700/743  loss=0.0764  lr=8.47e-06
[00:12:52 INFO] Epoch 43 complete — avg_loss=0.1277  time=199s
[00:13:07 INFO] Epoch 44/50  iter 50/743  loss=0.0859  lr=8.32e-06
[00:13:20 INFO] Epoch 44/50  iter 100/743  loss=0.1260  lr=8.24e-06
[00:13:34 INFO] Epoch 44/50  iter 150/743  loss=0.1203  lr=8.16e-06
[00:13:47 INFO] Epoch 44/50  iter 200/743  loss=0.1175  lr=8.08e-06
[00:14:00 INFO] Epoch 44/50  iter 250/743  loss=0.0823  lr=7.99e-06
[00:14:14 INFO] Epoch 44/50  iter 300/743  loss=0.1018  lr=7.91e-06
[00:14:27 INFO] Epoch 44/50  iter 350/743  loss=0.0825  lr=7.83e-06
[00:14:41 INFO] Epoch 44/50  iter 400/743  loss=0.1763  lr=7.75e-06
[00:14:54 INFO] Epoch 44/50  iter 450/743  loss=0.0840  lr=7.67e-06
[00:15:07 INFO] Epoch 44/50  iter 500/743  loss=0.1215  lr=7.59e-06
[00:15:21 INFO] Epoch 44/50  iter 550/743  loss=0.1758  lr=7.51e-06
[00:15:34 INFO] Epoch 44/50  iter 600/743  loss=0.1315  lr=7.43e-06
[00:15:47 INFO] Epoch 44/50  iter 650/743  loss=0.1105  lr=7.35e-06
[00:16:01 INFO] Epoch 44/50  iter 700/743  loss=0.0768  lr=7.27e-06
[00:16:12 INFO] Epoch 44 complete — avg_loss=0.1211  time=199s
[00:16:27 INFO] Epoch 45/50  iter 50/743  loss=0.0384  lr=7.12e-06
[00:16:40 INFO] Epoch 45/50  iter 100/743  loss=0.1273  lr=7.04e-06
[00:16:54 INFO] Epoch 45/50  iter 150/743  loss=0.1101  lr=6.96e-06
[00:17:07 INFO] Epoch 45/50  iter 200/743  loss=0.1326  lr=6.88e-06
[00:17:20 INFO] Epoch 45/50  iter 250/743  loss=0.1133  lr=6.79e-06
[00:17:34 INFO] Epoch 45/50  iter 300/743  loss=0.1424  lr=6.71e-06
[00:17:47 INFO] Epoch 45/50  iter 350/743  loss=0.0928  lr=6.63e-06
[00:18:00 INFO] Epoch 45/50  iter 400/743  loss=0.1591  lr=6.55e-06
[00:18:14 INFO] Epoch 45/50  iter 450/743  loss=0.0717  lr=6.47e-06
[00:18:27 INFO] Epoch 45/50  iter 500/743  loss=0.1377  lr=6.39e-06
[00:18:40 INFO] Epoch 45/50  iter 550/743  loss=0.3202  lr=6.31e-06
[00:18:54 INFO] Epoch 45/50  iter 600/743  loss=0.1469  lr=6.23e-06
[00:19:07 INFO] Epoch 45/50  iter 650/743  loss=0.0771  lr=6.15e-06
[00:19:20 INFO] Epoch 45/50  iter 700/743  loss=0.0868  lr=6.07e-06
[00:19:32 INFO] Epoch 45 complete — avg_loss=0.1202  time=199s
[00:21:29 INFO]   val mIoU = 0.7722
[00:21:43 INFO] Epoch 46/50  iter 50/743  loss=0.1011  lr=5.92e-06
[00:21:56 INFO] Epoch 46/50  iter 100/743  loss=0.0845  lr=5.84e-06
[00:22:10 INFO] Epoch 46/50  iter 150/743  loss=0.1549  lr=5.76e-06
[00:22:23 INFO] Epoch 46/50  iter 200/743  loss=0.1025  lr=5.68e-06
[00:22:36 INFO] Epoch 46/50  iter 250/743  loss=0.1529  lr=5.59e-06
[00:22:50 INFO] Epoch 46/50  iter 300/743  loss=0.1207  lr=5.51e-06
[00:23:03 INFO] Epoch 46/50  iter 350/743  loss=0.1454  lr=5.43e-06
[00:23:16 INFO] Epoch 46/50  iter 400/743  loss=0.1380  lr=5.35e-06
[00:23:30 INFO] Epoch 46/50  iter 450/743  loss=0.0767  lr=5.27e-06
[00:23:43 INFO] Epoch 46/50  iter 500/743  loss=0.0599  lr=5.19e-06
[00:23:57 INFO] Epoch 46/50  iter 550/743  loss=0.7326  lr=5.11e-06
[00:24:10 INFO] Epoch 46/50  iter 600/743  loss=0.1501  lr=5.03e-06
[00:24:23 INFO] Epoch 46/50  iter 650/743  loss=0.1998  lr=4.95e-06
[00:24:37 INFO] Epoch 46/50  iter 700/743  loss=0.0665  lr=4.87e-06
[00:24:48 INFO] Epoch 46 complete — avg_loss=0.1235  time=199s
[00:25:03 INFO] Epoch 47/50  iter 50/743  loss=0.1402  lr=4.72e-06
[00:25:16 INFO] Epoch 47/50  iter 100/743  loss=0.0633  lr=4.64e-06
[00:25:30 INFO] Epoch 47/50  iter 150/743  loss=0.0816  lr=4.56e-06
[00:25:43 INFO] Epoch 47/50  iter 200/743  loss=0.1202  lr=4.48e-06
[00:25:56 INFO] Epoch 47/50  iter 250/743  loss=0.0908  lr=4.39e-06
[00:26:10 INFO] Epoch 47/50  iter 300/743  loss=0.1147  lr=4.31e-06
[00:26:23 INFO] Epoch 47/50  iter 350/743  loss=0.1258  lr=4.23e-06
[00:26:36 INFO] Epoch 47/50  iter 400/743  loss=0.1070  lr=4.15e-06
[00:26:50 INFO] Epoch 47/50  iter 450/743  loss=0.1643  lr=4.07e-06
[00:27:03 INFO] Epoch 47/50  iter 500/743  loss=0.1092  lr=3.99e-06
[00:27:16 INFO] Epoch 47/50  iter 550/743  loss=0.1219  lr=3.91e-06
[00:27:30 INFO] Epoch 47/50  iter 600/743  loss=0.2884  lr=3.83e-06
[00:27:43 INFO] Epoch 47/50  iter 650/743  loss=0.0835  lr=3.75e-06
[00:27:57 INFO] Epoch 47/50  iter 700/743  loss=0.1288  lr=3.67e-06
[00:28:08 INFO] Epoch 47 complete — avg_loss=0.1212  time=199s
[00:28:23 INFO] Epoch 48/50  iter 50/743  loss=0.0843  lr=3.52e-06
[00:28:36 INFO] Epoch 48/50  iter 100/743  loss=0.0602  lr=3.44e-06
[00:28:49 INFO] Epoch 48/50  iter 150/743  loss=0.1135  lr=3.36e-06
[00:29:03 INFO] Epoch 48/50  iter 200/743  loss=0.2597  lr=3.28e-06
[00:29:16 INFO] Epoch 48/50  iter 250/743  loss=0.0722  lr=3.19e-06
[00:29:29 INFO] Epoch 48/50  iter 300/743  loss=0.0737  lr=3.11e-06
[00:29:43 INFO] Epoch 48/50  iter 350/743  loss=0.1469  lr=3.03e-06
[00:29:56 INFO] Epoch 48/50  iter 400/743  loss=0.2485  lr=2.95e-06
[00:30:10 INFO] Epoch 48/50  iter 450/743  loss=0.0946  lr=2.87e-06
[00:30:23 INFO] Epoch 48/50  iter 500/743  loss=0.0517  lr=2.79e-06
[00:30:36 INFO] Epoch 48/50  iter 550/743  loss=0.1067  lr=2.71e-06
[00:30:50 INFO] Epoch 48/50  iter 600/743  loss=0.1316  lr=2.63e-06
[00:31:03 INFO] Epoch 48/50  iter 650/743  loss=0.0981  lr=2.55e-06
[00:31:16 INFO] Epoch 48/50  iter 700/743  loss=0.1635  lr=2.47e-06
[00:31:28 INFO] Epoch 48 complete — avg_loss=0.1205  time=199s
[00:31:42 INFO] Epoch 49/50  iter 50/743  loss=0.0990  lr=2.32e-06
[00:31:56 INFO] Epoch 49/50  iter 100/743  loss=0.1375  lr=2.24e-06
[00:32:09 INFO] Epoch 49/50  iter 150/743  loss=0.1180  lr=2.16e-06
[00:32:23 INFO] Epoch 49/50  iter 200/743  loss=0.1202  lr=2.08e-06
[00:32:36 INFO] Epoch 49/50  iter 250/743  loss=0.2204  lr=1.99e-06
[00:32:49 INFO] Epoch 49/50  iter 300/743  loss=0.1002  lr=1.91e-06
[00:33:03 INFO] Epoch 49/50  iter 350/743  loss=0.1506  lr=1.83e-06
[00:33:16 INFO] Epoch 49/50  iter 400/743  loss=0.1175  lr=1.75e-06
[00:33:29 INFO] Epoch 49/50  iter 450/743  loss=0.0708  lr=1.67e-06
[00:33:43 INFO] Epoch 49/50  iter 500/743  loss=0.0744  lr=1.59e-06
[00:33:56 INFO] Epoch 49/50  iter 550/743  loss=0.1449  lr=1.51e-06
[00:34:09 INFO] Epoch 49/50  iter 600/743  loss=0.0653  lr=1.43e-06
[00:34:23 INFO] Epoch 49/50  iter 650/743  loss=0.1048  lr=1.35e-06
[00:34:36 INFO] Epoch 49/50  iter 700/743  loss=0.0953  lr=1.27e-06
[00:34:48 INFO] Epoch 49 complete — avg_loss=0.1176  time=199s
[00:35:02 INFO] Epoch 50/50  iter 50/743  loss=0.0994  lr=1.12e-06
[00:35:16 INFO] Epoch 50/50  iter 100/743  loss=0.1565  lr=1.04e-06
[00:35:29 INFO] Epoch 50/50  iter 150/743  loss=0.0474  lr=9.56e-07
[00:35:42 INFO] Epoch 50/50  iter 200/743  loss=0.1338  lr=8.75e-07
[00:35:56 INFO] Epoch 50/50  iter 250/743  loss=0.0823  lr=7.95e-07
[00:36:09 INFO] Epoch 50/50  iter 300/743  loss=0.0864  lr=7.14e-07
[00:36:22 INFO] Epoch 50/50  iter 350/743  loss=0.1507  lr=6.33e-07
[00:36:36 INFO] Epoch 50/50  iter 400/743  loss=0.1055  lr=5.52e-07
[00:36:49 INFO] Epoch 50/50  iter 450/743  loss=0.0781  lr=4.72e-07
[00:37:02 INFO] Epoch 50/50  iter 500/743  loss=0.1139  lr=3.91e-07
[00:37:16 INFO] Epoch 50/50  iter 550/743  loss=0.1149  lr=3.10e-07
[00:37:29 INFO] Epoch 50/50  iter 600/743  loss=0.0722  lr=2.29e-07
[00:37:43 INFO] Epoch 50/50  iter 650/743  loss=0.1094  lr=1.49e-07
[00:37:56 INFO] Epoch 50/50  iter 700/743  loss=0.1433  lr=6.78e-08
[00:38:07 INFO] Epoch 50 complete — avg_loss=0.1248  time=199s
[00:40:06 INFO]   val mIoU = 0.7758
[00:40:07 INFO]   ★ New best val mIoU: 0.7758
[00:40:08 INFO] Training complete. Best val mIoU = 0.7758
>>> Evaluating: depthaware_b001_p03_mitb2
[00:40:18 INFO] Device: cuda
/home/taah3149/Documents/Group_Studies/fog-augmentation/src/models.py:74: FutureWarning: You are using `torch.load` with `weights_only=False` (the current default value), which uses the default pickle module implicitly. It is possible to construct malicious pickle data which will execute arbitrary code during unpickling (See https://github.com/pytorch/pytorch/blob/main/SECURITY.md#untrusted-models for more details). In a future release, the default value for `weights_only` will be flipped to `True`. This limits the functions that could be executed during unpickling. Arbitrary objects will no longer be allowed to be loaded via this mode unless they are explicitly allowlisted by the user via `torch.serialization.add_safe_globals`. We recommend you start setting `weights_only=True` for any use case where you don't have full control of the loaded file. Please open an issue on GitHub for any issues related to this experimental feature.
  state = torch.load(str(checkpoint), map_location="cpu")
Model backend: smp (encoder=mit_b2, architecture=fpn)
Loaded checkpoint: results/depthaware_b001_p03_mitb2/best.pth
[00:40:23 INFO] ACDC fog val: 100 samples
[00:40:48 INFO]   100/100 processed
[00:40:48 INFO] mIoU = 0.5288
[00:40:48 INFO]   road                 0.8835
[00:40:48 INFO]   sidewalk             0.6196
[00:40:48 INFO]   building             0.6143
[00:40:48 INFO]   wall                 0.2865
[00:40:48 INFO]   fence                0.2875
[00:40:48 INFO]   pole                 0.3756
[00:40:48 INFO]   traffic light        0.6325
[00:40:48 INFO]   traffic sign         0.5536
[00:40:48 INFO]   vegetation           0.7867
[00:40:48 INFO]   terrain              0.4964
[00:40:48 INFO]   sky                  0.8785
[00:40:48 INFO]   person               0.4147
[00:40:48 INFO]   rider                0.5633
[00:40:48 INFO]   car                  0.7657
[00:40:48 INFO]   truck                0.3628
[00:40:48 INFO]   bus                  0.4801
[00:40:48 INFO]   train                0.4155
[00:40:48 INFO]   motorcycle           0.1061
[00:40:48 INFO]   bicycle              0.5248
[00:40:48 INFO] Results saved → results/depthaware_b001_p03_mitb2/acdc_eval.json
>>> Done: depthaware_b001_p03_mitb2

>>> Training (fresh start): depthaware_b002_p03_mitb2
[00:40:54 INFO] Device: cuda
Model backend: smp (encoder=mit_b2, architecture=fpn)
[00:40:56 INFO] Using fog cache: data/fog_cache/depthaware_b002
[00:40:56 INFO] fog_prob: 0.3
[00:40:58 INFO] Train: 2975 samples  |  Val: 500 samples
[00:41:13 INFO] Epoch 1/50  iter 50/743  loss=1.5988  lr=5.99e-05
[00:41:26 INFO] Epoch 1/50  iter 100/743  loss=1.0752  lr=5.98e-05
[00:41:39 INFO] Epoch 1/50  iter 150/743  loss=0.6550  lr=5.98e-05
[00:41:52 INFO] Epoch 1/50  iter 200/743  loss=0.8322  lr=5.97e-05
[00:42:06 INFO] Epoch 1/50  iter 250/743  loss=0.5510  lr=5.96e-05
[00:42:19 INFO] Epoch 1/50  iter 300/743  loss=0.3016  lr=5.95e-05
[00:42:33 INFO] Epoch 1/50  iter 350/743  loss=1.0180  lr=5.94e-05
[00:42:46 INFO] Epoch 1/50  iter 400/743  loss=0.5220  lr=5.94e-05
[00:42:59 INFO] Epoch 1/50  iter 450/743  loss=0.3321  lr=5.93e-05
[00:43:13 INFO] Epoch 1/50  iter 500/743  loss=0.2881  lr=5.92e-05
[00:43:26 INFO] Epoch 1/50  iter 550/743  loss=1.2458  lr=5.91e-05
[00:43:39 INFO] Epoch 1/50  iter 600/743  loss=0.2559  lr=5.90e-05
[00:43:53 INFO] Epoch 1/50  iter 650/743  loss=0.3926  lr=5.89e-05
[00:44:06 INFO] Epoch 1/50  iter 700/743  loss=0.4702  lr=5.89e-05
[00:44:18 INFO] Epoch 1 complete — avg_loss=0.6945  time=199s
[00:44:32 INFO] Epoch 2/50  iter 50/743  loss=0.2366  lr=5.87e-05
[00:44:46 INFO] Epoch 2/50  iter 100/743  loss=0.3744  lr=5.86e-05
[00:44:59 INFO] Epoch 2/50  iter 150/743  loss=0.2145  lr=5.86e-05
[00:45:12 INFO] Epoch 2/50  iter 200/743  loss=0.3609  lr=5.85e-05
[00:45:26 INFO] Epoch 2/50  iter 250/743  loss=0.2679  lr=5.84e-05
[00:45:39 INFO] Epoch 2/50  iter 300/743  loss=0.2942  lr=5.83e-05
[00:45:53 INFO] Epoch 2/50  iter 350/743  loss=0.2236  lr=5.82e-05
[00:46:06 INFO] Epoch 2/50  iter 400/743  loss=0.2181  lr=5.82e-05
[00:46:19 INFO] Epoch 2/50  iter 450/743  loss=0.5666  lr=5.81e-05
[00:46:33 INFO] Epoch 2/50  iter 500/743  loss=0.3398  lr=5.80e-05
[00:46:46 INFO] Epoch 2/50  iter 550/743  loss=0.2812  lr=5.79e-05
[00:46:59 INFO] Epoch 2/50  iter 600/743  loss=0.5497  lr=5.78e-05
[00:47:13 INFO] Epoch 2/50  iter 650/743  loss=0.2156  lr=5.77e-05
[00:47:26 INFO] Epoch 2/50  iter 700/743  loss=0.4772  lr=5.77e-05
[00:47:38 INFO] Epoch 2 complete — avg_loss=0.3645  time=199s
[00:47:52 INFO] Epoch 3/50  iter 50/743  loss=0.2909  lr=5.75e-05
[00:48:06 INFO] Epoch 3/50  iter 100/743  loss=0.2635  lr=5.74e-05
[00:48:19 INFO] Epoch 3/50  iter 150/743  loss=0.2532  lr=5.74e-05
[00:48:32 INFO] Epoch 3/50  iter 200/743  loss=0.2478  lr=5.73e-05
[00:48:46 INFO] Epoch 3/50  iter 250/743  loss=0.4472  lr=5.72e-05
[00:48:59 INFO] Epoch 3/50  iter 300/743  loss=1.0336  lr=5.71e-05
[00:49:13 INFO] Epoch 3/50  iter 350/743  loss=0.1438  lr=5.70e-05
[00:49:26 INFO] Epoch 3/50  iter 400/743  loss=0.5443  lr=5.70e-05
[00:49:39 INFO] Epoch 3/50  iter 450/743  loss=0.3163  lr=5.69e-05
[00:49:53 INFO] Epoch 3/50  iter 500/743  loss=0.1919  lr=5.68e-05
[00:50:06 INFO] Epoch 3/50  iter 550/743  loss=0.2682  lr=5.67e-05
[00:50:19 INFO] Epoch 3/50  iter 600/743  loss=0.2423  lr=5.66e-05
[00:50:33 INFO] Epoch 3/50  iter 650/743  loss=0.2078  lr=5.65e-05
[00:50:46 INFO] Epoch 3/50  iter 700/743  loss=0.1281  lr=5.65e-05
[00:50:58 INFO] Epoch 3 complete — avg_loss=0.2989  time=199s
[00:51:12 INFO] Epoch 4/50  iter 50/743  loss=0.1670  lr=5.63e-05
[00:51:26 INFO] Epoch 4/50  iter 100/743  loss=0.2127  lr=5.62e-05
[00:51:39 INFO] Epoch 4/50  iter 150/743  loss=0.5660  lr=5.62e-05
[00:51:52 INFO] Epoch 4/50  iter 200/743  loss=0.2416  lr=5.61e-05
[00:52:06 INFO] Epoch 4/50  iter 250/743  loss=0.2817  lr=5.60e-05
[00:52:19 INFO] Epoch 4/50  iter 300/743  loss=0.2230  lr=5.59e-05
[00:52:33 INFO] Epoch 4/50  iter 350/743  loss=0.0369  lr=5.58e-05
[00:52:46 INFO] Epoch 4/50  iter 400/743  loss=0.1243  lr=5.58e-05
[00:52:59 INFO] Epoch 4/50  iter 450/743  loss=0.0673  lr=5.57e-05
[00:53:13 INFO] Epoch 4/50  iter 500/743  loss=0.1971  lr=5.56e-05
[00:53:26 INFO] Epoch 4/50  iter 550/743  loss=0.3491  lr=5.55e-05
[00:53:39 INFO] Epoch 4/50  iter 600/743  loss=0.3370  lr=5.54e-05
[00:53:53 INFO] Epoch 4/50  iter 650/743  loss=0.2544  lr=5.53e-05
[00:54:06 INFO] Epoch 4/50  iter 700/743  loss=0.1429  lr=5.53e-05
[00:54:18 INFO] Epoch 4 complete — avg_loss=0.2821  time=199s
[00:54:32 INFO] Epoch 5/50  iter 50/743  loss=0.1221  lr=5.51e-05
[00:54:46 INFO] Epoch 5/50  iter 100/743  loss=0.1514  lr=5.50e-05
[00:54:59 INFO] Epoch 5/50  iter 150/743  loss=0.1868  lr=5.50e-05
[00:55:12 INFO] Epoch 5/50  iter 200/743  loss=0.2058  lr=5.49e-05
[00:55:26 INFO] Epoch 5/50  iter 250/743  loss=0.1935  lr=5.48e-05
[00:55:39 INFO] Epoch 5/50  iter 300/743  loss=1.0349  lr=5.47e-05
[00:55:53 INFO] Epoch 5/50  iter 350/743  loss=0.6771  lr=5.46e-05
[00:56:06 INFO] Epoch 5/50  iter 400/743  loss=0.2454  lr=5.46e-05
[00:56:19 INFO] Epoch 5/50  iter 450/743  loss=0.1713  lr=5.45e-05
[00:56:33 INFO] Epoch 5/50  iter 500/743  loss=0.2913  lr=5.44e-05
[00:56:46 INFO] Epoch 5/50  iter 550/743  loss=0.0661  lr=5.43e-05
[00:56:59 INFO] Epoch 5/50  iter 600/743  loss=0.0152  lr=5.42e-05
[00:57:13 INFO] Epoch 5/50  iter 650/743  loss=0.3311  lr=5.41e-05
[00:57:26 INFO] Epoch 5/50  iter 700/743  loss=0.1350  lr=5.41e-05
[00:57:38 INFO] Epoch 5 complete — avg_loss=0.2629  time=199s
[00:59:31 INFO]   val mIoU = 0.6340
[00:59:32 INFO]   ★ New best val mIoU: 0.6340
[00:59:46 INFO] Epoch 6/50  iter 50/743  loss=0.3197  lr=5.39e-05
[01:00:00 INFO] Epoch 6/50  iter 100/743  loss=0.0559  lr=5.38e-05
[01:00:13 INFO] Epoch 6/50  iter 150/743  loss=0.2893  lr=5.38e-05
[01:00:26 INFO] Epoch 6/50  iter 200/743  loss=0.1263  lr=5.37e-05
[01:00:40 INFO] Epoch 6/50  iter 250/743  loss=0.2770  lr=5.36e-05
[01:00:53 INFO] Epoch 6/50  iter 300/743  loss=0.2680  lr=5.35e-05
[01:01:06 INFO] Epoch 6/50  iter 350/743  loss=0.1182  lr=5.34e-05
[01:01:20 INFO] Epoch 6/50  iter 400/743  loss=0.1080  lr=5.34e-05
[01:01:33 INFO] Epoch 6/50  iter 450/743  loss=0.2125  lr=5.33e-05
[01:01:46 INFO] Epoch 6/50  iter 500/743  loss=0.2231  lr=5.32e-05
[01:02:00 INFO] Epoch 6/50  iter 550/743  loss=0.2896  lr=5.31e-05
[01:02:13 INFO] Epoch 6/50  iter 600/743  loss=0.1755  lr=5.30e-05
[01:02:27 INFO] Epoch 6/50  iter 650/743  loss=0.5064  lr=5.29e-05
[01:02:40 INFO] Epoch 6/50  iter 700/743  loss=0.3286  lr=5.29e-05
[01:02:51 INFO] Epoch 6 complete — avg_loss=0.2385  time=199s
[01:03:06 INFO] Epoch 7/50  iter 50/743  loss=0.1953  lr=5.27e-05
[01:03:19 INFO] Epoch 7/50  iter 100/743  loss=0.1208  lr=5.26e-05
[01:03:33 INFO] Epoch 7/50  iter 150/743  loss=0.2620  lr=5.26e-05
[01:03:46 INFO] Epoch 7/50  iter 200/743  loss=0.6074  lr=5.25e-05
[01:03:59 INFO] Epoch 7/50  iter 250/743  loss=0.3057  lr=5.24e-05
[01:04:13 INFO] Epoch 7/50  iter 300/743  loss=0.1579  lr=5.23e-05
[01:04:26 INFO] Epoch 7/50  iter 350/743  loss=0.2319  lr=5.22e-05
[01:04:40 INFO] Epoch 7/50  iter 400/743  loss=0.1353  lr=5.22e-05
[01:04:53 INFO] Epoch 7/50  iter 450/743  loss=0.9587  lr=5.21e-05
[01:05:06 INFO] Epoch 7/50  iter 500/743  loss=0.3607  lr=5.20e-05
[01:05:20 INFO] Epoch 7/50  iter 550/743  loss=0.2433  lr=5.19e-05
[01:05:33 INFO] Epoch 7/50  iter 600/743  loss=0.4096  lr=5.18e-05
[01:05:46 INFO] Epoch 7/50  iter 650/743  loss=0.0278  lr=5.17e-05
[01:06:00 INFO] Epoch 7/50  iter 700/743  loss=0.2368  lr=5.17e-05
[01:06:11 INFO] Epoch 7 complete — avg_loss=0.2271  time=199s
[01:06:26 INFO] Epoch 8/50  iter 50/743  loss=0.1785  lr=5.15e-05
[01:06:39 INFO] Epoch 8/50  iter 100/743  loss=0.3214  lr=5.14e-05
[01:06:53 INFO] Epoch 8/50  iter 150/743  loss=0.1102  lr=5.14e-05
[01:07:06 INFO] Epoch 8/50  iter 200/743  loss=0.1649  lr=5.13e-05
[01:07:19 INFO] Epoch 8/50  iter 250/743  loss=0.2492  lr=5.12e-05
[01:07:33 INFO] Epoch 8/50  iter 300/743  loss=0.2426  lr=5.11e-05
[01:07:46 INFO] Epoch 8/50  iter 350/743  loss=0.1845  lr=5.10e-05
[01:07:59 INFO] Epoch 8/50  iter 400/743  loss=0.3289  lr=5.10e-05
[01:08:13 INFO] Epoch 8/50  iter 450/743  loss=0.1472  lr=5.09e-05
[01:08:26 INFO] Epoch 8/50  iter 500/743  loss=0.1897  lr=5.08e-05
[01:08:39 INFO] Epoch 8/50  iter 550/743  loss=0.2042  lr=5.07e-05
[01:08:53 INFO] Epoch 8/50  iter 600/743  loss=0.0854  lr=5.06e-05
[01:09:06 INFO] Epoch 8/50  iter 650/743  loss=0.3000  lr=5.05e-05
[01:09:20 INFO] Epoch 8/50  iter 700/743  loss=0.0586  lr=5.05e-05
[01:09:31 INFO] Epoch 8 complete — avg_loss=0.2296  time=199s
[01:09:46 INFO] Epoch 9/50  iter 50/743  loss=0.2776  lr=5.03e-05
[01:09:59 INFO] Epoch 9/50  iter 100/743  loss=0.1162  lr=5.02e-05
[01:10:12 INFO] Epoch 9/50  iter 150/743  loss=0.1765  lr=5.02e-05
[01:10:26 INFO] Epoch 9/50  iter 200/743  loss=0.3692  lr=5.01e-05
[01:10:39 INFO] Epoch 9/50  iter 250/743  loss=0.2873  lr=5.00e-05
[01:10:52 INFO] Epoch 9/50  iter 300/743  loss=0.0940  lr=4.99e-05
[01:11:06 INFO] Epoch 9/50  iter 350/743  loss=0.1809  lr=4.98e-05
[01:11:19 INFO] Epoch 9/50  iter 400/743  loss=0.0941  lr=4.98e-05
[01:11:32 INFO] Epoch 9/50  iter 450/743  loss=0.1764  lr=4.97e-05
[01:11:46 INFO] Epoch 9/50  iter 500/743  loss=0.2034  lr=4.96e-05
[01:11:59 INFO] Epoch 9/50  iter 550/743  loss=0.1758  lr=4.95e-05
[01:12:13 INFO] Epoch 9/50  iter 600/743  loss=0.3105  lr=4.94e-05
[01:12:26 INFO] Epoch 9/50  iter 650/743  loss=0.1819  lr=4.93e-05
[01:12:39 INFO] Epoch 9/50  iter 700/743  loss=0.2523  lr=4.93e-05
[01:12:51 INFO] Epoch 9 complete — avg_loss=0.2175  time=199s
[01:13:05 INFO] Epoch 10/50  iter 50/743  loss=0.2159  lr=4.91e-05
[01:13:19 INFO] Epoch 10/50  iter 100/743  loss=0.2008  lr=4.90e-05
[01:13:32 INFO] Epoch 10/50  iter 150/743  loss=0.1499  lr=4.90e-05
[01:13:45 INFO] Epoch 10/50  iter 200/743  loss=0.4012  lr=4.89e-05
[01:13:59 INFO] Epoch 10/50  iter 250/743  loss=0.1193  lr=4.88e-05
[01:14:12 INFO] Epoch 10/50  iter 300/743  loss=0.0823  lr=4.87e-05
[01:14:26 INFO] Epoch 10/50  iter 350/743  loss=0.1941  lr=4.86e-05
[01:14:39 INFO] Epoch 10/50  iter 400/743  loss=0.2660  lr=4.86e-05
[01:14:52 INFO] Epoch 10/50  iter 450/743  loss=0.2372  lr=4.85e-05
[01:15:06 INFO] Epoch 10/50  iter 500/743  loss=0.1762  lr=4.84e-05
[01:15:19 INFO] Epoch 10/50  iter 550/743  loss=0.2373  lr=4.83e-05
[01:15:32 INFO] Epoch 10/50  iter 600/743  loss=0.3310  lr=4.82e-05
[01:15:46 INFO] Epoch 10/50  iter 650/743  loss=0.2596  lr=4.81e-05
[01:15:59 INFO] Epoch 10/50  iter 700/743  loss=0.1293  lr=4.81e-05
[01:16:11 INFO] Epoch 10 complete — avg_loss=0.2139  time=199s
[01:18:10 INFO]   val mIoU = 0.6737
[01:18:11 INFO]   ★ New best val mIoU: 0.6737
[01:18:25 INFO] Epoch 11/50  iter 50/743  loss=0.1456  lr=4.79e-05
[01:18:38 INFO] Epoch 11/50  iter 100/743  loss=0.4546  lr=4.78e-05
[01:18:52 INFO] Epoch 11/50  iter 150/743  loss=0.2663  lr=4.78e-05
[01:19:05 INFO] Epoch 11/50  iter 200/743  loss=0.2723  lr=4.77e-05
[01:19:19 INFO] Epoch 11/50  iter 250/743  loss=0.1769  lr=4.76e-05
[01:19:32 INFO] Epoch 11/50  iter 300/743  loss=0.2498  lr=4.75e-05
[01:19:45 INFO] Epoch 11/50  iter 350/743  loss=0.1928  lr=4.74e-05
[01:19:59 INFO] Epoch 11/50  iter 400/743  loss=0.1915  lr=4.74e-05
[01:20:12 INFO] Epoch 11/50  iter 450/743  loss=0.1531  lr=4.73e-05
[01:20:25 INFO] Epoch 11/50  iter 500/743  loss=0.0916  lr=4.72e-05
[01:20:39 INFO] Epoch 11/50  iter 550/743  loss=0.1271  lr=4.71e-05
[01:20:52 INFO] Epoch 11/50  iter 600/743  loss=0.0935  lr=4.70e-05
[01:21:05 INFO] Epoch 11/50  iter 650/743  loss=0.1574  lr=4.69e-05
[01:21:19 INFO] Epoch 11/50  iter 700/743  loss=0.2559  lr=4.69e-05
[01:21:30 INFO] Epoch 11 complete — avg_loss=0.2007  time=199s
[01:21:45 INFO] Epoch 12/50  iter 50/743  loss=0.1035  lr=4.67e-05
[01:21:58 INFO] Epoch 12/50  iter 100/743  loss=0.2325  lr=4.66e-05
[01:22:12 INFO] Epoch 12/50  iter 150/743  loss=0.1306  lr=4.66e-05
[01:22:25 INFO] Epoch 12/50  iter 200/743  loss=0.1045  lr=4.65e-05
[01:22:38 INFO] Epoch 12/50  iter 250/743  loss=0.1751  lr=4.64e-05
[01:22:52 INFO] Epoch 12/50  iter 300/743  loss=0.0900  lr=4.63e-05
[01:23:05 INFO] Epoch 12/50  iter 350/743  loss=0.2583  lr=4.62e-05
[01:23:18 INFO] Epoch 12/50  iter 400/743  loss=0.1030  lr=4.62e-05
[01:23:32 INFO] Epoch 12/50  iter 450/743  loss=0.1471  lr=4.61e-05
[01:23:45 INFO] Epoch 12/50  iter 500/743  loss=0.0821  lr=4.60e-05
[01:23:58 INFO] Epoch 12/50  iter 550/743  loss=0.2264  lr=4.59e-05
[01:24:12 INFO] Epoch 12/50  iter 600/743  loss=0.1239  lr=4.58e-05
[01:24:25 INFO] Epoch 12/50  iter 650/743  loss=0.2426  lr=4.57e-05
[01:24:39 INFO] Epoch 12/50  iter 700/743  loss=0.1581  lr=4.57e-05
[01:24:50 INFO] Epoch 12 complete — avg_loss=0.1939  time=199s
[01:25:05 INFO] Epoch 13/50  iter 50/743  loss=0.0695  lr=4.55e-05
[01:25:18 INFO] Epoch 13/50  iter 100/743  loss=0.1539  lr=4.54e-05
[01:25:31 INFO] Epoch 13/50  iter 150/743  loss=0.0886  lr=4.54e-05
[01:25:45 INFO] Epoch 13/50  iter 200/743  loss=0.0278  lr=4.53e-05
[01:25:58 INFO] Epoch 13/50  iter 250/743  loss=0.2151  lr=4.52e-05
[01:26:11 INFO] Epoch 13/50  iter 300/743  loss=0.2154  lr=4.51e-05
[01:26:25 INFO] Epoch 13/50  iter 350/743  loss=0.1375  lr=4.50e-05
[01:26:38 INFO] Epoch 13/50  iter 400/743  loss=0.2176  lr=4.50e-05
[01:26:52 INFO] Epoch 13/50  iter 450/743  loss=0.0499  lr=4.49e-05
[01:27:05 INFO] Epoch 13/50  iter 500/743  loss=0.3121  lr=4.48e-05
[01:27:18 INFO] Epoch 13/50  iter 550/743  loss=0.1464  lr=4.47e-05
[01:27:32 INFO] Epoch 13/50  iter 600/743  loss=0.2468  lr=4.46e-05
[01:27:45 INFO] Epoch 13/50  iter 650/743  loss=0.1326  lr=4.45e-05
[01:27:58 INFO] Epoch 13/50  iter 700/743  loss=0.1444  lr=4.45e-05
[01:28:10 INFO] Epoch 13 complete — avg_loss=0.1879  time=199s
[01:28:25 INFO] Epoch 14/50  iter 50/743  loss=0.1967  lr=4.43e-05
[01:28:38 INFO] Epoch 14/50  iter 100/743  loss=0.1497  lr=4.42e-05
[01:28:51 INFO] Epoch 14/50  iter 150/743  loss=0.1586  lr=4.42e-05
[01:29:05 INFO] Epoch 14/50  iter 200/743  loss=0.0931  lr=4.41e-05
[01:29:18 INFO] Epoch 14/50  iter 250/743  loss=0.1669  lr=4.40e-05
[01:29:31 INFO] Epoch 14/50  iter 300/743  loss=0.1794  lr=4.39e-05
[01:29:45 INFO] Epoch 14/50  iter 350/743  loss=0.1308  lr=4.38e-05
[01:29:58 INFO] Epoch 14/50  iter 400/743  loss=0.0824  lr=4.38e-05
[01:30:11 INFO] Epoch 14/50  iter 450/743  loss=0.1825  lr=4.37e-05
[01:30:25 INFO] Epoch 14/50  iter 500/743  loss=0.1250  lr=4.36e-05
[01:30:38 INFO] Epoch 14/50  iter 550/743  loss=0.0328  lr=4.35e-05
[01:30:52 INFO] Epoch 14/50  iter 600/743  loss=0.1307  lr=4.34e-05
[01:31:05 INFO] Epoch 14/50  iter 650/743  loss=0.1621  lr=4.33e-05
[01:31:18 INFO] Epoch 14/50  iter 700/743  loss=0.1810  lr=4.33e-05
[01:31:30 INFO] Epoch 14 complete — avg_loss=0.1901  time=199s
[01:31:44 INFO] Epoch 15/50  iter 50/743  loss=0.1978  lr=4.31e-05
[01:31:58 INFO] Epoch 15/50  iter 100/743  loss=0.1339  lr=4.30e-05
[01:32:11 INFO] Epoch 15/50  iter 150/743  loss=0.1700  lr=4.30e-05
[01:32:24 INFO] Epoch 15/50  iter 200/743  loss=0.2273  lr=4.29e-05
[01:32:38 INFO] Epoch 15/50  iter 250/743  loss=0.1274  lr=4.28e-05
[01:32:51 INFO] Epoch 15/50  iter 300/743  loss=0.1844  lr=4.27e-05
[01:33:05 INFO] Epoch 15/50  iter 350/743  loss=0.2085  lr=4.26e-05
[01:33:18 INFO] Epoch 15/50  iter 400/743  loss=0.2505  lr=4.26e-05
[01:33:31 INFO] Epoch 15/50  iter 450/743  loss=0.1848  lr=4.25e-05
[01:33:45 INFO] Epoch 15/50  iter 500/743  loss=0.2029  lr=4.24e-05
[01:33:58 INFO] Epoch 15/50  iter 550/743  loss=0.0792  lr=4.23e-05
[01:34:11 INFO] Epoch 15/50  iter 600/743  loss=0.1946  lr=4.22e-05
[01:34:25 INFO] Epoch 15/50  iter 650/743  loss=0.1620  lr=4.21e-05
[01:34:38 INFO] Epoch 15/50  iter 700/743  loss=0.1432  lr=4.21e-05
[01:34:50 INFO] Epoch 15 complete — avg_loss=0.1829  time=199s
[01:36:49 INFO]   val mIoU = 0.7212
[01:36:50 INFO]   ★ New best val mIoU: 0.7212
[01:37:04 INFO] Epoch 16/50  iter 50/743  loss=0.2111  lr=4.19e-05
[01:37:18 INFO] Epoch 16/50  iter 100/743  loss=0.1354  lr=4.18e-05
[01:37:31 INFO] Epoch 16/50  iter 150/743  loss=0.1308  lr=4.18e-05
[01:37:44 INFO] Epoch 16/50  iter 200/743  loss=0.1013  lr=4.17e-05
[01:37:58 INFO] Epoch 16/50  iter 250/743  loss=0.2887  lr=4.16e-05
[01:38:11 INFO] Epoch 16/50  iter 300/743  loss=0.1950  lr=4.15e-05
[01:38:24 INFO] Epoch 16/50  iter 350/743  loss=0.1619  lr=4.14e-05
[01:38:38 INFO] Epoch 16/50  iter 400/743  loss=0.1124  lr=4.14e-05
[01:38:51 INFO] Epoch 16/50  iter 450/743  loss=0.2645  lr=4.13e-05
[01:39:04 INFO] Epoch 16/50  iter 500/743  loss=0.1401  lr=4.12e-05
[01:39:18 INFO] Epoch 16/50  iter 550/743  loss=0.1491  lr=4.11e-05
[01:39:31 INFO] Epoch 16/50  iter 600/743  loss=0.1719  lr=4.10e-05
[01:39:44 INFO] Epoch 16/50  iter 650/743  loss=0.1547  lr=4.09e-05
[01:39:58 INFO] Epoch 16/50  iter 700/743  loss=0.0554  lr=4.09e-05
[01:40:09 INFO] Epoch 16 complete — avg_loss=0.1771  time=199s
[01:40:24 INFO] Epoch 17/50  iter 50/743  loss=0.0653  lr=4.07e-05
[01:40:37 INFO] Epoch 17/50  iter 100/743  loss=0.1810  lr=4.06e-05
[01:40:51 INFO] Epoch 17/50  iter 150/743  loss=0.2315  lr=4.06e-05
[01:41:04 INFO] Epoch 17/50  iter 200/743  loss=0.0997  lr=4.05e-05
[01:41:17 INFO] Epoch 17/50  iter 250/743  loss=0.1652  lr=4.04e-05
[01:41:31 INFO] Epoch 17/50  iter 300/743  loss=0.1673  lr=4.03e-05
[01:41:44 INFO] Epoch 17/50  iter 350/743  loss=0.1248  lr=4.02e-05
[01:41:57 INFO] Epoch 17/50  iter 400/743  loss=0.0970  lr=4.02e-05
[01:42:11 INFO] Epoch 17/50  iter 450/743  loss=0.2263  lr=4.01e-05
[01:42:24 INFO] Epoch 17/50  iter 500/743  loss=0.1404  lr=4.00e-05
[01:42:38 INFO] Epoch 17/50  iter 550/743  loss=0.2629  lr=3.99e-05
[01:42:51 INFO] Epoch 17/50  iter 600/743  loss=0.0947  lr=3.98e-05
[01:43:04 INFO] Epoch 17/50  iter 650/743  loss=0.1594  lr=3.97e-05
[01:43:18 INFO] Epoch 17/50  iter 700/743  loss=0.1027  lr=3.97e-05
[01:43:29 INFO] Epoch 17 complete — avg_loss=0.1741  time=199s
[01:43:44 INFO] Epoch 18/50  iter 50/743  loss=0.2050  lr=3.95e-05
[01:43:57 INFO] Epoch 18/50  iter 100/743  loss=0.1925  lr=3.94e-05
[01:44:11 INFO] Epoch 18/50  iter 150/743  loss=0.1394  lr=3.94e-05
[01:44:24 INFO] Epoch 18/50  iter 200/743  loss=0.1082  lr=3.93e-05
[01:44:37 INFO] Epoch 18/50  iter 250/743  loss=0.1067  lr=3.92e-05
[01:44:51 INFO] Epoch 18/50  iter 300/743  loss=0.2553  lr=3.91e-05
[01:45:04 INFO] Epoch 18/50  iter 350/743  loss=0.7196  lr=3.90e-05
[01:45:17 INFO] Epoch 18/50  iter 400/743  loss=0.1055  lr=3.90e-05
[01:45:31 INFO] Epoch 18/50  iter 450/743  loss=0.3415  lr=3.89e-05
[01:45:44 INFO] Epoch 18/50  iter 500/743  loss=0.1058  lr=3.88e-05
[01:45:58 INFO] Epoch 18/50  iter 550/743  loss=0.1304  lr=3.87e-05
[01:46:11 INFO] Epoch 18/50  iter 600/743  loss=1.2155  lr=3.86e-05
[01:46:24 INFO] Epoch 18/50  iter 650/743  loss=0.1760  lr=3.85e-05
[01:46:38 INFO] Epoch 18/50  iter 700/743  loss=0.1114  lr=3.85e-05
[01:46:49 INFO] Epoch 18 complete — avg_loss=0.1750  time=199s
[01:47:04 INFO] Epoch 19/50  iter 50/743  loss=0.1183  lr=3.83e-05
[01:47:17 INFO] Epoch 19/50  iter 100/743  loss=0.1898  lr=3.82e-05
[01:47:30 INFO] Epoch 19/50  iter 150/743  loss=0.1986  lr=3.82e-05
[01:47:44 INFO] Epoch 19/50  iter 200/743  loss=0.1917  lr=3.81e-05
[01:47:57 INFO] Epoch 19/50  iter 250/743  loss=0.0895  lr=3.80e-05
[01:48:11 INFO] Epoch 19/50  iter 300/743  loss=0.3590  lr=3.79e-05
[01:48:24 INFO] Epoch 19/50  iter 350/743  loss=0.2337  lr=3.78e-05
[01:48:37 INFO] Epoch 19/50  iter 400/743  loss=0.2593  lr=3.78e-05
[01:48:51 INFO] Epoch 19/50  iter 450/743  loss=0.1425  lr=3.77e-05
[01:49:04 INFO] Epoch 19/50  iter 500/743  loss=0.0890  lr=3.76e-05
[01:49:17 INFO] Epoch 19/50  iter 550/743  loss=0.1085  lr=3.75e-05
[01:49:31 INFO] Epoch 19/50  iter 600/743  loss=0.1339  lr=3.74e-05
[01:49:44 INFO] Epoch 19/50  iter 650/743  loss=0.1972  lr=3.73e-05
[01:49:58 INFO] Epoch 19/50  iter 700/743  loss=0.1428  lr=3.73e-05
[01:50:09 INFO] Epoch 19 complete — avg_loss=0.1718  time=199s
[01:50:24 INFO] Epoch 20/50  iter 50/743  loss=0.1304  lr=3.71e-05
[01:50:37 INFO] Epoch 20/50  iter 100/743  loss=0.0822  lr=3.70e-05
[01:50:50 INFO] Epoch 20/50  iter 150/743  loss=0.0754  lr=3.70e-05
[01:51:04 INFO] Epoch 20/50  iter 200/743  loss=0.1863  lr=3.69e-05
[01:51:17 INFO] Epoch 20/50  iter 250/743  loss=0.1970  lr=3.68e-05
[01:51:30 INFO] Epoch 20/50  iter 300/743  loss=0.0677  lr=3.67e-05
[01:51:44 INFO] Epoch 20/50  iter 350/743  loss=0.1832  lr=3.66e-05
[01:51:57 INFO] Epoch 20/50  iter 400/743  loss=0.1236  lr=3.66e-05
[01:52:11 INFO] Epoch 20/50  iter 450/743  loss=0.1664  lr=3.65e-05
[01:52:24 INFO] Epoch 20/50  iter 500/743  loss=0.1516  lr=3.64e-05
[01:52:37 INFO] Epoch 20/50  iter 550/743  loss=0.1392  lr=3.63e-05
[01:52:51 INFO] Epoch 20/50  iter 600/743  loss=0.0940  lr=3.62e-05
[01:53:04 INFO] Epoch 20/50  iter 650/743  loss=0.1391  lr=3.61e-05
[01:53:17 INFO] Epoch 20/50  iter 700/743  loss=0.1843  lr=3.61e-05
[01:53:29 INFO] Epoch 20 complete — avg_loss=0.1629  time=199s
[01:55:27 INFO]   val mIoU = 0.7338
[01:55:27 INFO]   ★ New best val mIoU: 0.7338
[01:55:42 INFO] Epoch 21/50  iter 50/743  loss=0.1015  lr=3.59e-05
[01:55:55 INFO] Epoch 21/50  iter 100/743  loss=0.1028  lr=3.58e-05
[01:56:09 INFO] Epoch 21/50  iter 150/743  loss=0.4089  lr=3.58e-05
[01:56:22 INFO] Epoch 21/50  iter 200/743  loss=0.1517  lr=3.57e-05
[01:56:35 INFO] Epoch 21/50  iter 250/743  loss=0.1498  lr=3.56e-05
[01:56:49 INFO] Epoch 21/50  iter 300/743  loss=0.1161  lr=3.55e-05
[01:57:02 INFO] Epoch 21/50  iter 350/743  loss=0.0759  lr=3.54e-05
[01:57:15 INFO] Epoch 21/50  iter 400/743  loss=0.1067  lr=3.54e-05
[01:57:29 INFO] Epoch 21/50  iter 450/743  loss=0.2886  lr=3.53e-05
[01:57:42 INFO] Epoch 21/50  iter 500/743  loss=0.2952  lr=3.52e-05
[01:57:56 INFO] Epoch 21/50  iter 550/743  loss=0.1196  lr=3.51e-05
[01:58:09 INFO] Epoch 21/50  iter 600/743  loss=0.1241  lr=3.50e-05
[01:58:22 INFO] Epoch 21/50  iter 650/743  loss=0.2998  lr=3.49e-05
[01:58:36 INFO] Epoch 21/50  iter 700/743  loss=0.0930  lr=3.49e-05
[01:58:47 INFO] Epoch 21 complete — avg_loss=0.1647  time=199s
[01:59:02 INFO] Epoch 22/50  iter 50/743  loss=0.1797  lr=3.47e-05
[01:59:15 INFO] Epoch 22/50  iter 100/743  loss=0.0441  lr=3.46e-05
[01:59:28 INFO] Epoch 22/50  iter 150/743  loss=0.2453  lr=3.46e-05
[01:59:42 INFO] Epoch 22/50  iter 200/743  loss=0.0700  lr=3.45e-05
[01:59:55 INFO] Epoch 22/50  iter 250/743  loss=0.1337  lr=3.44e-05
[02:00:08 INFO] Epoch 22/50  iter 300/743  loss=0.1204  lr=3.43e-05
[02:00:22 INFO] Epoch 22/50  iter 350/743  loss=0.0482  lr=3.42e-05
[02:00:35 INFO] Epoch 22/50  iter 400/743  loss=0.2403  lr=3.42e-05
[02:00:49 INFO] Epoch 22/50  iter 450/743  loss=0.3025  lr=3.41e-05
[02:01:02 INFO] Epoch 22/50  iter 500/743  loss=0.1690  lr=3.40e-05
[02:01:15 INFO] Epoch 22/50  iter 550/743  loss=0.1812  lr=3.39e-05
[02:01:29 INFO] Epoch 22/50  iter 600/743  loss=0.1174  lr=3.38e-05
[02:01:42 INFO] Epoch 22/50  iter 650/743  loss=0.1662  lr=3.37e-05
[02:01:55 INFO] Epoch 22/50  iter 700/743  loss=0.1712  lr=3.37e-05
[02:02:07 INFO] Epoch 22 complete — avg_loss=0.1584  time=199s
[02:02:21 INFO] Epoch 23/50  iter 50/743  loss=0.0988  lr=3.35e-05
[02:02:35 INFO] Epoch 23/50  iter 100/743  loss=1.0346  lr=3.34e-05
[02:02:48 INFO] Epoch 23/50  iter 150/743  loss=0.2303  lr=3.34e-05
[02:03:02 INFO] Epoch 23/50  iter 200/743  loss=0.1048  lr=3.33e-05
[02:03:15 INFO] Epoch 23/50  iter 250/743  loss=0.1394  lr=3.32e-05
[02:03:28 INFO] Epoch 23/50  iter 300/743  loss=0.4122  lr=3.31e-05
[02:03:42 INFO] Epoch 23/50  iter 350/743  loss=0.1478  lr=3.30e-05
[02:03:55 INFO] Epoch 23/50  iter 400/743  loss=0.1465  lr=3.30e-05
[02:04:09 INFO] Epoch 23/50  iter 450/743  loss=0.1439  lr=3.29e-05
[02:04:22 INFO] Epoch 23/50  iter 500/743  loss=0.1075  lr=3.28e-05
[02:04:35 INFO] Epoch 23/50  iter 550/743  loss=0.0854  lr=3.27e-05
[02:04:49 INFO] Epoch 23/50  iter 600/743  loss=0.2275  lr=3.26e-05
[02:05:02 INFO] Epoch 23/50  iter 650/743  loss=0.1393  lr=3.25e-05
[02:05:16 INFO] Epoch 23/50  iter 700/743  loss=0.1646  lr=3.25e-05
[02:05:27 INFO] Epoch 23 complete — avg_loss=0.1608  time=200s
[02:05:42 INFO] Epoch 24/50  iter 50/743  loss=0.1174  lr=3.23e-05
[02:05:55 INFO] Epoch 24/50  iter 100/743  loss=0.0975  lr=3.22e-05
[02:06:08 INFO] Epoch 24/50  iter 150/743  loss=0.2494  lr=3.22e-05
[02:06:22 INFO] Epoch 24/50  iter 200/743  loss=0.1075  lr=3.21e-05
[02:06:35 INFO] Epoch 24/50  iter 250/743  loss=0.1107  lr=3.20e-05
[02:06:49 INFO] Epoch 24/50  iter 300/743  loss=0.1376  lr=3.19e-05
[02:07:02 INFO] Epoch 24/50  iter 350/743  loss=0.0729  lr=3.18e-05
[02:07:15 INFO] Epoch 24/50  iter 400/743  loss=0.1275  lr=3.18e-05
[02:07:29 INFO] Epoch 24/50  iter 450/743  loss=0.0697  lr=3.17e-05
[02:07:42 INFO] Epoch 24/50  iter 500/743  loss=0.2466  lr=3.16e-05
[02:07:56 INFO] Epoch 24/50  iter 550/743  loss=0.5259  lr=3.15e-05
[02:08:09 INFO] Epoch 24/50  iter 600/743  loss=0.2434  lr=3.14e-05
[02:08:22 INFO] Epoch 24/50  iter 650/743  loss=0.0729  lr=3.13e-05
[02:08:36 INFO] Epoch 24/50  iter 700/743  loss=0.1687  lr=3.13e-05
[02:08:47 INFO] Epoch 24 complete — avg_loss=0.1590  time=200s
[02:09:02 INFO] Epoch 25/50  iter 50/743  loss=0.1561  lr=3.11e-05
[02:09:15 INFO] Epoch 25/50  iter 100/743  loss=0.0521  lr=3.10e-05
[02:09:29 INFO] Epoch 25/50  iter 150/743  loss=0.2260  lr=3.10e-05
[02:09:42 INFO] Epoch 25/50  iter 200/743  loss=0.1486  lr=3.09e-05
[02:09:55 INFO] Epoch 25/50  iter 250/743  loss=0.1052  lr=3.08e-05
[02:10:09 INFO] Epoch 25/50  iter 300/743  loss=0.1722  lr=3.07e-05
[02:10:22 INFO] Epoch 25/50  iter 350/743  loss=0.2803  lr=3.06e-05
[02:10:36 INFO] Epoch 25/50  iter 400/743  loss=0.0967  lr=3.06e-05
[02:10:49 INFO] Epoch 25/50  iter 450/743  loss=0.1225  lr=3.05e-05
[02:11:02 INFO] Epoch 25/50  iter 500/743  loss=0.0331  lr=3.04e-05
[02:11:16 INFO] Epoch 25/50  iter 550/743  loss=0.1326  lr=3.03e-05
[02:11:29 INFO] Epoch 25/50  iter 600/743  loss=0.1512  lr=3.02e-05
[02:11:42 INFO] Epoch 25/50  iter 650/743  loss=0.3849  lr=3.01e-05
[02:11:56 INFO] Epoch 25/50  iter 700/743  loss=0.0951  lr=3.01e-05
[02:12:07 INFO] Epoch 25 complete — avg_loss=0.1583  time=199s
[02:14:06 INFO]   val mIoU = 0.7475
[02:14:07 INFO]   ★ New best val mIoU: 0.7475
[02:14:21 INFO] Epoch 26/50  iter 50/743  loss=0.1326  lr=2.99e-05
[02:14:35 INFO] Epoch 26/50  iter 100/743  loss=0.0885  lr=2.98e-05
[02:14:48 INFO] Epoch 26/50  iter 150/743  loss=0.2447  lr=2.98e-05
[02:15:01 INFO] Epoch 26/50  iter 200/743  loss=0.2058  lr=2.97e-05
[02:15:15 INFO] Epoch 26/50  iter 250/743  loss=0.1869  lr=2.96e-05
[02:15:28 INFO] Epoch 26/50  iter 300/743  loss=0.1444  lr=2.95e-05
[02:15:41 INFO] Epoch 26/50  iter 350/743  loss=0.1346  lr=2.94e-05
[02:15:55 INFO] Epoch 26/50  iter 400/743  loss=0.1583  lr=2.94e-05
[02:16:08 INFO] Epoch 26/50  iter 450/743  loss=0.1810  lr=2.93e-05
[02:16:21 INFO] Epoch 26/50  iter 500/743  loss=0.2019  lr=2.92e-05
[02:16:35 INFO] Epoch 26/50  iter 550/743  loss=0.1331  lr=2.91e-05
[02:16:48 INFO] Epoch 26/50  iter 600/743  loss=0.1551  lr=2.90e-05
[02:17:02 INFO] Epoch 26/50  iter 650/743  loss=0.1299  lr=2.89e-05
[02:17:15 INFO] Epoch 26/50  iter 700/743  loss=0.1947  lr=2.89e-05
[02:17:26 INFO] Epoch 26 complete — avg_loss=0.1655  time=199s
[02:17:41 INFO] Epoch 27/50  iter 50/743  loss=0.1225  lr=2.87e-05
[02:17:54 INFO] Epoch 27/50  iter 100/743  loss=0.1475  lr=2.86e-05
[02:18:08 INFO] Epoch 27/50  iter 150/743  loss=0.1230  lr=2.86e-05
[02:18:21 INFO] Epoch 27/50  iter 200/743  loss=0.0981  lr=2.85e-05
[02:18:34 INFO] Epoch 27/50  iter 250/743  loss=0.1271  lr=2.84e-05
[02:18:48 INFO] Epoch 27/50  iter 300/743  loss=0.2683  lr=2.83e-05
[02:19:01 INFO] Epoch 27/50  iter 350/743  loss=0.1672  lr=2.82e-05
[02:19:14 INFO] Epoch 27/50  iter 400/743  loss=0.2388  lr=2.82e-05
[02:19:28 INFO] Epoch 27/50  iter 450/743  loss=0.0662  lr=2.81e-05
[02:19:41 INFO] Epoch 27/50  iter 500/743  loss=0.2262  lr=2.80e-05
[02:19:55 INFO] Epoch 27/50  iter 550/743  loss=0.2012  lr=2.79e-05
[02:20:08 INFO] Epoch 27/50  iter 600/743  loss=0.1248  lr=2.78e-05
[02:20:21 INFO] Epoch 27/50  iter 650/743  loss=0.9251  lr=2.77e-05
[02:20:35 INFO] Epoch 27/50  iter 700/743  loss=0.1116  lr=2.77e-05
[02:20:46 INFO] Epoch 27 complete — avg_loss=0.1512  time=199s
[02:21:01 INFO] Epoch 28/50  iter 50/743  loss=0.1268  lr=2.75e-05
[02:21:14 INFO] Epoch 28/50  iter 100/743  loss=0.1326  lr=2.74e-05
[02:21:27 INFO] Epoch 28/50  iter 150/743  loss=0.1242  lr=2.74e-05
[02:21:41 INFO] Epoch 28/50  iter 200/743  loss=0.1445  lr=2.73e-05
[02:21:54 INFO] Epoch 28/50  iter 250/743  loss=0.1244  lr=2.72e-05
[02:22:07 INFO] Epoch 28/50  iter 300/743  loss=0.2075  lr=2.71e-05
[02:22:21 INFO] Epoch 28/50  iter 350/743  loss=0.1449  lr=2.70e-05
[02:22:34 INFO] Epoch 28/50  iter 400/743  loss=0.1134  lr=2.70e-05
[02:22:48 INFO] Epoch 28/50  iter 450/743  loss=0.1123  lr=2.69e-05
[02:23:01 INFO] Epoch 28/50  iter 500/743  loss=0.2143  lr=2.68e-05
[02:23:14 INFO] Epoch 28/50  iter 550/743  loss=0.2036  lr=2.67e-05
[02:23:28 INFO] Epoch 28/50  iter 600/743  loss=0.3104  lr=2.66e-05
[02:23:41 INFO] Epoch 28/50  iter 650/743  loss=0.0766  lr=2.65e-05
[02:23:54 INFO] Epoch 28/50  iter 700/743  loss=0.1129  lr=2.65e-05
[02:24:06 INFO] Epoch 28 complete — avg_loss=0.1480  time=199s
[02:24:20 INFO] Epoch 29/50  iter 50/743  loss=0.2039  lr=2.63e-05
[02:24:34 INFO] Epoch 29/50  iter 100/743  loss=0.1719  lr=2.62e-05
[02:24:47 INFO] Epoch 29/50  iter 150/743  loss=0.1346  lr=2.62e-05
[02:25:00 INFO] Epoch 29/50  iter 200/743  loss=0.1343  lr=2.61e-05
[02:25:14 INFO] Epoch 29/50  iter 250/743  loss=0.0827  lr=2.60e-05
[02:25:27 INFO] Epoch 29/50  iter 300/743  loss=0.1535  lr=2.59e-05
[02:25:41 INFO] Epoch 29/50  iter 350/743  loss=0.1713  lr=2.58e-05
[02:25:54 INFO] Epoch 29/50  iter 400/743  loss=0.1520  lr=2.58e-05
[02:26:07 INFO] Epoch 29/50  iter 450/743  loss=0.1618  lr=2.57e-05
[02:26:21 INFO] Epoch 29/50  iter 500/743  loss=0.0629  lr=2.56e-05
[02:26:34 INFO] Epoch 29/50  iter 550/743  loss=0.1481  lr=2.55e-05
[02:26:47 INFO] Epoch 29/50  iter 600/743  loss=0.0612  lr=2.54e-05
[02:27:01 INFO] Epoch 29/50  iter 650/743  loss=0.1232  lr=2.53e-05
[02:27:14 INFO] Epoch 29/50  iter 700/743  loss=0.0895  lr=2.53e-05
[02:27:26 INFO] Epoch 29 complete — avg_loss=0.1505  time=199s
[02:27:40 INFO] Epoch 30/50  iter 50/743  loss=0.2105  lr=2.51e-05
[02:27:54 INFO] Epoch 30/50  iter 100/743  loss=0.0793  lr=2.50e-05
[02:28:07 INFO] Epoch 30/50  iter 150/743  loss=0.0344  lr=2.50e-05
[02:28:20 INFO] Epoch 30/50  iter 200/743  loss=0.0569  lr=2.49e-05
[02:28:34 INFO] Epoch 30/50  iter 250/743  loss=0.0695  lr=2.48e-05
[02:28:47 INFO] Epoch 30/50  iter 300/743  loss=0.1296  lr=2.47e-05
[02:29:01 INFO] Epoch 30/50  iter 350/743  loss=0.0693  lr=2.46e-05
[02:29:14 INFO] Epoch 30/50  iter 400/743  loss=0.1205  lr=2.46e-05
[02:29:27 INFO] Epoch 30/50  iter 450/743  loss=0.0764  lr=2.45e-05
[02:29:41 INFO] Epoch 30/50  iter 500/743  loss=0.1032  lr=2.44e-05
[02:29:54 INFO] Epoch 30/50  iter 550/743  loss=0.2481  lr=2.43e-05
[02:30:07 INFO] Epoch 30/50  iter 600/743  loss=0.0991  lr=2.42e-05
[02:30:21 INFO] Epoch 30/50  iter 650/743  loss=0.1780  lr=2.41e-05
[02:30:34 INFO] Epoch 30/50  iter 700/743  loss=0.1408  lr=2.41e-05
[02:30:46 INFO] Epoch 30 complete — avg_loss=0.1477  time=199s
[02:32:46 INFO]   val mIoU = 0.7555
[02:32:47 INFO]   ★ New best val mIoU: 0.7555
[02:33:01 INFO] Epoch 31/50  iter 50/743  loss=0.1088  lr=2.39e-05
[02:33:14 INFO] Epoch 31/50  iter 100/743  loss=0.1422  lr=2.38e-05
[02:33:28 INFO] Epoch 31/50  iter 150/743  loss=0.1449  lr=2.38e-05
[02:33:41 INFO] Epoch 31/50  iter 200/743  loss=0.5622  lr=2.37e-05
[02:33:55 INFO] Epoch 31/50  iter 250/743  loss=0.0847  lr=2.36e-05
[02:34:08 INFO] Epoch 31/50  iter 300/743  loss=0.4724  lr=2.35e-05
[02:34:21 INFO] Epoch 31/50  iter 350/743  loss=0.3251  lr=2.34e-05
[02:34:35 INFO] Epoch 31/50  iter 400/743  loss=0.0677  lr=2.34e-05
[02:34:48 INFO] Epoch 31/50  iter 450/743  loss=0.1603  lr=2.33e-05
[02:35:01 INFO] Epoch 31/50  iter 500/743  loss=0.1093  lr=2.32e-05
[02:35:15 INFO] Epoch 31/50  iter 550/743  loss=0.4751  lr=2.31e-05
[02:35:28 INFO] Epoch 31/50  iter 600/743  loss=0.0877  lr=2.30e-05
[02:35:41 INFO] Epoch 31/50  iter 650/743  loss=0.1649  lr=2.29e-05
[02:35:55 INFO] Epoch 31/50  iter 700/743  loss=0.1055  lr=2.29e-05
[02:36:06 INFO] Epoch 31 complete — avg_loss=0.1453  time=199s
[02:36:21 INFO] Epoch 32/50  iter 50/743  loss=0.1416  lr=2.27e-05
[02:36:34 INFO] Epoch 32/50  iter 100/743  loss=0.2347  lr=2.26e-05
[02:36:48 INFO] Epoch 32/50  iter 150/743  loss=0.0693  lr=2.26e-05
[02:37:01 INFO] Epoch 32/50  iter 200/743  loss=0.1392  lr=2.25e-05
[02:37:14 INFO] Epoch 32/50  iter 250/743  loss=0.1448  lr=2.24e-05
[02:37:28 INFO] Epoch 32/50  iter 300/743  loss=0.0399  lr=2.23e-05
[02:37:41 INFO] Epoch 32/50  iter 350/743  loss=0.2107  lr=2.22e-05
[02:37:54 INFO] Epoch 32/50  iter 400/743  loss=0.0997  lr=2.22e-05
[02:38:08 INFO] Epoch 32/50  iter 450/743  loss=0.0689  lr=2.21e-05
[02:38:21 INFO] Epoch 32/50  iter 500/743  loss=0.1674  lr=2.20e-05
[02:38:35 INFO] Epoch 32/50  iter 550/743  loss=0.0783  lr=2.19e-05
[02:38:48 INFO] Epoch 32/50  iter 600/743  loss=0.0826  lr=2.18e-05
[02:39:01 INFO] Epoch 32/50  iter 650/743  loss=0.1354  lr=2.17e-05
[02:39:15 INFO] Epoch 32/50  iter 700/743  loss=0.1866  lr=2.17e-05
[02:39:26 INFO] Epoch 32 complete — avg_loss=0.1466  time=199s
[02:39:41 INFO] Epoch 33/50  iter 50/743  loss=0.4053  lr=2.15e-05
[02:39:54 INFO] Epoch 33/50  iter 100/743  loss=0.0881  lr=2.14e-05
[02:40:07 INFO] Epoch 33/50  iter 150/743  loss=0.1060  lr=2.14e-05
[02:40:21 INFO] Epoch 33/50  iter 200/743  loss=0.0596  lr=2.13e-05
[02:40:34 INFO] Epoch 33/50  iter 250/743  loss=0.0580  lr=2.12e-05
[02:40:48 INFO] Epoch 33/50  iter 300/743  loss=0.1129  lr=2.11e-05
[02:41:01 INFO] Epoch 33/50  iter 350/743  loss=0.2672  lr=2.10e-05
[02:41:14 INFO] Epoch 33/50  iter 400/743  loss=0.1590  lr=2.10e-05
[02:41:28 INFO] Epoch 33/50  iter 450/743  loss=0.1756  lr=2.09e-05
[02:41:41 INFO] Epoch 33/50  iter 500/743  loss=0.0898  lr=2.08e-05
[02:41:54 INFO] Epoch 33/50  iter 550/743  loss=0.1179  lr=2.07e-05
[02:42:08 INFO] Epoch 33/50  iter 600/743  loss=0.0615  lr=2.06e-05
[02:42:21 INFO] Epoch 33/50  iter 650/743  loss=0.1001  lr=2.05e-05
[02:42:35 INFO] Epoch 33/50  iter 700/743  loss=0.0490  lr=2.05e-05
[02:42:46 INFO] Epoch 33 complete — avg_loss=0.1434  time=199s
[02:43:01 INFO] Epoch 34/50  iter 50/743  loss=0.0542  lr=2.03e-05
[02:43:14 INFO] Epoch 34/50  iter 100/743  loss=0.1554  lr=2.02e-05
[02:43:27 INFO] Epoch 34/50  iter 150/743  loss=0.1294  lr=2.02e-05
[02:43:41 INFO] Epoch 34/50  iter 200/743  loss=0.1452  lr=2.01e-05
[02:43:54 INFO] Epoch 34/50  iter 250/743  loss=0.1688  lr=2.00e-05
[02:44:08 INFO] Epoch 34/50  iter 300/743  loss=0.1823  lr=1.99e-05
[02:44:21 INFO] Epoch 34/50  iter 350/743  loss=0.2195  lr=1.98e-05
[02:44:34 INFO] Epoch 34/50  iter 400/743  loss=0.1134  lr=1.98e-05
[02:44:48 INFO] Epoch 34/50  iter 450/743  loss=0.1160  lr=1.97e-05
[02:45:01 INFO] Epoch 34/50  iter 500/743  loss=0.1305  lr=1.96e-05
[02:45:15 INFO] Epoch 34/50  iter 550/743  loss=0.1384  lr=1.95e-05
[02:45:28 INFO] Epoch 34/50  iter 600/743  loss=0.3343  lr=1.94e-05
[02:45:41 INFO] Epoch 34/50  iter 650/743  loss=0.1200  lr=1.93e-05
[02:45:55 INFO] Epoch 34/50  iter 700/743  loss=0.0790  lr=1.93e-05
[02:46:06 INFO] Epoch 34 complete — avg_loss=0.1475  time=200s
[02:46:21 INFO] Epoch 35/50  iter 50/743  loss=0.0798  lr=1.91e-05
[02:46:34 INFO] Epoch 35/50  iter 100/743  loss=0.1627  lr=1.90e-05
[02:46:48 INFO] Epoch 35/50  iter 150/743  loss=0.1396  lr=1.90e-05
[02:47:01 INFO] Epoch 35/50  iter 200/743  loss=0.1417  lr=1.89e-05
[02:47:14 INFO] Epoch 35/50  iter 250/743  loss=0.0979  lr=1.88e-05
[02:47:28 INFO] Epoch 35/50  iter 300/743  loss=0.2209  lr=1.87e-05
[02:47:41 INFO] Epoch 35/50  iter 350/743  loss=0.1010  lr=1.86e-05
[02:47:55 INFO] Epoch 35/50  iter 400/743  loss=0.0931  lr=1.86e-05
[02:48:08 INFO] Epoch 35/50  iter 450/743  loss=0.3068  lr=1.85e-05
[02:48:21 INFO] Epoch 35/50  iter 500/743  loss=0.1851  lr=1.84e-05
[02:48:35 INFO] Epoch 35/50  iter 550/743  loss=0.6574  lr=1.83e-05
[02:48:48 INFO] Epoch 35/50  iter 600/743  loss=0.1242  lr=1.82e-05
[02:49:01 INFO] Epoch 35/50  iter 650/743  loss=0.1225  lr=1.81e-05
[02:49:15 INFO] Epoch 35/50  iter 700/743  loss=0.0944  lr=1.81e-05
[02:49:26 INFO] Epoch 35 complete — avg_loss=0.1411  time=199s
[02:51:26 INFO]   val mIoU = 0.7559
[02:51:27 INFO]   ★ New best val mIoU: 0.7559
[02:51:42 INFO] Epoch 36/50  iter 50/743  loss=0.1356  lr=1.79e-05
[02:51:55 INFO] Epoch 36/50  iter 100/743  loss=0.2005  lr=1.78e-05
[02:52:08 INFO] Epoch 36/50  iter 150/743  loss=0.1410  lr=1.78e-05
[02:52:22 INFO] Epoch 36/50  iter 200/743  loss=0.0913  lr=1.77e-05
[02:52:35 INFO] Epoch 36/50  iter 250/743  loss=0.0782  lr=1.76e-05
[02:52:49 INFO] Epoch 36/50  iter 300/743  loss=0.1166  lr=1.75e-05
[02:53:02 INFO] Epoch 36/50  iter 350/743  loss=0.0766  lr=1.74e-05
[02:53:15 INFO] Epoch 36/50  iter 400/743  loss=0.0754  lr=1.74e-05
[02:53:29 INFO] Epoch 36/50  iter 450/743  loss=0.0986  lr=1.73e-05
[02:53:42 INFO] Epoch 36/50  iter 500/743  loss=0.1207  lr=1.72e-05
[02:53:55 INFO] Epoch 36/50  iter 550/743  loss=0.1219  lr=1.71e-05
[02:54:09 INFO] Epoch 36/50  iter 600/743  loss=0.0617  lr=1.70e-05
[02:54:22 INFO] Epoch 36/50  iter 650/743  loss=0.0475  lr=1.69e-05
[02:54:36 INFO] Epoch 36/50  iter 700/743  loss=0.2052  lr=1.69e-05
[02:54:47 INFO] Epoch 36 complete — avg_loss=0.1335  time=199s
[02:55:02 INFO] Epoch 37/50  iter 50/743  loss=0.0897  lr=1.67e-05
[02:55:15 INFO] Epoch 37/50  iter 100/743  loss=0.1458  lr=1.66e-05
[02:55:28 INFO] Epoch 37/50  iter 150/743  loss=0.1181  lr=1.66e-05
[02:55:42 INFO] Epoch 37/50  iter 200/743  loss=0.1728  lr=1.65e-05
[02:55:55 INFO] Epoch 37/50  iter 250/743  loss=0.0654  lr=1.64e-05
[02:56:09 INFO] Epoch 37/50  iter 300/743  loss=0.1402  lr=1.63e-05
[02:56:22 INFO] Epoch 37/50  iter 350/743  loss=0.1499  lr=1.62e-05
[02:56:35 INFO] Epoch 37/50  iter 400/743  loss=0.2685  lr=1.62e-05
[02:56:49 INFO] Epoch 37/50  iter 450/743  loss=0.1053  lr=1.61e-05
[02:57:02 INFO] Epoch 37/50  iter 500/743  loss=0.1537  lr=1.60e-05
[02:57:15 INFO] Epoch 37/50  iter 550/743  loss=0.1735  lr=1.59e-05
[02:57:29 INFO] Epoch 37/50  iter 600/743  loss=0.1331  lr=1.58e-05
[02:57:42 INFO] Epoch 37/50  iter 650/743  loss=0.1405  lr=1.57e-05
[02:57:56 INFO] Epoch 37/50  iter 700/743  loss=0.1367  lr=1.57e-05
[02:58:07 INFO] Epoch 37 complete — avg_loss=0.1416  time=199s
[02:58:22 INFO] Epoch 38/50  iter 50/743  loss=0.1729  lr=1.55e-05
[02:58:35 INFO] Epoch 38/50  iter 100/743  loss=0.0596  lr=1.54e-05
[02:58:48 INFO] Epoch 38/50  iter 150/743  loss=0.1077  lr=1.54e-05
[02:59:02 INFO] Epoch 38/50  iter 200/743  loss=0.0661  lr=1.53e-05
[02:59:15 INFO] Epoch 38/50  iter 250/743  loss=0.1455  lr=1.52e-05
[02:59:29 INFO] Epoch 38/50  iter 300/743  loss=0.1353  lr=1.51e-05
[02:59:42 INFO] Epoch 38/50  iter 350/743  loss=1.3666  lr=1.50e-05
[02:59:55 INFO] Epoch 38/50  iter 400/743  loss=0.0517  lr=1.50e-05
[03:00:09 INFO] Epoch 38/50  iter 450/743  loss=0.1568  lr=1.49e-05
[03:00:22 INFO] Epoch 38/50  iter 500/743  loss=0.2315  lr=1.48e-05
[03:00:35 INFO] Epoch 38/50  iter 550/743  loss=0.1841  lr=1.47e-05
[03:00:49 INFO] Epoch 38/50  iter 600/743  loss=0.1823  lr=1.46e-05
[03:01:02 INFO] Epoch 38/50  iter 650/743  loss=0.1014  lr=1.45e-05
[03:01:15 INFO] Epoch 38/50  iter 700/743  loss=0.0944  lr=1.45e-05
[03:01:27 INFO] Epoch 38 complete — avg_loss=0.1388  time=199s
[03:01:42 INFO] Epoch 39/50  iter 50/743  loss=0.0598  lr=1.43e-05
[03:01:55 INFO] Epoch 39/50  iter 100/743  loss=0.0511  lr=1.42e-05
[03:02:08 INFO] Epoch 39/50  iter 150/743  loss=0.0934  lr=1.42e-05
[03:02:22 INFO] Epoch 39/50  iter 200/743  loss=0.8419  lr=1.41e-05
[03:02:35 INFO] Epoch 39/50  iter 250/743  loss=0.1268  lr=1.40e-05
[03:02:48 INFO] Epoch 39/50  iter 300/743  loss=0.1100  lr=1.39e-05
[03:03:02 INFO] Epoch 39/50  iter 350/743  loss=0.2288  lr=1.38e-05
[03:03:15 INFO] Epoch 39/50  iter 400/743  loss=0.1334  lr=1.38e-05
[03:03:28 INFO] Epoch 39/50  iter 450/743  loss=0.2186  lr=1.37e-05
[03:03:42 INFO] Epoch 39/50  iter 500/743  loss=0.1000  lr=1.36e-05
[03:03:55 INFO] Epoch 39/50  iter 550/743  loss=0.1821  lr=1.35e-05
[03:04:09 INFO] Epoch 39/50  iter 600/743  loss=0.3155  lr=1.34e-05
[03:04:22 INFO] Epoch 39/50  iter 650/743  loss=0.1277  lr=1.33e-05
[03:04:35 INFO] Epoch 39/50  iter 700/743  loss=0.0886  lr=1.33e-05
[03:04:47 INFO] Epoch 39 complete — avg_loss=0.1388  time=199s
[03:05:01 INFO] Epoch 40/50  iter 50/743  loss=0.3477  lr=1.31e-05
[03:05:15 INFO] Epoch 40/50  iter 100/743  loss=0.1130  lr=1.30e-05
[03:05:28 INFO] Epoch 40/50  iter 150/743  loss=0.0464  lr=1.30e-05
[03:05:42 INFO] Epoch 40/50  iter 200/743  loss=0.1088  lr=1.29e-05
[03:05:55 INFO] Epoch 40/50  iter 250/743  loss=0.1737  lr=1.28e-05
[03:06:08 INFO] Epoch 40/50  iter 300/743  loss=0.1369  lr=1.27e-05
[03:06:22 INFO] Epoch 40/50  iter 350/743  loss=0.2952  lr=1.26e-05
[03:06:35 INFO] Epoch 40/50  iter 400/743  loss=0.1152  lr=1.26e-05
[03:06:48 INFO] Epoch 40/50  iter 450/743  loss=0.1311  lr=1.25e-05
[03:07:02 INFO] Epoch 40/50  iter 500/743  loss=0.2545  lr=1.24e-05
[03:07:15 INFO] Epoch 40/50  iter 550/743  loss=0.1920  lr=1.23e-05
[03:07:29 INFO] Epoch 40/50  iter 600/743  loss=0.1915  lr=1.22e-05
[03:07:42 INFO] Epoch 40/50  iter 650/743  loss=0.1988  lr=1.21e-05
[03:07:55 INFO] Epoch 40/50  iter 700/743  loss=0.0725  lr=1.21e-05
[03:08:07 INFO] Epoch 40 complete — avg_loss=0.1346  time=199s
[03:10:07 INFO]   val mIoU = 0.7677
[03:10:08 INFO]   ★ New best val mIoU: 0.7677
[03:10:22 INFO] Epoch 41/50  iter 50/743  loss=0.1031  lr=1.19e-05
[03:10:36 INFO] Epoch 41/50  iter 100/743  loss=0.1060  lr=1.18e-05
[03:10:49 INFO] Epoch 41/50  iter 150/743  loss=0.0655  lr=1.18e-05
[03:11:02 INFO] Epoch 41/50  iter 200/743  loss=0.0576  lr=1.17e-05
[03:11:16 INFO] Epoch 41/50  iter 250/743  loss=0.1535  lr=1.16e-05
[03:11:29 INFO] Epoch 41/50  iter 300/743  loss=0.0917  lr=1.15e-05
[03:11:43 INFO] Epoch 41/50  iter 350/743  loss=0.0951  lr=1.14e-05
[03:11:56 INFO] Epoch 41/50  iter 400/743  loss=0.1281  lr=1.14e-05
[03:12:09 INFO] Epoch 41/50  iter 450/743  loss=0.1572  lr=1.13e-05
[03:12:23 INFO] Epoch 41/50  iter 500/743  loss=0.0786  lr=1.12e-05
[03:12:36 INFO] Epoch 41/50  iter 550/743  loss=0.0641  lr=1.11e-05
[03:12:49 INFO] Epoch 41/50  iter 600/743  loss=0.0959  lr=1.10e-05
[03:13:03 INFO] Epoch 41/50  iter 650/743  loss=0.1785  lr=1.09e-05
[03:13:16 INFO] Epoch 41/50  iter 700/743  loss=0.0849  lr=1.09e-05
[03:13:28 INFO] Epoch 41 complete — avg_loss=0.1312  time=199s
[03:13:42 INFO] Epoch 42/50  iter 50/743  loss=0.0873  lr=1.07e-05
[03:13:56 INFO] Epoch 42/50  iter 100/743  loss=0.1353  lr=1.06e-05
[03:14:09 INFO] Epoch 42/50  iter 150/743  loss=0.1779  lr=1.06e-05
[03:14:22 INFO] Epoch 42/50  iter 200/743  loss=0.1581  lr=1.05e-05
[03:14:36 INFO] Epoch 42/50  iter 250/743  loss=0.0651  lr=1.04e-05
[03:14:49 INFO] Epoch 42/50  iter 300/743  loss=0.1874  lr=1.03e-05
[03:15:03 INFO] Epoch 42/50  iter 350/743  loss=0.1122  lr=1.02e-05
[03:15:16 INFO] Epoch 42/50  iter 400/743  loss=0.1025  lr=1.02e-05
[03:15:29 INFO] Epoch 42/50  iter 450/743  loss=0.0782  lr=1.01e-05
[03:15:43 INFO] Epoch 42/50  iter 500/743  loss=0.0829  lr=9.99e-06
[03:15:56 INFO] Epoch 42/50  iter 550/743  loss=0.0923  lr=9.91e-06
[03:16:09 INFO] Epoch 42/50  iter 600/743  loss=0.1124  lr=9.83e-06
[03:16:23 INFO] Epoch 42/50  iter 650/743  loss=0.0710  lr=9.75e-06
[03:16:36 INFO] Epoch 42/50  iter 700/743  loss=0.1239  lr=9.67e-06
[03:16:48 INFO] Epoch 42 complete — avg_loss=0.1292  time=199s
[03:17:02 INFO] Epoch 43/50  iter 50/743  loss=0.0540  lr=9.52e-06
[03:17:16 INFO] Epoch 43/50  iter 100/743  loss=0.1880  lr=9.44e-06
[03:17:29 INFO] Epoch 43/50  iter 150/743  loss=0.1378  lr=9.36e-06
[03:17:42 INFO] Epoch 43/50  iter 200/743  loss=0.0775  lr=9.28e-06
[03:17:56 INFO] Epoch 43/50  iter 250/743  loss=0.0851  lr=9.19e-06
[03:18:09 INFO] Epoch 43/50  iter 300/743  loss=0.1173  lr=9.11e-06
[03:18:22 INFO] Epoch 43/50  iter 350/743  loss=0.1068  lr=9.03e-06
[03:18:36 INFO] Epoch 43/50  iter 400/743  loss=0.0902  lr=8.95e-06
[03:18:49 INFO] Epoch 43/50  iter 450/743  loss=0.0921  lr=8.87e-06
[03:19:03 INFO] Epoch 43/50  iter 500/743  loss=0.0869  lr=8.79e-06
[03:19:16 INFO] Epoch 43/50  iter 550/743  loss=0.0996  lr=8.71e-06
[03:19:29 INFO] Epoch 43/50  iter 600/743  loss=0.0781  lr=8.63e-06
[03:19:43 INFO] Epoch 43/50  iter 650/743  loss=0.1809  lr=8.55e-06
[03:19:56 INFO] Epoch 43/50  iter 700/743  loss=0.0802  lr=8.47e-06
[03:20:08 INFO] Epoch 43 complete — avg_loss=0.1359  time=199s
[03:20:22 INFO] Epoch 44/50  iter 50/743  loss=0.0846  lr=8.32e-06
[03:20:35 INFO] Epoch 44/50  iter 100/743  loss=0.1284  lr=8.24e-06
[03:20:49 INFO] Epoch 44/50  iter 150/743  loss=0.1259  lr=8.16e-06
[03:21:02 INFO] Epoch 44/50  iter 200/743  loss=0.1344  lr=8.08e-06
[03:21:16 INFO] Epoch 44/50  iter 250/743  loss=0.0910  lr=7.99e-06
[03:21:29 INFO] Epoch 44/50  iter 300/743  loss=0.1075  lr=7.91e-06
[03:21:42 INFO] Epoch 44/50  iter 350/743  loss=0.0835  lr=7.83e-06
[03:21:56 INFO] Epoch 44/50  iter 400/743  loss=0.1888  lr=7.75e-06
[03:22:09 INFO] Epoch 44/50  iter 450/743  loss=0.1026  lr=7.67e-06
[03:22:22 INFO] Epoch 44/50  iter 500/743  loss=0.1300  lr=7.59e-06
[03:22:36 INFO] Epoch 44/50  iter 550/743  loss=0.2007  lr=7.51e-06
[03:22:49 INFO] Epoch 44/50  iter 600/743  loss=0.1462  lr=7.43e-06
[03:23:03 INFO] Epoch 44/50  iter 650/743  loss=0.1152  lr=7.35e-06
[03:23:16 INFO] Epoch 44/50  iter 700/743  loss=0.0833  lr=7.27e-06
[03:23:27 INFO] Epoch 44 complete — avg_loss=0.1295  time=199s
[03:23:42 INFO] Epoch 45/50  iter 50/743  loss=0.0414  lr=7.12e-06
[03:23:55 INFO] Epoch 45/50  iter 100/743  loss=0.1337  lr=7.04e-06
[03:24:09 INFO] Epoch 45/50  iter 150/743  loss=0.1107  lr=6.96e-06
[03:24:22 INFO] Epoch 45/50  iter 200/743  loss=0.1808  lr=6.88e-06
[03:24:35 INFO] Epoch 45/50  iter 250/743  loss=0.1253  lr=6.79e-06
[03:24:49 INFO] Epoch 45/50  iter 300/743  loss=0.1525  lr=6.71e-06
[03:25:02 INFO] Epoch 45/50  iter 350/743  loss=0.0962  lr=6.63e-06
[03:25:16 INFO] Epoch 45/50  iter 400/743  loss=0.1627  lr=6.55e-06
[03:25:29 INFO] Epoch 45/50  iter 450/743  loss=0.0725  lr=6.47e-06
[03:25:42 INFO] Epoch 45/50  iter 500/743  loss=0.1718  lr=6.39e-06
[03:25:56 INFO] Epoch 45/50  iter 550/743  loss=0.2714  lr=6.31e-06
[03:26:09 INFO] Epoch 45/50  iter 600/743  loss=0.1617  lr=6.23e-06
[03:26:22 INFO] Epoch 45/50  iter 650/743  loss=0.0830  lr=6.15e-06
[03:26:36 INFO] Epoch 45/50  iter 700/743  loss=0.0877  lr=6.07e-06
[03:26:47 INFO] Epoch 45 complete — avg_loss=0.1285  time=199s
[03:28:47 INFO]   val mIoU = 0.7692
[03:28:48 INFO]   ★ New best val mIoU: 0.7692
[03:29:03 INFO] Epoch 46/50  iter 50/743  loss=0.1033  lr=5.92e-06
[03:29:16 INFO] Epoch 46/50  iter 100/743  loss=0.0852  lr=5.84e-06
[03:29:29 INFO] Epoch 46/50  iter 150/743  loss=0.1600  lr=5.76e-06
[03:29:43 INFO] Epoch 46/50  iter 200/743  loss=0.1129  lr=5.68e-06
[03:29:56 INFO] Epoch 46/50  iter 250/743  loss=0.1544  lr=5.59e-06
[03:30:09 INFO] Epoch 46/50  iter 300/743  loss=0.1211  lr=5.51e-06
[03:30:23 INFO] Epoch 46/50  iter 350/743  loss=0.1375  lr=5.43e-06
[03:30:36 INFO] Epoch 46/50  iter 400/743  loss=0.1297  lr=5.35e-06
[03:30:49 INFO] Epoch 46/50  iter 450/743  loss=0.0829  lr=5.27e-06
[03:31:03 INFO] Epoch 46/50  iter 500/743  loss=0.0661  lr=5.19e-06
[03:31:16 INFO] Epoch 46/50  iter 550/743  loss=0.8719  lr=5.11e-06
[03:31:30 INFO] Epoch 46/50  iter 600/743  loss=0.2017  lr=5.03e-06
[03:31:43 INFO] Epoch 46/50  iter 650/743  loss=0.2496  lr=4.95e-06
[03:31:56 INFO] Epoch 46/50  iter 700/743  loss=0.0656  lr=4.87e-06
[03:32:08 INFO] Epoch 46 complete — avg_loss=0.1308  time=199s
[03:32:22 INFO] Epoch 47/50  iter 50/743  loss=0.1377  lr=4.72e-06
[03:32:36 INFO] Epoch 47/50  iter 100/743  loss=0.0639  lr=4.64e-06
[03:32:49 INFO] Epoch 47/50  iter 150/743  loss=0.0857  lr=4.56e-06
[03:33:02 INFO] Epoch 47/50  iter 200/743  loss=0.1385  lr=4.48e-06
[03:33:16 INFO] Epoch 47/50  iter 250/743  loss=0.0994  lr=4.39e-06
[03:33:29 INFO] Epoch 47/50  iter 300/743  loss=0.1299  lr=4.31e-06
[03:33:42 INFO] Epoch 47/50  iter 350/743  loss=0.1555  lr=4.23e-06
[03:33:56 INFO] Epoch 47/50  iter 400/743  loss=0.1178  lr=4.15e-06
[03:34:09 INFO] Epoch 47/50  iter 450/743  loss=0.1757  lr=4.07e-06
[03:34:22 INFO] Epoch 47/50  iter 500/743  loss=0.1189  lr=3.99e-06
[03:34:36 INFO] Epoch 47/50  iter 550/743  loss=0.1277  lr=3.91e-06
[03:34:49 INFO] Epoch 47/50  iter 600/743  loss=0.3192  lr=3.83e-06
[03:35:03 INFO] Epoch 47/50  iter 650/743  loss=0.1039  lr=3.75e-06
[03:35:16 INFO] Epoch 47/50  iter 700/743  loss=0.0981  lr=3.67e-06
[03:35:27 INFO] Epoch 47 complete — avg_loss=0.1284  time=199s
[03:35:42 INFO] Epoch 48/50  iter 50/743  loss=0.0859  lr=3.52e-06
[03:35:55 INFO] Epoch 48/50  iter 100/743  loss=0.0677  lr=3.44e-06
[03:36:09 INFO] Epoch 48/50  iter 150/743  loss=0.1135  lr=3.36e-06
[03:36:22 INFO] Epoch 48/50  iter 200/743  loss=0.2672  lr=3.28e-06
[03:36:35 INFO] Epoch 48/50  iter 250/743  loss=0.0839  lr=3.19e-06
[03:36:49 INFO] Epoch 48/50  iter 300/743  loss=0.0821  lr=3.11e-06
[03:37:02 INFO] Epoch 48/50  iter 350/743  loss=0.1433  lr=3.03e-06
[03:37:16 INFO] Epoch 48/50  iter 400/743  loss=0.2202  lr=2.95e-06
[03:37:29 INFO] Epoch 48/50  iter 450/743  loss=0.0952  lr=2.87e-06
[03:37:42 INFO] Epoch 48/50  iter 500/743  loss=0.0555  lr=2.79e-06
[03:37:56 INFO] Epoch 48/50  iter 550/743  loss=0.1081  lr=2.71e-06
[03:38:09 INFO] Epoch 48/50  iter 600/743  loss=0.1480  lr=2.63e-06
[03:38:22 INFO] Epoch 48/50  iter 650/743  loss=0.0969  lr=2.55e-06
[03:38:36 INFO] Epoch 48/50  iter 700/743  loss=0.1812  lr=2.47e-06
[03:38:47 INFO] Epoch 48 complete — avg_loss=0.1277  time=199s
[03:39:02 INFO] Epoch 49/50  iter 50/743  loss=0.1038  lr=2.32e-06
[03:39:15 INFO] Epoch 49/50  iter 100/743  loss=0.1493  lr=2.24e-06
[03:39:29 INFO] Epoch 49/50  iter 150/743  loss=0.1500  lr=2.16e-06
[03:39:42 INFO] Epoch 49/50  iter 200/743  loss=0.1405  lr=2.08e-06
[03:39:55 INFO] Epoch 49/50  iter 250/743  loss=0.2084  lr=1.99e-06
[03:40:09 INFO] Epoch 49/50  iter 300/743  loss=0.1112  lr=1.91e-06
[03:40:22 INFO] Epoch 49/50  iter 350/743  loss=0.1581  lr=1.83e-06
[03:40:35 INFO] Epoch 49/50  iter 400/743  loss=0.1288  lr=1.75e-06
[03:40:49 INFO] Epoch 49/50  iter 450/743  loss=0.0675  lr=1.67e-06
[03:41:02 INFO] Epoch 49/50  iter 500/743  loss=0.0819  lr=1.59e-06
[03:41:16 INFO] Epoch 49/50  iter 550/743  loss=0.1539  lr=1.51e-06
[03:41:29 INFO] Epoch 49/50  iter 600/743  loss=0.0672  lr=1.43e-06
[03:41:42 INFO] Epoch 49/50  iter 650/743  loss=0.1102  lr=1.35e-06
[03:41:56 INFO] Epoch 49/50  iter 700/743  loss=0.1055  lr=1.27e-06
[03:42:07 INFO] Epoch 49 complete — avg_loss=0.1246  time=199s
[03:42:22 INFO] Epoch 50/50  iter 50/743  loss=0.1147  lr=1.12e-06
[03:42:35 INFO] Epoch 50/50  iter 100/743  loss=0.1628  lr=1.04e-06
[03:42:48 INFO] Epoch 50/50  iter 150/743  loss=0.0467  lr=9.56e-07
[03:43:02 INFO] Epoch 50/50  iter 200/743  loss=0.1374  lr=8.75e-07
[03:43:15 INFO] Epoch 50/50  iter 250/743  loss=0.0948  lr=7.95e-07
[03:43:29 INFO] Epoch 50/50  iter 300/743  loss=0.0908  lr=7.14e-07
[03:43:42 INFO] Epoch 50/50  iter 350/743  loss=0.1593  lr=6.33e-07
[03:43:55 INFO] Epoch 50/50  iter 400/743  loss=0.1102  lr=5.52e-07
[03:44:09 INFO] Epoch 50/50  iter 450/743  loss=0.0784  lr=4.72e-07
[03:44:22 INFO] Epoch 50/50  iter 500/743  loss=0.1245  lr=3.91e-07
[03:44:35 INFO] Epoch 50/50  iter 550/743  loss=0.1032  lr=3.10e-07
[03:44:49 INFO] Epoch 50/50  iter 600/743  loss=0.0738  lr=2.29e-07
[03:45:02 INFO] Epoch 50/50  iter 650/743  loss=0.1143  lr=1.49e-07
[03:45:16 INFO] Epoch 50/50  iter 700/743  loss=0.1514  lr=6.78e-08
[03:45:27 INFO] Epoch 50 complete — avg_loss=0.1309  time=199s
[03:47:27 INFO]   val mIoU = 0.7736
[03:47:28 INFO]   ★ New best val mIoU: 0.7736
[03:47:28 INFO] Training complete. Best val mIoU = 0.7736
>>> Evaluating: depthaware_b002_p03_mitb2
[03:47:36 INFO] Device: cuda
/home/taah3149/Documents/Group_Studies/fog-augmentation/src/models.py:74: FutureWarning: You are using `torch.load` with `weights_only=False` (the current default value), which uses the default pickle module implicitly. It is possible to construct malicious pickle data which will execute arbitrary code during unpickling (See https://github.com/pytorch/pytorch/blob/main/SECURITY.md#untrusted-models for more details). In a future release, the default value for `weights_only` will be flipped to `True`. This limits the functions that could be executed during unpickling. Arbitrary objects will no longer be allowed to be loaded via this mode unless they are explicitly allowlisted by the user via `torch.serialization.add_safe_globals`. We recommend you start setting `weights_only=True` for any use case where you don't have full control of the loaded file. Please open an issue on GitHub for any issues related to this experimental feature.
  state = torch.load(str(checkpoint), map_location="cpu")
Model backend: smp (encoder=mit_b2, architecture=fpn)
Loaded checkpoint: results/depthaware_b002_p03_mitb2/best.pth
[03:47:39 INFO] ACDC fog val: 100 samples
[03:48:05 INFO]   100/100 processed
[03:48:05 INFO] mIoU = 0.4786
[03:48:05 INFO]   road                 0.8310
[03:48:05 INFO]   sidewalk             0.6480
[03:48:05 INFO]   building             0.3759
[03:48:05 INFO]   wall                 0.2100
[03:48:05 INFO]   fence                0.2850
[03:48:05 INFO]   pole                 0.3440
[03:48:05 INFO]   traffic light        0.6464
[03:48:05 INFO]   traffic sign         0.5150
[03:48:05 INFO]   vegetation           0.7610
[03:48:05 INFO]   terrain              0.4204
[03:48:05 INFO]   sky                  0.3699
[03:48:05 INFO]   person               0.4311
[03:48:05 INFO]   rider                0.5882
[03:48:05 INFO]   car                  0.7557
[03:48:05 INFO]   truck                0.3196
[03:48:05 INFO]   bus                  0.5981
[03:48:05 INFO]   train                0.3313
[03:48:05 INFO]   motorcycle           0.1976
[03:48:05 INFO]   bicycle              0.4651
[03:48:05 INFO] Results saved → results/depthaware_b002_p03_mitb2/acdc_eval.json
>>> Done: depthaware_b002_p03_mitb2

>>> Training (fresh start): depthaware_mixed_p03_mitb2
[03:48:11 INFO] Device: cuda
Model backend: smp (encoder=mit_b2, architecture=fpn)
[03:48:13 INFO] Using mixed fog cache (random per sample): [PosixPath('data/fog_cache/depthaware_b0005'), PosixPath('data/fog_cache/depthaware_b001'), PosixPath('data/fog_cache/depthaware_b002')]
[03:48:13 INFO] fog_prob: 0.3
[03:48:15 INFO] Train: 2975 samples  |  Val: 500 samples
[03:48:29 INFO] Epoch 1/50  iter 50/743  loss=1.1591  lr=5.99e-05
[03:48:42 INFO] Epoch 1/50  iter 100/743  loss=0.7693  lr=5.98e-05
[03:48:56 INFO] Epoch 1/50  iter 150/743  loss=0.6058  lr=5.98e-05
[03:49:09 INFO] Epoch 1/50  iter 200/743  loss=0.4358  lr=5.97e-05
[03:49:22 INFO] Epoch 1/50  iter 250/743  loss=0.2671  lr=5.96e-05
[03:49:36 INFO] Epoch 1/50  iter 300/743  loss=0.1878  lr=5.95e-05
[03:49:49 INFO] Epoch 1/50  iter 350/743  loss=0.3242  lr=5.94e-05
[03:50:02 INFO] Epoch 1/50  iter 400/743  loss=0.3649  lr=5.94e-05
[03:50:16 INFO] Epoch 1/50  iter 450/743  loss=0.3651  lr=5.93e-05
[03:50:29 INFO] Epoch 1/50  iter 500/743  loss=0.3184  lr=5.92e-05
[03:50:43 INFO] Epoch 1/50  iter 550/743  loss=1.3521  lr=5.91e-05
[03:50:56 INFO] Epoch 1/50  iter 600/743  loss=0.3959  lr=5.90e-05
[03:51:09 INFO] Epoch 1/50  iter 650/743  loss=0.1329  lr=5.89e-05
[03:51:23 INFO] Epoch 1/50  iter 700/743  loss=0.5468  lr=5.89e-05
[03:51:34 INFO] Epoch 1 complete — avg_loss=0.6482  time=200s
[03:51:49 INFO] Epoch 2/50  iter 50/743  loss=0.4049  lr=5.87e-05
[03:52:02 INFO] Epoch 2/50  iter 100/743  loss=0.2144  lr=5.86e-05
[03:52:16 INFO] Epoch 2/50  iter 150/743  loss=0.1762  lr=5.86e-05
[03:52:29 INFO] Epoch 2/50  iter 200/743  loss=0.5241  lr=5.85e-05
[03:52:42 INFO] Epoch 2/50  iter 250/743  loss=0.3088  lr=5.84e-05
[03:52:56 INFO] Epoch 2/50  iter 300/743  loss=0.3402  lr=5.83e-05
[03:53:09 INFO] Epoch 2/50  iter 350/743  loss=0.1772  lr=5.82e-05
[03:53:22 INFO] Epoch 2/50  iter 400/743  loss=0.2176  lr=5.82e-05
[03:53:36 INFO] Epoch 2/50  iter 450/743  loss=0.2006  lr=5.81e-05
[03:53:49 INFO] Epoch 2/50  iter 500/743  loss=0.2719  lr=5.80e-05
[03:54:03 INFO] Epoch 2/50  iter 550/743  loss=0.2980  lr=5.79e-05
[03:54:16 INFO] Epoch 2/50  iter 600/743  loss=0.5571  lr=5.78e-05
[03:54:29 INFO] Epoch 2/50  iter 650/743  loss=0.4749  lr=5.77e-05
[03:54:43 INFO] Epoch 2/50  iter 700/743  loss=0.2219  lr=5.77e-05
[03:54:54 INFO] Epoch 2 complete — avg_loss=0.3422  time=199s
[03:55:09 INFO] Epoch 3/50  iter 50/743  loss=0.2942  lr=5.75e-05
[03:55:22 INFO] Epoch 3/50  iter 100/743  loss=0.6154  lr=5.74e-05
[03:55:35 INFO] Epoch 3/50  iter 150/743  loss=0.3619  lr=5.74e-05
[03:55:49 INFO] Epoch 3/50  iter 200/743  loss=0.1067  lr=5.73e-05
[03:56:02 INFO] Epoch 3/50  iter 250/743  loss=0.2870  lr=5.72e-05
[03:56:16 INFO] Epoch 3/50  iter 300/743  loss=0.2178  lr=5.71e-05
[03:56:29 INFO] Epoch 3/50  iter 350/743  loss=0.3384  lr=5.70e-05
[03:56:42 INFO] Epoch 3/50  iter 400/743  loss=0.0785  lr=5.70e-05
[03:56:56 INFO] Epoch 3/50  iter 450/743  loss=0.3417  lr=5.69e-05
[03:57:09 INFO] Epoch 3/50  iter 500/743  loss=0.7521  lr=5.68e-05
[03:57:22 INFO] Epoch 3/50  iter 550/743  loss=0.2813  lr=5.67e-05
[03:57:36 INFO] Epoch 3/50  iter 600/743  loss=0.1838  lr=5.66e-05
[03:57:49 INFO] Epoch 3/50  iter 650/743  loss=0.2918  lr=5.65e-05
[03:58:03 INFO] Epoch 3/50  iter 700/743  loss=0.2407  lr=5.65e-05
[03:58:14 INFO] Epoch 3 complete — avg_loss=0.3085  time=199s
[03:58:29 INFO] Epoch 4/50  iter 50/743  loss=0.2006  lr=5.63e-05
[03:58:42 INFO] Epoch 4/50  iter 100/743  loss=0.1546  lr=5.62e-05
[03:58:55 INFO] Epoch 4/50  iter 150/743  loss=0.5181  lr=5.62e-05
[03:59:09 INFO] Epoch 4/50  iter 200/743  loss=0.1676  lr=5.61e-05
[03:59:22 INFO] Epoch 4/50  iter 250/743  loss=0.2986  lr=5.60e-05
[03:59:36 INFO] Epoch 4/50  iter 300/743  loss=0.1230  lr=5.59e-05
[03:59:49 INFO] Epoch 4/50  iter 350/743  loss=0.0928  lr=5.58e-05
[04:00:02 INFO] Epoch 4/50  iter 400/743  loss=0.2661  lr=5.58e-05
[04:00:16 INFO] Epoch 4/50  iter 450/743  loss=0.1616  lr=5.57e-05
[04:00:29 INFO] Epoch 4/50  iter 500/743  loss=0.2080  lr=5.56e-05
[04:00:43 INFO] Epoch 4/50  iter 550/743  loss=0.4415  lr=5.55e-05
[04:00:56 INFO] Epoch 4/50  iter 600/743  loss=0.1913  lr=5.54e-05
[04:01:09 INFO] Epoch 4/50  iter 650/743  loss=0.1338  lr=5.53e-05
[04:01:23 INFO] Epoch 4/50  iter 700/743  loss=0.1828  lr=5.53e-05
[04:01:34 INFO] Epoch 4 complete — avg_loss=0.2694  time=199s
[04:01:49 INFO] Epoch 5/50  iter 50/743  loss=0.1426  lr=5.51e-05
[04:02:02 INFO] Epoch 5/50  iter 100/743  loss=0.2100  lr=5.50e-05
[04:02:15 INFO] Epoch 5/50  iter 150/743  loss=0.2732  lr=5.50e-05
[04:02:29 INFO] Epoch 5/50  iter 200/743  loss=0.2575  lr=5.49e-05
[04:02:42 INFO] Epoch 5/50  iter 250/743  loss=0.1013  lr=5.48e-05
[04:02:56 INFO] Epoch 5/50  iter 300/743  loss=0.2219  lr=5.47e-05
[04:03:09 INFO] Epoch 5/50  iter 350/743  loss=0.2086  lr=5.46e-05
[04:03:22 INFO] Epoch 5/50  iter 400/743  loss=0.2842  lr=5.46e-05
[04:03:36 INFO] Epoch 5/50  iter 450/743  loss=0.1668  lr=5.45e-05
[04:03:49 INFO] Epoch 5/50  iter 500/743  loss=0.0361  lr=5.44e-05
[04:04:03 INFO] Epoch 5/50  iter 550/743  loss=0.2489  lr=5.43e-05
[04:04:16 INFO] Epoch 5/50  iter 600/743  loss=0.2607  lr=5.42e-05
[04:04:29 INFO] Epoch 5/50  iter 650/743  loss=0.6879  lr=5.41e-05
[04:04:43 INFO] Epoch 5/50  iter 700/743  loss=0.1081  lr=5.41e-05
[04:04:54 INFO] Epoch 5 complete — avg_loss=0.2512  time=199s
[04:06:47 INFO]   val mIoU = 0.6238
[04:06:48 INFO]   ★ New best val mIoU: 0.6238
[04:07:03 INFO] Epoch 6/50  iter 50/743  loss=0.2555  lr=5.39e-05
[04:07:16 INFO] Epoch 6/50  iter 100/743  loss=0.1214  lr=5.38e-05
[04:07:29 INFO] Epoch 6/50  iter 150/743  loss=0.2173  lr=5.38e-05
[04:07:43 INFO] Epoch 6/50  iter 200/743  loss=0.0712  lr=5.37e-05
[04:07:56 INFO] Epoch 6/50  iter 250/743  loss=0.3597  lr=5.36e-05
[04:08:10 INFO] Epoch 6/50  iter 300/743  loss=0.3299  lr=5.35e-05
[04:08:23 INFO] Epoch 6/50  iter 350/743  loss=0.1214  lr=5.34e-05
[04:08:36 INFO] Epoch 6/50  iter 400/743  loss=0.1536  lr=5.34e-05
[04:08:50 INFO] Epoch 6/50  iter 450/743  loss=0.1688  lr=5.33e-05
[04:09:03 INFO] Epoch 6/50  iter 500/743  loss=0.2616  lr=5.32e-05
[04:09:16 INFO] Epoch 6/50  iter 550/743  loss=0.2692  lr=5.31e-05
[04:09:30 INFO] Epoch 6/50  iter 600/743  loss=0.1860  lr=5.30e-05
[04:09:43 INFO] Epoch 6/50  iter 650/743  loss=0.1499  lr=5.29e-05
[04:09:57 INFO] Epoch 6/50  iter 700/743  loss=0.0985  lr=5.29e-05
[04:10:08 INFO] Epoch 6 complete — avg_loss=0.2227  time=199s
[04:10:23 INFO] Epoch 7/50  iter 50/743  loss=0.2403  lr=5.27e-05
[04:10:36 INFO] Epoch 7/50  iter 100/743  loss=0.2781  lr=5.26e-05
[04:10:49 INFO] Epoch 7/50  iter 150/743  loss=0.2000  lr=5.26e-05
[04:11:03 INFO] Epoch 7/50  iter 200/743  loss=0.3167  lr=5.25e-05
[04:11:16 INFO] Epoch 7/50  iter 250/743  loss=0.5864  lr=5.24e-05
[04:11:30 INFO] Epoch 7/50  iter 300/743  loss=0.1142  lr=5.23e-05
[04:11:43 INFO] Epoch 7/50  iter 350/743  loss=0.1119  lr=5.22e-05
[04:11:56 INFO] Epoch 7/50  iter 400/743  loss=0.1772  lr=5.22e-05
[04:12:10 INFO] Epoch 7/50  iter 450/743  loss=0.5538  lr=5.21e-05
[04:12:23 INFO] Epoch 7/50  iter 500/743  loss=0.1879  lr=5.20e-05
[04:12:37 INFO] Epoch 7/50  iter 550/743  loss=0.1323  lr=5.19e-05
[04:12:50 INFO] Epoch 7/50  iter 600/743  loss=0.1860  lr=5.18e-05
[04:13:03 INFO] Epoch 7/50  iter 650/743  loss=0.0984  lr=5.17e-05
[04:13:17 INFO] Epoch 7/50  iter 700/743  loss=0.3132  lr=5.17e-05
[04:13:28 INFO] Epoch 7 complete — avg_loss=0.2261  time=200s
[04:13:43 INFO] Epoch 8/50  iter 50/743  loss=0.0712  lr=5.15e-05
[04:13:56 INFO] Epoch 8/50  iter 100/743  loss=0.2081  lr=5.14e-05
[04:14:10 INFO] Epoch 8/50  iter 150/743  loss=0.1800  lr=5.14e-05
[04:14:23 INFO] Epoch 8/50  iter 200/743  loss=0.1356  lr=5.13e-05
[04:14:37 INFO] Epoch 8/50  iter 250/743  loss=0.1752  lr=5.12e-05
[04:14:50 INFO] Epoch 8/50  iter 300/743  loss=0.1044  lr=5.11e-05
[04:15:03 INFO] Epoch 8/50  iter 350/743  loss=0.1676  lr=5.10e-05
[04:15:17 INFO] Epoch 8/50  iter 400/743  loss=0.1968  lr=5.10e-05
[04:15:30 INFO] Epoch 8/50  iter 450/743  loss=0.1144  lr=5.09e-05
[04:15:44 INFO] Epoch 8/50  iter 500/743  loss=0.2260  lr=5.08e-05
[04:15:57 INFO] Epoch 8/50  iter 550/743  loss=0.2763  lr=5.07e-05
[04:16:10 INFO] Epoch 8/50  iter 600/743  loss=0.1446  lr=5.06e-05
[04:16:24 INFO] Epoch 8/50  iter 650/743  loss=0.1708  lr=5.05e-05
[04:16:37 INFO] Epoch 8/50  iter 700/743  loss=0.1738  lr=5.05e-05
[04:16:49 INFO] Epoch 8 complete — avg_loss=0.2170  time=200s
[04:17:03 INFO] Epoch 9/50  iter 50/743  loss=0.1138  lr=5.03e-05
[04:17:17 INFO] Epoch 9/50  iter 100/743  loss=0.1969  lr=5.02e-05
[04:17:30 INFO] Epoch 9/50  iter 150/743  loss=0.1191  lr=5.02e-05
[04:17:43 INFO] Epoch 9/50  iter 200/743  loss=0.0994  lr=5.01e-05
[04:17:57 INFO] Epoch 9/50  iter 250/743  loss=0.2703  lr=5.00e-05
[04:18:10 INFO] Epoch 9/50  iter 300/743  loss=0.1116  lr=4.99e-05
[04:18:24 INFO] Epoch 9/50  iter 350/743  loss=0.1304  lr=4.98e-05
[04:18:37 INFO] Epoch 9/50  iter 400/743  loss=0.2195  lr=4.98e-05
[04:18:50 INFO] Epoch 9/50  iter 450/743  loss=0.1380  lr=4.97e-05
[04:19:04 INFO] Epoch 9/50  iter 500/743  loss=0.1951  lr=4.96e-05
[04:19:17 INFO] Epoch 9/50  iter 550/743  loss=0.6319  lr=4.95e-05
[04:19:31 INFO] Epoch 9/50  iter 600/743  loss=0.2077  lr=4.94e-05
[04:19:44 INFO] Epoch 9/50  iter 650/743  loss=0.1293  lr=4.93e-05
[04:19:57 INFO] Epoch 9/50  iter 700/743  loss=0.0454  lr=4.93e-05
[04:20:09 INFO] Epoch 9 complete — avg_loss=0.2057  time=200s
[04:20:24 INFO] Epoch 10/50  iter 50/743  loss=0.2984  lr=4.91e-05
[04:20:37 INFO] Epoch 10/50  iter 100/743  loss=0.1241  lr=4.90e-05
[04:20:50 INFO] Epoch 10/50  iter 150/743  loss=0.1234  lr=4.90e-05
[04:21:04 INFO] Epoch 10/50  iter 200/743  loss=0.2491  lr=4.89e-05
[04:21:17 INFO] Epoch 10/50  iter 250/743  loss=0.1191  lr=4.88e-05
[04:21:31 INFO] Epoch 10/50  iter 300/743  loss=0.1011  lr=4.87e-05
[04:21:44 INFO] Epoch 10/50  iter 350/743  loss=0.2712  lr=4.86e-05
[04:21:57 INFO] Epoch 10/50  iter 400/743  loss=0.2876  lr=4.86e-05
[04:22:11 INFO] Epoch 10/50  iter 450/743  loss=0.2431  lr=4.85e-05
[04:22:24 INFO] Epoch 10/50  iter 500/743  loss=0.2114  lr=4.84e-05
[04:22:38 INFO] Epoch 10/50  iter 550/743  loss=0.2072  lr=4.83e-05
[04:22:51 INFO] Epoch 10/50  iter 600/743  loss=0.2114  lr=4.82e-05
[04:23:04 INFO] Epoch 10/50  iter 650/743  loss=0.4226  lr=4.81e-05
[04:23:18 INFO] Epoch 10/50  iter 700/743  loss=0.1648  lr=4.81e-05
[04:23:29 INFO] Epoch 10 complete — avg_loss=0.2089  time=200s
[04:25:29 INFO]   val mIoU = 0.6979
[04:25:29 INFO]   ★ New best val mIoU: 0.6979
[04:25:44 INFO] Epoch 11/50  iter 50/743  loss=0.1849  lr=4.79e-05
[04:25:57 INFO] Epoch 11/50  iter 100/743  loss=0.2710  lr=4.78e-05
[04:26:11 INFO] Epoch 11/50  iter 150/743  loss=0.1469  lr=4.78e-05
[04:26:24 INFO] Epoch 11/50  iter 200/743  loss=0.1733  lr=4.77e-05
[04:26:37 INFO] Epoch 11/50  iter 250/743  loss=0.1595  lr=4.76e-05
[04:26:51 INFO] Epoch 11/50  iter 300/743  loss=0.3251  lr=4.75e-05
[04:27:04 INFO] Epoch 11/50  iter 350/743  loss=0.1758  lr=4.74e-05
[04:27:18 INFO] Epoch 11/50  iter 400/743  loss=0.1765  lr=4.74e-05
[04:27:31 INFO] Epoch 11/50  iter 450/743  loss=0.3211  lr=4.73e-05
[04:27:44 INFO] Epoch 11/50  iter 500/743  loss=0.1849  lr=4.72e-05
[04:27:58 INFO] Epoch 11/50  iter 550/743  loss=0.7803  lr=4.71e-05
[04:28:11 INFO] Epoch 11/50  iter 600/743  loss=0.1005  lr=4.70e-05
[04:28:25 INFO] Epoch 11/50  iter 650/743  loss=0.2226  lr=4.69e-05
[04:28:38 INFO] Epoch 11/50  iter 700/743  loss=0.3821  lr=4.69e-05
[04:28:49 INFO] Epoch 11 complete — avg_loss=0.1887  time=199s
[04:29:04 INFO] Epoch 12/50  iter 50/743  loss=0.1595  lr=4.67e-05
[04:29:18 INFO] Epoch 12/50  iter 100/743  loss=0.1744  lr=4.66e-05
[04:29:31 INFO] Epoch 12/50  iter 150/743  loss=0.3679  lr=4.66e-05
[04:29:45 INFO] Epoch 12/50  iter 200/743  loss=0.1518  lr=4.65e-05
[04:29:58 INFO] Epoch 12/50  iter 250/743  loss=0.0486  lr=4.64e-05
[04:30:12 INFO] Epoch 12/50  iter 300/743  loss=0.1375  lr=4.63e-05
[04:30:25 INFO] Epoch 12/50  iter 350/743  loss=0.2884  lr=4.62e-05
[04:30:39 INFO] Epoch 12/50  iter 400/743  loss=0.1243  lr=4.62e-05
[04:30:52 INFO] Epoch 12/50  iter 450/743  loss=0.1879  lr=4.61e-05
[04:31:06 INFO] Epoch 12/50  iter 500/743  loss=0.2997  lr=4.60e-05
[04:31:19 INFO] Epoch 12/50  iter 550/743  loss=0.1977  lr=4.59e-05
[04:31:33 INFO] Epoch 12/50  iter 600/743  loss=0.1472  lr=4.58e-05
[04:31:46 INFO] Epoch 12/50  iter 650/743  loss=0.1526  lr=4.57e-05
[04:32:00 INFO] Epoch 12/50  iter 700/743  loss=0.1665  lr=4.57e-05
[04:32:11 INFO] Epoch 12 complete — avg_loss=0.1963  time=201s
[04:32:26 INFO] Epoch 13/50  iter 50/743  loss=0.2755  lr=4.55e-05
[04:32:39 INFO] Epoch 13/50  iter 100/743  loss=0.2460  lr=4.54e-05
[04:32:53 INFO] Epoch 13/50  iter 150/743  loss=0.2466  lr=4.54e-05
[04:33:06 INFO] Epoch 13/50  iter 200/743  loss=0.1030  lr=4.53e-05
[04:33:20 INFO] Epoch 13/50  iter 250/743  loss=0.2582  lr=4.52e-05
[04:33:33 INFO] Epoch 13/50  iter 300/743  loss=0.1211  lr=4.51e-05
[04:33:47 INFO] Epoch 13/50  iter 350/743  loss=0.1800  lr=4.50e-05
[04:34:00 INFO] Epoch 13/50  iter 400/743  loss=0.2904  lr=4.50e-05
[04:34:14 INFO] Epoch 13/50  iter 450/743  loss=0.2080  lr=4.49e-05
[04:34:27 INFO] Epoch 13/50  iter 500/743  loss=0.2888  lr=4.48e-05
[04:34:41 INFO] Epoch 13/50  iter 550/743  loss=0.0829  lr=4.47e-05
[04:34:54 INFO] Epoch 13/50  iter 600/743  loss=0.1197  lr=4.46e-05
[04:35:08 INFO] Epoch 13/50  iter 650/743  loss=0.1921  lr=4.45e-05
[04:35:21 INFO] Epoch 13/50  iter 700/743  loss=0.1282  lr=4.45e-05
[04:35:33 INFO] Epoch 13 complete — avg_loss=0.1884  time=201s
[04:35:48 INFO] Epoch 14/50  iter 50/743  loss=0.1527  lr=4.43e-05
[04:36:01 INFO] Epoch 14/50  iter 100/743  loss=0.0907  lr=4.42e-05
[04:36:15 INFO] Epoch 14/50  iter 150/743  loss=0.0591  lr=4.42e-05
[04:36:28 INFO] Epoch 14/50  iter 200/743  loss=0.1080  lr=4.41e-05
[04:36:41 INFO] Epoch 14/50  iter 250/743  loss=0.1558  lr=4.40e-05
[04:36:55 INFO] Epoch 14/50  iter 300/743  loss=0.1420  lr=4.39e-05
[04:37:08 INFO] Epoch 14/50  iter 350/743  loss=0.1565  lr=4.38e-05
[04:37:22 INFO] Epoch 14/50  iter 400/743  loss=0.0838  lr=4.38e-05
[04:37:35 INFO] Epoch 14/50  iter 450/743  loss=0.2513  lr=4.37e-05
[04:37:49 INFO] Epoch 14/50  iter 500/743  loss=0.2183  lr=4.36e-05
[04:38:02 INFO] Epoch 14/50  iter 550/743  loss=0.0786  lr=4.35e-05
[04:38:16 INFO] Epoch 14/50  iter 600/743  loss=0.1050  lr=4.34e-05
[04:38:29 INFO] Epoch 14/50  iter 650/743  loss=0.1707  lr=4.33e-05
[04:38:43 INFO] Epoch 14/50  iter 700/743  loss=0.1104  lr=4.33e-05
[04:38:55 INFO] Epoch 14 complete — avg_loss=0.1798  time=201s
[04:39:09 INFO] Epoch 15/50  iter 50/743  loss=0.0777  lr=4.31e-05
[04:39:23 INFO] Epoch 15/50  iter 100/743  loss=0.1391  lr=4.30e-05
[04:39:36 INFO] Epoch 15/50  iter 150/743  loss=0.1394  lr=4.30e-05
[04:39:49 INFO] Epoch 15/50  iter 200/743  loss=0.1313  lr=4.29e-05
[04:40:03 INFO] Epoch 15/50  iter 250/743  loss=0.1344  lr=4.28e-05
[04:40:16 INFO] Epoch 15/50  iter 300/743  loss=0.2835  lr=4.27e-05
[04:40:29 INFO] Epoch 15/50  iter 350/743  loss=0.2029  lr=4.26e-05
[04:40:43 INFO] Epoch 15/50  iter 400/743  loss=0.2262  lr=4.26e-05
[04:40:56 INFO] Epoch 15/50  iter 450/743  loss=0.2257  lr=4.25e-05
[04:41:10 INFO] Epoch 15/50  iter 500/743  loss=0.1225  lr=4.24e-05
[04:41:23 INFO] Epoch 15/50  iter 550/743  loss=0.1539  lr=4.23e-05
[04:41:36 INFO] Epoch 15/50  iter 600/743  loss=0.2051  lr=4.22e-05
[04:41:50 INFO] Epoch 15/50  iter 650/743  loss=0.1182  lr=4.21e-05
[04:42:03 INFO] Epoch 15/50  iter 700/743  loss=0.1666  lr=4.21e-05
[04:42:15 INFO] Epoch 15 complete — avg_loss=0.1763  time=200s
[04:44:15 INFO]   val mIoU = 0.7102
[04:44:16 INFO]   ★ New best val mIoU: 0.7102
[04:44:30 INFO] Epoch 16/50  iter 50/743  loss=0.1258  lr=4.19e-05
[04:44:44 INFO] Epoch 16/50  iter 100/743  loss=0.2041  lr=4.18e-05
[04:44:57 INFO] Epoch 16/50  iter 150/743  loss=0.0580  lr=4.18e-05
[04:45:10 INFO] Epoch 16/50  iter 200/743  loss=0.1620  lr=4.17e-05
[04:45:24 INFO] Epoch 16/50  iter 250/743  loss=0.2718  lr=4.16e-05
[04:45:37 INFO] Epoch 16/50  iter 300/743  loss=0.1097  lr=4.15e-05
[04:45:50 INFO] Epoch 16/50  iter 350/743  loss=0.1711  lr=4.14e-05
[04:46:04 INFO] Epoch 16/50  iter 400/743  loss=0.2622  lr=4.14e-05
[04:46:17 INFO] Epoch 16/50  iter 450/743  loss=0.0996  lr=4.13e-05
[04:46:31 INFO] Epoch 16/50  iter 500/743  loss=0.0747  lr=4.12e-05
[04:46:44 INFO] Epoch 16/50  iter 550/743  loss=0.0949  lr=4.11e-05
[04:46:57 INFO] Epoch 16/50  iter 600/743  loss=0.0728  lr=4.10e-05
[04:47:11 INFO] Epoch 16/50  iter 650/743  loss=0.2185  lr=4.09e-05
[04:47:24 INFO] Epoch 16/50  iter 700/743  loss=0.1440  lr=4.09e-05
[04:47:36 INFO] Epoch 16 complete — avg_loss=0.1755  time=199s
[04:47:50 INFO] Epoch 17/50  iter 50/743  loss=0.0573  lr=4.07e-05
[04:48:04 INFO] Epoch 17/50  iter 100/743  loss=0.1437  lr=4.06e-05
[04:48:17 INFO] Epoch 17/50  iter 150/743  loss=0.1399  lr=4.06e-05
[04:48:31 INFO] Epoch 17/50  iter 200/743  loss=0.1408  lr=4.05e-05
[04:48:44 INFO] Epoch 17/50  iter 250/743  loss=0.2379  lr=4.04e-05
[04:48:58 INFO] Epoch 17/50  iter 300/743  loss=0.1170  lr=4.03e-05
[04:49:11 INFO] Epoch 17/50  iter 350/743  loss=0.0491  lr=4.02e-05
[04:49:25 INFO] Epoch 17/50  iter 400/743  loss=0.1383  lr=4.02e-05
[04:49:38 INFO] Epoch 17/50  iter 450/743  loss=0.2519  lr=4.01e-05
[04:49:52 INFO] Epoch 17/50  iter 500/743  loss=0.2188  lr=4.00e-05
[04:50:05 INFO] Epoch 17/50  iter 550/743  loss=0.1684  lr=3.99e-05
[04:50:19 INFO] Epoch 17/50  iter 600/743  loss=0.1741  lr=3.98e-05
[04:50:32 INFO] Epoch 17/50  iter 650/743  loss=0.2197  lr=3.97e-05
[04:50:46 INFO] Epoch 17/50  iter 700/743  loss=0.1097  lr=3.97e-05
[04:50:57 INFO] Epoch 17 complete — avg_loss=0.1653  time=201s
[04:51:12 INFO] Epoch 18/50  iter 50/743  loss=0.1853  lr=3.95e-05
[04:51:25 INFO] Epoch 18/50  iter 100/743  loss=0.1515  lr=3.94e-05
[04:51:39 INFO] Epoch 18/50  iter 150/743  loss=0.1466  lr=3.94e-05
[04:51:52 INFO] Epoch 18/50  iter 200/743  loss=0.1177  lr=3.93e-05
[04:52:06 INFO] Epoch 18/50  iter 250/743  loss=0.1601  lr=3.92e-05
[04:52:19 INFO] Epoch 18/50  iter 300/743  loss=0.3561  lr=3.91e-05
[04:52:33 INFO] Epoch 18/50  iter 350/743  loss=0.1461  lr=3.90e-05
[04:52:46 INFO] Epoch 18/50  iter 400/743  loss=0.1338  lr=3.90e-05
[04:53:00 INFO] Epoch 18/50  iter 450/743  loss=0.2418  lr=3.89e-05
[04:53:13 INFO] Epoch 18/50  iter 500/743  loss=0.1353  lr=3.88e-05
[04:53:27 INFO] Epoch 18/50  iter 550/743  loss=0.1487  lr=3.87e-05
[04:53:40 INFO] Epoch 18/50  iter 600/743  loss=0.1450  lr=3.86e-05
[04:53:54 INFO] Epoch 18/50  iter 650/743  loss=0.1657  lr=3.85e-05
[04:54:07 INFO] Epoch 18/50  iter 700/743  loss=0.2606  lr=3.85e-05
[04:54:19 INFO] Epoch 18 complete — avg_loss=0.1606  time=201s
[04:54:34 INFO] Epoch 19/50  iter 50/743  loss=0.1469  lr=3.83e-05
[04:54:47 INFO] Epoch 19/50  iter 100/743  loss=0.2649  lr=3.82e-05
[04:55:01 INFO] Epoch 19/50  iter 150/743  loss=0.1826  lr=3.82e-05
[04:55:14 INFO] Epoch 19/50  iter 200/743  loss=0.5561  lr=3.81e-05
[04:55:27 INFO] Epoch 19/50  iter 250/743  loss=0.1794  lr=3.80e-05
[04:55:41 INFO] Epoch 19/50  iter 300/743  loss=0.1350  lr=3.79e-05
[04:55:54 INFO] Epoch 19/50  iter 350/743  loss=0.1050  lr=3.78e-05
[04:56:08 INFO] Epoch 19/50  iter 400/743  loss=0.1710  lr=3.78e-05
[04:56:21 INFO] Epoch 19/50  iter 450/743  loss=0.1898  lr=3.77e-05
[04:56:35 INFO] Epoch 19/50  iter 500/743  loss=0.1359  lr=3.76e-05
[04:56:48 INFO] Epoch 19/50  iter 550/743  loss=0.1265  lr=3.75e-05
[04:57:02 INFO] Epoch 19/50  iter 600/743  loss=0.1505  lr=3.74e-05
[04:57:15 INFO] Epoch 19/50  iter 650/743  loss=0.2480  lr=3.73e-05
[04:57:29 INFO] Epoch 19/50  iter 700/743  loss=0.0898  lr=3.73e-05
[04:57:40 INFO] Epoch 19 complete — avg_loss=0.1644  time=201s
[04:57:55 INFO] Epoch 20/50  iter 50/743  loss=0.2542  lr=3.71e-05
[04:58:09 INFO] Epoch 20/50  iter 100/743  loss=0.1348  lr=3.70e-05
[04:58:22 INFO] Epoch 20/50  iter 150/743  loss=0.0708  lr=3.70e-05
[04:58:35 INFO] Epoch 20/50  iter 200/743  loss=0.1240  lr=3.69e-05
[04:58:49 INFO] Epoch 20/50  iter 250/743  loss=0.0854  lr=3.68e-05
[04:59:02 INFO] Epoch 20/50  iter 300/743  loss=0.1646  lr=3.67e-05
[04:59:16 INFO] Epoch 20/50  iter 350/743  loss=0.1178  lr=3.66e-05
[04:59:29 INFO] Epoch 20/50  iter 400/743  loss=0.1071  lr=3.66e-05
[04:59:43 INFO] Epoch 20/50  iter 450/743  loss=0.1435  lr=3.65e-05
[04:59:56 INFO] Epoch 20/50  iter 500/743  loss=0.1797  lr=3.64e-05
[05:00:10 INFO] Epoch 20/50  iter 550/743  loss=0.1640  lr=3.63e-05
[05:00:23 INFO] Epoch 20/50  iter 600/743  loss=0.1466  lr=3.62e-05
[05:00:37 INFO] Epoch 20/50  iter 650/743  loss=0.1764  lr=3.61e-05
[05:00:50 INFO] Epoch 20/50  iter 700/743  loss=0.1338  lr=3.61e-05
[05:01:02 INFO] Epoch 20 complete — avg_loss=0.1563  time=201s
[05:03:03 INFO]   val mIoU = 0.7406
[05:03:04 INFO]   ★ New best val mIoU: 0.7406
[05:03:19 INFO] Epoch 21/50  iter 50/743  loss=0.0702  lr=3.59e-05
[05:03:32 INFO] Epoch 21/50  iter 100/743  loss=0.2202  lr=3.58e-05
[05:03:45 INFO] Epoch 21/50  iter 150/743  loss=0.2280  lr=3.58e-05
[05:03:59 INFO] Epoch 21/50  iter 200/743  loss=0.1561  lr=3.57e-05
[05:04:12 INFO] Epoch 21/50  iter 250/743  loss=0.2221  lr=3.56e-05
[05:04:25 INFO] Epoch 21/50  iter 300/743  loss=0.1280  lr=3.55e-05
[05:04:39 INFO] Epoch 21/50  iter 350/743  loss=0.1950  lr=3.54e-05
[05:04:52 INFO] Epoch 21/50  iter 400/743  loss=0.1961  lr=3.54e-05
[05:05:05 INFO] Epoch 21/50  iter 450/743  loss=0.2273  lr=3.53e-05
[05:05:19 INFO] Epoch 21/50  iter 500/743  loss=0.0552  lr=3.52e-05
[05:05:32 INFO] Epoch 21/50  iter 550/743  loss=0.1613  lr=3.51e-05
[05:05:46 INFO] Epoch 21/50  iter 600/743  loss=0.0769  lr=3.50e-05
[05:05:59 INFO] Epoch 21/50  iter 650/743  loss=0.1606  lr=3.49e-05
[05:06:12 INFO] Epoch 21/50  iter 700/743  loss=0.0479  lr=3.49e-05
[05:06:24 INFO] Epoch 21 complete — avg_loss=0.1604  time=199s
[05:06:39 INFO] Epoch 22/50  iter 50/743  loss=0.0764  lr=3.47e-05
[05:06:52 INFO] Epoch 22/50  iter 100/743  loss=0.2263  lr=3.46e-05
[05:07:06 INFO] Epoch 22/50  iter 150/743  loss=0.1667  lr=3.46e-05
[05:07:19 INFO] Epoch 22/50  iter 200/743  loss=0.0892  lr=3.45e-05
[05:07:33 INFO] Epoch 22/50  iter 250/743  loss=0.0753  lr=3.44e-05
[05:07:46 INFO] Epoch 22/50  iter 300/743  loss=0.1015  lr=3.43e-05
[05:07:59 INFO] Epoch 22/50  iter 350/743  loss=0.1586  lr=3.42e-05
[05:08:13 INFO] Epoch 22/50  iter 400/743  loss=0.1132  lr=3.42e-05
[05:08:26 INFO] Epoch 22/50  iter 450/743  loss=0.1782  lr=3.41e-05
[05:08:40 INFO] Epoch 22/50  iter 500/743  loss=0.1545  lr=3.40e-05
[05:08:53 INFO] Epoch 22/50  iter 550/743  loss=0.1462  lr=3.39e-05
[05:09:07 INFO] Epoch 22/50  iter 600/743  loss=0.0971  lr=3.38e-05
[05:09:20 INFO] Epoch 22/50  iter 650/743  loss=0.1010  lr=3.37e-05
[05:09:34 INFO] Epoch 22/50  iter 700/743  loss=0.0952  lr=3.37e-05
[05:09:46 INFO] Epoch 22 complete — avg_loss=0.1617  time=201s
[05:10:00 INFO] Epoch 23/50  iter 50/743  loss=0.0733  lr=3.35e-05
[05:10:14 INFO] Epoch 23/50  iter 100/743  loss=0.1281  lr=3.34e-05
[05:10:27 INFO] Epoch 23/50  iter 150/743  loss=0.0939  lr=3.34e-05
[05:10:41 INFO] Epoch 23/50  iter 200/743  loss=0.1273  lr=3.33e-05
[05:10:54 INFO] Epoch 23/50  iter 250/743  loss=0.1461  lr=3.32e-05
[05:11:08 INFO] Epoch 23/50  iter 300/743  loss=0.1173  lr=3.31e-05
[05:11:21 INFO] Epoch 23/50  iter 350/743  loss=0.2436  lr=3.30e-05
[05:11:35 INFO] Epoch 23/50  iter 400/743  loss=0.1207  lr=3.30e-05
[05:11:48 INFO] Epoch 23/50  iter 450/743  loss=0.1594  lr=3.29e-05
[05:12:02 INFO] Epoch 23/50  iter 500/743  loss=0.1417  lr=3.28e-05
[05:12:15 INFO] Epoch 23/50  iter 550/743  loss=0.1327  lr=3.27e-05
[05:12:28 INFO] Epoch 23/50  iter 600/743  loss=0.1726  lr=3.26e-05
[05:12:42 INFO] Epoch 23/50  iter 650/743  loss=0.1681  lr=3.25e-05
[05:12:55 INFO] Epoch 23/50  iter 700/743  loss=0.1421  lr=3.25e-05
[05:13:07 INFO] Epoch 23 complete — avg_loss=0.1536  time=201s
[05:13:22 INFO] Epoch 24/50  iter 50/743  loss=0.0897  lr=3.23e-05
[05:13:35 INFO] Epoch 24/50  iter 100/743  loss=0.0627  lr=3.22e-05
[05:13:49 INFO] Epoch 24/50  iter 150/743  loss=0.0610  lr=3.22e-05
[05:14:02 INFO] Epoch 24/50  iter 200/743  loss=0.1301  lr=3.21e-05
[05:14:16 INFO] Epoch 24/50  iter 250/743  loss=0.1213  lr=3.20e-05
[05:14:29 INFO] Epoch 24/50  iter 300/743  loss=0.1305  lr=3.19e-05
[05:14:43 INFO] Epoch 24/50  iter 350/743  loss=0.3261  lr=3.18e-05
[05:14:56 INFO] Epoch 24/50  iter 400/743  loss=0.2039  lr=3.18e-05
[05:15:10 INFO] Epoch 24/50  iter 450/743  loss=0.1035  lr=3.17e-05
[05:15:23 INFO] Epoch 24/50  iter 500/743  loss=0.1715  lr=3.16e-05
[05:15:37 INFO] Epoch 24/50  iter 550/743  loss=0.1063  lr=3.15e-05
[05:15:50 INFO] Epoch 24/50  iter 600/743  loss=0.1192  lr=3.14e-05
[05:16:03 INFO] Epoch 24/50  iter 650/743  loss=0.1253  lr=3.13e-05
[05:16:17 INFO] Epoch 24/50  iter 700/743  loss=0.1460  lr=3.13e-05
[05:16:29 INFO] Epoch 24 complete — avg_loss=0.1523  time=201s
[05:16:43 INFO] Epoch 25/50  iter 50/743  loss=0.1774  lr=3.11e-05
[05:16:57 INFO] Epoch 25/50  iter 100/743  loss=0.0913  lr=3.10e-05
[05:17:10 INFO] Epoch 25/50  iter 150/743  loss=0.2080  lr=3.10e-05
[05:17:24 INFO] Epoch 25/50  iter 200/743  loss=0.1300  lr=3.09e-05
[05:17:37 INFO] Epoch 25/50  iter 250/743  loss=0.1361  lr=3.08e-05
[05:17:51 INFO] Epoch 25/50  iter 300/743  loss=0.2271  lr=3.07e-05
[05:18:04 INFO] Epoch 25/50  iter 350/743  loss=0.0822  lr=3.06e-05
[05:18:18 INFO] Epoch 25/50  iter 400/743  loss=0.0728  lr=3.06e-05
[05:18:31 INFO] Epoch 25/50  iter 450/743  loss=0.1817  lr=3.05e-05
[05:18:45 INFO] Epoch 25/50  iter 500/743  loss=0.0958  lr=3.04e-05
[05:18:58 INFO] Epoch 25/50  iter 550/743  loss=0.1779  lr=3.03e-05
[05:19:12 INFO] Epoch 25/50  iter 600/743  loss=0.1102  lr=3.02e-05
[05:19:25 INFO] Epoch 25/50  iter 650/743  loss=0.1175  lr=3.01e-05
[05:19:38 INFO] Epoch 25/50  iter 700/743  loss=0.2050  lr=3.01e-05
[05:19:50 INFO] Epoch 25 complete — avg_loss=0.1533  time=201s
[05:21:50 INFO]   val mIoU = 0.7490
[05:21:51 INFO]   ★ New best val mIoU: 0.7490
[05:22:06 INFO] Epoch 26/50  iter 50/743  loss=0.1905  lr=2.99e-05
[05:22:19 INFO] Epoch 26/50  iter 100/743  loss=0.0739  lr=2.98e-05
[05:22:32 INFO] Epoch 26/50  iter 150/743  loss=0.0611  lr=2.98e-05
[05:22:46 INFO] Epoch 26/50  iter 200/743  loss=0.3507  lr=2.97e-05
[05:22:59 INFO] Epoch 26/50  iter 250/743  loss=0.1506  lr=2.96e-05
[05:23:12 INFO] Epoch 26/50  iter 300/743  loss=0.1504  lr=2.95e-05
[05:23:26 INFO] Epoch 26/50  iter 350/743  loss=0.1157  lr=2.94e-05
[05:23:39 INFO] Epoch 26/50  iter 400/743  loss=0.1916  lr=2.94e-05
[05:23:52 INFO] Epoch 26/50  iter 450/743  loss=0.1442  lr=2.93e-05
[05:24:06 INFO] Epoch 26/50  iter 500/743  loss=0.0674  lr=2.92e-05
[05:24:19 INFO] Epoch 26/50  iter 550/743  loss=0.1286  lr=2.91e-05
[05:24:32 INFO] Epoch 26/50  iter 600/743  loss=0.1142  lr=2.90e-05
[05:24:46 INFO] Epoch 26/50  iter 650/743  loss=0.1098  lr=2.89e-05
[05:24:59 INFO] Epoch 26/50  iter 700/743  loss=0.1875  lr=2.89e-05
[05:25:11 INFO] Epoch 26 complete — avg_loss=0.1471  time=199s
[05:25:25 INFO] Epoch 27/50  iter 50/743  loss=0.1157  lr=2.87e-05
[05:25:39 INFO] Epoch 27/50  iter 100/743  loss=0.1163  lr=2.86e-05
[05:25:52 INFO] Epoch 27/50  iter 150/743  loss=0.2042  lr=2.86e-05
[05:26:06 INFO] Epoch 27/50  iter 200/743  loss=0.1106  lr=2.85e-05
[05:26:19 INFO] Epoch 27/50  iter 250/743  loss=0.3728  lr=2.84e-05
[05:26:33 INFO] Epoch 27/50  iter 300/743  loss=0.1067  lr=2.83e-05
[05:26:46 INFO] Epoch 27/50  iter 350/743  loss=0.1003  lr=2.82e-05
[05:27:00 INFO] Epoch 27/50  iter 400/743  loss=0.1749  lr=2.82e-05
[05:27:13 INFO] Epoch 27/50  iter 450/743  loss=0.0873  lr=2.81e-05
[05:27:27 INFO] Epoch 27/50  iter 500/743  loss=0.1853  lr=2.80e-05
[05:27:40 INFO] Epoch 27/50  iter 550/743  loss=0.1753  lr=2.79e-05
[05:27:54 INFO] Epoch 27/50  iter 600/743  loss=0.1087  lr=2.78e-05
[05:28:07 INFO] Epoch 27/50  iter 650/743  loss=0.1013  lr=2.77e-05
[05:28:21 INFO] Epoch 27/50  iter 700/743  loss=0.1123  lr=2.77e-05
[05:28:32 INFO] Epoch 27 complete — avg_loss=0.1472  time=201s
[05:28:47 INFO] Epoch 28/50  iter 50/743  loss=0.1216  lr=2.75e-05
[05:29:00 INFO] Epoch 28/50  iter 100/743  loss=0.1309  lr=2.74e-05
[05:29:13 INFO] Epoch 28/50  iter 150/743  loss=0.0638  lr=2.74e-05
[05:29:27 INFO] Epoch 28/50  iter 200/743  loss=0.0886  lr=2.73e-05
[05:29:40 INFO] Epoch 28/50  iter 250/743  loss=0.1684  lr=2.72e-05
[05:29:54 INFO] Epoch 28/50  iter 300/743  loss=0.0641  lr=2.71e-05
[05:30:07 INFO] Epoch 28/50  iter 350/743  loss=0.0651  lr=2.70e-05
[05:30:20 INFO] Epoch 28/50  iter 400/743  loss=0.1243  lr=2.70e-05
[05:30:34 INFO] Epoch 28/50  iter 450/743  loss=0.1540  lr=2.69e-05
[05:30:47 INFO] Epoch 28/50  iter 500/743  loss=0.2080  lr=2.68e-05
[05:31:01 INFO] Epoch 28/50  iter 550/743  loss=0.2071  lr=2.67e-05
[05:31:14 INFO] Epoch 28/50  iter 600/743  loss=0.1491  lr=2.66e-05
[05:31:27 INFO] Epoch 28/50  iter 650/743  loss=0.0860  lr=2.65e-05
[05:31:41 INFO] Epoch 28/50  iter 700/743  loss=0.0908  lr=2.65e-05
[05:31:52 INFO] Epoch 28 complete — avg_loss=0.1411  time=199s
[05:32:07 INFO] Epoch 29/50  iter 50/743  loss=0.1125  lr=2.63e-05
[05:32:20 INFO] Epoch 29/50  iter 100/743  loss=0.1283  lr=2.62e-05
[05:32:33 INFO] Epoch 29/50  iter 150/743  loss=0.0391  lr=2.62e-05
[05:32:47 INFO] Epoch 29/50  iter 200/743  loss=0.1415  lr=2.61e-05
[05:33:00 INFO] Epoch 29/50  iter 250/743  loss=0.1212  lr=2.60e-05
[05:33:14 INFO] Epoch 29/50  iter 300/743  loss=0.1216  lr=2.59e-05
[05:33:27 INFO] Epoch 29/50  iter 350/743  loss=0.1107  lr=2.58e-05
[05:33:40 INFO] Epoch 29/50  iter 400/743  loss=0.0768  lr=2.58e-05
[05:33:54 INFO] Epoch 29/50  iter 450/743  loss=0.2013  lr=2.57e-05
[05:34:07 INFO] Epoch 29/50  iter 500/743  loss=0.1519  lr=2.56e-05
[05:34:20 INFO] Epoch 29/50  iter 550/743  loss=0.0602  lr=2.55e-05
[05:34:34 INFO] Epoch 29/50  iter 600/743  loss=0.1052  lr=2.54e-05
[05:34:47 INFO] Epoch 29/50  iter 650/743  loss=0.0704  lr=2.53e-05
[05:35:01 INFO] Epoch 29/50  iter 700/743  loss=0.1458  lr=2.53e-05
[05:35:12 INFO] Epoch 29 complete — avg_loss=0.1410  time=199s
[05:35:27 INFO] Epoch 30/50  iter 50/743  loss=0.1219  lr=2.51e-05
[05:35:40 INFO] Epoch 30/50  iter 100/743  loss=0.0894  lr=2.50e-05
[05:35:54 INFO] Epoch 30/50  iter 150/743  loss=0.1742  lr=2.50e-05
[05:36:07 INFO] Epoch 30/50  iter 200/743  loss=0.0403  lr=2.49e-05
[05:36:21 INFO] Epoch 30/50  iter 250/743  loss=0.1042  lr=2.48e-05
[05:36:34 INFO] Epoch 30/50  iter 300/743  loss=0.0652  lr=2.47e-05
[05:36:48 INFO] Epoch 30/50  iter 350/743  loss=0.1030  lr=2.46e-05
[05:37:01 INFO] Epoch 30/50  iter 400/743  loss=0.2221  lr=2.46e-05
[05:37:15 INFO] Epoch 30/50  iter 450/743  loss=0.0771  lr=2.45e-05
[05:37:28 INFO] Epoch 30/50  iter 500/743  loss=0.1896  lr=2.44e-05
[05:37:42 INFO] Epoch 30/50  iter 550/743  loss=0.1245  lr=2.43e-05
[05:37:55 INFO] Epoch 30/50  iter 600/743  loss=0.2260  lr=2.42e-05
[05:38:08 INFO] Epoch 30/50  iter 650/743  loss=0.1773  lr=2.41e-05
[05:38:22 INFO] Epoch 30/50  iter 700/743  loss=0.5414  lr=2.41e-05
[05:38:34 INFO] Epoch 30 complete — avg_loss=0.1419  time=201s
[05:40:32 INFO]   val mIoU = 0.7537
[05:40:33 INFO]   ★ New best val mIoU: 0.7537
[05:40:48 INFO] Epoch 31/50  iter 50/743  loss=0.1692  lr=2.39e-05
[05:41:01 INFO] Epoch 31/50  iter 100/743  loss=0.0293  lr=2.38e-05
[05:41:14 INFO] Epoch 31/50  iter 150/743  loss=0.0650  lr=2.38e-05
[05:41:28 INFO] Epoch 31/50  iter 200/743  loss=0.1566  lr=2.37e-05
[05:41:41 INFO] Epoch 31/50  iter 250/743  loss=0.1035  lr=2.36e-05
[05:41:54 INFO] Epoch 31/50  iter 300/743  loss=0.2401  lr=2.35e-05
[05:42:08 INFO] Epoch 31/50  iter 350/743  loss=0.2606  lr=2.34e-05
[05:42:21 INFO] Epoch 31/50  iter 400/743  loss=0.1562  lr=2.34e-05
[05:42:34 INFO] Epoch 31/50  iter 450/743  loss=0.0807  lr=2.33e-05
[05:42:48 INFO] Epoch 31/50  iter 500/743  loss=0.1184  lr=2.32e-05
[05:43:01 INFO] Epoch 31/50  iter 550/743  loss=0.2253  lr=2.31e-05
[05:43:15 INFO] Epoch 31/50  iter 600/743  loss=0.0641  lr=2.30e-05
[05:43:28 INFO] Epoch 31/50  iter 650/743  loss=0.1634  lr=2.29e-05
[05:43:41 INFO] Epoch 31/50  iter 700/743  loss=0.2900  lr=2.29e-05
[05:43:53 INFO] Epoch 31 complete — avg_loss=0.1420  time=199s
[05:44:07 INFO] Epoch 32/50  iter 50/743  loss=0.1463  lr=2.27e-05
[05:44:21 INFO] Epoch 32/50  iter 100/743  loss=0.1494  lr=2.26e-05
[05:44:34 INFO] Epoch 32/50  iter 150/743  loss=0.1380  lr=2.26e-05
[05:44:48 INFO] Epoch 32/50  iter 200/743  loss=0.0506  lr=2.25e-05
[05:45:01 INFO] Epoch 32/50  iter 250/743  loss=0.0896  lr=2.24e-05
[05:45:15 INFO] Epoch 32/50  iter 300/743  loss=0.1184  lr=2.23e-05
[05:45:28 INFO] Epoch 32/50  iter 350/743  loss=0.2890  lr=2.22e-05
[05:45:42 INFO] Epoch 32/50  iter 400/743  loss=0.1675  lr=2.22e-05
[05:45:55 INFO] Epoch 32/50  iter 450/743  loss=0.0960  lr=2.21e-05
[05:46:09 INFO] Epoch 32/50  iter 500/743  loss=0.0914  lr=2.20e-05
[05:46:22 INFO] Epoch 32/50  iter 550/743  loss=0.0926  lr=2.19e-05
[05:46:36 INFO] Epoch 32/50  iter 600/743  loss=0.0674  lr=2.18e-05
[05:46:49 INFO] Epoch 32/50  iter 650/743  loss=0.1087  lr=2.17e-05
[05:47:03 INFO] Epoch 32/50  iter 700/743  loss=0.1644  lr=2.17e-05
[05:47:14 INFO] Epoch 32 complete — avg_loss=0.1392  time=201s
[05:47:29 INFO] Epoch 33/50  iter 50/743  loss=0.1124  lr=2.15e-05
[05:47:43 INFO] Epoch 33/50  iter 100/743  loss=0.1017  lr=2.14e-05
[05:47:56 INFO] Epoch 33/50  iter 150/743  loss=0.1601  lr=2.14e-05
[05:48:10 INFO] Epoch 33/50  iter 200/743  loss=0.0802  lr=2.13e-05
[05:48:23 INFO] Epoch 33/50  iter 250/743  loss=0.1469  lr=2.12e-05
[05:48:37 INFO] Epoch 33/50  iter 300/743  loss=0.1101  lr=2.11e-05
[05:48:50 INFO] Epoch 33/50  iter 350/743  loss=0.1238  lr=2.10e-05
[05:49:04 INFO] Epoch 33/50  iter 400/743  loss=0.1179  lr=2.10e-05
[05:49:17 INFO] Epoch 33/50  iter 450/743  loss=0.2158  lr=2.09e-05
[05:49:31 INFO] Epoch 33/50  iter 500/743  loss=0.0833  lr=2.08e-05
[05:49:44 INFO] Epoch 33/50  iter 550/743  loss=0.1457  lr=2.07e-05
[05:49:58 INFO] Epoch 33/50  iter 600/743  loss=0.1044  lr=2.06e-05
[05:50:11 INFO] Epoch 33/50  iter 650/743  loss=0.2355  lr=2.05e-05
[05:50:24 INFO] Epoch 33/50  iter 700/743  loss=0.1989  lr=2.05e-05
[05:50:36 INFO] Epoch 33 complete — avg_loss=0.1357  time=201s
[05:50:51 INFO] Epoch 34/50  iter 50/743  loss=0.1004  lr=2.03e-05
[05:51:04 INFO] Epoch 34/50  iter 100/743  loss=0.1250  lr=2.02e-05
[05:51:18 INFO] Epoch 34/50  iter 150/743  loss=0.1091  lr=2.02e-05
[05:51:31 INFO] Epoch 34/50  iter 200/743  loss=0.1406  lr=2.01e-05
[05:51:45 INFO] Epoch 34/50  iter 250/743  loss=0.1226  lr=2.00e-05
[05:51:58 INFO] Epoch 34/50  iter 300/743  loss=0.0538  lr=1.99e-05
[05:52:12 INFO] Epoch 34/50  iter 350/743  loss=0.1764  lr=1.98e-05
[05:52:25 INFO] Epoch 34/50  iter 400/743  loss=0.1746  lr=1.98e-05
[05:52:39 INFO] Epoch 34/50  iter 450/743  loss=0.1659  lr=1.97e-05
[05:52:52 INFO] Epoch 34/50  iter 500/743  loss=0.1232  lr=1.96e-05
[05:53:06 INFO] Epoch 34/50  iter 550/743  loss=0.1199  lr=1.95e-05
[05:53:19 INFO] Epoch 34/50  iter 600/743  loss=0.1394  lr=1.94e-05
[05:53:33 INFO] Epoch 34/50  iter 650/743  loss=0.1344  lr=1.93e-05
[05:53:46 INFO] Epoch 34/50  iter 700/743  loss=0.2134  lr=1.93e-05
[05:53:58 INFO] Epoch 34 complete — avg_loss=0.1367  time=201s
[05:54:12 INFO] Epoch 35/50  iter 50/743  loss=0.1369  lr=1.91e-05
[05:54:26 INFO] Epoch 35/50  iter 100/743  loss=0.0831  lr=1.90e-05
[05:54:39 INFO] Epoch 35/50  iter 150/743  loss=0.0824  lr=1.90e-05
[05:54:53 INFO] Epoch 35/50  iter 200/743  loss=0.1417  lr=1.89e-05
[05:55:06 INFO] Epoch 35/50  iter 250/743  loss=0.0763  lr=1.88e-05
[05:55:20 INFO] Epoch 35/50  iter 300/743  loss=0.1672  lr=1.87e-05
[05:55:33 INFO] Epoch 35/50  iter 350/743  loss=0.1291  lr=1.86e-05
[05:55:47 INFO] Epoch 35/50  iter 400/743  loss=0.0905  lr=1.86e-05
[05:56:00 INFO] Epoch 35/50  iter 450/743  loss=0.1147  lr=1.85e-05
[05:56:14 INFO] Epoch 35/50  iter 500/743  loss=0.1718  lr=1.84e-05
[05:56:27 INFO] Epoch 35/50  iter 550/743  loss=0.2045  lr=1.83e-05
[05:56:41 INFO] Epoch 35/50  iter 600/743  loss=0.1311  lr=1.82e-05
[05:56:54 INFO] Epoch 35/50  iter 650/743  loss=0.1611  lr=1.81e-05
[05:57:08 INFO] Epoch 35/50  iter 700/743  loss=0.1476  lr=1.81e-05
[05:57:19 INFO] Epoch 35 complete — avg_loss=0.1416  time=201s
[05:59:20 INFO]   val mIoU = 0.7616
[05:59:21 INFO]   ★ New best val mIoU: 0.7616
[05:59:35 INFO] Epoch 36/50  iter 50/743  loss=0.1293  lr=1.79e-05
[05:59:48 INFO] Epoch 36/50  iter 100/743  loss=0.1746  lr=1.78e-05
[06:00:02 INFO] Epoch 36/50  iter 150/743  loss=0.1476  lr=1.78e-05
[06:00:15 INFO] Epoch 36/50  iter 200/743  loss=0.1166  lr=1.77e-05
[06:00:29 INFO] Epoch 36/50  iter 250/743  loss=0.2000  lr=1.76e-05
[06:00:42 INFO] Epoch 36/50  iter 300/743  loss=0.1101  lr=1.75e-05
[06:00:55 INFO] Epoch 36/50  iter 350/743  loss=0.0622  lr=1.74e-05
[06:01:09 INFO] Epoch 36/50  iter 400/743  loss=0.0949  lr=1.74e-05
[06:01:22 INFO] Epoch 36/50  iter 450/743  loss=0.1381  lr=1.73e-05
[06:01:36 INFO] Epoch 36/50  iter 500/743  loss=0.0792  lr=1.72e-05
[06:01:49 INFO] Epoch 36/50  iter 550/743  loss=0.1085  lr=1.71e-05
[06:02:02 INFO] Epoch 36/50  iter 600/743  loss=0.0547  lr=1.70e-05
[06:02:16 INFO] Epoch 36/50  iter 650/743  loss=0.1107  lr=1.69e-05
[06:02:29 INFO] Epoch 36/50  iter 700/743  loss=0.1029  lr=1.69e-05
[06:02:41 INFO] Epoch 36 complete — avg_loss=0.1309  time=199s
[06:02:55 INFO] Epoch 37/50  iter 50/743  loss=0.0603  lr=1.67e-05
[06:03:09 INFO] Epoch 37/50  iter 100/743  loss=0.2042  lr=1.66e-05
[06:03:22 INFO] Epoch 37/50  iter 150/743  loss=0.1163  lr=1.66e-05
[06:03:36 INFO] Epoch 37/50  iter 200/743  loss=0.0906  lr=1.65e-05
[06:03:49 INFO] Epoch 37/50  iter 250/743  loss=0.0619  lr=1.64e-05
[06:04:03 INFO] Epoch 37/50  iter 300/743  loss=0.1199  lr=1.63e-05
[06:04:16 INFO] Epoch 37/50  iter 350/743  loss=0.1458  lr=1.62e-05
[06:04:30 INFO] Epoch 37/50  iter 400/743  loss=0.2159  lr=1.62e-05
[06:04:43 INFO] Epoch 37/50  iter 450/743  loss=0.1373  lr=1.61e-05
[06:04:57 INFO] Epoch 37/50  iter 500/743  loss=0.1228  lr=1.60e-05
[06:05:10 INFO] Epoch 37/50  iter 550/743  loss=0.1951  lr=1.59e-05
[06:05:24 INFO] Epoch 37/50  iter 600/743  loss=0.1466  lr=1.58e-05
[06:05:37 INFO] Epoch 37/50  iter 650/743  loss=0.0458  lr=1.57e-05
[06:05:51 INFO] Epoch 37/50  iter 700/743  loss=0.1105  lr=1.57e-05
[06:06:02 INFO] Epoch 37 complete — avg_loss=0.1296  time=201s
[06:06:17 INFO] Epoch 38/50  iter 50/743  loss=0.1163  lr=1.55e-05
[06:06:31 INFO] Epoch 38/50  iter 100/743  loss=0.1097  lr=1.54e-05
[06:06:44 INFO] Epoch 38/50  iter 150/743  loss=0.1608  lr=1.54e-05
[06:06:58 INFO] Epoch 38/50  iter 200/743  loss=0.1305  lr=1.53e-05
[06:07:11 INFO] Epoch 38/50  iter 250/743  loss=0.0978  lr=1.52e-05
[06:07:25 INFO] Epoch 38/50  iter 300/743  loss=0.1053  lr=1.51e-05
[06:07:38 INFO] Epoch 38/50  iter 350/743  loss=0.1340  lr=1.50e-05
[06:07:52 INFO] Epoch 38/50  iter 400/743  loss=0.1162  lr=1.50e-05
[06:08:05 INFO] Epoch 38/50  iter 450/743  loss=0.1499  lr=1.49e-05
[06:08:18 INFO] Epoch 38/50  iter 500/743  loss=0.2172  lr=1.48e-05
[06:08:32 INFO] Epoch 38/50  iter 550/743  loss=0.1165  lr=1.47e-05
[06:08:45 INFO] Epoch 38/50  iter 600/743  loss=0.1896  lr=1.46e-05
[06:08:59 INFO] Epoch 38/50  iter 650/743  loss=0.5120  lr=1.45e-05
[06:09:12 INFO] Epoch 38/50  iter 700/743  loss=0.1706  lr=1.45e-05
[06:09:24 INFO] Epoch 38 complete — avg_loss=0.1320  time=201s
[06:09:39 INFO] Epoch 39/50  iter 50/743  loss=0.0808  lr=1.43e-05
[06:09:52 INFO] Epoch 39/50  iter 100/743  loss=0.1417  lr=1.42e-05
[06:10:05 INFO] Epoch 39/50  iter 150/743  loss=0.1130  lr=1.42e-05
[06:10:19 INFO] Epoch 39/50  iter 200/743  loss=0.2214  lr=1.41e-05
[06:10:32 INFO] Epoch 39/50  iter 250/743  loss=0.2359  lr=1.40e-05
[06:10:45 INFO] Epoch 39/50  iter 300/743  loss=0.1688  lr=1.39e-05
[06:10:59 INFO] Epoch 39/50  iter 350/743  loss=0.1176  lr=1.38e-05
[06:11:12 INFO] Epoch 39/50  iter 400/743  loss=0.1356  lr=1.38e-05
[06:11:26 INFO] Epoch 39/50  iter 450/743  loss=0.1554  lr=1.37e-05
[06:11:39 INFO] Epoch 39/50  iter 500/743  loss=0.1367  lr=1.36e-05
[06:11:52 INFO] Epoch 39/50  iter 550/743  loss=0.1502  lr=1.35e-05
[06:12:06 INFO] Epoch 39/50  iter 600/743  loss=0.1041  lr=1.34e-05
[06:12:19 INFO] Epoch 39/50  iter 650/743  loss=0.2066  lr=1.33e-05
[06:12:33 INFO] Epoch 39/50  iter 700/743  loss=0.1694  lr=1.33e-05
[06:12:44 INFO] Epoch 39 complete — avg_loss=0.1320  time=199s
[06:12:59 INFO] Epoch 40/50  iter 50/743  loss=0.1267  lr=1.31e-05
[06:13:12 INFO] Epoch 40/50  iter 100/743  loss=0.1382  lr=1.30e-05
[06:13:26 INFO] Epoch 40/50  iter 150/743  loss=0.1449  lr=1.30e-05
[06:13:39 INFO] Epoch 40/50  iter 200/743  loss=0.1095  lr=1.29e-05
[06:13:53 INFO] Epoch 40/50  iter 250/743  loss=0.1247  lr=1.28e-05
[06:14:06 INFO] Epoch 40/50  iter 300/743  loss=0.0847  lr=1.27e-05
[06:14:20 INFO] Epoch 40/50  iter 350/743  loss=0.1583  lr=1.26e-05
[06:14:33 INFO] Epoch 40/50  iter 400/743  loss=0.1104  lr=1.26e-05
[06:14:47 INFO] Epoch 40/50  iter 450/743  loss=0.1580  lr=1.25e-05
[06:15:00 INFO] Epoch 40/50  iter 500/743  loss=0.1054  lr=1.24e-05
[06:15:14 INFO] Epoch 40/50  iter 550/743  loss=0.2245  lr=1.23e-05
[06:15:27 INFO] Epoch 40/50  iter 600/743  loss=0.2446  lr=1.22e-05
[06:15:41 INFO] Epoch 40/50  iter 650/743  loss=0.1564  lr=1.21e-05
[06:15:54 INFO] Epoch 40/50  iter 700/743  loss=0.0658  lr=1.21e-05
[06:16:06 INFO] Epoch 40 complete — avg_loss=0.1278  time=201s
[06:18:07 INFO]   val mIoU = 0.7676
[06:18:08 INFO]   ★ New best val mIoU: 0.7676
[06:18:22 INFO] Epoch 41/50  iter 50/743  loss=0.0304  lr=1.19e-05
[06:18:36 INFO] Epoch 41/50  iter 100/743  loss=0.1234  lr=1.18e-05
[06:18:49 INFO] Epoch 41/50  iter 150/743  loss=0.1652  lr=1.18e-05
[06:19:02 INFO] Epoch 41/50  iter 200/743  loss=0.1385  lr=1.17e-05
[06:19:16 INFO] Epoch 41/50  iter 250/743  loss=0.1368  lr=1.16e-05
[06:19:29 INFO] Epoch 41/50  iter 300/743  loss=0.2299  lr=1.15e-05
[06:19:43 INFO] Epoch 41/50  iter 350/743  loss=0.0788  lr=1.14e-05
[06:19:56 INFO] Epoch 41/50  iter 400/743  loss=0.2107  lr=1.14e-05
[06:20:09 INFO] Epoch 41/50  iter 450/743  loss=0.1012  lr=1.13e-05
[06:20:23 INFO] Epoch 41/50  iter 500/743  loss=0.1113  lr=1.12e-05
[06:20:36 INFO] Epoch 41/50  iter 550/743  loss=0.2597  lr=1.11e-05
[06:20:50 INFO] Epoch 41/50  iter 600/743  loss=0.0686  lr=1.10e-05
[06:21:03 INFO] Epoch 41/50  iter 650/743  loss=0.1552  lr=1.09e-05
[06:21:16 INFO] Epoch 41/50  iter 700/743  loss=0.1870  lr=1.09e-05
[06:21:28 INFO] Epoch 41 complete — avg_loss=0.1240  time=200s
[06:21:43 INFO] Epoch 42/50  iter 50/743  loss=0.2066  lr=1.07e-05
[06:21:56 INFO] Epoch 42/50  iter 100/743  loss=0.0216  lr=1.06e-05
[06:22:09 INFO] Epoch 42/50  iter 150/743  loss=0.0757  lr=1.06e-05
[06:22:23 INFO] Epoch 42/50  iter 200/743  loss=0.0787  lr=1.05e-05
[06:22:36 INFO] Epoch 42/50  iter 250/743  loss=0.0797  lr=1.04e-05
[06:22:50 INFO] Epoch 42/50  iter 300/743  loss=0.0689  lr=1.03e-05
[06:23:03 INFO] Epoch 42/50  iter 350/743  loss=0.0306  lr=1.02e-05
[06:23:17 INFO] Epoch 42/50  iter 400/743  loss=0.0900  lr=1.02e-05
[06:23:30 INFO] Epoch 42/50  iter 450/743  loss=0.1396  lr=1.01e-05
[06:23:44 INFO] Epoch 42/50  iter 500/743  loss=0.0726  lr=9.99e-06
[06:23:57 INFO] Epoch 42/50  iter 550/743  loss=0.2185  lr=9.91e-06
[06:24:11 INFO] Epoch 42/50  iter 600/743  loss=0.0939  lr=9.83e-06
[06:24:24 INFO] Epoch 42/50  iter 650/743  loss=0.1110  lr=9.75e-06
[06:24:38 INFO] Epoch 42/50  iter 700/743  loss=0.1598  lr=9.67e-06
[06:24:50 INFO] Epoch 42 complete — avg_loss=0.1250  time=201s
[06:25:04 INFO] Epoch 43/50  iter 50/743  loss=0.1382  lr=9.52e-06
[06:25:18 INFO] Epoch 43/50  iter 100/743  loss=0.1075  lr=9.44e-06
[06:25:31 INFO] Epoch 43/50  iter 150/743  loss=0.1642  lr=9.36e-06
[06:25:45 INFO] Epoch 43/50  iter 200/743  loss=0.0714  lr=9.28e-06
[06:25:58 INFO] Epoch 43/50  iter 250/743  loss=0.1420  lr=9.19e-06
[06:26:12 INFO] Epoch 43/50  iter 300/743  loss=0.0823  lr=9.11e-06
[06:26:25 INFO] Epoch 43/50  iter 350/743  loss=0.0918  lr=9.03e-06
[06:26:39 INFO] Epoch 43/50  iter 400/743  loss=0.1839  lr=8.95e-06
[06:26:52 INFO] Epoch 43/50  iter 450/743  loss=0.0791  lr=8.87e-06
[06:27:06 INFO] Epoch 43/50  iter 500/743  loss=0.1560  lr=8.79e-06
[06:27:19 INFO] Epoch 43/50  iter 550/743  loss=0.1552  lr=8.71e-06
[06:27:32 INFO] Epoch 43/50  iter 600/743  loss=0.1182  lr=8.63e-06
[06:27:46 INFO] Epoch 43/50  iter 650/743  loss=0.2236  lr=8.55e-06
[06:27:59 INFO] Epoch 43/50  iter 700/743  loss=0.1388  lr=8.47e-06
[06:28:11 INFO] Epoch 43 complete — avg_loss=0.1260  time=201s
[06:28:26 INFO] Epoch 44/50  iter 50/743  loss=0.1445  lr=8.32e-06
[06:28:39 INFO] Epoch 44/50  iter 100/743  loss=0.2356  lr=8.24e-06
[06:28:53 INFO] Epoch 44/50  iter 150/743  loss=0.1252  lr=8.16e-06
[06:29:06 INFO] Epoch 44/50  iter 200/743  loss=0.0552  lr=8.08e-06
[06:29:20 INFO] Epoch 44/50  iter 250/743  loss=0.1487  lr=7.99e-06
[06:29:33 INFO] Epoch 44/50  iter 300/743  loss=0.1399  lr=7.91e-06
[06:29:47 INFO] Epoch 44/50  iter 350/743  loss=0.0505  lr=7.83e-06
[06:30:00 INFO] Epoch 44/50  iter 400/743  loss=0.1420  lr=7.75e-06
[06:30:14 INFO] Epoch 44/50  iter 450/743  loss=0.1753  lr=7.67e-06
[06:30:27 INFO] Epoch 44/50  iter 500/743  loss=0.1228  lr=7.59e-06
[06:30:41 INFO] Epoch 44/50  iter 550/743  loss=0.1103  lr=7.51e-06
[06:30:54 INFO] Epoch 44/50  iter 600/743  loss=0.1038  lr=7.43e-06
[06:31:08 INFO] Epoch 44/50  iter 650/743  loss=0.1454  lr=7.35e-06
[06:31:21 INFO] Epoch 44/50  iter 700/743  loss=0.1305  lr=7.27e-06
[06:31:33 INFO] Epoch 44 complete — avg_loss=0.1197  time=201s
[06:31:47 INFO] Epoch 45/50  iter 50/743  loss=0.0638  lr=7.12e-06
[06:32:01 INFO] Epoch 45/50  iter 100/743  loss=0.0827  lr=7.04e-06
[06:32:14 INFO] Epoch 45/50  iter 150/743  loss=0.1318  lr=6.96e-06
[06:32:28 INFO] Epoch 45/50  iter 200/743  loss=0.0875  lr=6.88e-06
[06:32:41 INFO] Epoch 45/50  iter 250/743  loss=0.0829  lr=6.79e-06
[06:32:55 INFO] Epoch 45/50  iter 300/743  loss=0.1566  lr=6.71e-06
[06:33:08 INFO] Epoch 45/50  iter 350/743  loss=0.1456  lr=6.63e-06
[06:33:22 INFO] Epoch 45/50  iter 400/743  loss=0.0881  lr=6.55e-06
[06:33:35 INFO] Epoch 45/50  iter 450/743  loss=0.1195  lr=6.47e-06
[06:33:49 INFO] Epoch 45/50  iter 500/743  loss=0.0940  lr=6.39e-06
[06:34:02 INFO] Epoch 45/50  iter 550/743  loss=0.0879  lr=6.31e-06
[06:34:16 INFO] Epoch 45/50  iter 600/743  loss=0.1198  lr=6.23e-06
[06:34:29 INFO] Epoch 45/50  iter 650/743  loss=0.1391  lr=6.15e-06
[06:34:43 INFO] Epoch 45/50  iter 700/743  loss=0.0617  lr=6.07e-06
[06:34:54 INFO] Epoch 45 complete — avg_loss=0.1204  time=201s
[06:36:55 INFO]   val mIoU = 0.7626
[06:37:09 INFO] Epoch 46/50  iter 50/743  loss=0.0844  lr=5.92e-06
[06:37:23 INFO] Epoch 46/50  iter 100/743  loss=0.1008  lr=5.84e-06
[06:37:36 INFO] Epoch 46/50  iter 150/743  loss=0.1123  lr=5.76e-06
[06:37:49 INFO] Epoch 46/50  iter 200/743  loss=0.0945  lr=5.68e-06
[06:38:03 INFO] Epoch 46/50  iter 250/743  loss=0.1255  lr=5.59e-06
[06:38:16 INFO] Epoch 46/50  iter 300/743  loss=0.0920  lr=5.51e-06
[06:38:29 INFO] Epoch 46/50  iter 350/743  loss=0.1060  lr=5.43e-06
[06:38:43 INFO] Epoch 46/50  iter 400/743  loss=0.2409  lr=5.35e-06
[06:38:56 INFO] Epoch 46/50  iter 450/743  loss=0.1625  lr=5.27e-06
[06:39:10 INFO] Epoch 46/50  iter 500/743  loss=0.0666  lr=5.19e-06
[06:39:23 INFO] Epoch 46/50  iter 550/743  loss=0.1633  lr=5.11e-06
[06:39:36 INFO] Epoch 46/50  iter 600/743  loss=0.1438  lr=5.03e-06
[06:39:50 INFO] Epoch 46/50  iter 650/743  loss=0.1264  lr=4.95e-06
[06:40:03 INFO] Epoch 46/50  iter 700/743  loss=0.2609  lr=4.87e-06
[06:40:15 INFO] Epoch 46 complete — avg_loss=0.1215  time=199s
[06:40:29 INFO] Epoch 47/50  iter 50/743  loss=0.1026  lr=4.72e-06
[06:40:43 INFO] Epoch 47/50  iter 100/743  loss=0.1251  lr=4.64e-06
[06:40:56 INFO] Epoch 47/50  iter 150/743  loss=0.1801  lr=4.56e-06
[06:41:10 INFO] Epoch 47/50  iter 200/743  loss=0.0573  lr=4.48e-06
[06:41:23 INFO] Epoch 47/50  iter 250/743  loss=0.1088  lr=4.39e-06
[06:41:37 INFO] Epoch 47/50  iter 300/743  loss=0.0280  lr=4.31e-06
[06:41:50 INFO] Epoch 47/50  iter 350/743  loss=0.1109  lr=4.23e-06
[06:42:04 INFO] Epoch 47/50  iter 400/743  loss=0.1340  lr=4.15e-06
[06:42:17 INFO] Epoch 47/50  iter 450/743  loss=0.1330  lr=4.07e-06
[06:42:31 INFO] Epoch 47/50  iter 500/743  loss=0.1211  lr=3.99e-06
[06:42:44 INFO] Epoch 47/50  iter 550/743  loss=0.2095  lr=3.91e-06
[06:42:58 INFO] Epoch 47/50  iter 600/743  loss=0.1132  lr=3.83e-06
[06:43:11 INFO] Epoch 47/50  iter 650/743  loss=0.1139  lr=3.75e-06
[06:43:25 INFO] Epoch 47/50  iter 700/743  loss=0.1340  lr=3.67e-06
[06:43:36 INFO] Epoch 47 complete — avg_loss=0.1240  time=201s
[06:43:51 INFO] Epoch 48/50  iter 50/743  loss=0.0912  lr=3.52e-06
[06:44:05 INFO] Epoch 48/50  iter 100/743  loss=0.1666  lr=3.44e-06
[06:44:18 INFO] Epoch 48/50  iter 150/743  loss=0.0505  lr=3.36e-06
[06:44:32 INFO] Epoch 48/50  iter 200/743  loss=0.3963  lr=3.28e-06
[06:44:45 INFO] Epoch 48/50  iter 250/743  loss=0.2153  lr=3.19e-06
[06:44:59 INFO] Epoch 48/50  iter 300/743  loss=0.1024  lr=3.11e-06
[06:45:12 INFO] Epoch 48/50  iter 350/743  loss=0.0949  lr=3.03e-06
[06:45:26 INFO] Epoch 48/50  iter 400/743  loss=0.2236  lr=2.95e-06
[06:45:39 INFO] Epoch 48/50  iter 450/743  loss=0.1350  lr=2.87e-06
[06:45:53 INFO] Epoch 48/50  iter 500/743  loss=0.0855  lr=2.79e-06
[06:46:06 INFO] Epoch 48/50  iter 550/743  loss=0.1437  lr=2.71e-06
[06:46:20 INFO] Epoch 48/50  iter 600/743  loss=0.1566  lr=2.63e-06
[06:46:33 INFO] Epoch 48/50  iter 650/743  loss=0.1859  lr=2.55e-06
[06:46:47 INFO] Epoch 48/50  iter 700/743  loss=0.1372  lr=2.47e-06
[06:46:58 INFO] Epoch 48 complete — avg_loss=0.1228  time=201s
[06:47:13 INFO] Epoch 49/50  iter 50/743  loss=0.0957  lr=2.32e-06
[06:47:26 INFO] Epoch 49/50  iter 100/743  loss=0.1858  lr=2.24e-06
[06:47:40 INFO] Epoch 49/50  iter 150/743  loss=0.0329  lr=2.16e-06
[06:47:53 INFO] Epoch 49/50  iter 200/743  loss=0.0705  lr=2.08e-06
[06:48:07 INFO] Epoch 49/50  iter 250/743  loss=0.1252  lr=1.99e-06
[06:48:20 INFO] Epoch 49/50  iter 300/743  loss=0.0711  lr=1.91e-06
[06:48:34 INFO] Epoch 49/50  iter 350/743  loss=0.1569  lr=1.83e-06
[06:48:47 INFO] Epoch 49/50  iter 400/743  loss=0.0415  lr=1.75e-06
[06:49:01 INFO] Epoch 49/50  iter 450/743  loss=0.1018  lr=1.67e-06
[06:49:14 INFO] Epoch 49/50  iter 500/743  loss=0.1519  lr=1.59e-06
[06:49:28 INFO] Epoch 49/50  iter 550/743  loss=0.1112  lr=1.51e-06
[06:49:41 INFO] Epoch 49/50  iter 600/743  loss=0.1509  lr=1.43e-06
[06:49:55 INFO] Epoch 49/50  iter 650/743  loss=0.1290  lr=1.35e-06
[06:50:08 INFO] Epoch 49/50  iter 700/743  loss=0.1051  lr=1.27e-06
[06:50:20 INFO] Epoch 49 complete — avg_loss=0.1197  time=201s
[06:50:35 INFO] Epoch 50/50  iter 50/743  loss=0.0604  lr=1.12e-06
[06:50:48 INFO] Epoch 50/50  iter 100/743  loss=0.0806  lr=1.04e-06
[06:51:02 INFO] Epoch 50/50  iter 150/743  loss=0.1598  lr=9.56e-07
[06:51:15 INFO] Epoch 50/50  iter 200/743  loss=0.1596  lr=8.75e-07
[06:51:29 INFO] Epoch 50/50  iter 250/743  loss=0.1098  lr=7.95e-07
[06:51:42 INFO] Epoch 50/50  iter 300/743  loss=0.0615  lr=7.14e-07
[06:51:56 INFO] Epoch 50/50  iter 350/743  loss=0.1379  lr=6.33e-07
[06:52:09 INFO] Epoch 50/50  iter 400/743  loss=0.0616  lr=5.52e-07
[06:52:23 INFO] Epoch 50/50  iter 450/743  loss=0.0842  lr=4.72e-07
[06:52:36 INFO] Epoch 50/50  iter 500/743  loss=0.1248  lr=3.91e-07
[06:52:50 INFO] Epoch 50/50  iter 550/743  loss=0.1820  lr=3.10e-07
[06:53:03 INFO] Epoch 50/50  iter 600/743  loss=0.0670  lr=2.29e-07
[06:53:17 INFO] Epoch 50/50  iter 650/743  loss=0.1298  lr=1.49e-07
[06:53:30 INFO] Epoch 50/50  iter 700/743  loss=0.1373  lr=6.78e-08
[06:53:42 INFO] Epoch 50 complete — avg_loss=0.1191  time=201s
[06:55:40 INFO]   val mIoU = 0.7675
[06:55:41 INFO] Training complete. Best val mIoU = 0.7676
>>> Evaluating: depthaware_mixed_p03_mitb2
[06:55:49 INFO] Device: cuda
/home/taah3149/Documents/Group_Studies/fog-augmentation/src/models.py:74: FutureWarning: You are using `torch.load` with `weights_only=False` (the current default value), which uses the default pickle module implicitly. It is possible to construct malicious pickle data which will execute arbitrary code during unpickling (See https://github.com/pytorch/pytorch/blob/main/SECURITY.md#untrusted-models for more details). In a future release, the default value for `weights_only` will be flipped to `True`. This limits the functions that could be executed during unpickling. Arbitrary objects will no longer be allowed to be loaded via this mode unless they are explicitly allowlisted by the user via `torch.serialization.add_safe_globals`. We recommend you start setting `weights_only=True` for any use case where you don't have full control of the loaded file. Please open an issue on GitHub for any issues related to this experimental feature.
  state = torch.load(str(checkpoint), map_location="cpu")
Model backend: smp (encoder=mit_b2, architecture=fpn)
Loaded checkpoint: results/depthaware_mixed_p03_mitb2/best.pth
[06:55:53 INFO] ACDC fog val: 100 samples
[06:56:18 INFO]   100/100 processed
[06:56:18 INFO] mIoU = 0.5392
[06:56:18 INFO]   road                 0.8109
[06:56:18 INFO]   sidewalk             0.6208
[06:56:18 INFO]   building             0.5422
[06:56:18 INFO]   wall                 0.2467
[06:56:18 INFO]   fence                0.2898
[06:56:18 INFO]   pole                 0.4544
[06:56:18 INFO]   traffic light        0.6608
[06:56:18 INFO]   traffic sign         0.5492
[06:56:18 INFO]   vegetation           0.8057
[06:56:18 INFO]   terrain              0.4811
[06:56:18 INFO]   sky                  0.7015
[06:56:18 INFO]   person               0.4490
[06:56:18 INFO]   rider                0.5339
[06:56:18 INFO]   car                  0.6679
[06:56:18 INFO]   truck                0.2739
[06:56:18 INFO]   bus                  0.5742
[06:56:18 INFO]   train                0.5546
[06:56:18 INFO]   motorcycle           0.4471
[06:56:18 INFO]   bicycle              0.5817
[06:56:18 INFO] Results saved → results/depthaware_mixed_p03_mitb2/acdc_eval.json
>>> Done: depthaware_mixed_p03_mitb2

>>> Training (fresh start): nndepth_base_b0005_p10_mitb2
[06:56:24 INFO] Device: cuda
Model backend: smp (encoder=mit_b2, architecture=fpn)
[06:56:26 INFO] Using fog cache: data/fog_cache/nn_depth_base_b0005
[06:56:26 INFO] fog_prob: 0.1
[06:56:28 INFO] Train: 2975 samples  |  Val: 500 samples
[06:56:42 INFO] Epoch 1/50  iter 50/743  loss=1.4616  lr=5.99e-05
[06:56:55 INFO] Epoch 1/50  iter 100/743  loss=0.8706  lr=5.98e-05
[06:57:09 INFO] Epoch 1/50  iter 150/743  loss=0.5099  lr=5.98e-05
[06:57:22 INFO] Epoch 1/50  iter 200/743  loss=0.7940  lr=5.97e-05
[06:57:35 INFO] Epoch 1/50  iter 250/743  loss=0.3596  lr=5.96e-05
[06:57:49 INFO] Epoch 1/50  iter 300/743  loss=0.2957  lr=5.95e-05
[06:58:02 INFO] Epoch 1/50  iter 350/743  loss=0.6952  lr=5.94e-05
[06:58:16 INFO] Epoch 1/50  iter 400/743  loss=0.3984  lr=5.94e-05
[06:58:29 INFO] Epoch 1/50  iter 450/743  loss=0.3555  lr=5.93e-05
[06:58:42 INFO] Epoch 1/50  iter 500/743  loss=0.2248  lr=5.92e-05
[06:58:56 INFO] Epoch 1/50  iter 550/743  loss=0.9922  lr=5.91e-05
[06:59:09 INFO] Epoch 1/50  iter 600/743  loss=0.2365  lr=5.90e-05
[06:59:23 INFO] Epoch 1/50  iter 650/743  loss=0.3698  lr=5.89e-05
[06:59:36 INFO] Epoch 1/50  iter 700/743  loss=0.4571  lr=5.89e-05
[06:59:48 INFO] Epoch 1 complete — avg_loss=0.6224  time=200s
[07:00:02 INFO] Epoch 2/50  iter 50/743  loss=0.2038  lr=5.87e-05
[07:00:16 INFO] Epoch 2/50  iter 100/743  loss=0.2786  lr=5.86e-05
[07:00:29 INFO] Epoch 2/50  iter 150/743  loss=0.2053  lr=5.86e-05
[07:00:43 INFO] Epoch 2/50  iter 200/743  loss=0.3954  lr=5.85e-05
[07:00:56 INFO] Epoch 2/50  iter 250/743  loss=0.2530  lr=5.84e-05
[07:01:09 INFO] Epoch 2/50  iter 300/743  loss=0.2036  lr=5.83e-05
[07:01:23 INFO] Epoch 2/50  iter 350/743  loss=0.1712  lr=5.82e-05
[07:01:36 INFO] Epoch 2/50  iter 400/743  loss=0.2113  lr=5.82e-05
[07:01:50 INFO] Epoch 2/50  iter 450/743  loss=0.5828  lr=5.81e-05
[07:02:03 INFO] Epoch 2/50  iter 500/743  loss=0.2999  lr=5.80e-05
[07:02:16 INFO] Epoch 2/50  iter 550/743  loss=0.3224  lr=5.79e-05
[07:02:30 INFO] Epoch 2/50  iter 600/743  loss=0.4585  lr=5.78e-05
[07:02:43 INFO] Epoch 2/50  iter 650/743  loss=0.1949  lr=5.77e-05
[07:02:57 INFO] Epoch 2/50  iter 700/743  loss=0.4824  lr=5.77e-05
[07:03:08 INFO] Epoch 2 complete — avg_loss=0.3225  time=200s
[07:03:23 INFO] Epoch 3/50  iter 50/743  loss=0.2660  lr=5.75e-05
[07:03:36 INFO] Epoch 3/50  iter 100/743  loss=0.2626  lr=5.74e-05
[07:03:49 INFO] Epoch 3/50  iter 150/743  loss=0.2213  lr=5.74e-05
[07:04:03 INFO] Epoch 3/50  iter 200/743  loss=0.2030  lr=5.73e-05
[07:04:16 INFO] Epoch 3/50  iter 250/743  loss=0.3528  lr=5.72e-05
[07:04:30 INFO] Epoch 3/50  iter 300/743  loss=1.1055  lr=5.71e-05
[07:04:43 INFO] Epoch 3/50  iter 350/743  loss=0.0995  lr=5.70e-05
[07:04:56 INFO] Epoch 3/50  iter 400/743  loss=0.4577  lr=5.70e-05
[07:05:10 INFO] Epoch 3/50  iter 450/743  loss=0.3694  lr=5.69e-05
[07:05:23 INFO] Epoch 3/50  iter 500/743  loss=0.1833  lr=5.68e-05
[07:05:37 INFO] Epoch 3/50  iter 550/743  loss=0.2582  lr=5.67e-05
[07:05:50 INFO] Epoch 3/50  iter 600/743  loss=0.2160  lr=5.66e-05
[07:06:03 INFO] Epoch 3/50  iter 650/743  loss=0.1619  lr=5.65e-05
[07:06:17 INFO] Epoch 3/50  iter 700/743  loss=0.1229  lr=5.65e-05
[07:06:28 INFO] Epoch 3 complete — avg_loss=0.2704  time=200s
[07:06:43 INFO] Epoch 4/50  iter 50/743  loss=0.1614  lr=5.63e-05
[07:06:56 INFO] Epoch 4/50  iter 100/743  loss=0.1718  lr=5.62e-05
[07:07:10 INFO] Epoch 4/50  iter 150/743  loss=1.0259  lr=5.62e-05
[07:07:23 INFO] Epoch 4/50  iter 200/743  loss=0.2183  lr=5.61e-05
[07:07:36 INFO] Epoch 4/50  iter 250/743  loss=0.2461  lr=5.60e-05
[07:07:50 INFO] Epoch 4/50  iter 300/743  loss=0.1780  lr=5.59e-05
[07:08:03 INFO] Epoch 4/50  iter 350/743  loss=0.0383  lr=5.58e-05
[07:08:17 INFO] Epoch 4/50  iter 400/743  loss=0.1110  lr=5.58e-05
[07:08:30 INFO] Epoch 4/50  iter 450/743  loss=0.0632  lr=5.57e-05
[07:08:43 INFO] Epoch 4/50  iter 500/743  loss=0.1865  lr=5.56e-05
[07:08:57 INFO] Epoch 4/50  iter 550/743  loss=0.2494  lr=5.55e-05
[07:09:10 INFO] Epoch 4/50  iter 600/743  loss=0.2916  lr=5.54e-05
[07:09:23 INFO] Epoch 4/50  iter 650/743  loss=0.1947  lr=5.53e-05
[07:09:37 INFO] Epoch 4/50  iter 700/743  loss=0.1280  lr=5.53e-05
[07:09:48 INFO] Epoch 4 complete — avg_loss=0.2554  time=200s
[07:10:03 INFO] Epoch 5/50  iter 50/743  loss=0.1071  lr=5.51e-05
[07:10:16 INFO] Epoch 5/50  iter 100/743  loss=0.1491  lr=5.50e-05
[07:10:30 INFO] Epoch 5/50  iter 150/743  loss=0.2365  lr=5.50e-05
[07:10:43 INFO] Epoch 5/50  iter 200/743  loss=0.1609  lr=5.49e-05
[07:10:56 INFO] Epoch 5/50  iter 250/743  loss=0.1830  lr=5.48e-05
[07:11:10 INFO] Epoch 5/50  iter 300/743  loss=1.1308  lr=5.47e-05
[07:11:23 INFO] Epoch 5/50  iter 350/743  loss=0.0531  lr=5.46e-05
[07:11:37 INFO] Epoch 5/50  iter 400/743  loss=0.2116  lr=5.46e-05
[07:11:50 INFO] Epoch 5/50  iter 450/743  loss=0.1540  lr=5.45e-05
[07:12:03 INFO] Epoch 5/50  iter 500/743  loss=0.2558  lr=5.44e-05
[07:12:17 INFO] Epoch 5/50  iter 550/743  loss=0.0695  lr=5.43e-05
[07:12:30 INFO] Epoch 5/50  iter 600/743  loss=0.0206  lr=5.42e-05
[07:12:43 INFO] Epoch 5/50  iter 650/743  loss=0.4274  lr=5.41e-05
[07:12:57 INFO] Epoch 5/50  iter 700/743  loss=0.1261  lr=5.41e-05
[07:13:08 INFO] Epoch 5 complete — avg_loss=0.2326  time=199s
[07:15:11 INFO]   val mIoU = 0.6329
[07:15:11 INFO]   ★ New best val mIoU: 0.6329
[07:15:26 INFO] Epoch 6/50  iter 50/743  loss=0.3099  lr=5.39e-05
[07:15:39 INFO] Epoch 6/50  iter 100/743  loss=0.0586  lr=5.38e-05
[07:15:53 INFO] Epoch 6/50  iter 150/743  loss=0.2894  lr=5.38e-05
[07:16:06 INFO] Epoch 6/50  iter 200/743  loss=0.1095  lr=5.37e-05
[07:16:19 INFO] Epoch 6/50  iter 250/743  loss=0.2333  lr=5.36e-05
[07:16:33 INFO] Epoch 6/50  iter 300/743  loss=0.2182  lr=5.35e-05
[07:16:46 INFO] Epoch 6/50  iter 350/743  loss=0.0995  lr=5.34e-05
[07:16:59 INFO] Epoch 6/50  iter 400/743  loss=0.1162  lr=5.34e-05
[07:17:13 INFO] Epoch 6/50  iter 450/743  loss=0.1929  lr=5.33e-05
[07:17:26 INFO] Epoch 6/50  iter 500/743  loss=0.1929  lr=5.32e-05
[07:17:39 INFO] Epoch 6/50  iter 550/743  loss=0.2436  lr=5.31e-05
[07:17:53 INFO] Epoch 6/50  iter 600/743  loss=0.1309  lr=5.30e-05
[07:18:06 INFO] Epoch 6/50  iter 650/743  loss=0.3903  lr=5.29e-05
[07:18:20 INFO] Epoch 6/50  iter 700/743  loss=0.2682  lr=5.29e-05
[07:18:31 INFO] Epoch 6 complete — avg_loss=0.2153  time=199s
[07:18:46 INFO] Epoch 7/50  iter 50/743  loss=0.1905  lr=5.27e-05
[07:18:59 INFO] Epoch 7/50  iter 100/743  loss=0.1156  lr=5.26e-05
[07:19:12 INFO] Epoch 7/50  iter 150/743  loss=0.2426  lr=5.26e-05
[07:19:26 INFO] Epoch 7/50  iter 200/743  loss=0.3643  lr=5.25e-05
[07:19:39 INFO] Epoch 7/50  iter 250/743  loss=0.2179  lr=5.24e-05
[07:19:53 INFO] Epoch 7/50  iter 300/743  loss=0.1306  lr=5.23e-05
[07:20:06 INFO] Epoch 7/50  iter 350/743  loss=0.1825  lr=5.22e-05
[07:20:19 INFO] Epoch 7/50  iter 400/743  loss=0.1072  lr=5.22e-05
[07:20:33 INFO] Epoch 7/50  iter 450/743  loss=0.6005  lr=5.21e-05
[07:20:46 INFO] Epoch 7/50  iter 500/743  loss=0.2908  lr=5.20e-05
[07:20:59 INFO] Epoch 7/50  iter 550/743  loss=0.2126  lr=5.19e-05
[07:21:13 INFO] Epoch 7/50  iter 600/743  loss=0.3344  lr=5.18e-05
[07:21:26 INFO] Epoch 7/50  iter 650/743  loss=0.0251  lr=5.17e-05
[07:21:40 INFO] Epoch 7/50  iter 700/743  loss=0.2374  lr=5.17e-05
[07:21:51 INFO] Epoch 7 complete — avg_loss=0.2056  time=199s
[07:22:06 INFO] Epoch 8/50  iter 50/743  loss=0.1646  lr=5.15e-05
[07:22:19 INFO] Epoch 8/50  iter 100/743  loss=0.2342  lr=5.14e-05
[07:22:32 INFO] Epoch 8/50  iter 150/743  loss=0.0970  lr=5.14e-05
[07:22:46 INFO] Epoch 8/50  iter 200/743  loss=0.1349  lr=5.13e-05
[07:22:59 INFO] Epoch 8/50  iter 250/743  loss=0.1805  lr=5.12e-05
[07:23:13 INFO] Epoch 8/50  iter 300/743  loss=0.2230  lr=5.11e-05
[07:23:26 INFO] Epoch 8/50  iter 350/743  loss=0.1997  lr=5.10e-05
[07:23:39 INFO] Epoch 8/50  iter 400/743  loss=0.2633  lr=5.10e-05
[07:23:53 INFO] Epoch 8/50  iter 450/743  loss=0.1185  lr=5.09e-05
[07:24:06 INFO] Epoch 8/50  iter 500/743  loss=0.1387  lr=5.08e-05
[07:24:20 INFO] Epoch 8/50  iter 550/743  loss=0.1732  lr=5.07e-05
[07:24:33 INFO] Epoch 8/50  iter 600/743  loss=0.0484  lr=5.06e-05
[07:24:47 INFO] Epoch 8/50  iter 650/743  loss=0.1810  lr=5.05e-05
[07:25:00 INFO] Epoch 8/50  iter 700/743  loss=0.0675  lr=5.05e-05
[07:25:12 INFO] Epoch 8 complete — avg_loss=0.2046  time=200s
[07:25:26 INFO] Epoch 9/50  iter 50/743  loss=0.1794  lr=5.03e-05
[07:25:39 INFO] Epoch 9/50  iter 100/743  loss=0.1128  lr=5.02e-05
[07:25:53 INFO] Epoch 9/50  iter 150/743  loss=0.1809  lr=5.02e-05
[07:26:06 INFO] Epoch 9/50  iter 200/743  loss=0.2761  lr=5.01e-05
[07:26:20 INFO] Epoch 9/50  iter 250/743  loss=0.2182  lr=5.00e-05
[07:26:33 INFO] Epoch 9/50  iter 300/743  loss=0.0865  lr=4.99e-05
[07:26:46 INFO] Epoch 9/50  iter 350/743  loss=0.1798  lr=4.98e-05
[07:27:00 INFO] Epoch 9/50  iter 400/743  loss=0.0892  lr=4.98e-05
[07:27:13 INFO] Epoch 9/50  iter 450/743  loss=0.1366  lr=4.97e-05
[07:27:27 INFO] Epoch 9/50  iter 500/743  loss=0.1655  lr=4.96e-05
[07:27:40 INFO] Epoch 9/50  iter 550/743  loss=0.1585  lr=4.95e-05
[07:27:53 INFO] Epoch 9/50  iter 600/743  loss=0.2746  lr=4.94e-05
[07:28:07 INFO] Epoch 9/50  iter 650/743  loss=0.1492  lr=4.93e-05
[07:28:20 INFO] Epoch 9/50  iter 700/743  loss=0.2047  lr=4.93e-05
[07:28:32 INFO] Epoch 9 complete — avg_loss=0.1955  time=200s
[07:28:46 INFO] Epoch 10/50  iter 50/743  loss=0.1916  lr=4.91e-05
[07:29:00 INFO] Epoch 10/50  iter 100/743  loss=0.1777  lr=4.90e-05
[07:29:13 INFO] Epoch 10/50  iter 150/743  loss=0.1306  lr=4.90e-05
[07:29:26 INFO] Epoch 10/50  iter 200/743  loss=0.0753  lr=4.89e-05
[07:29:40 INFO] Epoch 10/50  iter 250/743  loss=0.1061  lr=4.88e-05
[07:29:53 INFO] Epoch 10/50  iter 300/743  loss=0.0740  lr=4.87e-05
[07:30:06 INFO] Epoch 10/50  iter 350/743  loss=0.1949  lr=4.86e-05
[07:30:20 INFO] Epoch 10/50  iter 400/743  loss=0.2411  lr=4.86e-05
[07:30:33 INFO] Epoch 10/50  iter 450/743  loss=0.1970  lr=4.85e-05
[07:30:47 INFO] Epoch 10/50  iter 500/743  loss=0.1541  lr=4.84e-05
[07:31:00 INFO] Epoch 10/50  iter 550/743  loss=0.1935  lr=4.83e-05
[07:31:13 INFO] Epoch 10/50  iter 600/743  loss=0.2358  lr=4.82e-05
[07:31:27 INFO] Epoch 10/50  iter 650/743  loss=0.2710  lr=4.81e-05
[07:31:40 INFO] Epoch 10/50  iter 700/743  loss=0.1001  lr=4.81e-05
[07:31:52 INFO] Epoch 10 complete — avg_loss=0.1926  time=199s
[07:33:53 INFO]   val mIoU = 0.6817
[07:33:54 INFO]   ★ New best val mIoU: 0.6817
[07:34:08 INFO] Epoch 11/50  iter 50/743  loss=0.1442  lr=4.79e-05
[07:34:22 INFO] Epoch 11/50  iter 100/743  loss=0.3876  lr=4.78e-05
[07:34:35 INFO] Epoch 11/50  iter 150/743  loss=0.1714  lr=4.78e-05
[07:34:48 INFO] Epoch 11/50  iter 200/743  loss=0.2675  lr=4.77e-05
[07:35:02 INFO] Epoch 11/50  iter 250/743  loss=0.1457  lr=4.76e-05
[07:35:15 INFO] Epoch 11/50  iter 300/743  loss=0.1952  lr=4.75e-05
[07:35:28 INFO] Epoch 11/50  iter 350/743  loss=0.1461  lr=4.74e-05
[07:35:42 INFO] Epoch 11/50  iter 400/743  loss=0.1583  lr=4.74e-05
[07:35:55 INFO] Epoch 11/50  iter 450/743  loss=0.1334  lr=4.73e-05
[07:36:09 INFO] Epoch 11/50  iter 500/743  loss=0.0849  lr=4.72e-05
[07:36:22 INFO] Epoch 11/50  iter 550/743  loss=0.1149  lr=4.71e-05
[07:36:35 INFO] Epoch 11/50  iter 600/743  loss=0.0779  lr=4.70e-05
[07:36:49 INFO] Epoch 11/50  iter 650/743  loss=0.1548  lr=4.69e-05
[07:37:02 INFO] Epoch 11/50  iter 700/743  loss=0.2321  lr=4.69e-05
[07:37:14 INFO] Epoch 11 complete — avg_loss=0.1773  time=199s
[07:37:28 INFO] Epoch 12/50  iter 50/743  loss=0.0930  lr=4.67e-05
[07:37:42 INFO] Epoch 12/50  iter 100/743  loss=0.1844  lr=4.66e-05
[07:37:55 INFO] Epoch 12/50  iter 150/743  loss=0.1274  lr=4.66e-05
[07:38:08 INFO] Epoch 12/50  iter 200/743  loss=0.0961  lr=4.65e-05
[07:38:22 INFO] Epoch 12/50  iter 250/743  loss=0.1812  lr=4.64e-05
[07:38:35 INFO] Epoch 12/50  iter 300/743  loss=0.0852  lr=4.63e-05
[07:38:49 INFO] Epoch 12/50  iter 350/743  loss=0.2498  lr=4.62e-05
[07:39:02 INFO] Epoch 12/50  iter 400/743  loss=0.0956  lr=4.62e-05
[07:39:16 INFO] Epoch 12/50  iter 450/743  loss=0.1148  lr=4.61e-05
[07:39:29 INFO] Epoch 12/50  iter 500/743  loss=0.0928  lr=4.60e-05
[07:39:42 INFO] Epoch 12/50  iter 550/743  loss=0.1306  lr=4.59e-05
[07:39:56 INFO] Epoch 12/50  iter 600/743  loss=0.1130  lr=4.58e-05
[07:40:09 INFO] Epoch 12/50  iter 650/743  loss=0.2399  lr=4.57e-05
[07:40:23 INFO] Epoch 12/50  iter 700/743  loss=0.1190  lr=4.57e-05
[07:40:34 INFO] Epoch 12 complete — avg_loss=0.1750  time=200s
[07:40:49 INFO] Epoch 13/50  iter 50/743  loss=0.0652  lr=4.55e-05
[07:41:02 INFO] Epoch 13/50  iter 100/743  loss=0.1264  lr=4.54e-05
[07:41:15 INFO] Epoch 13/50  iter 150/743  loss=0.0758  lr=4.54e-05
[07:41:29 INFO] Epoch 13/50  iter 200/743  loss=0.0319  lr=4.53e-05
[07:41:42 INFO] Epoch 13/50  iter 250/743  loss=0.1961  lr=4.52e-05
[07:41:56 INFO] Epoch 13/50  iter 300/743  loss=0.1793  lr=4.51e-05
[07:42:09 INFO] Epoch 13/50  iter 350/743  loss=0.1253  lr=4.50e-05
[07:42:23 INFO] Epoch 13/50  iter 400/743  loss=0.2115  lr=4.50e-05
[07:42:36 INFO] Epoch 13/50  iter 450/743  loss=0.0459  lr=4.49e-05
[07:42:49 INFO] Epoch 13/50  iter 500/743  loss=0.2761  lr=4.48e-05
[07:43:03 INFO] Epoch 13/50  iter 550/743  loss=0.1160  lr=4.47e-05
[07:43:16 INFO] Epoch 13/50  iter 600/743  loss=0.1386  lr=4.46e-05
[07:43:30 INFO] Epoch 13/50  iter 650/743  loss=0.1228  lr=4.45e-05
[07:43:43 INFO] Epoch 13/50  iter 700/743  loss=0.1434  lr=4.45e-05
[07:43:55 INFO] Epoch 13 complete — avg_loss=0.1653  time=200s
[07:44:09 INFO] Epoch 14/50  iter 50/743  loss=0.1502  lr=4.43e-05
[07:44:23 INFO] Epoch 14/50  iter 100/743  loss=0.1471  lr=4.42e-05
[07:44:36 INFO] Epoch 14/50  iter 150/743  loss=0.1651  lr=4.42e-05
[07:44:49 INFO] Epoch 14/50  iter 200/743  loss=0.0889  lr=4.41e-05
[07:45:03 INFO] Epoch 14/50  iter 250/743  loss=0.1592  lr=4.40e-05
[07:45:16 INFO] Epoch 14/50  iter 300/743  loss=0.2025  lr=4.39e-05
[07:45:30 INFO] Epoch 14/50  iter 350/743  loss=0.1078  lr=4.38e-05
[07:45:43 INFO] Epoch 14/50  iter 400/743  loss=0.0829  lr=4.38e-05
[07:45:56 INFO] Epoch 14/50  iter 450/743  loss=0.1297  lr=4.37e-05
[07:46:10 INFO] Epoch 14/50  iter 500/743  loss=0.1002  lr=4.36e-05
[07:46:23 INFO] Epoch 14/50  iter 550/743  loss=0.0288  lr=4.35e-05
[07:46:37 INFO] Epoch 14/50  iter 600/743  loss=0.1368  lr=4.34e-05
[07:46:50 INFO] Epoch 14/50  iter 650/743  loss=0.1462  lr=4.33e-05
[07:47:03 INFO] Epoch 14/50  iter 700/743  loss=0.2156  lr=4.33e-05
[07:47:15 INFO] Epoch 14 complete — avg_loss=0.1725  time=200s
[07:47:30 INFO] Epoch 15/50  iter 50/743  loss=0.1305  lr=4.31e-05
[07:47:43 INFO] Epoch 15/50  iter 100/743  loss=0.1124  lr=4.30e-05
[07:47:56 INFO] Epoch 15/50  iter 150/743  loss=0.1529  lr=4.30e-05
[07:48:10 INFO] Epoch 15/50  iter 200/743  loss=0.1503  lr=4.29e-05
[07:48:23 INFO] Epoch 15/50  iter 250/743  loss=0.0827  lr=4.28e-05
[07:48:36 INFO] Epoch 15/50  iter 300/743  loss=0.1839  lr=4.27e-05
[07:48:50 INFO] Epoch 15/50  iter 350/743  loss=0.1834  lr=4.26e-05
[07:49:03 INFO] Epoch 15/50  iter 400/743  loss=0.1711  lr=4.26e-05
[07:49:17 INFO] Epoch 15/50  iter 450/743  loss=0.1292  lr=4.25e-05
[07:49:30 INFO] Epoch 15/50  iter 500/743  loss=0.1294  lr=4.24e-05
[07:49:43 INFO] Epoch 15/50  iter 550/743  loss=0.0800  lr=4.23e-05
[07:49:57 INFO] Epoch 15/50  iter 600/743  loss=0.1987  lr=4.22e-05
[07:50:10 INFO] Epoch 15/50  iter 650/743  loss=0.1994  lr=4.21e-05
[07:50:24 INFO] Epoch 15/50  iter 700/743  loss=0.1392  lr=4.21e-05
[07:50:35 INFO] Epoch 15 complete — avg_loss=0.1651  time=200s
[07:52:38 INFO]   val mIoU = 0.7331
[07:52:39 INFO]   ★ New best val mIoU: 0.7331
[07:52:53 INFO] Epoch 16/50  iter 50/743  loss=0.1998  lr=4.19e-05
[07:53:06 INFO] Epoch 16/50  iter 100/743  loss=0.1291  lr=4.18e-05
[07:53:20 INFO] Epoch 16/50  iter 150/743  loss=0.1257  lr=4.18e-05
[07:53:33 INFO] Epoch 16/50  iter 200/743  loss=0.0891  lr=4.17e-05
[07:53:46 INFO] Epoch 16/50  iter 250/743  loss=0.2282  lr=4.16e-05
[07:54:00 INFO] Epoch 16/50  iter 300/743  loss=0.1477  lr=4.15e-05
[07:54:13 INFO] Epoch 16/50  iter 350/743  loss=0.1259  lr=4.14e-05
[07:54:27 INFO] Epoch 16/50  iter 400/743  loss=0.0953  lr=4.14e-05
[07:54:40 INFO] Epoch 16/50  iter 450/743  loss=0.2164  lr=4.13e-05
[07:54:53 INFO] Epoch 16/50  iter 500/743  loss=0.1376  lr=4.12e-05
[07:55:07 INFO] Epoch 16/50  iter 550/743  loss=0.1162  lr=4.11e-05
[07:55:20 INFO] Epoch 16/50  iter 600/743  loss=0.1543  lr=4.10e-05
[07:55:34 INFO] Epoch 16/50  iter 650/743  loss=0.1526  lr=4.09e-05
[07:55:47 INFO] Epoch 16/50  iter 700/743  loss=0.0513  lr=4.09e-05
[07:55:58 INFO] Epoch 16 complete — avg_loss=0.1598  time=199s
[07:56:13 INFO] Epoch 17/50  iter 50/743  loss=0.0616  lr=4.07e-05
[07:56:26 INFO] Epoch 17/50  iter 100/743  loss=0.1387  lr=4.06e-05
[07:56:40 INFO] Epoch 17/50  iter 150/743  loss=0.2229  lr=4.06e-05
[07:56:53 INFO] Epoch 17/50  iter 200/743  loss=0.0895  lr=4.05e-05
[07:57:07 INFO] Epoch 17/50  iter 250/743  loss=0.1687  lr=4.04e-05
[07:57:20 INFO] Epoch 17/50  iter 300/743  loss=0.1541  lr=4.03e-05
[07:57:33 INFO] Epoch 17/50  iter 350/743  loss=0.1011  lr=4.02e-05
[07:57:47 INFO] Epoch 17/50  iter 400/743  loss=0.1017  lr=4.02e-05
[07:58:00 INFO] Epoch 17/50  iter 450/743  loss=0.1861  lr=4.01e-05
[07:58:14 INFO] Epoch 17/50  iter 500/743  loss=0.1107  lr=4.00e-05
[07:58:27 INFO] Epoch 17/50  iter 550/743  loss=0.2036  lr=3.99e-05
[07:58:40 INFO] Epoch 17/50  iter 600/743  loss=0.0619  lr=3.98e-05
[07:58:54 INFO] Epoch 17/50  iter 650/743  loss=0.1346  lr=3.97e-05
[07:59:07 INFO] Epoch 17/50  iter 700/743  loss=0.1066  lr=3.97e-05
[07:59:19 INFO] Epoch 17 complete — avg_loss=0.1590  time=200s
[07:59:33 INFO] Epoch 18/50  iter 50/743  loss=0.1714  lr=3.95e-05
[07:59:47 INFO] Epoch 18/50  iter 100/743  loss=0.1618  lr=3.94e-05
[08:00:00 INFO] Epoch 18/50  iter 150/743  loss=0.1395  lr=3.94e-05
[08:00:13 INFO] Epoch 18/50  iter 200/743  loss=0.1066  lr=3.93e-05
[08:00:27 INFO] Epoch 18/50  iter 250/743  loss=0.1044  lr=3.92e-05
[08:00:40 INFO] Epoch 18/50  iter 300/743  loss=0.2346  lr=3.91e-05
[08:00:54 INFO] Epoch 18/50  iter 350/743  loss=0.6326  lr=3.90e-05
[08:01:07 INFO] Epoch 18/50  iter 400/743  loss=0.1211  lr=3.90e-05
[08:01:21 INFO] Epoch 18/50  iter 450/743  loss=0.4344  lr=3.89e-05
[08:01:34 INFO] Epoch 18/50  iter 500/743  loss=0.0882  lr=3.88e-05
[08:01:47 INFO] Epoch 18/50  iter 550/743  loss=0.1116  lr=3.87e-05
[08:02:01 INFO] Epoch 18/50  iter 600/743  loss=1.0766  lr=3.86e-05
[08:02:14 INFO] Epoch 18/50  iter 650/743  loss=0.1803  lr=3.85e-05
[08:02:28 INFO] Epoch 18/50  iter 700/743  loss=0.1012  lr=3.85e-05
[08:02:39 INFO] Epoch 18 complete — avg_loss=0.1547  time=200s
[08:02:54 INFO] Epoch 19/50  iter 50/743  loss=0.1055  lr=3.83e-05
[08:03:07 INFO] Epoch 19/50  iter 100/743  loss=0.1707  lr=3.82e-05
[08:03:20 INFO] Epoch 19/50  iter 150/743  loss=0.1787  lr=3.82e-05
[08:03:34 INFO] Epoch 19/50  iter 200/743  loss=0.1732  lr=3.81e-05
[08:03:47 INFO] Epoch 19/50  iter 250/743  loss=0.0895  lr=3.80e-05
[08:04:01 INFO] Epoch 19/50  iter 300/743  loss=0.1137  lr=3.79e-05
[08:04:14 INFO] Epoch 19/50  iter 350/743  loss=0.1507  lr=3.78e-05
[08:04:27 INFO] Epoch 19/50  iter 400/743  loss=0.2654  lr=3.78e-05
[08:04:41 INFO] Epoch 19/50  iter 450/743  loss=0.1296  lr=3.77e-05
[08:04:54 INFO] Epoch 19/50  iter 500/743  loss=0.0833  lr=3.76e-05
[08:05:08 INFO] Epoch 19/50  iter 550/743  loss=0.0991  lr=3.75e-05
[08:05:21 INFO] Epoch 19/50  iter 600/743  loss=0.1216  lr=3.74e-05
[08:05:34 INFO] Epoch 19/50  iter 650/743  loss=0.1680  lr=3.73e-05
[08:05:48 INFO] Epoch 19/50  iter 700/743  loss=0.1354  lr=3.73e-05
[08:05:59 INFO] Epoch 19 complete — avg_loss=0.1528  time=200s
[08:06:14 INFO] Epoch 20/50  iter 50/743  loss=0.1322  lr=3.71e-05
[08:06:27 INFO] Epoch 20/50  iter 100/743  loss=0.0718  lr=3.70e-05
[08:06:41 INFO] Epoch 20/50  iter 150/743  loss=0.0702  lr=3.70e-05
[08:06:54 INFO] Epoch 20/50  iter 200/743  loss=0.1271  lr=3.69e-05
[08:07:07 INFO] Epoch 20/50  iter 250/743  loss=0.1178  lr=3.68e-05
[08:07:21 INFO] Epoch 20/50  iter 300/743  loss=0.0739  lr=3.67e-05
[08:07:34 INFO] Epoch 20/50  iter 350/743  loss=0.1536  lr=3.66e-05
[08:07:47 INFO] Epoch 20/50  iter 400/743  loss=0.1009  lr=3.66e-05
[08:08:01 INFO] Epoch 20/50  iter 450/743  loss=0.1962  lr=3.65e-05
[08:08:14 INFO] Epoch 20/50  iter 500/743  loss=0.1376  lr=3.64e-05
[08:08:28 INFO] Epoch 20/50  iter 550/743  loss=0.1347  lr=3.63e-05
[08:08:41 INFO] Epoch 20/50  iter 600/743  loss=0.0759  lr=3.62e-05
[08:08:54 INFO] Epoch 20/50  iter 650/743  loss=0.1043  lr=3.61e-05
[08:09:08 INFO] Epoch 20/50  iter 700/743  loss=0.1732  lr=3.61e-05
[08:09:19 INFO] Epoch 20 complete — avg_loss=0.1459  time=200s
[08:11:22 INFO]   val mIoU = 0.7406
[08:11:23 INFO]   ★ New best val mIoU: 0.7406
[08:11:37 INFO] Epoch 21/50  iter 50/743  loss=0.0963  lr=3.59e-05
[08:11:51 INFO] Epoch 21/50  iter 100/743  loss=0.0967  lr=3.58e-05
[08:12:04 INFO] Epoch 21/50  iter 150/743  loss=0.3625  lr=3.58e-05
[08:12:17 INFO] Epoch 21/50  iter 200/743  loss=0.1331  lr=3.57e-05
[08:12:31 INFO] Epoch 21/50  iter 250/743  loss=0.1394  lr=3.56e-05
[08:12:44 INFO] Epoch 21/50  iter 300/743  loss=0.1111  lr=3.55e-05
[08:12:57 INFO] Epoch 21/50  iter 350/743  loss=0.0721  lr=3.54e-05
[08:13:11 INFO] Epoch 21/50  iter 400/743  loss=0.1158  lr=3.54e-05
[08:13:24 INFO] Epoch 21/50  iter 450/743  loss=0.4016  lr=3.53e-05
[08:13:38 INFO] Epoch 21/50  iter 500/743  loss=0.1870  lr=3.52e-05
[08:13:51 INFO] Epoch 21/50  iter 550/743  loss=0.0861  lr=3.51e-05
[08:14:04 INFO] Epoch 21/50  iter 600/743  loss=0.1185  lr=3.50e-05
[08:14:18 INFO] Epoch 21/50  iter 650/743  loss=0.2552  lr=3.49e-05
[08:14:31 INFO] Epoch 21/50  iter 700/743  loss=0.0842  lr=3.49e-05
[08:14:43 INFO] Epoch 21 complete — avg_loss=0.1497  time=199s
[08:14:57 INFO] Epoch 22/50  iter 50/743  loss=0.1561  lr=3.47e-05
[08:15:11 INFO] Epoch 22/50  iter 100/743  loss=0.0400  lr=3.46e-05
[08:15:24 INFO] Epoch 22/50  iter 150/743  loss=0.0862  lr=3.46e-05
[08:15:38 INFO] Epoch 22/50  iter 200/743  loss=0.0670  lr=3.45e-05
[08:15:51 INFO] Epoch 22/50  iter 250/743  loss=0.1007  lr=3.44e-05
[08:16:05 INFO] Epoch 22/50  iter 300/743  loss=0.1113  lr=3.43e-05
[08:16:18 INFO] Epoch 22/50  iter 350/743  loss=0.0402  lr=3.42e-05
[08:16:32 INFO] Epoch 22/50  iter 400/743  loss=0.2193  lr=3.42e-05
[08:16:45 INFO] Epoch 22/50  iter 450/743  loss=0.2694  lr=3.41e-05
[08:16:59 INFO] Epoch 22/50  iter 500/743  loss=0.1668  lr=3.40e-05
[08:17:12 INFO] Epoch 22/50  iter 550/743  loss=0.1718  lr=3.39e-05
[08:17:26 INFO] Epoch 22/50  iter 600/743  loss=0.1012  lr=3.38e-05
[08:17:39 INFO] Epoch 22/50  iter 650/743  loss=0.1820  lr=3.37e-05
[08:17:53 INFO] Epoch 22/50  iter 700/743  loss=0.1718  lr=3.37e-05
[08:18:04 INFO] Epoch 22 complete — avg_loss=0.1389  time=201s
[08:18:19 INFO] Epoch 23/50  iter 50/743  loss=0.1021  lr=3.35e-05
[08:18:32 INFO] Epoch 23/50  iter 100/743  loss=1.2872  lr=3.34e-05
[08:18:46 INFO] Epoch 23/50  iter 150/743  loss=0.2713  lr=3.34e-05
[08:18:59 INFO] Epoch 23/50  iter 200/743  loss=0.1042  lr=3.33e-05
[08:19:13 INFO] Epoch 23/50  iter 250/743  loss=0.1376  lr=3.32e-05
[08:19:26 INFO] Epoch 23/50  iter 300/743  loss=0.5053  lr=3.31e-05
[08:19:40 INFO] Epoch 23/50  iter 350/743  loss=0.1516  lr=3.30e-05
[08:19:53 INFO] Epoch 23/50  iter 400/743  loss=0.1363  lr=3.30e-05
[08:20:07 INFO] Epoch 23/50  iter 450/743  loss=0.1322  lr=3.29e-05
[08:20:20 INFO] Epoch 23/50  iter 500/743  loss=0.0948  lr=3.28e-05
[08:20:34 INFO] Epoch 23/50  iter 550/743  loss=0.0847  lr=3.27e-05
[08:20:47 INFO] Epoch 23/50  iter 600/743  loss=0.1526  lr=3.26e-05
[08:21:01 INFO] Epoch 23/50  iter 650/743  loss=0.1130  lr=3.25e-05
[08:21:14 INFO] Epoch 23/50  iter 700/743  loss=0.1089  lr=3.25e-05
[08:21:28 INFO] Epoch 23 complete — avg_loss=0.1457  time=203s
[08:21:45 INFO] Epoch 24/50  iter 50/743  loss=0.1067  lr=3.23e-05
[08:22:01 INFO] Epoch 24/50  iter 100/743  loss=0.0889  lr=3.22e-05
[08:22:16 INFO] Epoch 24/50  iter 150/743  loss=0.1958  lr=3.22e-05
[08:22:32 INFO] Epoch 24/50  iter 200/743  loss=0.1030  lr=3.21e-05
[08:22:48 INFO] Epoch 24/50  iter 250/743  loss=0.1014  lr=3.20e-05
[08:23:04 INFO] Epoch 24/50  iter 300/743  loss=0.1147  lr=3.19e-05
[08:23:19 INFO] Epoch 24/50  iter 350/743  loss=0.0698  lr=3.18e-05
[08:23:33 INFO] Epoch 24/50  iter 400/743  loss=0.1016  lr=3.18e-05
[08:23:46 INFO] Epoch 24/50  iter 450/743  loss=0.0630  lr=3.17e-05
[08:24:00 INFO] Epoch 24/50  iter 500/743  loss=0.2205  lr=3.16e-05
[08:24:15 INFO] Epoch 24/50  iter 550/743  loss=0.5632  lr=3.15e-05
[08:24:30 INFO] Epoch 24/50  iter 600/743  loss=0.3158  lr=3.14e-05
[08:24:45 INFO] Epoch 24/50  iter 650/743  loss=0.0879  lr=3.13e-05
[08:25:01 INFO] Epoch 24/50  iter 700/743  loss=0.1672  lr=3.13e-05
[08:25:14 INFO] Epoch 24 complete — avg_loss=0.1394  time=225s
[08:25:30 INFO] Epoch 25/50  iter 50/743  loss=0.1492  lr=3.11e-05
[08:25:45 INFO] Epoch 25/50  iter 100/743  loss=0.0451  lr=3.10e-05
[08:26:01 INFO] Epoch 25/50  iter 150/743  loss=0.1324  lr=3.10e-05
[08:26:16 INFO] Epoch 25/50  iter 200/743  loss=0.1491  lr=3.09e-05
[08:26:31 INFO] Epoch 25/50  iter 250/743  loss=0.0989  lr=3.08e-05
[08:26:46 INFO] Epoch 25/50  iter 300/743  loss=0.1156  lr=3.07e-05
[08:27:01 INFO] Epoch 25/50  iter 350/743  loss=0.1507  lr=3.06e-05
[08:27:16 INFO] Epoch 25/50  iter 400/743  loss=0.0974  lr=3.06e-05
[08:27:32 INFO] Epoch 25/50  iter 450/743  loss=0.1072  lr=3.05e-05
[08:27:46 INFO] Epoch 25/50  iter 500/743  loss=0.0312  lr=3.04e-05
[08:28:01 INFO] Epoch 25/50  iter 550/743  loss=0.1270  lr=3.03e-05
[08:28:16 INFO] Epoch 25/50  iter 600/743  loss=0.1213  lr=3.02e-05
[08:28:32 INFO] Epoch 25/50  iter 650/743  loss=0.3003  lr=3.01e-05
[08:28:47 INFO] Epoch 25/50  iter 700/743  loss=0.0927  lr=3.01e-05
[08:29:00 INFO] Epoch 25 complete — avg_loss=0.1433  time=225s
[08:31:13 INFO]   val mIoU = 0.7412
[08:31:13 INFO]   ★ New best val mIoU: 0.7412
[08:31:29 INFO] Epoch 26/50  iter 50/743  loss=0.1525  lr=2.99e-05
[08:31:44 INFO] Epoch 26/50  iter 100/743  loss=0.0798  lr=2.98e-05
[08:31:59 INFO] Epoch 26/50  iter 150/743  loss=0.1142  lr=2.98e-05
[08:32:15 INFO] Epoch 26/50  iter 200/743  loss=0.1754  lr=2.97e-05
[08:32:30 INFO] Epoch 26/50  iter 250/743  loss=0.2048  lr=2.96e-05
[08:32:45 INFO] Epoch 26/50  iter 300/743  loss=0.1798  lr=2.95e-05
[08:32:59 INFO] Epoch 26/50  iter 350/743  loss=0.2190  lr=2.94e-05
[08:33:14 INFO] Epoch 26/50  iter 400/743  loss=0.1266  lr=2.94e-05
[08:33:29 INFO] Epoch 26/50  iter 450/743  loss=0.1684  lr=2.93e-05
[08:33:44 INFO] Epoch 26/50  iter 500/743  loss=0.2481  lr=2.92e-05
[08:33:59 INFO] Epoch 26/50  iter 550/743  loss=0.1393  lr=2.91e-05
[08:34:14 INFO] Epoch 26/50  iter 600/743  loss=0.1430  lr=2.90e-05
[08:34:30 INFO] Epoch 26/50  iter 650/743  loss=0.1217  lr=2.89e-05
[08:34:45 INFO] Epoch 26/50  iter 700/743  loss=0.1540  lr=2.89e-05
[08:34:58 INFO] Epoch 26 complete — avg_loss=0.1481  time=224s
[08:35:14 INFO] Epoch 27/50  iter 50/743  loss=0.1197  lr=2.87e-05
[08:35:29 INFO] Epoch 27/50  iter 100/743  loss=0.1287  lr=2.86e-05
[08:35:44 INFO] Epoch 27/50  iter 150/743  loss=0.1316  lr=2.86e-05
[08:35:59 INFO] Epoch 27/50  iter 200/743  loss=0.0843  lr=2.85e-05
[08:36:14 INFO] Epoch 27/50  iter 250/743  loss=0.1137  lr=2.84e-05
[08:36:29 INFO] Epoch 27/50  iter 300/743  loss=0.1877  lr=2.83e-05
[08:36:44 INFO] Epoch 27/50  iter 350/743  loss=0.1657  lr=2.82e-05
[08:36:59 INFO] Epoch 27/50  iter 400/743  loss=0.1906  lr=2.82e-05
[08:37:14 INFO] Epoch 27/50  iter 450/743  loss=0.0615  lr=2.81e-05
[08:37:29 INFO] Epoch 27/50  iter 500/743  loss=0.2107  lr=2.80e-05
[08:37:44 INFO] Epoch 27/50  iter 550/743  loss=0.1350  lr=2.79e-05
[08:37:59 INFO] Epoch 27/50  iter 600/743  loss=0.0869  lr=2.78e-05
[08:38:14 INFO] Epoch 27/50  iter 650/743  loss=0.2431  lr=2.77e-05
[08:38:29 INFO] Epoch 27/50  iter 700/743  loss=0.0995  lr=2.77e-05
[08:38:42 INFO] Epoch 27 complete — avg_loss=0.1338  time=224s
[08:38:59 INFO] Epoch 28/50  iter 50/743  loss=0.1159  lr=2.75e-05
[08:39:13 INFO] Epoch 28/50  iter 100/743  loss=0.1305  lr=2.74e-05
[08:39:29 INFO] Epoch 28/50  iter 150/743  loss=0.0990  lr=2.74e-05
[08:39:44 INFO] Epoch 28/50  iter 200/743  loss=0.1251  lr=2.73e-05
[08:39:59 INFO] Epoch 28/50  iter 250/743  loss=0.1207  lr=2.72e-05
[08:40:14 INFO] Epoch 28/50  iter 300/743  loss=0.2013  lr=2.71e-05
[08:40:29 INFO] Epoch 28/50  iter 350/743  loss=0.1363  lr=2.70e-05
[08:40:43 INFO] Epoch 28/50  iter 400/743  loss=0.1014  lr=2.70e-05
[08:40:57 INFO] Epoch 28/50  iter 450/743  loss=0.1015  lr=2.69e-05
[08:41:13 INFO] Epoch 28/50  iter 500/743  loss=0.1373  lr=2.68e-05
[08:41:28 INFO] Epoch 28/50  iter 550/743  loss=0.1767  lr=2.67e-05
[08:41:43 INFO] Epoch 28/50  iter 600/743  loss=0.3641  lr=2.66e-05
[08:41:58 INFO] Epoch 28/50  iter 650/743  loss=0.0676  lr=2.65e-05
[08:42:12 INFO] Epoch 28/50  iter 700/743  loss=0.1133  lr=2.65e-05
[08:42:24 INFO] Epoch 28 complete — avg_loss=0.1328  time=221s
[08:42:38 INFO] Epoch 29/50  iter 50/743  loss=0.1356  lr=2.63e-05
[08:42:52 INFO] Epoch 29/50  iter 100/743  loss=0.1679  lr=2.62e-05
[08:43:05 INFO] Epoch 29/50  iter 150/743  loss=0.1116  lr=2.62e-05
[08:43:19 INFO] Epoch 29/50  iter 200/743  loss=0.1222  lr=2.61e-05
[08:43:32 INFO] Epoch 29/50  iter 250/743  loss=0.0802  lr=2.60e-05
[08:43:46 INFO] Epoch 29/50  iter 300/743  loss=0.1315  lr=2.59e-05
[08:43:59 INFO] Epoch 29/50  iter 350/743  loss=0.1560  lr=2.58e-05
[08:44:13 INFO] Epoch 29/50  iter 400/743  loss=0.1069  lr=2.58e-05
[08:44:26 INFO] Epoch 29/50  iter 450/743  loss=0.1411  lr=2.57e-05
[08:44:40 INFO] Epoch 29/50  iter 500/743  loss=0.0588  lr=2.56e-05
[08:44:53 INFO] Epoch 29/50  iter 550/743  loss=0.1080  lr=2.55e-05
[08:45:07 INFO] Epoch 29/50  iter 600/743  loss=0.0617  lr=2.54e-05
[08:45:21 INFO] Epoch 29/50  iter 650/743  loss=0.0914  lr=2.53e-05
[08:45:34 INFO] Epoch 29/50  iter 700/743  loss=0.0887  lr=2.53e-05
[08:45:46 INFO] Epoch 29 complete — avg_loss=0.1351  time=201s
[08:46:00 INFO] Epoch 30/50  iter 50/743  loss=0.1746  lr=2.51e-05
[08:46:14 INFO] Epoch 30/50  iter 100/743  loss=0.0776  lr=2.50e-05
[08:46:27 INFO] Epoch 30/50  iter 150/743  loss=0.0356  lr=2.50e-05
[08:46:41 INFO] Epoch 30/50  iter 200/743  loss=0.0544  lr=2.49e-05
[08:46:54 INFO] Epoch 30/50  iter 250/743  loss=0.0700  lr=2.48e-05
[08:47:08 INFO] Epoch 30/50  iter 300/743  loss=0.1297  lr=2.47e-05
[08:47:21 INFO] Epoch 30/50  iter 350/743  loss=0.0661  lr=2.46e-05
[08:47:35 INFO] Epoch 30/50  iter 400/743  loss=0.1702  lr=2.46e-05
[08:47:48 INFO] Epoch 30/50  iter 450/743  loss=0.0573  lr=2.45e-05
[08:48:02 INFO] Epoch 30/50  iter 500/743  loss=0.0911  lr=2.44e-05
[08:48:15 INFO] Epoch 30/50  iter 550/743  loss=0.1983  lr=2.43e-05
[08:48:29 INFO] Epoch 30/50  iter 600/743  loss=0.0839  lr=2.42e-05
[08:48:42 INFO] Epoch 30/50  iter 650/743  loss=0.1431  lr=2.41e-05
[08:48:56 INFO] Epoch 30/50  iter 700/743  loss=0.1127  lr=2.41e-05
[08:49:08 INFO] Epoch 30 complete — avg_loss=0.1342  time=201s
[08:51:10 INFO]   val mIoU = 0.7640
[08:51:11 INFO]   ★ New best val mIoU: 0.7640
[08:51:25 INFO] Epoch 31/50  iter 50/743  loss=0.1081  lr=2.39e-05
[08:51:39 INFO] Epoch 31/50  iter 100/743  loss=0.1299  lr=2.38e-05
[08:51:52 INFO] Epoch 31/50  iter 150/743  loss=0.1553  lr=2.38e-05
[08:52:05 INFO] Epoch 31/50  iter 200/743  loss=0.5896  lr=2.37e-05
[08:52:19 INFO] Epoch 31/50  iter 250/743  loss=0.0790  lr=2.36e-05
[08:52:32 INFO] Epoch 31/50  iter 300/743  loss=0.3041  lr=2.35e-05
[08:52:45 INFO] Epoch 31/50  iter 350/743  loss=0.2599  lr=2.34e-05
[08:52:59 INFO] Epoch 31/50  iter 400/743  loss=0.0718  lr=2.34e-05
[08:53:12 INFO] Epoch 31/50  iter 450/743  loss=0.1544  lr=2.33e-05
[08:53:26 INFO] Epoch 31/50  iter 500/743  loss=0.1070  lr=2.32e-05
[08:53:39 INFO] Epoch 31/50  iter 550/743  loss=0.4678  lr=2.31e-05
[08:53:52 INFO] Epoch 31/50  iter 600/743  loss=0.0825  lr=2.30e-05
[08:54:06 INFO] Epoch 31/50  iter 650/743  loss=0.1467  lr=2.29e-05
[08:54:19 INFO] Epoch 31/50  iter 700/743  loss=0.0809  lr=2.29e-05
[08:54:31 INFO] Epoch 31 complete — avg_loss=0.1307  time=199s
[08:54:45 INFO] Epoch 32/50  iter 50/743  loss=0.1489  lr=2.27e-05
[08:54:59 INFO] Epoch 32/50  iter 100/743  loss=0.1916  lr=2.26e-05
[08:55:12 INFO] Epoch 32/50  iter 150/743  loss=0.0750  lr=2.26e-05
[08:55:26 INFO] Epoch 32/50  iter 200/743  loss=0.1019  lr=2.25e-05
[08:55:39 INFO] Epoch 32/50  iter 250/743  loss=0.1470  lr=2.24e-05
[08:55:53 INFO] Epoch 32/50  iter 300/743  loss=0.0371  lr=2.23e-05
[08:56:06 INFO] Epoch 32/50  iter 350/743  loss=0.1823  lr=2.22e-05
[08:56:20 INFO] Epoch 32/50  iter 400/743  loss=0.0948  lr=2.22e-05
[08:56:33 INFO] Epoch 32/50  iter 450/743  loss=0.0686  lr=2.21e-05
[08:56:47 INFO] Epoch 32/50  iter 500/743  loss=0.1413  lr=2.20e-05
[08:57:00 INFO] Epoch 32/50  iter 550/743  loss=0.0575  lr=2.19e-05
[08:57:14 INFO] Epoch 32/50  iter 600/743  loss=0.1491  lr=2.18e-05
[08:57:27 INFO] Epoch 32/50  iter 650/743  loss=0.1285  lr=2.17e-05
[08:57:41 INFO] Epoch 32/50  iter 700/743  loss=0.1654  lr=2.17e-05
[08:57:53 INFO] Epoch 32 complete — avg_loss=0.1275  time=201s
[08:58:07 INFO] Epoch 33/50  iter 50/743  loss=0.1350  lr=2.15e-05
[08:58:21 INFO] Epoch 33/50  iter 100/743  loss=0.0873  lr=2.14e-05
[08:58:34 INFO] Epoch 33/50  iter 150/743  loss=0.0828  lr=2.14e-05
[08:58:48 INFO] Epoch 33/50  iter 200/743  loss=0.0522  lr=2.13e-05
[08:59:01 INFO] Epoch 33/50  iter 250/743  loss=0.0582  lr=2.12e-05
[08:59:15 INFO] Epoch 33/50  iter 300/743  loss=0.1114  lr=2.11e-05
[08:59:28 INFO] Epoch 33/50  iter 350/743  loss=0.1917  lr=2.10e-05
[08:59:42 INFO] Epoch 33/50  iter 400/743  loss=0.1324  lr=2.10e-05
[08:59:55 INFO] Epoch 33/50  iter 450/743  loss=0.1326  lr=2.09e-05
[09:00:09 INFO] Epoch 33/50  iter 500/743  loss=0.0869  lr=2.08e-05
[09:00:22 INFO] Epoch 33/50  iter 550/743  loss=0.0974  lr=2.07e-05
[09:00:36 INFO] Epoch 33/50  iter 600/743  loss=0.0489  lr=2.06e-05
[09:00:49 INFO] Epoch 33/50  iter 650/743  loss=0.0852  lr=2.05e-05
[09:01:03 INFO] Epoch 33/50  iter 700/743  loss=0.0441  lr=2.05e-05
[09:01:14 INFO] Epoch 33 complete — avg_loss=0.1285  time=201s
[09:01:29 INFO] Epoch 34/50  iter 50/743  loss=0.0386  lr=2.03e-05
[09:01:42 INFO] Epoch 34/50  iter 100/743  loss=0.1275  lr=2.02e-05
[09:01:56 INFO] Epoch 34/50  iter 150/743  loss=0.1425  lr=2.02e-05
[09:02:09 INFO] Epoch 34/50  iter 200/743  loss=0.1377  lr=2.01e-05
[09:02:23 INFO] Epoch 34/50  iter 250/743  loss=0.1732  lr=2.00e-05
[09:02:36 INFO] Epoch 34/50  iter 300/743  loss=0.1706  lr=1.99e-05
[09:02:50 INFO] Epoch 34/50  iter 350/743  loss=0.1955  lr=1.98e-05
[09:03:03 INFO] Epoch 34/50  iter 400/743  loss=0.1174  lr=1.98e-05
[09:03:17 INFO] Epoch 34/50  iter 450/743  loss=0.1002  lr=1.97e-05
[09:03:30 INFO] Epoch 34/50  iter 500/743  loss=0.1281  lr=1.96e-05
[09:03:44 INFO] Epoch 34/50  iter 550/743  loss=0.1316  lr=1.95e-05
[09:03:57 INFO] Epoch 34/50  iter 600/743  loss=0.7686  lr=1.94e-05
[09:04:11 INFO] Epoch 34/50  iter 650/743  loss=0.1113  lr=1.93e-05
[09:04:24 INFO] Epoch 34/50  iter 700/743  loss=0.0700  lr=1.93e-05
[09:04:36 INFO] Epoch 34 complete — avg_loss=0.1329  time=201s
[09:04:50 INFO] Epoch 35/50  iter 50/743  loss=0.0745  lr=1.91e-05
[09:05:04 INFO] Epoch 35/50  iter 100/743  loss=0.1687  lr=1.90e-05
[09:05:17 INFO] Epoch 35/50  iter 150/743  loss=0.1339  lr=1.90e-05
[09:05:31 INFO] Epoch 35/50  iter 200/743  loss=0.1332  lr=1.89e-05
[09:05:44 INFO] Epoch 35/50  iter 250/743  loss=0.0898  lr=1.88e-05
[09:05:58 INFO] Epoch 35/50  iter 300/743  loss=0.1656  lr=1.87e-05
[09:06:11 INFO] Epoch 35/50  iter 350/743  loss=0.0976  lr=1.86e-05
[09:06:25 INFO] Epoch 35/50  iter 400/743  loss=0.0804  lr=1.86e-05
[09:06:38 INFO] Epoch 35/50  iter 450/743  loss=0.1767  lr=1.85e-05
[09:06:52 INFO] Epoch 35/50  iter 500/743  loss=0.1733  lr=1.84e-05
[09:07:05 INFO] Epoch 35/50  iter 550/743  loss=0.7878  lr=1.83e-05
[09:07:19 INFO] Epoch 35/50  iter 600/743  loss=0.1100  lr=1.82e-05
[09:07:32 INFO] Epoch 35/50  iter 650/743  loss=0.1177  lr=1.81e-05
[09:07:46 INFO] Epoch 35/50  iter 700/743  loss=0.0880  lr=1.81e-05
[09:07:57 INFO] Epoch 35 complete — avg_loss=0.1248  time=201s
[09:10:02 INFO]   val mIoU = 0.7620
[09:10:16 INFO] Epoch 36/50  iter 50/743  loss=0.1281  lr=1.79e-05
[09:10:30 INFO] Epoch 36/50  iter 100/743  loss=0.1781  lr=1.78e-05
[09:10:43 INFO] Epoch 36/50  iter 150/743  loss=0.1062  lr=1.78e-05
[09:10:57 INFO] Epoch 36/50  iter 200/743  loss=0.0844  lr=1.77e-05
[09:11:10 INFO] Epoch 36/50  iter 250/743  loss=0.0710  lr=1.76e-05
[09:11:24 INFO] Epoch 36/50  iter 300/743  loss=0.1095  lr=1.75e-05
[09:11:37 INFO] Epoch 36/50  iter 350/743  loss=0.1073  lr=1.74e-05
[09:11:51 INFO] Epoch 36/50  iter 400/743  loss=0.0686  lr=1.74e-05
[09:12:05 INFO] Epoch 36/50  iter 450/743  loss=0.0908  lr=1.73e-05
[09:12:18 INFO] Epoch 36/50  iter 500/743  loss=0.1011  lr=1.72e-05
[09:12:32 INFO] Epoch 36/50  iter 550/743  loss=0.1038  lr=1.71e-05
[09:12:45 INFO] Epoch 36/50  iter 600/743  loss=0.1166  lr=1.70e-05
[09:12:59 INFO] Epoch 36/50  iter 650/743  loss=0.0470  lr=1.69e-05
[09:13:12 INFO] Epoch 36/50  iter 700/743  loss=0.1743  lr=1.69e-05
[09:13:24 INFO] Epoch 36 complete — avg_loss=0.1210  time=202s
[09:13:39 INFO] Epoch 37/50  iter 50/743  loss=0.0896  lr=1.67e-05
[09:13:52 INFO] Epoch 37/50  iter 100/743  loss=0.1373  lr=1.66e-05
[09:14:06 INFO] Epoch 37/50  iter 150/743  loss=0.0705  lr=1.66e-05
[09:14:19 INFO] Epoch 37/50  iter 200/743  loss=0.2007  lr=1.65e-05
[09:14:33 INFO] Epoch 37/50  iter 250/743  loss=0.0663  lr=1.64e-05
[09:14:47 INFO] Epoch 37/50  iter 300/743  loss=0.1197  lr=1.63e-05
[09:15:00 INFO] Epoch 37/50  iter 350/743  loss=0.1255  lr=1.62e-05
[09:15:14 INFO] Epoch 37/50  iter 400/743  loss=0.2675  lr=1.62e-05
[09:15:27 INFO] Epoch 37/50  iter 450/743  loss=0.0855  lr=1.61e-05
[09:15:41 INFO] Epoch 37/50  iter 500/743  loss=0.1423  lr=1.60e-05
[09:15:54 INFO] Epoch 37/50  iter 550/743  loss=0.1703  lr=1.59e-05
[09:16:08 INFO] Epoch 37/50  iter 600/743  loss=0.1078  lr=1.58e-05
[09:16:22 INFO] Epoch 37/50  iter 650/743  loss=0.1401  lr=1.57e-05
[09:16:35 INFO] Epoch 37/50  iter 700/743  loss=0.1268  lr=1.57e-05
[09:16:47 INFO] Epoch 37 complete — avg_loss=0.1252  time=202s
[09:17:01 INFO] Epoch 38/50  iter 50/743  loss=0.1507  lr=1.55e-05
[09:17:15 INFO] Epoch 38/50  iter 100/743  loss=0.0479  lr=1.54e-05
[09:17:29 INFO] Epoch 38/50  iter 150/743  loss=0.1061  lr=1.54e-05
[09:17:42 INFO] Epoch 38/50  iter 200/743  loss=0.0672  lr=1.53e-05
[09:17:56 INFO] Epoch 38/50  iter 250/743  loss=0.1116  lr=1.52e-05
[09:18:09 INFO] Epoch 38/50  iter 300/743  loss=0.1081  lr=1.51e-05
[09:18:23 INFO] Epoch 38/50  iter 350/743  loss=0.1662  lr=1.50e-05
[09:18:37 INFO] Epoch 38/50  iter 400/743  loss=0.0502  lr=1.50e-05
[09:18:50 INFO] Epoch 38/50  iter 450/743  loss=0.1476  lr=1.49e-05
[09:19:04 INFO] Epoch 38/50  iter 500/743  loss=0.2023  lr=1.48e-05
[09:19:17 INFO] Epoch 38/50  iter 550/743  loss=0.1409  lr=1.47e-05
[09:19:31 INFO] Epoch 38/50  iter 600/743  loss=0.1441  lr=1.46e-05
[09:19:44 INFO] Epoch 38/50  iter 650/743  loss=0.0924  lr=1.45e-05
[09:19:58 INFO] Epoch 38/50  iter 700/743  loss=0.0753  lr=1.45e-05
[09:20:10 INFO] Epoch 38 complete — avg_loss=0.1207  time=202s
[09:20:24 INFO] Epoch 39/50  iter 50/743  loss=0.0604  lr=1.43e-05
[09:20:38 INFO] Epoch 39/50  iter 100/743  loss=0.0806  lr=1.42e-05
[09:20:51 INFO] Epoch 39/50  iter 150/743  loss=0.0750  lr=1.42e-05
[09:21:05 INFO] Epoch 39/50  iter 200/743  loss=0.6046  lr=1.41e-05
[09:21:19 INFO] Epoch 39/50  iter 250/743  loss=0.1245  lr=1.40e-05
[09:21:32 INFO] Epoch 39/50  iter 300/743  loss=0.1053  lr=1.39e-05
[09:21:46 INFO] Epoch 39/50  iter 350/743  loss=0.1866  lr=1.38e-05
[09:22:00 INFO] Epoch 39/50  iter 400/743  loss=0.1251  lr=1.38e-05
[09:22:13 INFO] Epoch 39/50  iter 450/743  loss=0.1972  lr=1.37e-05
[09:22:27 INFO] Epoch 39/50  iter 500/743  loss=0.0882  lr=1.36e-05
[09:22:40 INFO] Epoch 39/50  iter 550/743  loss=0.1101  lr=1.35e-05
[09:22:54 INFO] Epoch 39/50  iter 600/743  loss=0.2889  lr=1.34e-05
[09:23:07 INFO] Epoch 39/50  iter 650/743  loss=0.1194  lr=1.33e-05
[09:23:21 INFO] Epoch 39/50  iter 700/743  loss=0.0778  lr=1.33e-05
[09:23:33 INFO] Epoch 39 complete — avg_loss=0.1254  time=202s
[09:23:47 INFO] Epoch 40/50  iter 50/743  loss=0.0867  lr=1.31e-05
[09:24:01 INFO] Epoch 40/50  iter 100/743  loss=0.1096  lr=1.30e-05
[09:24:15 INFO] Epoch 40/50  iter 150/743  loss=0.0474  lr=1.30e-05
[09:24:28 INFO] Epoch 40/50  iter 200/743  loss=0.1127  lr=1.29e-05
[09:24:42 INFO] Epoch 40/50  iter 250/743  loss=0.1498  lr=1.28e-05
[09:24:55 INFO] Epoch 40/50  iter 300/743  loss=0.1198  lr=1.27e-05
[09:25:09 INFO] Epoch 40/50  iter 350/743  loss=0.2377  lr=1.26e-05
[09:25:22 INFO] Epoch 40/50  iter 400/743  loss=0.1027  lr=1.26e-05
[09:25:35 INFO] Epoch 40/50  iter 450/743  loss=0.1096  lr=1.25e-05
[09:25:49 INFO] Epoch 40/50  iter 500/743  loss=0.1839  lr=1.24e-05
[09:26:02 INFO] Epoch 40/50  iter 550/743  loss=0.1742  lr=1.23e-05
[09:26:16 INFO] Epoch 40/50  iter 600/743  loss=0.2018  lr=1.22e-05
[09:26:29 INFO] Epoch 40/50  iter 650/743  loss=0.1133  lr=1.21e-05
[09:26:43 INFO] Epoch 40/50  iter 700/743  loss=0.0730  lr=1.21e-05
[09:26:55 INFO] Epoch 40 complete — avg_loss=0.1191  time=201s
[09:28:57 INFO]   val mIoU = 0.7707
[09:28:58 INFO]   ★ New best val mIoU: 0.7707
[09:29:13 INFO] Epoch 41/50  iter 50/743  loss=0.0976  lr=1.19e-05
[09:29:26 INFO] Epoch 41/50  iter 100/743  loss=0.0943  lr=1.18e-05
[09:29:39 INFO] Epoch 41/50  iter 150/743  loss=0.0675  lr=1.18e-05
[09:29:53 INFO] Epoch 41/50  iter 200/743  loss=0.0540  lr=1.17e-05
[09:30:06 INFO] Epoch 41/50  iter 250/743  loss=0.1229  lr=1.16e-05
[09:30:19 INFO] Epoch 41/50  iter 300/743  loss=0.0756  lr=1.15e-05
[09:30:33 INFO] Epoch 41/50  iter 350/743  loss=0.0790  lr=1.14e-05
[09:30:46 INFO] Epoch 41/50  iter 400/743  loss=0.1183  lr=1.14e-05
[09:31:00 INFO] Epoch 41/50  iter 450/743  loss=0.1399  lr=1.13e-05
[09:31:13 INFO] Epoch 41/50  iter 500/743  loss=0.0687  lr=1.12e-05
[09:31:26 INFO] Epoch 41/50  iter 550/743  loss=0.0560  lr=1.11e-05
[09:31:40 INFO] Epoch 41/50  iter 600/743  loss=0.0827  lr=1.10e-05
[09:31:53 INFO] Epoch 41/50  iter 650/743  loss=0.1593  lr=1.09e-05
[09:32:06 INFO] Epoch 41/50  iter 700/743  loss=0.0804  lr=1.09e-05
[09:32:18 INFO] Epoch 41 complete — avg_loss=0.1167  time=199s
[09:32:33 INFO] Epoch 42/50  iter 50/743  loss=0.0849  lr=1.07e-05
[09:32:46 INFO] Epoch 42/50  iter 100/743  loss=0.1371  lr=1.06e-05
[09:33:00 INFO] Epoch 42/50  iter 150/743  loss=0.1600  lr=1.06e-05
[09:33:13 INFO] Epoch 42/50  iter 200/743  loss=0.1277  lr=1.05e-05
[09:33:27 INFO] Epoch 42/50  iter 250/743  loss=0.0656  lr=1.04e-05
[09:33:40 INFO] Epoch 42/50  iter 300/743  loss=0.1457  lr=1.03e-05
[09:33:54 INFO] Epoch 42/50  iter 350/743  loss=0.1116  lr=1.02e-05
[09:34:07 INFO] Epoch 42/50  iter 400/743  loss=0.0981  lr=1.02e-05
[09:34:21 INFO] Epoch 42/50  iter 450/743  loss=0.0741  lr=1.01e-05
[09:34:34 INFO] Epoch 42/50  iter 500/743  loss=0.0802  lr=9.99e-06
[09:34:47 INFO] Epoch 42/50  iter 550/743  loss=0.0901  lr=9.91e-06
[09:35:01 INFO] Epoch 42/50  iter 600/743  loss=0.1035  lr=9.83e-06
[09:35:14 INFO] Epoch 42/50  iter 650/743  loss=0.0734  lr=9.75e-06
[09:35:28 INFO] Epoch 42/50  iter 700/743  loss=0.1177  lr=9.67e-06
[09:35:40 INFO] Epoch 42 complete — avg_loss=0.1161  time=201s
[09:35:54 INFO] Epoch 43/50  iter 50/743  loss=0.0503  lr=9.52e-06
[09:36:08 INFO] Epoch 43/50  iter 100/743  loss=0.1794  lr=9.44e-06
[09:36:21 INFO] Epoch 43/50  iter 150/743  loss=0.1335  lr=9.36e-06
[09:36:35 INFO] Epoch 43/50  iter 200/743  loss=0.0650  lr=9.28e-06
[09:36:48 INFO] Epoch 43/50  iter 250/743  loss=0.0853  lr=9.19e-06
[09:37:02 INFO] Epoch 43/50  iter 300/743  loss=0.0999  lr=9.11e-06
[09:37:15 INFO] Epoch 43/50  iter 350/743  loss=0.0957  lr=9.03e-06
[09:37:28 INFO] Epoch 43/50  iter 400/743  loss=0.0880  lr=8.95e-06
[09:37:42 INFO] Epoch 43/50  iter 450/743  loss=0.0827  lr=8.87e-06
[09:37:55 INFO] Epoch 43/50  iter 500/743  loss=0.0739  lr=8.79e-06
[09:38:09 INFO] Epoch 43/50  iter 550/743  loss=0.0901  lr=8.71e-06
[09:38:22 INFO] Epoch 43/50  iter 600/743  loss=0.0620  lr=8.63e-06
[09:38:36 INFO] Epoch 43/50  iter 650/743  loss=0.1631  lr=8.55e-06
[09:38:49 INFO] Epoch 43/50  iter 700/743  loss=0.0656  lr=8.47e-06
[09:39:01 INFO] Epoch 43 complete — avg_loss=0.1194  time=201s
[09:39:16 INFO] Epoch 44/50  iter 50/743  loss=0.0805  lr=8.32e-06
[09:39:29 INFO] Epoch 44/50  iter 100/743  loss=0.1223  lr=8.24e-06
[09:39:43 INFO] Epoch 44/50  iter 150/743  loss=0.1159  lr=8.16e-06
[09:39:56 INFO] Epoch 44/50  iter 200/743  loss=0.0915  lr=8.08e-06
[09:40:10 INFO] Epoch 44/50  iter 250/743  loss=0.0860  lr=7.99e-06
[09:40:23 INFO] Epoch 44/50  iter 300/743  loss=0.0993  lr=7.91e-06
[09:40:37 INFO] Epoch 44/50  iter 350/743  loss=0.0827  lr=7.83e-06
[09:40:50 INFO] Epoch 44/50  iter 400/743  loss=0.1630  lr=7.75e-06
[09:41:04 INFO] Epoch 44/50  iter 450/743  loss=0.1116  lr=7.67e-06
[09:41:17 INFO] Epoch 44/50  iter 500/743  loss=0.1116  lr=7.59e-06
[09:41:31 INFO] Epoch 44/50  iter 550/743  loss=0.1582  lr=7.51e-06
[09:41:44 INFO] Epoch 44/50  iter 600/743  loss=0.1251  lr=7.43e-06
[09:41:57 INFO] Epoch 44/50  iter 650/743  loss=0.1044  lr=7.35e-06
[09:42:11 INFO] Epoch 44/50  iter 700/743  loss=0.0722  lr=7.27e-06
[09:42:23 INFO] Epoch 44 complete — avg_loss=0.1149  time=201s
[09:42:37 INFO] Epoch 45/50  iter 50/743  loss=0.0482  lr=7.12e-06
[09:42:51 INFO] Epoch 45/50  iter 100/743  loss=0.1238  lr=7.04e-06
[09:43:04 INFO] Epoch 45/50  iter 150/743  loss=0.1058  lr=6.96e-06
[09:43:18 INFO] Epoch 45/50  iter 200/743  loss=0.1540  lr=6.88e-06
[09:43:31 INFO] Epoch 45/50  iter 250/743  loss=0.1113  lr=6.79e-06
[09:43:45 INFO] Epoch 45/50  iter 300/743  loss=0.1367  lr=6.71e-06
[09:43:58 INFO] Epoch 45/50  iter 350/743  loss=0.0922  lr=6.63e-06
[09:44:12 INFO] Epoch 45/50  iter 400/743  loss=0.1583  lr=6.55e-06
[09:44:25 INFO] Epoch 45/50  iter 450/743  loss=0.0735  lr=6.47e-06
[09:44:38 INFO] Epoch 45/50  iter 500/743  loss=0.1671  lr=6.39e-06
[09:44:52 INFO] Epoch 45/50  iter 550/743  loss=0.2093  lr=6.31e-06
[09:45:05 INFO] Epoch 45/50  iter 600/743  loss=0.1213  lr=6.23e-06
[09:45:19 INFO] Epoch 45/50  iter 650/743  loss=0.0822  lr=6.15e-06
[09:45:32 INFO] Epoch 45/50  iter 700/743  loss=0.0862  lr=6.07e-06
[09:45:44 INFO] Epoch 45 complete — avg_loss=0.1152  time=201s
[09:47:47 INFO]   val mIoU = 0.7734
[09:47:48 INFO]   ★ New best val mIoU: 0.7734
[09:48:03 INFO] Epoch 46/50  iter 50/743  loss=0.1011  lr=5.92e-06
[09:48:16 INFO] Epoch 46/50  iter 100/743  loss=0.0817  lr=5.84e-06
[09:48:29 INFO] Epoch 46/50  iter 150/743  loss=0.1523  lr=5.76e-06
[09:48:43 INFO] Epoch 46/50  iter 200/743  loss=0.1010  lr=5.68e-06
[09:48:56 INFO] Epoch 46/50  iter 250/743  loss=0.1408  lr=5.59e-06
[09:49:10 INFO] Epoch 46/50  iter 300/743  loss=0.1190  lr=5.51e-06
[09:49:23 INFO] Epoch 46/50  iter 350/743  loss=0.1416  lr=5.43e-06
[09:49:36 INFO] Epoch 46/50  iter 400/743  loss=0.1402  lr=5.35e-06
[09:49:50 INFO] Epoch 46/50  iter 450/743  loss=0.0769  lr=5.27e-06
[09:50:03 INFO] Epoch 46/50  iter 500/743  loss=0.0535  lr=5.19e-06
[09:50:16 INFO] Epoch 46/50  iter 550/743  loss=0.7159  lr=5.11e-06
[09:50:30 INFO] Epoch 46/50  iter 600/743  loss=0.1176  lr=5.03e-06
[09:50:43 INFO] Epoch 46/50  iter 650/743  loss=0.1999  lr=4.95e-06
[09:50:57 INFO] Epoch 46/50  iter 700/743  loss=0.0631  lr=4.87e-06
[09:51:08 INFO] Epoch 46 complete — avg_loss=0.1166  time=199s
[09:51:23 INFO] Epoch 47/50  iter 50/743  loss=0.1425  lr=4.72e-06
[09:51:36 INFO] Epoch 47/50  iter 100/743  loss=0.0605  lr=4.64e-06
[09:51:50 INFO] Epoch 47/50  iter 150/743  loss=0.0830  lr=4.56e-06
[09:52:03 INFO] Epoch 47/50  iter 200/743  loss=0.1083  lr=4.48e-06
[09:52:17 INFO] Epoch 47/50  iter 250/743  loss=0.0907  lr=4.39e-06
[09:52:30 INFO] Epoch 47/50  iter 300/743  loss=0.1110  lr=4.31e-06
[09:52:44 INFO] Epoch 47/50  iter 350/743  loss=0.1259  lr=4.23e-06
[09:52:57 INFO] Epoch 47/50  iter 400/743  loss=0.0899  lr=4.15e-06
[09:53:11 INFO] Epoch 47/50  iter 450/743  loss=0.1460  lr=4.07e-06
[09:53:24 INFO] Epoch 47/50  iter 500/743  loss=0.1066  lr=3.99e-06
[09:53:38 INFO] Epoch 47/50  iter 550/743  loss=0.1203  lr=3.91e-06
[09:53:51 INFO] Epoch 47/50  iter 600/743  loss=0.2363  lr=3.83e-06
[09:54:05 INFO] Epoch 47/50  iter 650/743  loss=0.0776  lr=3.75e-06
[09:54:18 INFO] Epoch 47/50  iter 700/743  loss=0.1105  lr=3.67e-06
[09:54:30 INFO] Epoch 47 complete — avg_loss=0.1149  time=201s
[09:54:45 INFO] Epoch 48/50  iter 50/743  loss=0.0883  lr=3.52e-06
[09:54:58 INFO] Epoch 48/50  iter 100/743  loss=0.0580  lr=3.44e-06
[09:55:12 INFO] Epoch 48/50  iter 150/743  loss=0.1081  lr=3.36e-06
[09:55:25 INFO] Epoch 48/50  iter 200/743  loss=0.2138  lr=3.28e-06
[09:55:39 INFO] Epoch 48/50  iter 250/743  loss=0.0770  lr=3.19e-06
[09:55:52 INFO] Epoch 48/50  iter 300/743  loss=0.0720  lr=3.11e-06
[09:56:06 INFO] Epoch 48/50  iter 350/743  loss=0.1394  lr=3.03e-06
[09:56:19 INFO] Epoch 48/50  iter 400/743  loss=0.2068  lr=2.95e-06
[09:56:33 INFO] Epoch 48/50  iter 450/743  loss=0.0930  lr=2.87e-06
[09:56:46 INFO] Epoch 48/50  iter 500/743  loss=0.0526  lr=2.79e-06
[09:57:00 INFO] Epoch 48/50  iter 550/743  loss=0.1051  lr=2.71e-06
[09:57:13 INFO] Epoch 48/50  iter 600/743  loss=0.1308  lr=2.63e-06
[09:57:27 INFO] Epoch 48/50  iter 650/743  loss=0.0920  lr=2.55e-06
[09:57:40 INFO] Epoch 48/50  iter 700/743  loss=0.1530  lr=2.47e-06
[09:57:52 INFO] Epoch 48 complete — avg_loss=0.1132  time=201s
[09:58:06 INFO] Epoch 49/50  iter 50/743  loss=0.0964  lr=2.32e-06
[09:58:20 INFO] Epoch 49/50  iter 100/743  loss=0.1278  lr=2.24e-06
[09:58:33 INFO] Epoch 49/50  iter 150/743  loss=0.1234  lr=2.16e-06
[09:58:47 INFO] Epoch 49/50  iter 200/743  loss=0.1237  lr=2.08e-06
[09:59:00 INFO] Epoch 49/50  iter 250/743  loss=0.2071  lr=1.99e-06
[09:59:14 INFO] Epoch 49/50  iter 300/743  loss=0.0984  lr=1.91e-06
[09:59:27 INFO] Epoch 49/50  iter 350/743  loss=0.1433  lr=1.83e-06
[09:59:41 INFO] Epoch 49/50  iter 400/743  loss=0.0664  lr=1.75e-06
[09:59:54 INFO] Epoch 49/50  iter 450/743  loss=0.0735  lr=1.67e-06
[10:00:08 INFO] Epoch 49/50  iter 500/743  loss=0.0738  lr=1.59e-06
[10:00:21 INFO] Epoch 49/50  iter 550/743  loss=0.1752  lr=1.51e-06
[10:00:35 INFO] Epoch 49/50  iter 600/743  loss=0.0650  lr=1.43e-06
[10:00:48 INFO] Epoch 49/50  iter 650/743  loss=0.1062  lr=1.35e-06
[10:01:02 INFO] Epoch 49/50  iter 700/743  loss=0.0901  lr=1.27e-06
[10:01:13 INFO] Epoch 49 complete — avg_loss=0.1116  time=201s
[10:01:28 INFO] Epoch 50/50  iter 50/743  loss=0.0975  lr=1.12e-06
[10:01:41 INFO] Epoch 50/50  iter 100/743  loss=0.1554  lr=1.04e-06
[10:01:55 INFO] Epoch 50/50  iter 150/743  loss=0.0468  lr=9.56e-07
[10:02:08 INFO] Epoch 50/50  iter 200/743  loss=0.1224  lr=8.75e-07
[10:02:22 INFO] Epoch 50/50  iter 250/743  loss=0.0847  lr=7.95e-07
[10:02:35 INFO] Epoch 50/50  iter 300/743  loss=0.0807  lr=7.14e-07
[10:02:49 INFO] Epoch 50/50  iter 350/743  loss=0.1326  lr=6.33e-07
[10:03:02 INFO] Epoch 50/50  iter 400/743  loss=0.0973  lr=5.52e-07
[10:03:16 INFO] Epoch 50/50  iter 450/743  loss=0.0735  lr=4.72e-07
[10:03:29 INFO] Epoch 50/50  iter 500/743  loss=0.1041  lr=3.91e-07
[10:03:43 INFO] Epoch 50/50  iter 550/743  loss=0.1037  lr=3.10e-07
[10:03:56 INFO] Epoch 50/50  iter 600/743  loss=0.0709  lr=2.29e-07
[10:04:10 INFO] Epoch 50/50  iter 650/743  loss=0.1115  lr=1.49e-07
[10:04:23 INFO] Epoch 50/50  iter 700/743  loss=0.1436  lr=6.78e-08
[10:04:35 INFO] Epoch 50 complete — avg_loss=0.1195  time=201s
[10:06:37 INFO]   val mIoU = 0.7767
[10:06:38 INFO]   ★ New best val mIoU: 0.7767
[10:06:39 INFO] Training complete. Best val mIoU = 0.7767
>>> Evaluating: nndepth_base_b0005_p10_mitb2
[10:06:47 INFO] Device: cuda
/home/taah3149/Documents/Group_Studies/fog-augmentation/src/models.py:74: FutureWarning: You are using `torch.load` with `weights_only=False` (the current default value), which uses the default pickle module implicitly. It is possible to construct malicious pickle data which will execute arbitrary code during unpickling (See https://github.com/pytorch/pytorch/blob/main/SECURITY.md#untrusted-models for more details). In a future release, the default value for `weights_only` will be flipped to `True`. This limits the functions that could be executed during unpickling. Arbitrary objects will no longer be allowed to be loaded via this mode unless they are explicitly allowlisted by the user via `torch.serialization.add_safe_globals`. We recommend you start setting `weights_only=True` for any use case where you don't have full control of the loaded file. Please open an issue on GitHub for any issues related to this experimental feature.
  state = torch.load(str(checkpoint), map_location="cpu")
Model backend: smp (encoder=mit_b2, architecture=fpn)
Loaded checkpoint: results/nndepth_base_b0005_p10_mitb2/best.pth
[10:06:51 INFO] ACDC fog val: 100 samples
[10:07:16 INFO]   100/100 processed
[10:07:16 INFO] mIoU = 0.5389
[10:07:16 INFO]   road                 0.8120
[10:07:16 INFO]   sidewalk             0.5945
[10:07:16 INFO]   building             0.5858
[10:07:16 INFO]   wall                 0.1915
[10:07:16 INFO]   fence                0.1990
[10:07:16 INFO]   pole                 0.3805
[10:07:16 INFO]   traffic light        0.6300
[10:07:16 INFO]   traffic sign         0.5735
[10:07:16 INFO]   vegetation           0.7859
[10:07:16 INFO]   terrain              0.4608
[10:07:16 INFO]   sky                  0.8249
[10:07:16 INFO]   person               0.4199
[10:07:16 INFO]   rider                0.5468
[10:07:16 INFO]   car                  0.7186
[10:07:16 INFO]   truck                0.3821
[10:07:16 INFO]   bus                  0.7940
[10:07:16 INFO]   train                0.6578
[10:07:16 INFO]   motorcycle           0.1548
[10:07:16 INFO]   bicycle              0.5260
[10:07:16 INFO] Results saved → results/nndepth_base_b0005_p10_mitb2/acdc_eval.json
>>> Done: nndepth_base_b0005_p10_mitb2

>>> Training (fresh start): nndepth_base_b0005_p30_mitb2
[10:07:21 INFO] Device: cuda
Model backend: smp (encoder=mit_b2, architecture=fpn)
[10:07:24 INFO] Using fog cache: data/fog_cache/nn_depth_base_b0005
[10:07:24 INFO] fog_prob: 0.3
[10:07:25 INFO] Train: 2975 samples  |  Val: 500 samples
[10:07:39 INFO] Epoch 1/50  iter 50/743  loss=1.6025  lr=5.99e-05
[10:07:52 INFO] Epoch 1/50  iter 100/743  loss=0.8904  lr=5.98e-05
[10:08:06 INFO] Epoch 1/50  iter 150/743  loss=0.5196  lr=5.98e-05
[10:08:19 INFO] Epoch 1/50  iter 200/743  loss=0.8867  lr=5.97e-05
[10:08:32 INFO] Epoch 1/50  iter 250/743  loss=0.4509  lr=5.96e-05
[10:08:46 INFO] Epoch 1/50  iter 300/743  loss=0.2841  lr=5.95e-05
[10:08:59 INFO] Epoch 1/50  iter 350/743  loss=0.8990  lr=5.94e-05
[10:09:13 INFO] Epoch 1/50  iter 400/743  loss=0.4020  lr=5.94e-05
[10:09:26 INFO] Epoch 1/50  iter 450/743  loss=0.4111  lr=5.93e-05
[10:09:40 INFO] Epoch 1/50  iter 500/743  loss=0.2358  lr=5.92e-05
[10:09:54 INFO] Epoch 1/50  iter 550/743  loss=1.0262  lr=5.91e-05
[10:10:11 INFO] Epoch 1/50  iter 600/743  loss=0.2278  lr=5.90e-05
[10:10:29 INFO] Epoch 1/50  iter 650/743  loss=0.3517  lr=5.89e-05
[10:10:42 INFO] Epoch 1/50  iter 700/743  loss=0.4181  lr=5.89e-05
[10:10:54 INFO] Epoch 1 complete — avg_loss=0.6372  time=209s
[10:11:08 INFO] Epoch 2/50  iter 50/743  loss=0.1987  lr=5.87e-05
[10:11:22 INFO] Epoch 2/50  iter 100/743  loss=0.2605  lr=5.86e-05
[10:11:35 INFO] Epoch 2/50  iter 150/743  loss=0.2014  lr=5.86e-05
[10:11:49 INFO] Epoch 2/50  iter 200/743  loss=0.3793  lr=5.85e-05
[10:12:02 INFO] Epoch 2/50  iter 250/743  loss=0.2554  lr=5.84e-05
[10:12:16 INFO] Epoch 2/50  iter 300/743  loss=0.2022  lr=5.83e-05
[10:12:29 INFO] Epoch 2/50  iter 350/743  loss=0.1927  lr=5.82e-05
[10:12:43 INFO] Epoch 2/50  iter 400/743  loss=0.1991  lr=5.82e-05
[10:12:56 INFO] Epoch 2/50  iter 450/743  loss=0.5204  lr=5.81e-05
[10:13:10 INFO] Epoch 2/50  iter 500/743  loss=0.2918  lr=5.80e-05
[10:13:23 INFO] Epoch 2/50  iter 550/743  loss=0.3045  lr=5.79e-05
[10:13:37 INFO] Epoch 2/50  iter 600/743  loss=0.4271  lr=5.78e-05
[10:13:50 INFO] Epoch 2/50  iter 650/743  loss=0.1845  lr=5.77e-05
[10:14:04 INFO] Epoch 2/50  iter 700/743  loss=0.5047  lr=5.77e-05
[10:14:16 INFO] Epoch 2 complete — avg_loss=0.3310  time=201s
[10:14:30 INFO] Epoch 3/50  iter 50/743  loss=0.2963  lr=5.75e-05
[10:14:44 INFO] Epoch 3/50  iter 100/743  loss=0.2428  lr=5.74e-05
[10:14:57 INFO] Epoch 3/50  iter 150/743  loss=0.2030  lr=5.74e-05
[10:15:11 INFO] Epoch 3/50  iter 200/743  loss=0.1980  lr=5.73e-05
[10:15:24 INFO] Epoch 3/50  iter 250/743  loss=0.3806  lr=5.72e-05
[10:15:38 INFO] Epoch 3/50  iter 300/743  loss=1.0467  lr=5.71e-05
[10:15:51 INFO] Epoch 3/50  iter 350/743  loss=0.1045  lr=5.70e-05
[10:16:04 INFO] Epoch 3/50  iter 400/743  loss=0.4623  lr=5.70e-05
[10:16:18 INFO] Epoch 3/50  iter 450/743  loss=0.3702  lr=5.69e-05
[10:16:31 INFO] Epoch 3/50  iter 500/743  loss=0.1854  lr=5.68e-05
[10:16:45 INFO] Epoch 3/50  iter 550/743  loss=0.2295  lr=5.67e-05
[10:16:58 INFO] Epoch 3/50  iter 600/743  loss=0.2845  lr=5.66e-05
[10:17:12 INFO] Epoch 3/50  iter 650/743  loss=0.1933  lr=5.65e-05
[10:17:25 INFO] Epoch 3/50  iter 700/743  loss=0.1322  lr=5.65e-05
[10:17:37 INFO] Epoch 3 complete — avg_loss=0.2747  time=201s
[10:17:52 INFO] Epoch 4/50  iter 50/743  loss=0.1615  lr=5.63e-05
[10:18:05 INFO] Epoch 4/50  iter 100/743  loss=0.1788  lr=5.62e-05
[10:18:19 INFO] Epoch 4/50  iter 150/743  loss=0.5683  lr=5.62e-05
[10:18:32 INFO] Epoch 4/50  iter 200/743  loss=0.2040  lr=5.61e-05
[10:18:46 INFO] Epoch 4/50  iter 250/743  loss=0.2521  lr=5.60e-05
[10:18:59 INFO] Epoch 4/50  iter 300/743  loss=0.1983  lr=5.59e-05
[10:19:12 INFO] Epoch 4/50  iter 350/743  loss=0.0376  lr=5.58e-05
[10:19:26 INFO] Epoch 4/50  iter 400/743  loss=0.1116  lr=5.58e-05
[10:19:39 INFO] Epoch 4/50  iter 450/743  loss=0.0673  lr=5.57e-05
[10:19:53 INFO] Epoch 4/50  iter 500/743  loss=0.1816  lr=5.56e-05
[10:20:06 INFO] Epoch 4/50  iter 550/743  loss=0.2603  lr=5.55e-05
[10:20:20 INFO] Epoch 4/50  iter 600/743  loss=0.3224  lr=5.54e-05
[10:20:33 INFO] Epoch 4/50  iter 650/743  loss=0.2287  lr=5.53e-05
[10:20:47 INFO] Epoch 4/50  iter 700/743  loss=0.1464  lr=5.53e-05
[10:20:59 INFO] Epoch 4 complete — avg_loss=0.2597  time=201s
[10:21:13 INFO] Epoch 5/50  iter 50/743  loss=0.1149  lr=5.51e-05
[10:21:27 INFO] Epoch 5/50  iter 100/743  loss=0.1527  lr=5.50e-05
[10:21:40 INFO] Epoch 5/50  iter 150/743  loss=0.1762  lr=5.50e-05
[10:21:54 INFO] Epoch 5/50  iter 200/743  loss=0.1517  lr=5.49e-05
[10:22:07 INFO] Epoch 5/50  iter 250/743  loss=0.1879  lr=5.48e-05
[10:22:21 INFO] Epoch 5/50  iter 300/743  loss=1.1778  lr=5.47e-05
[10:22:34 INFO] Epoch 5/50  iter 350/743  loss=0.0499  lr=5.46e-05
[10:22:48 INFO] Epoch 5/50  iter 400/743  loss=0.2373  lr=5.46e-05
[10:23:01 INFO] Epoch 5/50  iter 450/743  loss=0.1648  lr=5.45e-05
[10:23:15 INFO] Epoch 5/50  iter 500/743  loss=0.2870  lr=5.44e-05
[10:23:28 INFO] Epoch 5/50  iter 550/743  loss=0.0754  lr=5.43e-05
[10:23:42 INFO] Epoch 5/50  iter 600/743  loss=0.0235  lr=5.42e-05
[10:23:55 INFO] Epoch 5/50  iter 650/743  loss=0.3796  lr=5.41e-05
[10:24:09 INFO] Epoch 5/50  iter 700/743  loss=0.1210  lr=5.41e-05
[10:24:20 INFO] Epoch 5 complete — avg_loss=0.2408  time=201s
[10:26:14 INFO]   val mIoU = 0.6393
[10:26:14 INFO]   ★ New best val mIoU: 0.6393
[10:26:29 INFO] Epoch 6/50  iter 50/743  loss=0.2526  lr=5.39e-05
[10:26:42 INFO] Epoch 6/50  iter 100/743  loss=0.0587  lr=5.38e-05
[10:26:56 INFO] Epoch 6/50  iter 150/743  loss=0.3635  lr=5.38e-05
[10:27:09 INFO] Epoch 6/50  iter 200/743  loss=0.1191  lr=5.37e-05
[10:27:23 INFO] Epoch 6/50  iter 250/743  loss=0.2613  lr=5.36e-05
[10:27:36 INFO] Epoch 6/50  iter 300/743  loss=0.1927  lr=5.35e-05
[10:27:49 INFO] Epoch 6/50  iter 350/743  loss=0.1047  lr=5.34e-05
[10:28:03 INFO] Epoch 6/50  iter 400/743  loss=0.1159  lr=5.34e-05
[10:28:16 INFO] Epoch 6/50  iter 450/743  loss=0.1904  lr=5.33e-05
[10:28:30 INFO] Epoch 6/50  iter 500/743  loss=0.2146  lr=5.32e-05
[10:28:43 INFO] Epoch 6/50  iter 550/743  loss=0.2545  lr=5.31e-05
[10:28:57 INFO] Epoch 6/50  iter 600/743  loss=0.1719  lr=5.30e-05
[10:29:10 INFO] Epoch 6/50  iter 650/743  loss=0.5042  lr=5.29e-05
[10:29:23 INFO] Epoch 6/50  iter 700/743  loss=0.2743  lr=5.29e-05
[10:29:35 INFO] Epoch 6 complete — avg_loss=0.2208  time=200s
[10:29:50 INFO] Epoch 7/50  iter 50/743  loss=0.1894  lr=5.27e-05
[10:30:03 INFO] Epoch 7/50  iter 100/743  loss=0.1106  lr=5.26e-05
[10:30:17 INFO] Epoch 7/50  iter 150/743  loss=0.2303  lr=5.26e-05
[10:30:30 INFO] Epoch 7/50  iter 200/743  loss=0.5313  lr=5.25e-05
[10:30:44 INFO] Epoch 7/50  iter 250/743  loss=0.2338  lr=5.24e-05
[10:30:57 INFO] Epoch 7/50  iter 300/743  loss=0.1361  lr=5.23e-05
[10:31:11 INFO] Epoch 7/50  iter 350/743  loss=0.1922  lr=5.22e-05
[10:31:24 INFO] Epoch 7/50  iter 400/743  loss=0.1039  lr=5.22e-05
[10:31:38 INFO] Epoch 7/50  iter 450/743  loss=0.6976  lr=5.21e-05
[10:31:51 INFO] Epoch 7/50  iter 500/743  loss=0.2984  lr=5.20e-05
[10:32:05 INFO] Epoch 7/50  iter 550/743  loss=0.2053  lr=5.19e-05
[10:32:18 INFO] Epoch 7/50  iter 600/743  loss=0.4706  lr=5.18e-05
[10:32:32 INFO] Epoch 7/50  iter 650/743  loss=0.0238  lr=5.17e-05
[10:32:45 INFO] Epoch 7/50  iter 700/743  loss=0.2323  lr=5.17e-05
[10:32:57 INFO] Epoch 7 complete — avg_loss=0.2109  time=201s
[10:33:11 INFO] Epoch 8/50  iter 50/743  loss=0.1881  lr=5.15e-05
[10:33:25 INFO] Epoch 8/50  iter 100/743  loss=0.2418  lr=5.14e-05
[10:33:38 INFO] Epoch 8/50  iter 150/743  loss=0.0984  lr=5.14e-05
[10:33:52 INFO] Epoch 8/50  iter 200/743  loss=0.1577  lr=5.13e-05
[10:34:05 INFO] Epoch 8/50  iter 250/743  loss=0.1925  lr=5.12e-05
[10:34:19 INFO] Epoch 8/50  iter 300/743  loss=0.2030  lr=5.11e-05
[10:34:32 INFO] Epoch 8/50  iter 350/743  loss=0.1945  lr=5.10e-05
[10:34:46 INFO] Epoch 8/50  iter 400/743  loss=0.2781  lr=5.10e-05
[10:34:59 INFO] Epoch 8/50  iter 450/743  loss=0.1316  lr=5.09e-05
[10:35:13 INFO] Epoch 8/50  iter 500/743  loss=0.1465  lr=5.08e-05
[10:35:26 INFO] Epoch 8/50  iter 550/743  loss=0.1795  lr=5.07e-05
[10:35:40 INFO] Epoch 8/50  iter 600/743  loss=0.0545  lr=5.06e-05
[10:35:53 INFO] Epoch 8/50  iter 650/743  loss=0.2201  lr=5.05e-05
[10:36:07 INFO] Epoch 8/50  iter 700/743  loss=0.0579  lr=5.05e-05
[10:36:18 INFO] Epoch 8 complete — avg_loss=0.2105  time=201s
[10:36:33 INFO] Epoch 9/50  iter 50/743  loss=0.1887  lr=5.03e-05
[10:36:46 INFO] Epoch 9/50  iter 100/743  loss=0.1118  lr=5.02e-05
[10:37:00 INFO] Epoch 9/50  iter 150/743  loss=0.1837  lr=5.02e-05
[10:37:13 INFO] Epoch 9/50  iter 200/743  loss=0.3068  lr=5.01e-05
[10:37:27 INFO] Epoch 9/50  iter 250/743  loss=0.2173  lr=5.00e-05
[10:37:40 INFO] Epoch 9/50  iter 300/743  loss=0.0845  lr=4.99e-05
[10:37:54 INFO] Epoch 9/50  iter 350/743  loss=0.1582  lr=4.98e-05
[10:38:07 INFO] Epoch 9/50  iter 400/743  loss=0.0920  lr=4.98e-05
[10:38:21 INFO] Epoch 9/50  iter 450/743  loss=0.1435  lr=4.97e-05
[10:38:34 INFO] Epoch 9/50  iter 500/743  loss=0.1686  lr=4.96e-05
[10:38:48 INFO] Epoch 9/50  iter 550/743  loss=0.1689  lr=4.95e-05
[10:39:01 INFO] Epoch 9/50  iter 600/743  loss=0.3364  lr=4.94e-05
[10:39:15 INFO] Epoch 9/50  iter 650/743  loss=0.1487  lr=4.93e-05
[10:39:28 INFO] Epoch 9/50  iter 700/743  loss=0.2197  lr=4.93e-05
[10:39:40 INFO] Epoch 9 complete — avg_loss=0.1992  time=201s
[10:39:55 INFO] Epoch 10/50  iter 50/743  loss=0.1986  lr=4.91e-05
[10:40:08 INFO] Epoch 10/50  iter 100/743  loss=0.1806  lr=4.90e-05
[10:40:22 INFO] Epoch 10/50  iter 150/743  loss=0.1369  lr=4.90e-05
[10:40:35 INFO] Epoch 10/50  iter 200/743  loss=0.0809  lr=4.89e-05
[10:40:49 INFO] Epoch 10/50  iter 250/743  loss=0.1158  lr=4.88e-05
[10:41:02 INFO] Epoch 10/50  iter 300/743  loss=0.0807  lr=4.87e-05
[10:41:16 INFO] Epoch 10/50  iter 350/743  loss=0.1821  lr=4.86e-05
[10:41:29 INFO] Epoch 10/50  iter 400/743  loss=0.2829  lr=4.86e-05
[10:41:43 INFO] Epoch 10/50  iter 450/743  loss=0.1975  lr=4.85e-05
[10:41:56 INFO] Epoch 10/50  iter 500/743  loss=0.1495  lr=4.84e-05
[10:42:10 INFO] Epoch 10/50  iter 550/743  loss=0.1838  lr=4.83e-05
[10:42:23 INFO] Epoch 10/50  iter 600/743  loss=0.2429  lr=4.82e-05
[10:42:37 INFO] Epoch 10/50  iter 650/743  loss=0.2575  lr=4.81e-05
[10:42:50 INFO] Epoch 10/50  iter 700/743  loss=0.1227  lr=4.81e-05
[10:43:02 INFO] Epoch 10 complete — avg_loss=0.1948  time=201s
[10:45:02 INFO]   val mIoU = 0.6729
[10:45:03 INFO]   ★ New best val mIoU: 0.6729
[10:45:18 INFO] Epoch 11/50  iter 50/743  loss=0.1407  lr=4.79e-05
[10:45:31 INFO] Epoch 11/50  iter 100/743  loss=0.2971  lr=4.78e-05
[10:45:45 INFO] Epoch 11/50  iter 150/743  loss=0.2191  lr=4.78e-05
[10:45:58 INFO] Epoch 11/50  iter 200/743  loss=0.3280  lr=4.77e-05
[10:46:12 INFO] Epoch 11/50  iter 250/743  loss=0.1629  lr=4.76e-05
[10:46:25 INFO] Epoch 11/50  iter 300/743  loss=0.2346  lr=4.75e-05
[10:46:39 INFO] Epoch 11/50  iter 350/743  loss=0.1498  lr=4.74e-05
[10:46:52 INFO] Epoch 11/50  iter 400/743  loss=0.1694  lr=4.74e-05
[10:47:06 INFO] Epoch 11/50  iter 450/743  loss=0.1377  lr=4.73e-05
[10:47:19 INFO] Epoch 11/50  iter 500/743  loss=0.0860  lr=4.72e-05
[10:47:33 INFO] Epoch 11/50  iter 550/743  loss=0.1241  lr=4.71e-05
[10:47:46 INFO] Epoch 11/50  iter 600/743  loss=0.0797  lr=4.70e-05
[10:48:00 INFO] Epoch 11/50  iter 650/743  loss=0.1539  lr=4.69e-05
[10:48:13 INFO] Epoch 11/50  iter 700/743  loss=0.2502  lr=4.69e-05
[10:48:25 INFO] Epoch 11 complete — avg_loss=0.1833  time=201s
[10:48:39 INFO] Epoch 12/50  iter 50/743  loss=0.0963  lr=4.67e-05
[10:48:53 INFO] Epoch 12/50  iter 100/743  loss=0.1914  lr=4.66e-05
[10:49:06 INFO] Epoch 12/50  iter 150/743  loss=0.1347  lr=4.66e-05
[10:49:20 INFO] Epoch 12/50  iter 200/743  loss=0.1163  lr=4.65e-05
[10:49:33 INFO] Epoch 12/50  iter 250/743  loss=0.1730  lr=4.64e-05
[10:49:47 INFO] Epoch 12/50  iter 300/743  loss=0.0901  lr=4.63e-05
[10:50:00 INFO] Epoch 12/50  iter 350/743  loss=0.2416  lr=4.62e-05
[10:50:14 INFO] Epoch 12/50  iter 400/743  loss=0.1038  lr=4.62e-05
[10:50:27 INFO] Epoch 12/50  iter 450/743  loss=0.1246  lr=4.61e-05
[10:50:41 INFO] Epoch 12/50  iter 500/743  loss=0.0872  lr=4.60e-05
[10:50:54 INFO] Epoch 12/50  iter 550/743  loss=0.1410  lr=4.59e-05
[10:51:08 INFO] Epoch 12/50  iter 600/743  loss=0.1098  lr=4.58e-05
[10:51:21 INFO] Epoch 12/50  iter 650/743  loss=0.2316  lr=4.57e-05
[10:51:35 INFO] Epoch 12/50  iter 700/743  loss=0.1209  lr=4.57e-05
[10:51:47 INFO] Epoch 12 complete — avg_loss=0.1755  time=201s
[10:52:01 INFO] Epoch 13/50  iter 50/743  loss=0.0678  lr=4.55e-05
[10:52:15 INFO] Epoch 13/50  iter 100/743  loss=0.1398  lr=4.54e-05
[10:52:28 INFO] Epoch 13/50  iter 150/743  loss=0.0866  lr=4.54e-05
[10:52:42 INFO] Epoch 13/50  iter 200/743  loss=0.0286  lr=4.53e-05
[10:52:55 INFO] Epoch 13/50  iter 250/743  loss=0.2029  lr=4.52e-05
[10:53:09 INFO] Epoch 13/50  iter 300/743  loss=0.1893  lr=4.51e-05
[10:53:22 INFO] Epoch 13/50  iter 350/743  loss=0.1265  lr=4.50e-05
[10:53:36 INFO] Epoch 13/50  iter 400/743  loss=0.2250  lr=4.50e-05
[10:53:49 INFO] Epoch 13/50  iter 450/743  loss=0.0473  lr=4.49e-05
[10:54:03 INFO] Epoch 13/50  iter 500/743  loss=0.2744  lr=4.48e-05
[10:54:16 INFO] Epoch 13/50  iter 550/743  loss=0.1282  lr=4.47e-05
[10:54:30 INFO] Epoch 13/50  iter 600/743  loss=0.1494  lr=4.46e-05
[10:54:43 INFO] Epoch 13/50  iter 650/743  loss=0.1178  lr=4.45e-05
[10:54:57 INFO] Epoch 13/50  iter 700/743  loss=0.1574  lr=4.45e-05
[10:55:08 INFO] Epoch 13 complete — avg_loss=0.1708  time=201s
[10:55:23 INFO] Epoch 14/50  iter 50/743  loss=0.1724  lr=4.43e-05
[10:55:37 INFO] Epoch 14/50  iter 100/743  loss=0.1668  lr=4.42e-05
[10:55:50 INFO] Epoch 14/50  iter 150/743  loss=0.1715  lr=4.42e-05
[10:56:03 INFO] Epoch 14/50  iter 200/743  loss=0.0916  lr=4.41e-05
[10:56:17 INFO] Epoch 14/50  iter 250/743  loss=0.1691  lr=4.40e-05
[10:56:31 INFO] Epoch 14/50  iter 300/743  loss=0.1933  lr=4.39e-05
[10:56:44 INFO] Epoch 14/50  iter 350/743  loss=0.1053  lr=4.38e-05
[10:56:58 INFO] Epoch 14/50  iter 400/743  loss=0.0705  lr=4.38e-05
[10:57:11 INFO] Epoch 14/50  iter 450/743  loss=0.1616  lr=4.37e-05
[10:57:25 INFO] Epoch 14/50  iter 500/743  loss=0.0988  lr=4.36e-05
[10:57:38 INFO] Epoch 14/50  iter 550/743  loss=0.0305  lr=4.35e-05
[10:57:52 INFO] Epoch 14/50  iter 600/743  loss=0.1245  lr=4.34e-05
[10:58:05 INFO] Epoch 14/50  iter 650/743  loss=0.1448  lr=4.33e-05
[10:58:18 INFO] Epoch 14/50  iter 700/743  loss=0.1764  lr=4.33e-05
[10:58:30 INFO] Epoch 14 complete — avg_loss=0.1755  time=201s
[10:58:45 INFO] Epoch 15/50  iter 50/743  loss=0.1377  lr=4.31e-05
[10:58:58 INFO] Epoch 15/50  iter 100/743  loss=0.1236  lr=4.30e-05
[10:59:12 INFO] Epoch 15/50  iter 150/743  loss=0.1564  lr=4.30e-05
[10:59:25 INFO] Epoch 15/50  iter 200/743  loss=0.1465  lr=4.29e-05
[10:59:39 INFO] Epoch 15/50  iter 250/743  loss=0.1082  lr=4.28e-05
[10:59:52 INFO] Epoch 15/50  iter 300/743  loss=0.1767  lr=4.27e-05
[11:00:06 INFO] Epoch 15/50  iter 350/743  loss=0.1501  lr=4.26e-05
[11:00:19 INFO] Epoch 15/50  iter 400/743  loss=0.1791  lr=4.26e-05
[11:00:33 INFO] Epoch 15/50  iter 450/743  loss=0.1309  lr=4.25e-05
[11:00:46 INFO] Epoch 15/50  iter 500/743  loss=0.1455  lr=4.24e-05
[11:01:00 INFO] Epoch 15/50  iter 550/743  loss=0.0785  lr=4.23e-05
[11:01:13 INFO] Epoch 15/50  iter 600/743  loss=0.1774  lr=4.22e-05
[11:01:27 INFO] Epoch 15/50  iter 650/743  loss=0.1848  lr=4.21e-05
[11:01:40 INFO] Epoch 15/50  iter 700/743  loss=0.1419  lr=4.21e-05
[11:01:52 INFO] Epoch 15 complete — avg_loss=0.1675  time=201s
[11:03:51 INFO]   val mIoU = 0.7296
[11:03:52 INFO]   ★ New best val mIoU: 0.7296
[11:04:07 INFO] Epoch 16/50  iter 50/743  loss=0.2022  lr=4.19e-05
[11:04:20 INFO] Epoch 16/50  iter 100/743  loss=0.1291  lr=4.18e-05
[11:04:33 INFO] Epoch 16/50  iter 150/743  loss=0.1209  lr=4.18e-05
[11:04:47 INFO] Epoch 16/50  iter 200/743  loss=0.0924  lr=4.17e-05
[11:05:00 INFO] Epoch 16/50  iter 250/743  loss=0.2582  lr=4.16e-05
[11:05:13 INFO] Epoch 16/50  iter 300/743  loss=0.1493  lr=4.15e-05
[11:05:27 INFO] Epoch 16/50  iter 350/743  loss=0.1248  lr=4.14e-05
[11:05:40 INFO] Epoch 16/50  iter 400/743  loss=0.0980  lr=4.14e-05
[11:05:54 INFO] Epoch 16/50  iter 450/743  loss=0.2320  lr=4.13e-05
[11:06:07 INFO] Epoch 16/50  iter 500/743  loss=0.1424  lr=4.12e-05
[11:06:21 INFO] Epoch 16/50  iter 550/743  loss=0.1068  lr=4.11e-05
[11:06:34 INFO] Epoch 16/50  iter 600/743  loss=0.1645  lr=4.10e-05
[11:06:47 INFO] Epoch 16/50  iter 650/743  loss=0.1333  lr=4.09e-05
[11:07:01 INFO] Epoch 16/50  iter 700/743  loss=0.0533  lr=4.09e-05
[11:07:12 INFO] Epoch 16 complete — avg_loss=0.1649  time=200s
[11:07:27 INFO] Epoch 17/50  iter 50/743  loss=0.0616  lr=4.07e-05
[11:07:40 INFO] Epoch 17/50  iter 100/743  loss=0.1476  lr=4.06e-05
[11:07:54 INFO] Epoch 17/50  iter 150/743  loss=0.2262  lr=4.06e-05
[11:08:07 INFO] Epoch 17/50  iter 200/743  loss=0.0957  lr=4.05e-05
[11:08:21 INFO] Epoch 17/50  iter 250/743  loss=0.1839  lr=4.04e-05
[11:08:34 INFO] Epoch 17/50  iter 300/743  loss=0.1599  lr=4.03e-05
[11:08:48 INFO] Epoch 17/50  iter 350/743  loss=0.0880  lr=4.02e-05
[11:09:01 INFO] Epoch 17/50  iter 400/743  loss=0.1010  lr=4.02e-05
[11:09:14 INFO] Epoch 17/50  iter 450/743  loss=0.1943  lr=4.01e-05
[11:09:28 INFO] Epoch 17/50  iter 500/743  loss=0.1140  lr=4.00e-05
[11:09:41 INFO] Epoch 17/50  iter 550/743  loss=0.2016  lr=3.99e-05
[11:09:55 INFO] Epoch 17/50  iter 600/743  loss=0.0680  lr=3.98e-05
[11:10:08 INFO] Epoch 17/50  iter 650/743  loss=0.1339  lr=3.97e-05
[11:10:21 INFO] Epoch 17/50  iter 700/743  loss=0.1046  lr=3.97e-05
[11:10:33 INFO] Epoch 17 complete — avg_loss=0.1627  time=200s
[11:10:48 INFO] Epoch 18/50  iter 50/743  loss=0.1692  lr=3.95e-05
[11:11:01 INFO] Epoch 18/50  iter 100/743  loss=0.1726  lr=3.94e-05
[11:11:14 INFO] Epoch 18/50  iter 150/743  loss=0.1411  lr=3.94e-05
[11:11:28 INFO] Epoch 18/50  iter 200/743  loss=0.1039  lr=3.93e-05
[11:11:41 INFO] Epoch 18/50  iter 250/743  loss=0.1074  lr=3.92e-05
[11:11:55 INFO] Epoch 18/50  iter 300/743  loss=0.2279  lr=3.91e-05
[11:12:08 INFO] Epoch 18/50  iter 350/743  loss=0.6982  lr=3.90e-05
[11:12:21 INFO] Epoch 18/50  iter 400/743  loss=0.1239  lr=3.90e-05
[11:12:35 INFO] Epoch 18/50  iter 450/743  loss=0.3857  lr=3.89e-05
[11:12:48 INFO] Epoch 18/50  iter 500/743  loss=0.1002  lr=3.88e-05
[11:13:02 INFO] Epoch 18/50  iter 550/743  loss=0.1219  lr=3.87e-05
[11:13:15 INFO] Epoch 18/50  iter 600/743  loss=0.9810  lr=3.86e-05
[11:13:28 INFO] Epoch 18/50  iter 650/743  loss=0.1658  lr=3.85e-05
[11:13:42 INFO] Epoch 18/50  iter 700/743  loss=0.1155  lr=3.85e-05
[11:13:53 INFO] Epoch 18 complete — avg_loss=0.1578  time=200s
[11:14:08 INFO] Epoch 19/50  iter 50/743  loss=0.1115  lr=3.83e-05
[11:14:21 INFO] Epoch 19/50  iter 100/743  loss=0.1796  lr=3.82e-05
[11:14:35 INFO] Epoch 19/50  iter 150/743  loss=0.1962  lr=3.82e-05
[11:14:48 INFO] Epoch 19/50  iter 200/743  loss=0.1694  lr=3.81e-05
[11:15:02 INFO] Epoch 19/50  iter 250/743  loss=0.0887  lr=3.80e-05
[11:15:15 INFO] Epoch 19/50  iter 300/743  loss=0.1187  lr=3.79e-05
[11:15:29 INFO] Epoch 19/50  iter 350/743  loss=0.1807  lr=3.78e-05
[11:15:42 INFO] Epoch 19/50  iter 400/743  loss=0.2791  lr=3.78e-05
[11:15:56 INFO] Epoch 19/50  iter 450/743  loss=0.1341  lr=3.77e-05
[11:16:09 INFO] Epoch 19/50  iter 500/743  loss=0.0864  lr=3.76e-05
[11:16:22 INFO] Epoch 19/50  iter 550/743  loss=0.1051  lr=3.75e-05
[11:16:36 INFO] Epoch 19/50  iter 600/743  loss=0.1217  lr=3.74e-05
[11:16:49 INFO] Epoch 19/50  iter 650/743  loss=0.1766  lr=3.73e-05
[11:17:03 INFO] Epoch 19/50  iter 700/743  loss=0.1422  lr=3.73e-05
[11:17:14 INFO] Epoch 19 complete — avg_loss=0.1600  time=200s
[11:17:29 INFO] Epoch 20/50  iter 50/743  loss=0.1312  lr=3.71e-05
[11:17:42 INFO] Epoch 20/50  iter 100/743  loss=0.0711  lr=3.70e-05
[11:17:56 INFO] Epoch 20/50  iter 150/743  loss=0.0662  lr=3.70e-05
[11:18:09 INFO] Epoch 20/50  iter 200/743  loss=0.1219  lr=3.69e-05
[11:18:23 INFO] Epoch 20/50  iter 250/743  loss=0.1243  lr=3.68e-05
[11:18:36 INFO] Epoch 20/50  iter 300/743  loss=0.0690  lr=3.67e-05
[11:18:50 INFO] Epoch 20/50  iter 350/743  loss=0.1491  lr=3.66e-05
[11:19:03 INFO] Epoch 20/50  iter 400/743  loss=0.0992  lr=3.66e-05
[11:19:16 INFO] Epoch 20/50  iter 450/743  loss=0.1813  lr=3.65e-05
[11:19:30 INFO] Epoch 20/50  iter 500/743  loss=0.1607  lr=3.64e-05
[11:19:43 INFO] Epoch 20/50  iter 550/743  loss=0.1231  lr=3.63e-05
[11:19:57 INFO] Epoch 20/50  iter 600/743  loss=0.0812  lr=3.62e-05
[11:20:10 INFO] Epoch 20/50  iter 650/743  loss=0.1151  lr=3.61e-05
[11:20:23 INFO] Epoch 20/50  iter 700/743  loss=0.1780  lr=3.61e-05
[11:20:35 INFO] Epoch 20 complete — avg_loss=0.1506  time=200s
[11:22:34 INFO]   val mIoU = 0.7396
[11:22:35 INFO]   ★ New best val mIoU: 0.7396
[11:22:49 INFO] Epoch 21/50  iter 50/743  loss=0.0943  lr=3.59e-05
[11:23:03 INFO] Epoch 21/50  iter 100/743  loss=0.1062  lr=3.58e-05
[11:23:16 INFO] Epoch 21/50  iter 150/743  loss=0.4382  lr=3.58e-05
[11:23:30 INFO] Epoch 21/50  iter 200/743  loss=0.1388  lr=3.57e-05
[11:23:43 INFO] Epoch 21/50  iter 250/743  loss=0.1465  lr=3.56e-05
[11:23:56 INFO] Epoch 21/50  iter 300/743  loss=0.1129  lr=3.55e-05
[11:24:10 INFO] Epoch 21/50  iter 350/743  loss=0.0742  lr=3.54e-05
[11:24:23 INFO] Epoch 21/50  iter 400/743  loss=0.2016  lr=3.54e-05
[11:24:37 INFO] Epoch 21/50  iter 450/743  loss=0.3242  lr=3.53e-05
[11:24:50 INFO] Epoch 21/50  iter 500/743  loss=0.2142  lr=3.52e-05
[11:25:03 INFO] Epoch 21/50  iter 550/743  loss=0.1056  lr=3.51e-05
[11:25:17 INFO] Epoch 21/50  iter 600/743  loss=0.1193  lr=3.50e-05
[11:25:30 INFO] Epoch 21/50  iter 650/743  loss=0.2312  lr=3.49e-05
[11:25:44 INFO] Epoch 21/50  iter 700/743  loss=0.0863  lr=3.49e-05
[11:25:55 INFO] Epoch 21 complete — avg_loss=0.1499  time=200s
[11:26:10 INFO] Epoch 22/50  iter 50/743  loss=0.1471  lr=3.47e-05
[11:26:23 INFO] Epoch 22/50  iter 100/743  loss=0.0432  lr=3.46e-05
[11:26:37 INFO] Epoch 22/50  iter 150/743  loss=0.1338  lr=3.46e-05
[11:26:50 INFO] Epoch 22/50  iter 200/743  loss=0.0739  lr=3.45e-05
[11:27:04 INFO] Epoch 22/50  iter 250/743  loss=0.1139  lr=3.44e-05
[11:27:17 INFO] Epoch 22/50  iter 300/743  loss=0.1114  lr=3.43e-05
[11:27:31 INFO] Epoch 22/50  iter 350/743  loss=0.0548  lr=3.42e-05
[11:27:44 INFO] Epoch 22/50  iter 400/743  loss=0.2259  lr=3.42e-05
[11:27:57 INFO] Epoch 22/50  iter 450/743  loss=0.2589  lr=3.41e-05
[11:28:11 INFO] Epoch 22/50  iter 500/743  loss=0.1644  lr=3.40e-05
[11:28:24 INFO] Epoch 22/50  iter 550/743  loss=0.1757  lr=3.39e-05
[11:28:38 INFO] Epoch 22/50  iter 600/743  loss=0.1058  lr=3.38e-05
[11:28:51 INFO] Epoch 22/50  iter 650/743  loss=0.1755  lr=3.37e-05
[11:29:05 INFO] Epoch 22/50  iter 700/743  loss=0.1673  lr=3.37e-05
[11:29:16 INFO] Epoch 22 complete — avg_loss=0.1423  time=200s
[11:29:31 INFO] Epoch 23/50  iter 50/743  loss=0.0915  lr=3.35e-05
[11:29:44 INFO] Epoch 23/50  iter 100/743  loss=1.3188  lr=3.34e-05
[11:29:58 INFO] Epoch 23/50  iter 150/743  loss=0.2518  lr=3.34e-05
[11:30:11 INFO] Epoch 23/50  iter 200/743  loss=0.0993  lr=3.33e-05
[11:30:25 INFO] Epoch 23/50  iter 250/743  loss=0.1373  lr=3.32e-05
[11:30:38 INFO] Epoch 23/50  iter 300/743  loss=0.4602  lr=3.31e-05
[11:30:52 INFO] Epoch 23/50  iter 350/743  loss=0.1569  lr=3.30e-05
[11:31:05 INFO] Epoch 23/50  iter 400/743  loss=0.1372  lr=3.30e-05
[11:31:18 INFO] Epoch 23/50  iter 450/743  loss=0.1404  lr=3.29e-05
[11:31:32 INFO] Epoch 23/50  iter 500/743  loss=0.1048  lr=3.28e-05
[11:31:45 INFO] Epoch 23/50  iter 550/743  loss=0.0829  lr=3.27e-05
[11:31:59 INFO] Epoch 23/50  iter 600/743  loss=0.1737  lr=3.26e-05
[11:32:12 INFO] Epoch 23/50  iter 650/743  loss=0.1270  lr=3.25e-05
[11:32:26 INFO] Epoch 23/50  iter 700/743  loss=0.1406  lr=3.25e-05
[11:32:37 INFO] Epoch 23 complete — avg_loss=0.1475  time=200s
[11:32:52 INFO] Epoch 24/50  iter 50/743  loss=0.1074  lr=3.23e-05
[11:33:05 INFO] Epoch 24/50  iter 100/743  loss=0.0951  lr=3.22e-05
[11:33:19 INFO] Epoch 24/50  iter 150/743  loss=0.1852  lr=3.22e-05
[11:33:32 INFO] Epoch 24/50  iter 200/743  loss=0.1025  lr=3.21e-05
[11:33:46 INFO] Epoch 24/50  iter 250/743  loss=0.1077  lr=3.20e-05
[11:33:59 INFO] Epoch 24/50  iter 300/743  loss=0.1162  lr=3.19e-05
[11:34:13 INFO] Epoch 24/50  iter 350/743  loss=0.0792  lr=3.18e-05
[11:34:26 INFO] Epoch 24/50  iter 400/743  loss=0.1069  lr=3.18e-05
[11:34:40 INFO] Epoch 24/50  iter 450/743  loss=0.0595  lr=3.17e-05
[11:34:53 INFO] Epoch 24/50  iter 500/743  loss=0.2323  lr=3.16e-05
[11:35:07 INFO] Epoch 24/50  iter 550/743  loss=0.3288  lr=3.15e-05
[11:35:20 INFO] Epoch 24/50  iter 600/743  loss=0.2932  lr=3.14e-05
[11:35:33 INFO] Epoch 24/50  iter 650/743  loss=0.0766  lr=3.13e-05
[11:35:47 INFO] Epoch 24/50  iter 700/743  loss=0.1668  lr=3.13e-05
[11:35:58 INFO] Epoch 24 complete — avg_loss=0.1454  time=200s
[11:36:13 INFO] Epoch 25/50  iter 50/743  loss=0.1564  lr=3.11e-05
[11:36:27 INFO] Epoch 25/50  iter 100/743  loss=0.0505  lr=3.10e-05
[11:36:40 INFO] Epoch 25/50  iter 150/743  loss=0.1657  lr=3.10e-05
[11:36:53 INFO] Epoch 25/50  iter 200/743  loss=0.1569  lr=3.09e-05
[11:37:07 INFO] Epoch 25/50  iter 250/743  loss=0.0993  lr=3.08e-05
[11:37:20 INFO] Epoch 25/50  iter 300/743  loss=0.1185  lr=3.07e-05
[11:37:34 INFO] Epoch 25/50  iter 350/743  loss=0.2833  lr=3.06e-05
[11:37:47 INFO] Epoch 25/50  iter 400/743  loss=0.0992  lr=3.06e-05
[11:38:01 INFO] Epoch 25/50  iter 450/743  loss=0.1243  lr=3.05e-05
[11:38:14 INFO] Epoch 25/50  iter 500/743  loss=0.0332  lr=3.04e-05
[11:38:28 INFO] Epoch 25/50  iter 550/743  loss=0.1398  lr=3.03e-05
[11:38:41 INFO] Epoch 25/50  iter 600/743  loss=0.1387  lr=3.02e-05
[11:38:54 INFO] Epoch 25/50  iter 650/743  loss=0.3928  lr=3.01e-05
[11:39:08 INFO] Epoch 25/50  iter 700/743  loss=0.0926  lr=3.01e-05
[11:39:19 INFO] Epoch 25 complete — avg_loss=0.1444  time=200s
[11:41:19 INFO]   val mIoU = 0.7460
[11:41:20 INFO]   ★ New best val mIoU: 0.7460
[11:41:35 INFO] Epoch 26/50  iter 50/743  loss=0.1319  lr=2.99e-05
[11:41:48 INFO] Epoch 26/50  iter 100/743  loss=0.0810  lr=2.98e-05
[11:42:01 INFO] Epoch 26/50  iter 150/743  loss=0.1273  lr=2.98e-05
[11:42:15 INFO] Epoch 26/50  iter 200/743  loss=0.1750  lr=2.97e-05
[11:42:28 INFO] Epoch 26/50  iter 250/743  loss=0.1978  lr=2.96e-05
[11:42:41 INFO] Epoch 26/50  iter 300/743  loss=0.2391  lr=2.95e-05
[11:42:55 INFO] Epoch 26/50  iter 350/743  loss=0.2862  lr=2.94e-05
[11:43:08 INFO] Epoch 26/50  iter 400/743  loss=0.1339  lr=2.94e-05
[11:43:22 INFO] Epoch 26/50  iter 450/743  loss=0.1898  lr=2.93e-05
[11:43:35 INFO] Epoch 26/50  iter 500/743  loss=0.2468  lr=2.92e-05
[11:43:48 INFO] Epoch 26/50  iter 550/743  loss=0.1466  lr=2.91e-05
[11:44:02 INFO] Epoch 26/50  iter 600/743  loss=0.1319  lr=2.90e-05
[11:44:15 INFO] Epoch 26/50  iter 650/743  loss=0.1329  lr=2.89e-05
[11:44:28 INFO] Epoch 26/50  iter 700/743  loss=0.1623  lr=2.89e-05
[11:44:40 INFO] Epoch 26 complete — avg_loss=0.1514  time=199s
[11:44:55 INFO] Epoch 27/50  iter 50/743  loss=0.1322  lr=2.87e-05
[11:45:08 INFO] Epoch 27/50  iter 100/743  loss=0.1289  lr=2.86e-05
[11:45:22 INFO] Epoch 27/50  iter 150/743  loss=0.1360  lr=2.86e-05
[11:45:35 INFO] Epoch 27/50  iter 200/743  loss=0.0845  lr=2.85e-05
[11:45:49 INFO] Epoch 27/50  iter 250/743  loss=0.1161  lr=2.84e-05
[11:46:02 INFO] Epoch 27/50  iter 300/743  loss=0.3647  lr=2.83e-05
[11:46:15 INFO] Epoch 27/50  iter 350/743  loss=0.1619  lr=2.82e-05
[11:46:29 INFO] Epoch 27/50  iter 400/743  loss=0.1794  lr=2.82e-05
[11:46:42 INFO] Epoch 27/50  iter 450/743  loss=0.0612  lr=2.81e-05
[11:46:56 INFO] Epoch 27/50  iter 500/743  loss=0.2044  lr=2.80e-05
[11:47:09 INFO] Epoch 27/50  iter 550/743  loss=0.1382  lr=2.79e-05
[11:47:23 INFO] Epoch 27/50  iter 600/743  loss=0.0885  lr=2.78e-05
[11:47:36 INFO] Epoch 27/50  iter 650/743  loss=0.1384  lr=2.77e-05
[11:47:49 INFO] Epoch 27/50  iter 700/743  loss=0.1100  lr=2.77e-05
[11:48:01 INFO] Epoch 27 complete — avg_loss=0.1383  time=200s
[11:48:16 INFO] Epoch 28/50  iter 50/743  loss=0.1241  lr=2.75e-05
[11:48:29 INFO] Epoch 28/50  iter 100/743  loss=0.1341  lr=2.74e-05
[11:48:43 INFO] Epoch 28/50  iter 150/743  loss=0.1117  lr=2.74e-05
[11:48:56 INFO] Epoch 28/50  iter 200/743  loss=0.1372  lr=2.73e-05
[11:49:09 INFO] Epoch 28/50  iter 250/743  loss=0.1205  lr=2.72e-05
[11:49:23 INFO] Epoch 28/50  iter 300/743  loss=0.2266  lr=2.71e-05
[11:49:36 INFO] Epoch 28/50  iter 350/743  loss=0.1424  lr=2.70e-05
[11:49:50 INFO] Epoch 28/50  iter 400/743  loss=0.1050  lr=2.70e-05
[11:50:03 INFO] Epoch 28/50  iter 450/743  loss=0.1073  lr=2.69e-05
[11:50:17 INFO] Epoch 28/50  iter 500/743  loss=0.1426  lr=2.68e-05
[11:50:30 INFO] Epoch 28/50  iter 550/743  loss=0.1789  lr=2.67e-05
[11:50:43 INFO] Epoch 28/50  iter 600/743  loss=0.3532  lr=2.66e-05
[11:50:57 INFO] Epoch 28/50  iter 650/743  loss=0.0696  lr=2.65e-05
[11:51:10 INFO] Epoch 28/50  iter 700/743  loss=0.1125  lr=2.65e-05
[11:51:22 INFO] Epoch 28 complete — avg_loss=0.1354  time=200s
[11:51:37 INFO] Epoch 29/50  iter 50/743  loss=0.1684  lr=2.63e-05
[11:51:50 INFO] Epoch 29/50  iter 100/743  loss=0.1492  lr=2.62e-05
[11:52:03 INFO] Epoch 29/50  iter 150/743  loss=0.1188  lr=2.62e-05
[11:52:17 INFO] Epoch 29/50  iter 200/743  loss=0.1218  lr=2.61e-05
[11:52:30 INFO] Epoch 29/50  iter 250/743  loss=0.0769  lr=2.60e-05
[11:52:44 INFO] Epoch 29/50  iter 300/743  loss=0.1402  lr=2.59e-05
[11:52:57 INFO] Epoch 29/50  iter 350/743  loss=0.1587  lr=2.58e-05
[11:53:11 INFO] Epoch 29/50  iter 400/743  loss=0.1218  lr=2.58e-05
[11:53:24 INFO] Epoch 29/50  iter 450/743  loss=0.1417  lr=2.57e-05
[11:53:38 INFO] Epoch 29/50  iter 500/743  loss=0.0607  lr=2.56e-05
[11:53:51 INFO] Epoch 29/50  iter 550/743  loss=0.1944  lr=2.55e-05
[11:54:04 INFO] Epoch 29/50  iter 600/743  loss=0.0605  lr=2.54e-05
[11:54:18 INFO] Epoch 29/50  iter 650/743  loss=0.0965  lr=2.53e-05
[11:54:31 INFO] Epoch 29/50  iter 700/743  loss=0.0897  lr=2.53e-05
[11:54:43 INFO] Epoch 29 complete — avg_loss=0.1409  time=200s
[11:54:58 INFO] Epoch 30/50  iter 50/743  loss=0.1963  lr=2.51e-05
[11:55:11 INFO] Epoch 30/50  iter 100/743  loss=0.0767  lr=2.50e-05
[11:55:24 INFO] Epoch 30/50  iter 150/743  loss=0.0357  lr=2.50e-05
[11:55:38 INFO] Epoch 30/50  iter 200/743  loss=0.0596  lr=2.49e-05
[11:55:51 INFO] Epoch 30/50  iter 250/743  loss=0.0669  lr=2.48e-05
[11:56:05 INFO] Epoch 30/50  iter 300/743  loss=0.1317  lr=2.47e-05
[11:56:18 INFO] Epoch 30/50  iter 350/743  loss=0.0686  lr=2.46e-05
[11:56:32 INFO] Epoch 30/50  iter 400/743  loss=0.1318  lr=2.46e-05
[11:56:45 INFO] Epoch 30/50  iter 450/743  loss=0.0620  lr=2.45e-05
[11:56:59 INFO] Epoch 30/50  iter 500/743  loss=0.0859  lr=2.44e-05
[11:57:12 INFO] Epoch 30/50  iter 550/743  loss=0.2101  lr=2.43e-05
[11:57:25 INFO] Epoch 30/50  iter 600/743  loss=0.0889  lr=2.42e-05
[11:57:39 INFO] Epoch 30/50  iter 650/743  loss=0.1517  lr=2.41e-05
[11:57:52 INFO] Epoch 30/50  iter 700/743  loss=0.1218  lr=2.41e-05
[11:58:04 INFO] Epoch 30 complete — avg_loss=0.1384  time=200s
[12:00:05 INFO]   val mIoU = 0.7579
[12:00:05 INFO]   ★ New best val mIoU: 0.7579
[12:00:20 INFO] Epoch 31/50  iter 50/743  loss=0.1158  lr=2.39e-05
[12:00:33 INFO] Epoch 31/50  iter 100/743  loss=0.1382  lr=2.38e-05
[12:00:47 INFO] Epoch 31/50  iter 150/743  loss=0.1545  lr=2.38e-05
[12:01:00 INFO] Epoch 31/50  iter 200/743  loss=0.4926  lr=2.37e-05
[12:01:14 INFO] Epoch 31/50  iter 250/743  loss=0.0967  lr=2.36e-05
[12:01:27 INFO] Epoch 31/50  iter 300/743  loss=0.4028  lr=2.35e-05
[12:01:40 INFO] Epoch 31/50  iter 350/743  loss=0.2606  lr=2.34e-05
[12:01:54 INFO] Epoch 31/50  iter 400/743  loss=0.0637  lr=2.34e-05
[12:02:07 INFO] Epoch 31/50  iter 450/743  loss=0.1542  lr=2.33e-05
[12:02:20 INFO] Epoch 31/50  iter 500/743  loss=0.1042  lr=2.32e-05
[12:02:34 INFO] Epoch 31/50  iter 550/743  loss=0.4126  lr=2.31e-05
[12:02:47 INFO] Epoch 31/50  iter 600/743  loss=0.0862  lr=2.30e-05
[12:03:01 INFO] Epoch 31/50  iter 650/743  loss=0.1379  lr=2.29e-05
[12:03:14 INFO] Epoch 31/50  iter 700/743  loss=0.0879  lr=2.29e-05
[12:03:26 INFO] Epoch 31 complete — avg_loss=0.1339  time=199s
[12:03:40 INFO] Epoch 32/50  iter 50/743  loss=0.1440  lr=2.27e-05
[12:03:54 INFO] Epoch 32/50  iter 100/743  loss=0.1774  lr=2.26e-05
[12:04:07 INFO] Epoch 32/50  iter 150/743  loss=0.0829  lr=2.26e-05
[12:04:21 INFO] Epoch 32/50  iter 200/743  loss=0.1043  lr=2.25e-05
[12:04:34 INFO] Epoch 32/50  iter 250/743  loss=0.1302  lr=2.24e-05
[12:04:47 INFO] Epoch 32/50  iter 300/743  loss=0.0362  lr=2.23e-05
[12:05:01 INFO] Epoch 32/50  iter 350/743  loss=0.2057  lr=2.22e-05
[12:05:14 INFO] Epoch 32/50  iter 400/743  loss=0.1011  lr=2.22e-05
[12:05:28 INFO] Epoch 32/50  iter 450/743  loss=0.0738  lr=2.21e-05
[12:05:41 INFO] Epoch 32/50  iter 500/743  loss=0.1513  lr=2.20e-05
[12:05:54 INFO] Epoch 32/50  iter 550/743  loss=0.0701  lr=2.19e-05
[12:06:08 INFO] Epoch 32/50  iter 600/743  loss=0.1144  lr=2.18e-05
[12:06:21 INFO] Epoch 32/50  iter 650/743  loss=0.1300  lr=2.17e-05
[12:06:35 INFO] Epoch 32/50  iter 700/743  loss=0.1662  lr=2.17e-05
[12:06:46 INFO] Epoch 32 complete — avg_loss=0.1300  time=200s
[12:07:01 INFO] Epoch 33/50  iter 50/743  loss=0.1350  lr=2.15e-05
[12:07:14 INFO] Epoch 33/50  iter 100/743  loss=0.0846  lr=2.14e-05
[12:07:28 INFO] Epoch 33/50  iter 150/743  loss=0.0944  lr=2.14e-05
[12:07:41 INFO] Epoch 33/50  iter 200/743  loss=0.0553  lr=2.13e-05
[12:07:55 INFO] Epoch 33/50  iter 250/743  loss=0.0567  lr=2.12e-05
[12:08:08 INFO] Epoch 33/50  iter 300/743  loss=0.1098  lr=2.11e-05
[12:08:22 INFO] Epoch 33/50  iter 350/743  loss=0.1922  lr=2.10e-05
[12:08:35 INFO] Epoch 33/50  iter 400/743  loss=0.1574  lr=2.10e-05
[12:08:48 INFO] Epoch 33/50  iter 450/743  loss=0.1566  lr=2.09e-05
[12:09:02 INFO] Epoch 33/50  iter 500/743  loss=0.0866  lr=2.08e-05
[12:09:15 INFO] Epoch 33/50  iter 550/743  loss=0.1006  lr=2.07e-05
[12:09:29 INFO] Epoch 33/50  iter 600/743  loss=0.0519  lr=2.06e-05
[12:09:42 INFO] Epoch 33/50  iter 650/743  loss=0.0912  lr=2.05e-05
[12:09:56 INFO] Epoch 33/50  iter 700/743  loss=0.0481  lr=2.05e-05
[12:10:07 INFO] Epoch 33 complete — avg_loss=0.1329  time=200s
[12:10:22 INFO] Epoch 34/50  iter 50/743  loss=0.0408  lr=2.03e-05
[12:10:35 INFO] Epoch 34/50  iter 100/743  loss=0.1239  lr=2.02e-05
[12:10:49 INFO] Epoch 34/50  iter 150/743  loss=0.1269  lr=2.02e-05
[12:11:02 INFO] Epoch 34/50  iter 200/743  loss=0.1395  lr=2.01e-05
[12:11:16 INFO] Epoch 34/50  iter 250/743  loss=0.1668  lr=2.00e-05
[12:11:29 INFO] Epoch 34/50  iter 300/743  loss=0.1769  lr=1.99e-05
[12:11:43 INFO] Epoch 34/50  iter 350/743  loss=0.2060  lr=1.98e-05
[12:11:56 INFO] Epoch 34/50  iter 400/743  loss=0.1176  lr=1.98e-05
[12:12:09 INFO] Epoch 34/50  iter 450/743  loss=0.1036  lr=1.97e-05
[12:12:23 INFO] Epoch 34/50  iter 500/743  loss=0.1314  lr=1.96e-05
[12:12:36 INFO] Epoch 34/50  iter 550/743  loss=0.1296  lr=1.95e-05
[12:12:50 INFO] Epoch 34/50  iter 600/743  loss=0.3349  lr=1.94e-05
[12:13:03 INFO] Epoch 34/50  iter 650/743  loss=0.1120  lr=1.93e-05
[12:13:17 INFO] Epoch 34/50  iter 700/743  loss=0.0697  lr=1.93e-05
[12:13:28 INFO] Epoch 34 complete — avg_loss=0.1329  time=200s
[12:13:43 INFO] Epoch 35/50  iter 50/743  loss=0.0743  lr=1.91e-05
[12:13:56 INFO] Epoch 35/50  iter 100/743  loss=0.1653  lr=1.90e-05
[12:14:10 INFO] Epoch 35/50  iter 150/743  loss=0.1356  lr=1.90e-05
[12:14:23 INFO] Epoch 35/50  iter 200/743  loss=0.1350  lr=1.89e-05
[12:14:37 INFO] Epoch 35/50  iter 250/743  loss=0.0877  lr=1.88e-05
[12:14:50 INFO] Epoch 35/50  iter 300/743  loss=0.1552  lr=1.87e-05
[12:15:03 INFO] Epoch 35/50  iter 350/743  loss=0.0964  lr=1.86e-05
[12:15:17 INFO] Epoch 35/50  iter 400/743  loss=0.0868  lr=1.86e-05
[12:15:30 INFO] Epoch 35/50  iter 450/743  loss=0.4919  lr=1.85e-05
[12:15:44 INFO] Epoch 35/50  iter 500/743  loss=0.1834  lr=1.84e-05
[12:15:57 INFO] Epoch 35/50  iter 550/743  loss=0.9109  lr=1.83e-05
[12:16:11 INFO] Epoch 35/50  iter 600/743  loss=0.1120  lr=1.82e-05
[12:16:24 INFO] Epoch 35/50  iter 650/743  loss=0.1126  lr=1.81e-05
[12:16:37 INFO] Epoch 35/50  iter 700/743  loss=0.0927  lr=1.81e-05
[12:16:49 INFO] Epoch 35 complete — avg_loss=0.1305  time=200s
[12:18:51 INFO]   val mIoU = 0.7616
[12:18:52 INFO]   ★ New best val mIoU: 0.7616
[12:19:07 INFO] Epoch 36/50  iter 50/743  loss=0.1274  lr=1.79e-05
[12:19:20 INFO] Epoch 36/50  iter 100/743  loss=0.1843  lr=1.78e-05
[12:19:33 INFO] Epoch 36/50  iter 150/743  loss=0.1140  lr=1.78e-05
[12:19:47 INFO] Epoch 36/50  iter 200/743  loss=0.0880  lr=1.77e-05
[12:20:00 INFO] Epoch 36/50  iter 250/743  loss=0.0702  lr=1.76e-05
[12:20:13 INFO] Epoch 36/50  iter 300/743  loss=0.1148  lr=1.75e-05
[12:20:27 INFO] Epoch 36/50  iter 350/743  loss=0.0704  lr=1.74e-05
[12:20:40 INFO] Epoch 36/50  iter 400/743  loss=0.0697  lr=1.74e-05
[12:20:54 INFO] Epoch 36/50  iter 450/743  loss=0.0908  lr=1.73e-05
[12:21:07 INFO] Epoch 36/50  iter 500/743  loss=0.1015  lr=1.72e-05
[12:21:20 INFO] Epoch 36/50  iter 550/743  loss=0.1026  lr=1.71e-05
[12:21:34 INFO] Epoch 36/50  iter 600/743  loss=0.0819  lr=1.70e-05
[12:21:47 INFO] Epoch 36/50  iter 650/743  loss=0.0458  lr=1.69e-05
[12:22:01 INFO] Epoch 36/50  iter 700/743  loss=0.1841  lr=1.69e-05
[12:22:12 INFO] Epoch 36 complete — avg_loss=0.1235  time=199s
[12:22:27 INFO] Epoch 37/50  iter 50/743  loss=0.0943  lr=1.67e-05
[12:22:40 INFO] Epoch 37/50  iter 100/743  loss=0.1400  lr=1.66e-05
[12:22:54 INFO] Epoch 37/50  iter 150/743  loss=0.0675  lr=1.66e-05
[12:23:07 INFO] Epoch 37/50  iter 200/743  loss=0.1788  lr=1.65e-05
[12:23:20 INFO] Epoch 37/50  iter 250/743  loss=0.0546  lr=1.64e-05
[12:23:34 INFO] Epoch 37/50  iter 300/743  loss=0.1166  lr=1.63e-05
[12:23:47 INFO] Epoch 37/50  iter 350/743  loss=0.1256  lr=1.62e-05
[12:24:01 INFO] Epoch 37/50  iter 400/743  loss=0.2558  lr=1.62e-05
[12:24:14 INFO] Epoch 37/50  iter 450/743  loss=0.0856  lr=1.61e-05
[12:24:28 INFO] Epoch 37/50  iter 500/743  loss=0.1442  lr=1.60e-05
[12:24:41 INFO] Epoch 37/50  iter 550/743  loss=0.1551  lr=1.59e-05
[12:24:55 INFO] Epoch 37/50  iter 600/743  loss=0.1205  lr=1.58e-05
[12:25:08 INFO] Epoch 37/50  iter 650/743  loss=0.1389  lr=1.57e-05
[12:25:21 INFO] Epoch 37/50  iter 700/743  loss=0.1280  lr=1.57e-05
[12:25:33 INFO] Epoch 37 complete — avg_loss=0.1305  time=200s
[12:25:48 INFO] Epoch 38/50  iter 50/743  loss=0.2223  lr=1.55e-05
[12:26:01 INFO] Epoch 38/50  iter 100/743  loss=0.0507  lr=1.54e-05
[12:26:14 INFO] Epoch 38/50  iter 150/743  loss=0.1063  lr=1.54e-05
[12:26:28 INFO] Epoch 38/50  iter 200/743  loss=0.0627  lr=1.53e-05
[12:26:41 INFO] Epoch 38/50  iter 250/743  loss=0.1144  lr=1.52e-05
[12:26:55 INFO] Epoch 38/50  iter 300/743  loss=0.0952  lr=1.51e-05
[12:27:08 INFO] Epoch 38/50  iter 350/743  loss=0.1818  lr=1.50e-05
[12:27:22 INFO] Epoch 38/50  iter 400/743  loss=0.0467  lr=1.50e-05
[12:27:35 INFO] Epoch 38/50  iter 450/743  loss=0.1465  lr=1.49e-05
[12:27:48 INFO] Epoch 38/50  iter 500/743  loss=0.2017  lr=1.48e-05
[12:28:02 INFO] Epoch 38/50  iter 550/743  loss=0.1495  lr=1.47e-05
[12:28:15 INFO] Epoch 38/50  iter 600/743  loss=0.1595  lr=1.46e-05
[12:28:29 INFO] Epoch 38/50  iter 650/743  loss=0.0923  lr=1.45e-05
[12:28:42 INFO] Epoch 38/50  iter 700/743  loss=0.0835  lr=1.45e-05
[12:28:54 INFO] Epoch 38 complete — avg_loss=0.1262  time=200s
[12:29:08 INFO] Epoch 39/50  iter 50/743  loss=0.0592  lr=1.43e-05
[12:29:22 INFO] Epoch 39/50  iter 100/743  loss=0.0617  lr=1.42e-05
[12:29:35 INFO] Epoch 39/50  iter 150/743  loss=0.0754  lr=1.42e-05
[12:29:49 INFO] Epoch 39/50  iter 200/743  loss=0.6418  lr=1.41e-05
[12:30:02 INFO] Epoch 39/50  iter 250/743  loss=0.1216  lr=1.40e-05
[12:30:15 INFO] Epoch 39/50  iter 300/743  loss=0.1026  lr=1.39e-05
[12:30:29 INFO] Epoch 39/50  iter 350/743  loss=0.1890  lr=1.38e-05
[12:30:42 INFO] Epoch 39/50  iter 400/743  loss=0.1286  lr=1.38e-05
[12:30:56 INFO] Epoch 39/50  iter 450/743  loss=0.1897  lr=1.37e-05
[12:31:09 INFO] Epoch 39/50  iter 500/743  loss=0.0945  lr=1.36e-05
[12:31:23 INFO] Epoch 39/50  iter 550/743  loss=0.1143  lr=1.35e-05
[12:31:36 INFO] Epoch 39/50  iter 600/743  loss=0.3304  lr=1.34e-05
[12:31:49 INFO] Epoch 39/50  iter 650/743  loss=0.1242  lr=1.33e-05
[12:32:03 INFO] Epoch 39/50  iter 700/743  loss=0.0806  lr=1.33e-05
[12:32:14 INFO] Epoch 39 complete — avg_loss=0.1287  time=200s
[12:32:29 INFO] Epoch 40/50  iter 50/743  loss=0.4459  lr=1.31e-05
[12:32:43 INFO] Epoch 40/50  iter 100/743  loss=0.1103  lr=1.30e-05
[12:32:56 INFO] Epoch 40/50  iter 150/743  loss=0.0472  lr=1.30e-05
[12:33:09 INFO] Epoch 40/50  iter 200/743  loss=0.1116  lr=1.29e-05
[12:33:23 INFO] Epoch 40/50  iter 250/743  loss=0.1505  lr=1.28e-05
[12:33:36 INFO] Epoch 40/50  iter 300/743  loss=0.1250  lr=1.27e-05
[12:33:50 INFO] Epoch 40/50  iter 350/743  loss=0.2984  lr=1.26e-05
[12:34:03 INFO] Epoch 40/50  iter 400/743  loss=0.1092  lr=1.26e-05
[12:34:17 INFO] Epoch 40/50  iter 450/743  loss=0.1158  lr=1.25e-05
[12:34:30 INFO] Epoch 40/50  iter 500/743  loss=0.1930  lr=1.24e-05
[12:34:44 INFO] Epoch 40/50  iter 550/743  loss=0.1841  lr=1.23e-05
[12:34:57 INFO] Epoch 40/50  iter 600/743  loss=0.2116  lr=1.22e-05
[12:35:10 INFO] Epoch 40/50  iter 650/743  loss=0.1707  lr=1.21e-05
[12:35:24 INFO] Epoch 40/50  iter 700/743  loss=0.0731  lr=1.21e-05
[12:35:35 INFO] Epoch 40 complete — avg_loss=0.1238  time=200s
[12:37:35 INFO]   val mIoU = 0.7683
[12:37:36 INFO]   ★ New best val mIoU: 0.7683
[12:37:51 INFO] Epoch 41/50  iter 50/743  loss=0.0971  lr=1.19e-05
[12:38:04 INFO] Epoch 41/50  iter 100/743  loss=0.0948  lr=1.18e-05
[12:38:17 INFO] Epoch 41/50  iter 150/743  loss=0.0698  lr=1.18e-05
[12:38:31 INFO] Epoch 41/50  iter 200/743  loss=0.0602  lr=1.17e-05
[12:38:44 INFO] Epoch 41/50  iter 250/743  loss=0.1189  lr=1.16e-05
[12:38:57 INFO] Epoch 41/50  iter 300/743  loss=0.0740  lr=1.15e-05
[12:39:11 INFO] Epoch 41/50  iter 350/743  loss=0.0827  lr=1.14e-05
[12:39:24 INFO] Epoch 41/50  iter 400/743  loss=0.1257  lr=1.14e-05
[12:39:38 INFO] Epoch 41/50  iter 450/743  loss=0.1435  lr=1.13e-05
[12:39:51 INFO] Epoch 41/50  iter 500/743  loss=0.0738  lr=1.12e-05
[12:40:04 INFO] Epoch 41/50  iter 550/743  loss=0.0608  lr=1.11e-05
[12:40:18 INFO] Epoch 41/50  iter 600/743  loss=0.0856  lr=1.10e-05
[12:40:31 INFO] Epoch 41/50  iter 650/743  loss=0.1688  lr=1.09e-05
[12:40:45 INFO] Epoch 41/50  iter 700/743  loss=0.0805  lr=1.09e-05
[12:40:56 INFO] Epoch 41 complete — avg_loss=0.1204  time=199s
[12:41:11 INFO] Epoch 42/50  iter 50/743  loss=0.0878  lr=1.07e-05
[12:41:24 INFO] Epoch 42/50  iter 100/743  loss=0.1189  lr=1.06e-05
[12:41:38 INFO] Epoch 42/50  iter 150/743  loss=0.1723  lr=1.06e-05
[12:41:51 INFO] Epoch 42/50  iter 200/743  loss=0.1319  lr=1.05e-05
[12:42:05 INFO] Epoch 42/50  iter 250/743  loss=0.0643  lr=1.04e-05
[12:42:18 INFO] Epoch 42/50  iter 300/743  loss=0.1465  lr=1.03e-05
[12:42:32 INFO] Epoch 42/50  iter 350/743  loss=0.1127  lr=1.02e-05
[12:42:45 INFO] Epoch 42/50  iter 400/743  loss=0.0836  lr=1.02e-05
[12:42:58 INFO] Epoch 42/50  iter 450/743  loss=0.0752  lr=1.01e-05
[12:43:12 INFO] Epoch 42/50  iter 500/743  loss=0.0814  lr=9.99e-06
[12:43:25 INFO] Epoch 42/50  iter 550/743  loss=0.0909  lr=9.91e-06
[12:43:39 INFO] Epoch 42/50  iter 600/743  loss=0.1082  lr=9.83e-06
[12:43:52 INFO] Epoch 42/50  iter 650/743  loss=0.0634  lr=9.75e-06
[12:44:05 INFO] Epoch 42/50  iter 700/743  loss=0.1205  lr=9.67e-06
[12:44:17 INFO] Epoch 42 complete — avg_loss=0.1198  time=200s
[12:44:32 INFO] Epoch 43/50  iter 50/743  loss=0.0503  lr=9.52e-06
[12:44:45 INFO] Epoch 43/50  iter 100/743  loss=0.1760  lr=9.44e-06
[12:44:58 INFO] Epoch 43/50  iter 150/743  loss=0.1327  lr=9.36e-06
[12:45:12 INFO] Epoch 43/50  iter 200/743  loss=0.0672  lr=9.28e-06
[12:45:25 INFO] Epoch 43/50  iter 250/743  loss=0.0871  lr=9.19e-06
[12:45:39 INFO] Epoch 43/50  iter 300/743  loss=0.1018  lr=9.11e-06
[12:45:52 INFO] Epoch 43/50  iter 350/743  loss=0.1042  lr=9.03e-06
[12:46:05 INFO] Epoch 43/50  iter 400/743  loss=0.0871  lr=8.95e-06
[12:46:19 INFO] Epoch 43/50  iter 450/743  loss=0.0841  lr=8.87e-06
[12:46:32 INFO] Epoch 43/50  iter 500/743  loss=0.0913  lr=8.79e-06
[12:46:46 INFO] Epoch 43/50  iter 550/743  loss=0.0941  lr=8.71e-06
[12:46:59 INFO] Epoch 43/50  iter 600/743  loss=0.0605  lr=8.63e-06
[12:47:13 INFO] Epoch 43/50  iter 650/743  loss=0.1916  lr=8.55e-06
[12:47:26 INFO] Epoch 43/50  iter 700/743  loss=0.0817  lr=8.47e-06
[12:47:38 INFO] Epoch 43 complete — avg_loss=0.1227  time=200s
[12:47:52 INFO] Epoch 44/50  iter 50/743  loss=0.0857  lr=8.32e-06
[12:48:06 INFO] Epoch 44/50  iter 100/743  loss=0.1247  lr=8.24e-06
[12:48:19 INFO] Epoch 44/50  iter 150/743  loss=0.1121  lr=8.16e-06
[12:48:33 INFO] Epoch 44/50  iter 200/743  loss=0.1027  lr=8.08e-06
[12:48:46 INFO] Epoch 44/50  iter 250/743  loss=0.0839  lr=7.99e-06
[12:48:59 INFO] Epoch 44/50  iter 300/743  loss=0.1006  lr=7.91e-06
[12:49:13 INFO] Epoch 44/50  iter 350/743  loss=0.0812  lr=7.83e-06
[12:49:26 INFO] Epoch 44/50  iter 400/743  loss=0.1835  lr=7.75e-06
[12:49:40 INFO] Epoch 44/50  iter 450/743  loss=0.1018  lr=7.67e-06
[12:49:53 INFO] Epoch 44/50  iter 500/743  loss=0.1115  lr=7.59e-06
[12:50:07 INFO] Epoch 44/50  iter 550/743  loss=0.1720  lr=7.51e-06
[12:50:20 INFO] Epoch 44/50  iter 600/743  loss=0.1247  lr=7.43e-06
[12:50:34 INFO] Epoch 44/50  iter 650/743  loss=0.1063  lr=7.35e-06
[12:50:47 INFO] Epoch 44/50  iter 700/743  loss=0.0740  lr=7.27e-06
[12:50:59 INFO] Epoch 44 complete — avg_loss=0.1186  time=201s
[12:51:13 INFO] Epoch 45/50  iter 50/743  loss=0.0404  lr=7.12e-06
[12:51:27 INFO] Epoch 45/50  iter 100/743  loss=0.1189  lr=7.04e-06
[12:51:40 INFO] Epoch 45/50  iter 150/743  loss=0.1119  lr=6.96e-06
[12:51:54 INFO] Epoch 45/50  iter 200/743  loss=0.1561  lr=6.88e-06
[12:52:07 INFO] Epoch 45/50  iter 250/743  loss=0.1151  lr=6.79e-06
[12:52:20 INFO] Epoch 45/50  iter 300/743  loss=0.1340  lr=6.71e-06
[12:52:34 INFO] Epoch 45/50  iter 350/743  loss=0.0889  lr=6.63e-06
[12:52:47 INFO] Epoch 45/50  iter 400/743  loss=0.1579  lr=6.55e-06
[12:53:01 INFO] Epoch 45/50  iter 450/743  loss=0.0802  lr=6.47e-06
[12:53:14 INFO] Epoch 45/50  iter 500/743  loss=0.1396  lr=6.39e-06
[12:53:27 INFO] Epoch 45/50  iter 550/743  loss=0.2763  lr=6.31e-06
[12:53:41 INFO] Epoch 45/50  iter 600/743  loss=0.1273  lr=6.23e-06
[12:53:54 INFO] Epoch 45/50  iter 650/743  loss=0.0818  lr=6.15e-06
[12:54:08 INFO] Epoch 45/50  iter 700/743  loss=0.0855  lr=6.07e-06
[12:54:19 INFO] Epoch 45 complete — avg_loss=0.1178  time=200s
[12:56:25 INFO]   val mIoU = 0.7695
[12:56:25 INFO]   ★ New best val mIoU: 0.7695
[12:56:40 INFO] Epoch 46/50  iter 50/743  loss=0.1024  lr=5.92e-06
[12:56:53 INFO] Epoch 46/50  iter 100/743  loss=0.0838  lr=5.84e-06
[12:57:07 INFO] Epoch 46/50  iter 150/743  loss=0.1491  lr=5.76e-06
[12:57:20 INFO] Epoch 46/50  iter 200/743  loss=0.1003  lr=5.68e-06
[12:57:33 INFO] Epoch 46/50  iter 250/743  loss=0.1524  lr=5.59e-06
[12:57:47 INFO] Epoch 46/50  iter 300/743  loss=0.1212  lr=5.51e-06
[12:58:00 INFO] Epoch 46/50  iter 350/743  loss=0.1403  lr=5.43e-06
[12:58:13 INFO] Epoch 46/50  iter 400/743  loss=0.1325  lr=5.35e-06
[12:58:27 INFO] Epoch 46/50  iter 450/743  loss=0.0788  lr=5.27e-06
[12:58:40 INFO] Epoch 46/50  iter 500/743  loss=0.0616  lr=5.19e-06
[12:58:54 INFO] Epoch 46/50  iter 550/743  loss=0.6754  lr=5.11e-06
[12:59:07 INFO] Epoch 46/50  iter 600/743  loss=0.1413  lr=5.03e-06
[12:59:20 INFO] Epoch 46/50  iter 650/743  loss=0.2068  lr=4.95e-06
[12:59:34 INFO] Epoch 46/50  iter 700/743  loss=0.0650  lr=4.87e-06
[12:59:45 INFO] Epoch 46 complete — avg_loss=0.1207  time=199s
[13:00:00 INFO] Epoch 47/50  iter 50/743  loss=0.1412  lr=4.72e-06
[13:00:13 INFO] Epoch 47/50  iter 100/743  loss=0.0629  lr=4.64e-06
[13:00:27 INFO] Epoch 47/50  iter 150/743  loss=0.0840  lr=4.56e-06
[13:00:40 INFO] Epoch 47/50  iter 200/743  loss=0.1104  lr=4.48e-06
[13:00:54 INFO] Epoch 47/50  iter 250/743  loss=0.0974  lr=4.39e-06
[13:01:07 INFO] Epoch 47/50  iter 300/743  loss=0.1117  lr=4.31e-06
[13:01:20 INFO] Epoch 47/50  iter 350/743  loss=0.1216  lr=4.23e-06
[13:01:34 INFO] Epoch 47/50  iter 400/743  loss=0.1085  lr=4.15e-06
[13:01:47 INFO] Epoch 47/50  iter 450/743  loss=0.1560  lr=4.07e-06
[13:02:01 INFO] Epoch 47/50  iter 500/743  loss=0.1074  lr=3.99e-06
[13:02:14 INFO] Epoch 47/50  iter 550/743  loss=0.1229  lr=3.91e-06
[13:02:27 INFO] Epoch 47/50  iter 600/743  loss=0.2952  lr=3.83e-06
[13:02:41 INFO] Epoch 47/50  iter 650/743  loss=0.0776  lr=3.75e-06
[13:02:54 INFO] Epoch 47/50  iter 700/743  loss=0.1176  lr=3.67e-06
[13:03:06 INFO] Epoch 47 complete — avg_loss=0.1176  time=200s
[13:03:20 INFO] Epoch 48/50  iter 50/743  loss=0.0928  lr=3.52e-06
[13:03:34 INFO] Epoch 48/50  iter 100/743  loss=0.0544  lr=3.44e-06
[13:03:47 INFO] Epoch 48/50  iter 150/743  loss=0.1106  lr=3.36e-06
[13:04:01 INFO] Epoch 48/50  iter 200/743  loss=0.2282  lr=3.28e-06
[13:04:14 INFO] Epoch 48/50  iter 250/743  loss=0.0793  lr=3.19e-06
[13:04:28 INFO] Epoch 48/50  iter 300/743  loss=0.0701  lr=3.11e-06
[13:04:41 INFO] Epoch 48/50  iter 350/743  loss=0.1419  lr=3.03e-06
[13:04:55 INFO] Epoch 48/50  iter 400/743  loss=0.2080  lr=2.95e-06
[13:05:08 INFO] Epoch 48/50  iter 450/743  loss=0.0914  lr=2.87e-06
[13:05:21 INFO] Epoch 48/50  iter 500/743  loss=0.0547  lr=2.79e-06
[13:05:35 INFO] Epoch 48/50  iter 550/743  loss=0.1004  lr=2.71e-06
[13:05:48 INFO] Epoch 48/50  iter 600/743  loss=0.1368  lr=2.63e-06
[13:06:02 INFO] Epoch 48/50  iter 650/743  loss=0.0967  lr=2.55e-06
[13:06:15 INFO] Epoch 48/50  iter 700/743  loss=0.1629  lr=2.47e-06
[13:06:27 INFO] Epoch 48 complete — avg_loss=0.1164  time=200s
[13:06:42 INFO] Epoch 49/50  iter 50/743  loss=0.1106  lr=2.32e-06
[13:06:55 INFO] Epoch 49/50  iter 100/743  loss=0.1325  lr=2.24e-06
[13:07:08 INFO] Epoch 49/50  iter 150/743  loss=0.1322  lr=2.16e-06
[13:07:22 INFO] Epoch 49/50  iter 200/743  loss=0.1141  lr=2.08e-06
[13:07:35 INFO] Epoch 49/50  iter 250/743  loss=0.2456  lr=1.99e-06
[13:07:49 INFO] Epoch 49/50  iter 300/743  loss=0.1136  lr=1.91e-06
[13:08:02 INFO] Epoch 49/50  iter 350/743  loss=0.1506  lr=1.83e-06
[13:08:16 INFO] Epoch 49/50  iter 400/743  loss=0.0692  lr=1.75e-06
[13:08:29 INFO] Epoch 49/50  iter 450/743  loss=0.0762  lr=1.67e-06
[13:08:43 INFO] Epoch 49/50  iter 500/743  loss=0.0715  lr=1.59e-06
[13:08:56 INFO] Epoch 49/50  iter 550/743  loss=0.1784  lr=1.51e-06
[13:09:09 INFO] Epoch 49/50  iter 600/743  loss=0.0652  lr=1.43e-06
[13:09:23 INFO] Epoch 49/50  iter 650/743  loss=0.1104  lr=1.35e-06
[13:09:36 INFO] Epoch 49/50  iter 700/743  loss=0.0876  lr=1.27e-06
[13:09:48 INFO] Epoch 49 complete — avg_loss=0.1149  time=200s
[13:10:03 INFO] Epoch 50/50  iter 50/743  loss=0.1022  lr=1.12e-06
[13:10:16 INFO] Epoch 50/50  iter 100/743  loss=0.1568  lr=1.04e-06
[13:10:29 INFO] Epoch 50/50  iter 150/743  loss=0.0469  lr=9.56e-07
[13:10:43 INFO] Epoch 50/50  iter 200/743  loss=0.1268  lr=8.75e-07
[13:10:56 INFO] Epoch 50/50  iter 250/743  loss=0.0830  lr=7.95e-07
[13:11:10 INFO] Epoch 50/50  iter 300/743  loss=0.0892  lr=7.14e-07
[13:11:23 INFO] Epoch 50/50  iter 350/743  loss=0.1406  lr=6.33e-07
[13:11:36 INFO] Epoch 50/50  iter 400/743  loss=0.0986  lr=5.52e-07
[13:11:50 INFO] Epoch 50/50  iter 450/743  loss=0.0742  lr=4.72e-07
[13:12:03 INFO] Epoch 50/50  iter 500/743  loss=0.1115  lr=3.91e-07
[13:12:17 INFO] Epoch 50/50  iter 550/743  loss=0.1021  lr=3.10e-07
[13:12:30 INFO] Epoch 50/50  iter 600/743  loss=0.0718  lr=2.29e-07
[13:12:43 INFO] Epoch 50/50  iter 650/743  loss=0.1151  lr=1.49e-07
[13:12:57 INFO] Epoch 50/50  iter 700/743  loss=0.1449  lr=6.78e-08
[13:13:08 INFO] Epoch 50 complete — avg_loss=0.1217  time=200s
[13:15:10 INFO]   val mIoU = 0.7768
[13:15:10 INFO]   ★ New best val mIoU: 0.7768
[13:15:11 INFO] Training complete. Best val mIoU = 0.7768
>>> Evaluating: nndepth_base_b0005_p30_mitb2
[13:15:26 INFO] Device: cuda
/home/taah3149/Documents/Group_Studies/fog-augmentation/src/models.py:74: FutureWarning: You are using `torch.load` with `weights_only=False` (the current default value), which uses the default pickle module implicitly. It is possible to construct malicious pickle data which will execute arbitrary code during unpickling (See https://github.com/pytorch/pytorch/blob/main/SECURITY.md#untrusted-models for more details). In a future release, the default value for `weights_only` will be flipped to `True`. This limits the functions that could be executed during unpickling. Arbitrary objects will no longer be allowed to be loaded via this mode unless they are explicitly allowlisted by the user via `torch.serialization.add_safe_globals`. We recommend you start setting `weights_only=True` for any use case where you don't have full control of the loaded file. Please open an issue on GitHub for any issues related to this experimental feature.
  state = torch.load(str(checkpoint), map_location="cpu")
Model backend: smp (encoder=mit_b2, architecture=fpn)
Loaded checkpoint: results/nndepth_base_b0005_p30_mitb2/best.pth
[13:15:30 INFO] ACDC fog val: 100 samples
[13:15:57 INFO]   100/100 processed
[13:15:57 INFO] mIoU = 0.5460
[13:15:57 INFO]   road                 0.8956
[13:15:57 INFO]   sidewalk             0.6454
[13:15:57 INFO]   building             0.6492
[13:15:57 INFO]   wall                 0.3024
[13:15:57 INFO]   fence                0.3145
[13:15:57 INFO]   pole                 0.4184
[13:15:57 INFO]   traffic light        0.6456
[13:15:57 INFO]   traffic sign         0.5548
[13:15:57 INFO]   vegetation           0.8534
[13:15:57 INFO]   terrain              0.5264
[13:15:57 INFO]   sky                  0.8773
[13:15:57 INFO]   person               0.3943
[13:15:57 INFO]   rider                0.4637
[13:15:57 INFO]   car                  0.7637
[13:15:57 INFO]   truck                0.2853
[13:15:57 INFO]   bus                  0.4532
[13:15:57 INFO]   train                0.5817
[13:15:57 INFO]   motorcycle           0.2431
[13:15:57 INFO]   bicycle              0.5070
[13:15:57 INFO] Results saved → results/nndepth_base_b0005_p30_mitb2/acdc_eval.json
>>> Done: nndepth_base_b0005_p30_mitb2

>>> Training (fresh start): nndepth_base_b0005_p50_mitb2
[13:16:05 INFO] Device: cuda
Model backend: smp (encoder=mit_b2, architecture=fpn)
[13:16:07 INFO] Using fog cache: data/fog_cache/nn_depth_base_b0005
[13:16:07 INFO] fog_prob: 0.5
[13:16:09 INFO] Train: 2975 samples  |  Val: 500 samples
[13:16:23 INFO] Epoch 1/50  iter 50/743  loss=1.8236  lr=5.99e-05
[13:16:37 INFO] Epoch 1/50  iter 100/743  loss=0.8385  lr=5.98e-05
[13:16:50 INFO] Epoch 1/50  iter 150/743  loss=0.6184  lr=5.98e-05
[13:17:03 INFO] Epoch 1/50  iter 200/743  loss=0.7339  lr=5.97e-05
[13:17:17 INFO] Epoch 1/50  iter 250/743  loss=0.5315  lr=5.96e-05
[13:17:30 INFO] Epoch 1/50  iter 300/743  loss=0.2961  lr=5.95e-05
[13:17:43 INFO] Epoch 1/50  iter 350/743  loss=0.6729  lr=5.94e-05
[13:17:57 INFO] Epoch 1/50  iter 400/743  loss=0.4943  lr=5.94e-05
[13:18:10 INFO] Epoch 1/50  iter 450/743  loss=0.3520  lr=5.93e-05
[13:18:23 INFO] Epoch 1/50  iter 500/743  loss=0.2424  lr=5.92e-05
[13:18:37 INFO] Epoch 1/50  iter 550/743  loss=1.1220  lr=5.91e-05
[13:18:50 INFO] Epoch 1/50  iter 600/743  loss=0.2416  lr=5.90e-05
[13:19:04 INFO] Epoch 1/50  iter 650/743  loss=0.3455  lr=5.89e-05
[13:19:17 INFO] Epoch 1/50  iter 700/743  loss=0.4214  lr=5.89e-05
[13:19:28 INFO] Epoch 1 complete — avg_loss=0.6425  time=199s
[13:19:43 INFO] Epoch 2/50  iter 50/743  loss=0.2494  lr=5.87e-05
[13:19:56 INFO] Epoch 2/50  iter 100/743  loss=0.2890  lr=5.86e-05
[13:20:10 INFO] Epoch 2/50  iter 150/743  loss=0.2270  lr=5.86e-05
[13:20:23 INFO] Epoch 2/50  iter 200/743  loss=0.4567  lr=5.85e-05
[13:20:37 INFO] Epoch 2/50  iter 250/743  loss=0.3291  lr=5.84e-05
[13:20:50 INFO] Epoch 2/50  iter 300/743  loss=0.2143  lr=5.83e-05
[13:21:03 INFO] Epoch 2/50  iter 350/743  loss=0.1762  lr=5.82e-05
[13:21:17 INFO] Epoch 2/50  iter 400/743  loss=0.1993  lr=5.82e-05
[13:21:30 INFO] Epoch 2/50  iter 450/743  loss=0.6080  lr=5.81e-05
[13:21:44 INFO] Epoch 2/50  iter 500/743  loss=0.2683  lr=5.80e-05
[13:21:57 INFO] Epoch 2/50  iter 550/743  loss=0.2740  lr=5.79e-05
[13:22:10 INFO] Epoch 2/50  iter 600/743  loss=0.5610  lr=5.78e-05
[13:22:24 INFO] Epoch 2/50  iter 650/743  loss=0.2132  lr=5.77e-05
[13:22:37 INFO] Epoch 2/50  iter 700/743  loss=0.5628  lr=5.77e-05
[13:22:49 INFO] Epoch 2 complete — avg_loss=0.3325  time=200s
[13:23:03 INFO] Epoch 3/50  iter 50/743  loss=0.4112  lr=5.75e-05
[13:23:17 INFO] Epoch 3/50  iter 100/743  loss=0.2649  lr=5.74e-05
[13:23:30 INFO] Epoch 3/50  iter 150/743  loss=0.4710  lr=5.74e-05
[13:23:44 INFO] Epoch 3/50  iter 200/743  loss=0.2145  lr=5.73e-05
[13:23:57 INFO] Epoch 3/50  iter 250/743  loss=0.3657  lr=5.72e-05
[13:24:11 INFO] Epoch 3/50  iter 300/743  loss=1.0663  lr=5.71e-05
[13:24:24 INFO] Epoch 3/50  iter 350/743  loss=0.1051  lr=5.70e-05
[13:24:37 INFO] Epoch 3/50  iter 400/743  loss=0.4740  lr=5.70e-05
[13:24:51 INFO] Epoch 3/50  iter 450/743  loss=0.4038  lr=5.69e-05
[13:25:04 INFO] Epoch 3/50  iter 500/743  loss=0.1860  lr=5.68e-05
[13:25:18 INFO] Epoch 3/50  iter 550/743  loss=0.2471  lr=5.67e-05
[13:25:31 INFO] Epoch 3/50  iter 600/743  loss=0.2065  lr=5.66e-05
[13:25:45 INFO] Epoch 3/50  iter 650/743  loss=0.1768  lr=5.65e-05
[13:25:58 INFO] Epoch 3/50  iter 700/743  loss=0.1274  lr=5.65e-05
[13:26:10 INFO] Epoch 3 complete — avg_loss=0.2760  time=200s
[13:26:24 INFO] Epoch 4/50  iter 50/743  loss=0.1590  lr=5.63e-05
[13:26:38 INFO] Epoch 4/50  iter 100/743  loss=0.1830  lr=5.62e-05
[13:26:51 INFO] Epoch 4/50  iter 150/743  loss=0.4448  lr=5.62e-05
[13:27:05 INFO] Epoch 4/50  iter 200/743  loss=0.2239  lr=5.61e-05
[13:27:18 INFO] Epoch 4/50  iter 250/743  loss=0.2610  lr=5.60e-05
[13:27:31 INFO] Epoch 4/50  iter 300/743  loss=0.1934  lr=5.59e-05
[13:27:45 INFO] Epoch 4/50  iter 350/743  loss=0.0367  lr=5.58e-05
[13:27:58 INFO] Epoch 4/50  iter 400/743  loss=0.1099  lr=5.58e-05
[13:28:12 INFO] Epoch 4/50  iter 450/743  loss=0.0699  lr=5.57e-05
[13:28:25 INFO] Epoch 4/50  iter 500/743  loss=0.1693  lr=5.56e-05
[13:28:39 INFO] Epoch 4/50  iter 550/743  loss=0.2428  lr=5.55e-05
[13:28:52 INFO] Epoch 4/50  iter 600/743  loss=0.3067  lr=5.54e-05
[13:29:05 INFO] Epoch 4/50  iter 650/743  loss=0.2173  lr=5.53e-05
[13:29:19 INFO] Epoch 4/50  iter 700/743  loss=0.1313  lr=5.53e-05
[13:29:30 INFO] Epoch 4 complete — avg_loss=0.2625  time=200s
[13:29:45 INFO] Epoch 5/50  iter 50/743  loss=0.1202  lr=5.51e-05
[13:29:58 INFO] Epoch 5/50  iter 100/743  loss=0.1662  lr=5.50e-05
[13:30:12 INFO] Epoch 5/50  iter 150/743  loss=0.2340  lr=5.50e-05
[13:30:25 INFO] Epoch 5/50  iter 200/743  loss=0.1595  lr=5.49e-05
[13:30:38 INFO] Epoch 5/50  iter 250/743  loss=0.1859  lr=5.48e-05
[13:30:52 INFO] Epoch 5/50  iter 300/743  loss=1.0745  lr=5.47e-05
[13:31:05 INFO] Epoch 5/50  iter 350/743  loss=0.0875  lr=5.46e-05
[13:31:19 INFO] Epoch 5/50  iter 400/743  loss=0.2368  lr=5.46e-05
[13:31:32 INFO] Epoch 5/50  iter 450/743  loss=0.1594  lr=5.45e-05
[13:31:46 INFO] Epoch 5/50  iter 500/743  loss=0.2760  lr=5.44e-05
[13:31:59 INFO] Epoch 5/50  iter 550/743  loss=0.0807  lr=5.43e-05
[13:32:13 INFO] Epoch 5/50  iter 600/743  loss=0.0329  lr=5.42e-05
[13:32:27 INFO] Epoch 5/50  iter 650/743  loss=0.3128  lr=5.41e-05
[13:32:41 INFO] Epoch 5/50  iter 700/743  loss=0.1233  lr=5.41e-05
[13:32:53 INFO] Epoch 5 complete — avg_loss=0.2425  time=202s
[13:35:03 INFO]   val mIoU = 0.6427
[13:35:03 INFO]   ★ New best val mIoU: 0.6427
[13:35:19 INFO] Epoch 6/50  iter 50/743  loss=0.3146  lr=5.39e-05
[13:35:33 INFO] Epoch 6/50  iter 100/743  loss=0.0498  lr=5.38e-05
[13:35:47 INFO] Epoch 6/50  iter 150/743  loss=0.3050  lr=5.38e-05
[13:36:01 INFO] Epoch 6/50  iter 200/743  loss=0.1209  lr=5.37e-05
[13:36:15 INFO] Epoch 6/50  iter 250/743  loss=0.2485  lr=5.36e-05
[13:36:30 INFO] Epoch 6/50  iter 300/743  loss=0.2300  lr=5.35e-05
[13:36:43 INFO] Epoch 6/50  iter 350/743  loss=0.1077  lr=5.34e-05
[13:36:58 INFO] Epoch 6/50  iter 400/743  loss=0.1303  lr=5.34e-05
[13:37:12 INFO] Epoch 6/50  iter 450/743  loss=0.2090  lr=5.33e-05
[13:37:26 INFO] Epoch 6/50  iter 500/743  loss=0.1619  lr=5.32e-05
[13:37:40 INFO] Epoch 6/50  iter 550/743  loss=0.2434  lr=5.31e-05
[13:37:54 INFO] Epoch 6/50  iter 600/743  loss=0.2021  lr=5.30e-05
[13:38:08 INFO] Epoch 6/50  iter 650/743  loss=0.4402  lr=5.29e-05
[13:38:22 INFO] Epoch 6/50  iter 700/743  loss=0.2695  lr=5.29e-05
[13:38:35 INFO] Epoch 6 complete — avg_loss=0.2245  time=210s
[13:38:50 INFO] Epoch 7/50  iter 50/743  loss=0.2225  lr=5.27e-05
[13:39:04 INFO] Epoch 7/50  iter 100/743  loss=0.1188  lr=5.26e-05
[13:39:18 INFO] Epoch 7/50  iter 150/743  loss=0.2170  lr=5.26e-05
[13:39:32 INFO] Epoch 7/50  iter 200/743  loss=0.2995  lr=5.25e-05
[13:39:46 INFO] Epoch 7/50  iter 250/743  loss=0.2367  lr=5.24e-05
[13:40:00 INFO] Epoch 7/50  iter 300/743  loss=0.1367  lr=5.23e-05
[13:40:14 INFO] Epoch 7/50  iter 350/743  loss=0.1899  lr=5.22e-05
[13:40:28 INFO] Epoch 7/50  iter 400/743  loss=0.1065  lr=5.22e-05
[13:40:42 INFO] Epoch 7/50  iter 450/743  loss=0.5468  lr=5.21e-05
[13:40:56 INFO] Epoch 7/50  iter 500/743  loss=0.2940  lr=5.20e-05
[13:41:10 INFO] Epoch 7/50  iter 550/743  loss=0.2070  lr=5.19e-05
[13:41:24 INFO] Epoch 7/50  iter 600/743  loss=0.4803  lr=5.18e-05
[13:41:38 INFO] Epoch 7/50  iter 650/743  loss=0.0244  lr=5.17e-05
[13:41:52 INFO] Epoch 7/50  iter 700/743  loss=0.2322  lr=5.17e-05
[13:42:05 INFO] Epoch 7 complete — avg_loss=0.2151  time=209s
[13:42:20 INFO] Epoch 8/50  iter 50/743  loss=0.1793  lr=5.15e-05
[13:42:34 INFO] Epoch 8/50  iter 100/743  loss=0.2297  lr=5.14e-05
[13:42:48 INFO] Epoch 8/50  iter 150/743  loss=0.0946  lr=5.14e-05
[13:43:02 INFO] Epoch 8/50  iter 200/743  loss=0.1527  lr=5.13e-05
[13:43:16 INFO] Epoch 8/50  iter 250/743  loss=0.1909  lr=5.12e-05
[13:43:30 INFO] Epoch 8/50  iter 300/743  loss=0.2375  lr=5.11e-05
[13:43:44 INFO] Epoch 8/50  iter 350/743  loss=0.1895  lr=5.10e-05
[13:43:58 INFO] Epoch 8/50  iter 400/743  loss=0.2594  lr=5.10e-05
[13:44:12 INFO] Epoch 8/50  iter 450/743  loss=0.0984  lr=5.09e-05
[13:44:26 INFO] Epoch 8/50  iter 500/743  loss=0.1426  lr=5.08e-05
[13:44:41 INFO] Epoch 8/50  iter 550/743  loss=0.1993  lr=5.07e-05
[13:44:55 INFO] Epoch 8/50  iter 600/743  loss=0.0569  lr=5.06e-05
[13:45:09 INFO] Epoch 8/50  iter 650/743  loss=0.1716  lr=5.05e-05
[13:45:23 INFO] Epoch 8/50  iter 700/743  loss=0.0593  lr=5.05e-05
[13:45:35 INFO] Epoch 8 complete — avg_loss=0.2103  time=210s
[13:45:52 INFO] Epoch 9/50  iter 50/743  loss=0.2116  lr=5.03e-05
[13:46:06 INFO] Epoch 9/50  iter 100/743  loss=0.1177  lr=5.02e-05
[13:46:20 INFO] Epoch 9/50  iter 150/743  loss=0.1503  lr=5.02e-05
[13:46:34 INFO] Epoch 9/50  iter 200/743  loss=0.2970  lr=5.01e-05
[13:46:48 INFO] Epoch 9/50  iter 250/743  loss=0.2439  lr=5.00e-05
[13:47:02 INFO] Epoch 9/50  iter 300/743  loss=0.0855  lr=4.99e-05
[13:47:16 INFO] Epoch 9/50  iter 350/743  loss=0.1802  lr=4.98e-05
[13:47:30 INFO] Epoch 9/50  iter 400/743  loss=0.0953  lr=4.98e-05
[13:47:44 INFO] Epoch 9/50  iter 450/743  loss=0.1452  lr=4.97e-05
[13:47:58 INFO] Epoch 9/50  iter 500/743  loss=0.1663  lr=4.96e-05
[13:48:12 INFO] Epoch 9/50  iter 550/743  loss=0.1668  lr=4.95e-05
[13:48:25 INFO] Epoch 9/50  iter 600/743  loss=0.3066  lr=4.94e-05
[13:48:40 INFO] Epoch 9/50  iter 650/743  loss=0.1456  lr=4.93e-05
[13:48:53 INFO] Epoch 9/50  iter 700/743  loss=0.2317  lr=4.93e-05
[13:49:05 INFO] Epoch 9 complete — avg_loss=0.2067  time=209s
[13:49:22 INFO] Epoch 10/50  iter 50/743  loss=0.2203  lr=4.91e-05
[13:49:36 INFO] Epoch 10/50  iter 100/743  loss=0.1865  lr=4.90e-05
[13:49:50 INFO] Epoch 10/50  iter 150/743  loss=0.1394  lr=4.90e-05
[13:50:04 INFO] Epoch 10/50  iter 200/743  loss=0.0832  lr=4.89e-05
[13:50:18 INFO] Epoch 10/50  iter 250/743  loss=0.1119  lr=4.88e-05
[13:50:32 INFO] Epoch 10/50  iter 300/743  loss=0.0728  lr=4.87e-05
[13:50:46 INFO] Epoch 10/50  iter 350/743  loss=0.2021  lr=4.86e-05
[13:51:00 INFO] Epoch 10/50  iter 400/743  loss=0.2516  lr=4.86e-05
[13:51:14 INFO] Epoch 10/50  iter 450/743  loss=0.2089  lr=4.85e-05
[13:51:28 INFO] Epoch 10/50  iter 500/743  loss=0.1631  lr=4.84e-05
[13:51:42 INFO] Epoch 10/50  iter 550/743  loss=0.1953  lr=4.83e-05
[13:51:56 INFO] Epoch 10/50  iter 600/743  loss=0.2394  lr=4.82e-05
[13:52:10 INFO] Epoch 10/50  iter 650/743  loss=0.2515  lr=4.81e-05
[13:52:24 INFO] Epoch 10/50  iter 700/743  loss=0.1331  lr=4.81e-05
[13:52:36 INFO] Epoch 10 complete — avg_loss=0.1972  time=209s
[13:54:45 INFO]   val mIoU = 0.6962
[13:54:45 INFO]   ★ New best val mIoU: 0.6962
[13:55:01 INFO] Epoch 11/50  iter 50/743  loss=0.1481  lr=4.79e-05
[13:55:15 INFO] Epoch 11/50  iter 100/743  loss=0.3081  lr=4.78e-05
[13:55:29 INFO] Epoch 11/50  iter 150/743  loss=0.2072  lr=4.78e-05
[13:55:43 INFO] Epoch 11/50  iter 200/743  loss=0.1791  lr=4.77e-05
[13:55:57 INFO] Epoch 11/50  iter 250/743  loss=0.1562  lr=4.76e-05
[13:56:11 INFO] Epoch 11/50  iter 300/743  loss=0.2304  lr=4.75e-05
[13:56:25 INFO] Epoch 11/50  iter 350/743  loss=0.1482  lr=4.74e-05
[13:56:39 INFO] Epoch 11/50  iter 400/743  loss=0.1610  lr=4.74e-05
[13:56:53 INFO] Epoch 11/50  iter 450/743  loss=0.2022  lr=4.73e-05
[13:57:07 INFO] Epoch 11/50  iter 500/743  loss=0.0878  lr=4.72e-05
[13:57:22 INFO] Epoch 11/50  iter 550/743  loss=0.1207  lr=4.71e-05
[13:57:35 INFO] Epoch 11/50  iter 600/743  loss=0.0838  lr=4.70e-05
[13:57:49 INFO] Epoch 11/50  iter 650/743  loss=0.1605  lr=4.69e-05
[13:58:03 INFO] Epoch 11/50  iter 700/743  loss=0.2603  lr=4.69e-05
[13:58:15 INFO] Epoch 11 complete — avg_loss=0.1864  time=209s
[13:58:30 INFO] Epoch 12/50  iter 50/743  loss=0.0949  lr=4.67e-05
[13:58:44 INFO] Epoch 12/50  iter 100/743  loss=0.2012  lr=4.66e-05
[13:58:58 INFO] Epoch 12/50  iter 150/743  loss=0.1280  lr=4.66e-05
[13:59:12 INFO] Epoch 12/50  iter 200/743  loss=0.1244  lr=4.65e-05
[13:59:27 INFO] Epoch 12/50  iter 250/743  loss=0.1824  lr=4.64e-05
[13:59:41 INFO] Epoch 12/50  iter 300/743  loss=0.0914  lr=4.63e-05
[13:59:55 INFO] Epoch 12/50  iter 350/743  loss=0.2594  lr=4.62e-05
[14:00:09 INFO] Epoch 12/50  iter 400/743  loss=0.0910  lr=4.62e-05
[14:00:23 INFO] Epoch 12/50  iter 450/743  loss=0.1457  lr=4.61e-05
[14:00:37 INFO] Epoch 12/50  iter 500/743  loss=0.0773  lr=4.60e-05
[14:00:51 INFO] Epoch 12/50  iter 550/743  loss=0.1283  lr=4.59e-05
[14:01:05 INFO] Epoch 12/50  iter 600/743  loss=0.1253  lr=4.58e-05
[14:01:19 INFO] Epoch 12/50  iter 650/743  loss=0.2497  lr=4.57e-05
[14:01:33 INFO] Epoch 12/50  iter 700/743  loss=0.1195  lr=4.57e-05
[14:01:45 INFO] Epoch 12 complete — avg_loss=0.1809  time=210s
[14:02:01 INFO] Epoch 13/50  iter 50/743  loss=0.0693  lr=4.55e-05
[14:02:15 INFO] Epoch 13/50  iter 100/743  loss=0.1441  lr=4.54e-05
[14:02:29 INFO] Epoch 13/50  iter 150/743  loss=0.0889  lr=4.54e-05
[14:02:43 INFO] Epoch 13/50  iter 200/743  loss=0.0370  lr=4.53e-05
[14:02:57 INFO] Epoch 13/50  iter 250/743  loss=0.2267  lr=4.52e-05
[14:03:11 INFO] Epoch 13/50  iter 300/743  loss=0.1961  lr=4.51e-05
[14:03:25 INFO] Epoch 13/50  iter 350/743  loss=0.1137  lr=4.50e-05
[14:03:39 INFO] Epoch 13/50  iter 400/743  loss=0.2572  lr=4.50e-05
[14:03:52 INFO] Epoch 13/50  iter 450/743  loss=0.0515  lr=4.49e-05
[14:04:07 INFO] Epoch 13/50  iter 500/743  loss=0.2627  lr=4.48e-05
[14:04:21 INFO] Epoch 13/50  iter 550/743  loss=0.1207  lr=4.47e-05
[14:04:35 INFO] Epoch 13/50  iter 600/743  loss=0.1458  lr=4.46e-05
[14:04:49 INFO] Epoch 13/50  iter 650/743  loss=0.1176  lr=4.45e-05
[14:05:03 INFO] Epoch 13/50  iter 700/743  loss=0.1672  lr=4.45e-05
[14:05:15 INFO] Epoch 13 complete — avg_loss=0.1717  time=209s
[14:05:31 INFO] Epoch 14/50  iter 50/743  loss=0.1615  lr=4.43e-05
[14:05:45 INFO] Epoch 14/50  iter 100/743  loss=0.1960  lr=4.42e-05
[14:05:59 INFO] Epoch 14/50  iter 150/743  loss=0.1647  lr=4.42e-05
[14:06:12 INFO] Epoch 14/50  iter 200/743  loss=0.0948  lr=4.41e-05
[14:06:27 INFO] Epoch 14/50  iter 250/743  loss=0.1528  lr=4.40e-05
[14:06:41 INFO] Epoch 14/50  iter 300/743  loss=0.1974  lr=4.39e-05
[14:06:55 INFO] Epoch 14/50  iter 350/743  loss=0.1245  lr=4.38e-05
[14:07:09 INFO] Epoch 14/50  iter 400/743  loss=0.0854  lr=4.38e-05
[14:07:23 INFO] Epoch 14/50  iter 450/743  loss=0.1426  lr=4.37e-05
[14:07:37 INFO] Epoch 14/50  iter 500/743  loss=0.1077  lr=4.36e-05
[14:07:51 INFO] Epoch 14/50  iter 550/743  loss=0.0381  lr=4.35e-05
[14:08:05 INFO] Epoch 14/50  iter 600/743  loss=0.1203  lr=4.34e-05
[14:08:19 INFO] Epoch 14/50  iter 650/743  loss=0.1525  lr=4.33e-05
[14:08:34 INFO] Epoch 14/50  iter 700/743  loss=0.1754  lr=4.33e-05
[14:08:46 INFO] Epoch 14 complete — avg_loss=0.1770  time=210s
[14:09:01 INFO] Epoch 15/50  iter 50/743  loss=0.1538  lr=4.31e-05
[14:09:15 INFO] Epoch 15/50  iter 100/743  loss=0.1263  lr=4.30e-05
[14:09:30 INFO] Epoch 15/50  iter 150/743  loss=0.1956  lr=4.30e-05
[14:09:43 INFO] Epoch 15/50  iter 200/743  loss=0.1432  lr=4.29e-05
[14:09:58 INFO] Epoch 15/50  iter 250/743  loss=0.0957  lr=4.28e-05
[14:10:12 INFO] Epoch 15/50  iter 300/743  loss=0.1982  lr=4.27e-05
[14:10:25 INFO] Epoch 15/50  iter 350/743  loss=0.1900  lr=4.26e-05
[14:10:39 INFO] Epoch 15/50  iter 400/743  loss=0.2004  lr=4.26e-05
[14:10:53 INFO] Epoch 15/50  iter 450/743  loss=0.1292  lr=4.25e-05
[14:11:07 INFO] Epoch 15/50  iter 500/743  loss=0.1473  lr=4.24e-05
[14:11:21 INFO] Epoch 15/50  iter 550/743  loss=0.0825  lr=4.23e-05
[14:11:35 INFO] Epoch 15/50  iter 600/743  loss=0.1933  lr=4.22e-05
[14:11:49 INFO] Epoch 15/50  iter 650/743  loss=0.1746  lr=4.21e-05
[14:12:03 INFO] Epoch 15/50  iter 700/743  loss=0.1372  lr=4.21e-05
[14:12:15 INFO] Epoch 15 complete — avg_loss=0.1744  time=209s
[14:14:27 INFO]   val mIoU = 0.7345
[14:14:28 INFO]   ★ New best val mIoU: 0.7345
[14:14:44 INFO] Epoch 16/50  iter 50/743  loss=0.2081  lr=4.19e-05
[14:14:58 INFO] Epoch 16/50  iter 100/743  loss=0.1293  lr=4.18e-05
[14:15:12 INFO] Epoch 16/50  iter 150/743  loss=0.1242  lr=4.18e-05
[14:15:26 INFO] Epoch 16/50  iter 200/743  loss=0.0941  lr=4.17e-05
[14:15:40 INFO] Epoch 16/50  iter 250/743  loss=0.2489  lr=4.16e-05
[14:15:54 INFO] Epoch 16/50  iter 300/743  loss=0.1565  lr=4.15e-05
[14:16:08 INFO] Epoch 16/50  iter 350/743  loss=0.1271  lr=4.14e-05
[14:16:22 INFO] Epoch 16/50  iter 400/743  loss=0.1002  lr=4.14e-05
[14:16:36 INFO] Epoch 16/50  iter 450/743  loss=0.2900  lr=4.13e-05
[14:16:50 INFO] Epoch 16/50  iter 500/743  loss=0.1472  lr=4.12e-05
[14:17:04 INFO] Epoch 16/50  iter 550/743  loss=0.1339  lr=4.11e-05
[14:17:18 INFO] Epoch 16/50  iter 600/743  loss=0.1721  lr=4.10e-05
[14:17:32 INFO] Epoch 16/50  iter 650/743  loss=0.1552  lr=4.09e-05
[14:17:46 INFO] Epoch 16/50  iter 700/743  loss=0.0559  lr=4.09e-05
[14:17:58 INFO] Epoch 16 complete — avg_loss=0.1663  time=210s
[14:18:14 INFO] Epoch 17/50  iter 50/743  loss=0.0591  lr=4.07e-05
[14:18:28 INFO] Epoch 17/50  iter 100/743  loss=0.1610  lr=4.06e-05
[14:18:42 INFO] Epoch 17/50  iter 150/743  loss=0.2060  lr=4.06e-05
[14:18:56 INFO] Epoch 17/50  iter 200/743  loss=0.0924  lr=4.05e-05
[14:19:10 INFO] Epoch 17/50  iter 250/743  loss=0.2075  lr=4.04e-05
[14:19:25 INFO] Epoch 17/50  iter 300/743  loss=0.1532  lr=4.03e-05
[14:19:39 INFO] Epoch 17/50  iter 350/743  loss=0.1064  lr=4.02e-05
[14:19:52 INFO] Epoch 17/50  iter 400/743  loss=0.0834  lr=4.02e-05
[14:20:07 INFO] Epoch 17/50  iter 450/743  loss=0.1901  lr=4.01e-05
[14:20:20 INFO] Epoch 17/50  iter 500/743  loss=0.1381  lr=4.00e-05
[14:20:34 INFO] Epoch 17/50  iter 550/743  loss=0.2002  lr=3.99e-05
[14:20:49 INFO] Epoch 17/50  iter 600/743  loss=0.0678  lr=3.98e-05
[14:21:03 INFO] Epoch 17/50  iter 650/743  loss=0.1389  lr=3.97e-05
[14:21:17 INFO] Epoch 17/50  iter 700/743  loss=0.1158  lr=3.97e-05
[14:21:29 INFO] Epoch 17 complete — avg_loss=0.1641  time=209s
[14:21:45 INFO] Epoch 18/50  iter 50/743  loss=0.1645  lr=3.95e-05
[14:21:59 INFO] Epoch 18/50  iter 100/743  loss=0.1794  lr=3.94e-05
[14:22:13 INFO] Epoch 18/50  iter 150/743  loss=0.1430  lr=3.94e-05
[14:22:27 INFO] Epoch 18/50  iter 200/743  loss=0.1011  lr=3.93e-05
[14:22:41 INFO] Epoch 18/50  iter 250/743  loss=0.1179  lr=3.92e-05
[14:22:55 INFO] Epoch 18/50  iter 300/743  loss=0.2273  lr=3.91e-05
[14:23:09 INFO] Epoch 18/50  iter 350/743  loss=0.7278  lr=3.90e-05
[14:23:23 INFO] Epoch 18/50  iter 400/743  loss=0.1419  lr=3.90e-05
[14:23:37 INFO] Epoch 18/50  iter 450/743  loss=0.3134  lr=3.89e-05
[14:23:51 INFO] Epoch 18/50  iter 500/743  loss=0.0985  lr=3.88e-05
[14:24:05 INFO] Epoch 18/50  iter 550/743  loss=0.1266  lr=3.87e-05
[14:24:19 INFO] Epoch 18/50  iter 600/743  loss=0.7456  lr=3.86e-05
[14:24:33 INFO] Epoch 18/50  iter 650/743  loss=0.1625  lr=3.85e-05
[14:24:47 INFO] Epoch 18/50  iter 700/743  loss=0.1149  lr=3.85e-05
[14:24:59 INFO] Epoch 18 complete — avg_loss=0.1627  time=209s
[14:25:14 INFO] Epoch 19/50  iter 50/743  loss=0.1123  lr=3.83e-05
[14:25:28 INFO] Epoch 19/50  iter 100/743  loss=0.1763  lr=3.82e-05
[14:25:43 INFO] Epoch 19/50  iter 150/743  loss=0.2559  lr=3.82e-05
[14:25:56 INFO] Epoch 19/50  iter 200/743  loss=0.1692  lr=3.81e-05
[14:26:11 INFO] Epoch 19/50  iter 250/743  loss=0.0931  lr=3.80e-05
[14:26:25 INFO] Epoch 19/50  iter 300/743  loss=0.1162  lr=3.79e-05
[14:26:39 INFO] Epoch 19/50  iter 350/743  loss=0.1724  lr=3.78e-05
[14:26:53 INFO] Epoch 19/50  iter 400/743  loss=0.2826  lr=3.78e-05
[14:27:07 INFO] Epoch 19/50  iter 450/743  loss=0.1366  lr=3.77e-05
[14:27:21 INFO] Epoch 19/50  iter 500/743  loss=0.0892  lr=3.76e-05
[14:27:35 INFO] Epoch 19/50  iter 550/743  loss=0.1054  lr=3.75e-05
[14:27:49 INFO] Epoch 19/50  iter 600/743  loss=0.1078  lr=3.74e-05
[14:28:02 INFO] Epoch 19/50  iter 650/743  loss=0.1791  lr=3.73e-05
[14:28:16 INFO] Epoch 19/50  iter 700/743  loss=0.1540  lr=3.73e-05
[14:28:29 INFO] Epoch 19 complete — avg_loss=0.1627  time=209s
[14:28:44 INFO] Epoch 20/50  iter 50/743  loss=0.1406  lr=3.71e-05
[14:28:58 INFO] Epoch 20/50  iter 100/743  loss=0.0754  lr=3.70e-05
[14:29:12 INFO] Epoch 20/50  iter 150/743  loss=0.0659  lr=3.70e-05
[14:29:26 INFO] Epoch 20/50  iter 200/743  loss=0.1307  lr=3.69e-05
[14:29:41 INFO] Epoch 20/50  iter 250/743  loss=0.1332  lr=3.68e-05
[14:29:54 INFO] Epoch 20/50  iter 300/743  loss=0.0716  lr=3.67e-05
[14:30:08 INFO] Epoch 20/50  iter 350/743  loss=0.1580  lr=3.66e-05
[14:30:23 INFO] Epoch 20/50  iter 400/743  loss=0.0999  lr=3.66e-05
[14:30:36 INFO] Epoch 20/50  iter 450/743  loss=0.2121  lr=3.65e-05
[14:30:50 INFO] Epoch 20/50  iter 500/743  loss=0.1545  lr=3.64e-05
[14:31:04 INFO] Epoch 20/50  iter 550/743  loss=0.1260  lr=3.63e-05
[14:31:18 INFO] Epoch 20/50  iter 600/743  loss=0.0796  lr=3.62e-05
[14:31:32 INFO] Epoch 20/50  iter 650/743  loss=0.1059  lr=3.61e-05
[14:31:47 INFO] Epoch 20/50  iter 700/743  loss=0.1848  lr=3.61e-05
[14:31:58 INFO] Epoch 20 complete — avg_loss=0.1549  time=209s
[14:34:08 INFO]   val mIoU = 0.7367
[14:34:09 INFO]   ★ New best val mIoU: 0.7367
[14:34:23 INFO] Epoch 21/50  iter 50/743  loss=0.0987  lr=3.59e-05
[14:34:38 INFO] Epoch 21/50  iter 100/743  loss=0.1007  lr=3.58e-05
[14:34:52 INFO] Epoch 21/50  iter 150/743  loss=0.4810  lr=3.58e-05
[14:35:05 INFO] Epoch 21/50  iter 200/743  loss=0.1404  lr=3.57e-05
[14:35:19 INFO] Epoch 21/50  iter 250/743  loss=0.1463  lr=3.56e-05
[14:35:33 INFO] Epoch 21/50  iter 300/743  loss=0.1146  lr=3.55e-05
[14:35:47 INFO] Epoch 21/50  iter 350/743  loss=0.0756  lr=3.54e-05
[14:36:01 INFO] Epoch 21/50  iter 400/743  loss=0.1280  lr=3.54e-05
[14:36:15 INFO] Epoch 21/50  iter 450/743  loss=0.3871  lr=3.53e-05
[14:36:29 INFO] Epoch 21/50  iter 500/743  loss=0.2095  lr=3.52e-05
[14:36:43 INFO] Epoch 21/50  iter 550/743  loss=0.1255  lr=3.51e-05
[14:36:57 INFO] Epoch 21/50  iter 600/743  loss=0.1172  lr=3.50e-05
[14:37:11 INFO] Epoch 21/50  iter 650/743  loss=0.3425  lr=3.49e-05
[14:37:25 INFO] Epoch 21/50  iter 700/743  loss=0.0863  lr=3.49e-05
[14:37:37 INFO] Epoch 21 complete — avg_loss=0.1552  time=208s
[14:37:53 INFO] Epoch 22/50  iter 50/743  loss=0.1526  lr=3.47e-05
[14:38:07 INFO] Epoch 22/50  iter 100/743  loss=0.0475  lr=3.46e-05
[14:38:20 INFO] Epoch 22/50  iter 150/743  loss=0.1049  lr=3.46e-05
[14:38:35 INFO] Epoch 22/50  iter 200/743  loss=0.0783  lr=3.45e-05
[14:38:49 INFO] Epoch 22/50  iter 250/743  loss=0.1283  lr=3.44e-05
[14:39:03 INFO] Epoch 22/50  iter 300/743  loss=0.1080  lr=3.43e-05
[14:39:16 INFO] Epoch 22/50  iter 350/743  loss=0.0589  lr=3.42e-05
[14:39:31 INFO] Epoch 22/50  iter 400/743  loss=0.2172  lr=3.42e-05
[14:39:45 INFO] Epoch 22/50  iter 450/743  loss=0.2609  lr=3.41e-05
[14:39:59 INFO] Epoch 22/50  iter 500/743  loss=0.1854  lr=3.40e-05
[14:40:12 INFO] Epoch 22/50  iter 550/743  loss=0.1787  lr=3.39e-05
[14:40:26 INFO] Epoch 22/50  iter 600/743  loss=0.1096  lr=3.38e-05
[14:40:40 INFO] Epoch 22/50  iter 650/743  loss=0.1864  lr=3.37e-05
[14:40:54 INFO] Epoch 22/50  iter 700/743  loss=0.1734  lr=3.37e-05
[14:41:06 INFO] Epoch 22 complete — avg_loss=0.1476  time=208s
[14:41:22 INFO] Epoch 23/50  iter 50/743  loss=0.0918  lr=3.35e-05
[14:41:36 INFO] Epoch 23/50  iter 100/743  loss=1.4760  lr=3.34e-05
[14:41:50 INFO] Epoch 23/50  iter 150/743  loss=0.2909  lr=3.34e-05
[14:42:04 INFO] Epoch 23/50  iter 200/743  loss=0.1032  lr=3.33e-05
[14:42:18 INFO] Epoch 23/50  iter 250/743  loss=0.1374  lr=3.32e-05
[14:42:32 INFO] Epoch 23/50  iter 300/743  loss=0.5600  lr=3.31e-05
[14:42:46 INFO] Epoch 23/50  iter 350/743  loss=0.1581  lr=3.30e-05
[14:43:00 INFO] Epoch 23/50  iter 400/743  loss=0.1434  lr=3.30e-05
[14:43:14 INFO] Epoch 23/50  iter 450/743  loss=0.1414  lr=3.29e-05
[14:43:28 INFO] Epoch 23/50  iter 500/743  loss=0.1008  lr=3.28e-05
[14:43:42 INFO] Epoch 23/50  iter 550/743  loss=0.0990  lr=3.27e-05
[14:43:56 INFO] Epoch 23/50  iter 600/743  loss=0.1797  lr=3.26e-05
[14:44:10 INFO] Epoch 23/50  iter 650/743  loss=0.1266  lr=3.25e-05
[14:44:24 INFO] Epoch 23/50  iter 700/743  loss=0.1294  lr=3.25e-05
[14:44:37 INFO] Epoch 23 complete — avg_loss=0.1521  time=210s
[14:44:52 INFO] Epoch 24/50  iter 50/743  loss=0.1110  lr=3.23e-05
[14:45:06 INFO] Epoch 24/50  iter 100/743  loss=0.1057  lr=3.22e-05
[14:45:19 INFO] Epoch 24/50  iter 150/743  loss=0.1835  lr=3.22e-05
[14:45:33 INFO] Epoch 24/50  iter 200/743  loss=0.1058  lr=3.21e-05
[14:45:48 INFO] Epoch 24/50  iter 250/743  loss=0.1036  lr=3.20e-05
[14:46:01 INFO] Epoch 24/50  iter 300/743  loss=0.1193  lr=3.19e-05
[14:46:15 INFO] Epoch 24/50  iter 350/743  loss=0.0870  lr=3.18e-05
[14:46:30 INFO] Epoch 24/50  iter 400/743  loss=0.1083  lr=3.18e-05
[14:46:44 INFO] Epoch 24/50  iter 450/743  loss=0.0594  lr=3.17e-05
[14:46:58 INFO] Epoch 24/50  iter 500/743  loss=0.2671  lr=3.16e-05
[14:47:12 INFO] Epoch 24/50  iter 550/743  loss=0.2399  lr=3.15e-05
[14:47:26 INFO] Epoch 24/50  iter 600/743  loss=0.2963  lr=3.14e-05
[14:47:40 INFO] Epoch 24/50  iter 650/743  loss=0.0724  lr=3.13e-05
[14:47:54 INFO] Epoch 24/50  iter 700/743  loss=0.1736  lr=3.13e-05
[14:48:06 INFO] Epoch 24 complete — avg_loss=0.1455  time=209s
[14:48:22 INFO] Epoch 25/50  iter 50/743  loss=0.1637  lr=3.11e-05
[14:48:36 INFO] Epoch 25/50  iter 100/743  loss=0.0439  lr=3.10e-05
[14:48:50 INFO] Epoch 25/50  iter 150/743  loss=0.1669  lr=3.10e-05
[14:49:04 INFO] Epoch 25/50  iter 200/743  loss=0.1588  lr=3.09e-05
[14:49:18 INFO] Epoch 25/50  iter 250/743  loss=0.1083  lr=3.08e-05
[14:49:32 INFO] Epoch 25/50  iter 300/743  loss=0.1267  lr=3.07e-05
[14:49:46 INFO] Epoch 25/50  iter 350/743  loss=0.2051  lr=3.06e-05
[14:50:00 INFO] Epoch 25/50  iter 400/743  loss=0.1147  lr=3.06e-05
[14:50:14 INFO] Epoch 25/50  iter 450/743  loss=0.1490  lr=3.05e-05
[14:50:28 INFO] Epoch 25/50  iter 500/743  loss=0.0323  lr=3.04e-05
[14:50:43 INFO] Epoch 25/50  iter 550/743  loss=0.1249  lr=3.03e-05
[14:50:57 INFO] Epoch 25/50  iter 600/743  loss=0.1579  lr=3.02e-05
[14:51:10 INFO] Epoch 25/50  iter 650/743  loss=0.3693  lr=3.01e-05
[14:51:25 INFO] Epoch 25/50  iter 700/743  loss=0.0900  lr=3.01e-05
[14:51:37 INFO] Epoch 25 complete — avg_loss=0.1477  time=210s
[14:53:48 INFO]   val mIoU = 0.7460
[14:53:48 INFO]   ★ New best val mIoU: 0.7460
[14:54:04 INFO] Epoch 26/50  iter 50/743  loss=0.1647  lr=2.99e-05
[14:54:19 INFO] Epoch 26/50  iter 100/743  loss=0.0857  lr=2.98e-05
[14:54:33 INFO] Epoch 26/50  iter 150/743  loss=0.1995  lr=2.98e-05
[14:54:47 INFO] Epoch 26/50  iter 200/743  loss=0.1734  lr=2.97e-05
[14:55:01 INFO] Epoch 26/50  iter 250/743  loss=0.2168  lr=2.96e-05
[14:55:15 INFO] Epoch 26/50  iter 300/743  loss=0.1510  lr=2.95e-05
[14:55:29 INFO] Epoch 26/50  iter 350/743  loss=0.2855  lr=2.94e-05
[14:55:43 INFO] Epoch 26/50  iter 400/743  loss=0.1355  lr=2.94e-05
[14:55:57 INFO] Epoch 26/50  iter 450/743  loss=0.1852  lr=2.93e-05
[14:56:11 INFO] Epoch 26/50  iter 500/743  loss=0.2481  lr=2.92e-05
[14:56:26 INFO] Epoch 26/50  iter 550/743  loss=0.1519  lr=2.91e-05
[14:56:40 INFO] Epoch 26/50  iter 600/743  loss=0.1496  lr=2.90e-05
[14:56:54 INFO] Epoch 26/50  iter 650/743  loss=0.1422  lr=2.89e-05
[14:57:08 INFO] Epoch 26/50  iter 700/743  loss=0.1663  lr=2.89e-05
[14:57:20 INFO] Epoch 26 complete — avg_loss=0.1521  time=211s
[14:57:35 INFO] Epoch 27/50  iter 50/743  loss=0.1219  lr=2.87e-05
[14:57:50 INFO] Epoch 27/50  iter 100/743  loss=0.1365  lr=2.86e-05
[14:58:03 INFO] Epoch 27/50  iter 150/743  loss=0.1194  lr=2.86e-05
[14:58:18 INFO] Epoch 27/50  iter 200/743  loss=0.0818  lr=2.85e-05
[14:58:32 INFO] Epoch 27/50  iter 250/743  loss=0.1285  lr=2.84e-05
[14:58:45 INFO] Epoch 27/50  iter 300/743  loss=0.2267  lr=2.83e-05
[14:59:00 INFO] Epoch 27/50  iter 350/743  loss=0.1626  lr=2.82e-05
[14:59:14 INFO] Epoch 27/50  iter 400/743  loss=0.1821  lr=2.82e-05
[14:59:28 INFO] Epoch 27/50  iter 450/743  loss=0.0676  lr=2.81e-05
[14:59:42 INFO] Epoch 27/50  iter 500/743  loss=0.2115  lr=2.80e-05
[14:59:56 INFO] Epoch 27/50  iter 550/743  loss=0.1403  lr=2.79e-05
[15:00:10 INFO] Epoch 27/50  iter 600/743  loss=0.1141  lr=2.78e-05
[15:00:24 INFO] Epoch 27/50  iter 650/743  loss=0.2211  lr=2.77e-05
[15:00:38 INFO] Epoch 27/50  iter 700/743  loss=0.1185  lr=2.77e-05
[15:00:50 INFO] Epoch 27 complete — avg_loss=0.1373  time=209s
[15:01:07 INFO] Epoch 28/50  iter 50/743  loss=0.1194  lr=2.75e-05
[15:01:21 INFO] Epoch 28/50  iter 100/743  loss=0.1385  lr=2.74e-05
[15:01:34 INFO] Epoch 28/50  iter 150/743  loss=0.1108  lr=2.74e-05
[15:01:49 INFO] Epoch 28/50  iter 200/743  loss=0.1374  lr=2.73e-05
[15:02:03 INFO] Epoch 28/50  iter 250/743  loss=0.1241  lr=2.72e-05
[15:02:17 INFO] Epoch 28/50  iter 300/743  loss=0.2147  lr=2.71e-05
[15:02:31 INFO] Epoch 28/50  iter 350/743  loss=0.1519  lr=2.70e-05
[15:02:45 INFO] Epoch 28/50  iter 400/743  loss=0.1042  lr=2.70e-05
[15:02:59 INFO] Epoch 28/50  iter 450/743  loss=0.1126  lr=2.69e-05
[15:03:14 INFO] Epoch 28/50  iter 500/743  loss=0.1413  lr=2.68e-05
[15:03:28 INFO] Epoch 28/50  iter 550/743  loss=0.1832  lr=2.67e-05
[15:03:41 INFO] Epoch 28/50  iter 600/743  loss=0.3647  lr=2.66e-05
[15:03:56 INFO] Epoch 28/50  iter 650/743  loss=0.0705  lr=2.65e-05
[15:04:10 INFO] Epoch 28/50  iter 700/743  loss=0.1204  lr=2.65e-05
[15:04:22 INFO] Epoch 28 complete — avg_loss=0.1393  time=211s
[15:04:38 INFO] Epoch 29/50  iter 50/743  loss=0.1270  lr=2.63e-05
[15:04:52 INFO] Epoch 29/50  iter 100/743  loss=0.1593  lr=2.62e-05
[15:05:05 INFO] Epoch 29/50  iter 150/743  loss=0.1210  lr=2.62e-05
[15:05:20 INFO] Epoch 29/50  iter 200/743  loss=0.1209  lr=2.61e-05
[15:05:34 INFO] Epoch 29/50  iter 250/743  loss=0.0788  lr=2.60e-05
[15:05:47 INFO] Epoch 29/50  iter 300/743  loss=0.1357  lr=2.59e-05
[15:06:01 INFO] Epoch 29/50  iter 350/743  loss=0.1596  lr=2.58e-05
[15:06:16 INFO] Epoch 29/50  iter 400/743  loss=0.1155  lr=2.58e-05
[15:06:29 INFO] Epoch 29/50  iter 450/743  loss=0.1450  lr=2.57e-05
[15:06:43 INFO] Epoch 29/50  iter 500/743  loss=0.0697  lr=2.56e-05
[15:06:58 INFO] Epoch 29/50  iter 550/743  loss=0.1543  lr=2.55e-05
[15:07:11 INFO] Epoch 29/50  iter 600/743  loss=0.0706  lr=2.54e-05
[15:07:25 INFO] Epoch 29/50  iter 650/743  loss=0.0849  lr=2.53e-05
[15:07:40 INFO] Epoch 29/50  iter 700/743  loss=0.0935  lr=2.53e-05
[15:07:51 INFO] Epoch 29 complete — avg_loss=0.1409  time=208s
[15:08:06 INFO] Epoch 30/50  iter 50/743  loss=0.2082  lr=2.51e-05
[15:08:21 INFO] Epoch 30/50  iter 100/743  loss=0.0765  lr=2.50e-05
[15:08:34 INFO] Epoch 30/50  iter 150/743  loss=0.0356  lr=2.50e-05
[15:08:48 INFO] Epoch 30/50  iter 200/743  loss=0.0548  lr=2.49e-05
[15:09:03 INFO] Epoch 30/50  iter 250/743  loss=0.0711  lr=2.48e-05
[15:09:17 INFO] Epoch 30/50  iter 300/743  loss=0.1308  lr=2.47e-05
[15:09:31 INFO] Epoch 30/50  iter 350/743  loss=0.0689  lr=2.46e-05
[15:09:45 INFO] Epoch 30/50  iter 400/743  loss=0.1604  lr=2.46e-05
[15:09:59 INFO] Epoch 30/50  iter 450/743  loss=0.0628  lr=2.45e-05
[15:10:13 INFO] Epoch 30/50  iter 500/743  loss=0.0912  lr=2.44e-05
[15:10:28 INFO] Epoch 30/50  iter 550/743  loss=0.2089  lr=2.43e-05
[15:10:41 INFO] Epoch 30/50  iter 600/743  loss=0.0898  lr=2.42e-05
[15:10:55 INFO] Epoch 30/50  iter 650/743  loss=0.1522  lr=2.41e-05
[15:11:10 INFO] Epoch 30/50  iter 700/743  loss=0.1241  lr=2.41e-05
[15:11:22 INFO] Epoch 30 complete — avg_loss=0.1382  time=210s
[15:13:33 INFO]   val mIoU = 0.7574
[15:13:34 INFO]   ★ New best val mIoU: 0.7574
[15:13:49 INFO] Epoch 31/50  iter 50/743  loss=0.1112  lr=2.39e-05
[15:14:03 INFO] Epoch 31/50  iter 100/743  loss=0.1530  lr=2.38e-05
[15:14:17 INFO] Epoch 31/50  iter 150/743  loss=0.1436  lr=2.38e-05
[15:14:31 INFO] Epoch 31/50  iter 200/743  loss=0.5717  lr=2.37e-05
[15:14:45 INFO] Epoch 31/50  iter 250/743  loss=0.0982  lr=2.36e-05
[15:14:59 INFO] Epoch 31/50  iter 300/743  loss=0.3833  lr=2.35e-05
[15:15:13 INFO] Epoch 31/50  iter 350/743  loss=0.3354  lr=2.34e-05
[15:15:26 INFO] Epoch 31/50  iter 400/743  loss=0.0621  lr=2.34e-05
[15:15:41 INFO] Epoch 31/50  iter 450/743  loss=0.1584  lr=2.33e-05
[15:15:54 INFO] Epoch 31/50  iter 500/743  loss=0.1082  lr=2.32e-05
[15:16:08 INFO] Epoch 31/50  iter 550/743  loss=0.5638  lr=2.31e-05
[15:16:22 INFO] Epoch 31/50  iter 600/743  loss=0.1027  lr=2.30e-05
[15:16:36 INFO] Epoch 31/50  iter 650/743  loss=0.1427  lr=2.29e-05
[15:16:51 INFO] Epoch 31/50  iter 700/743  loss=0.0837  lr=2.29e-05
[15:17:04 INFO] Epoch 31 complete — avg_loss=0.1360  time=209s
[15:17:20 INFO] Epoch 32/50  iter 50/743  loss=0.1724  lr=2.27e-05
[15:17:34 INFO] Epoch 32/50  iter 100/743  loss=0.2223  lr=2.26e-05
[15:17:48 INFO] Epoch 32/50  iter 150/743  loss=0.0801  lr=2.26e-05
[15:18:02 INFO] Epoch 32/50  iter 200/743  loss=0.0985  lr=2.25e-05
[15:18:16 INFO] Epoch 32/50  iter 250/743  loss=0.1442  lr=2.24e-05
[15:18:30 INFO] Epoch 32/50  iter 300/743  loss=0.0375  lr=2.23e-05
[15:18:44 INFO] Epoch 32/50  iter 350/743  loss=0.2010  lr=2.22e-05
[15:18:58 INFO] Epoch 32/50  iter 400/743  loss=0.1063  lr=2.22e-05
[15:19:12 INFO] Epoch 32/50  iter 450/743  loss=0.0660  lr=2.21e-05
[15:19:26 INFO] Epoch 32/50  iter 500/743  loss=0.1493  lr=2.20e-05
[15:19:41 INFO] Epoch 32/50  iter 550/743  loss=0.0688  lr=2.19e-05
[15:19:55 INFO] Epoch 32/50  iter 600/743  loss=0.1335  lr=2.18e-05
[15:20:09 INFO] Epoch 32/50  iter 650/743  loss=0.1337  lr=2.17e-05
[15:20:23 INFO] Epoch 32/50  iter 700/743  loss=0.1768  lr=2.17e-05
[15:20:35 INFO] Epoch 32 complete — avg_loss=0.1368  time=210s
[15:20:51 INFO] Epoch 33/50  iter 50/743  loss=0.1410  lr=2.15e-05
[15:21:06 INFO] Epoch 33/50  iter 100/743  loss=0.0877  lr=2.14e-05
[15:21:20 INFO] Epoch 33/50  iter 150/743  loss=0.0933  lr=2.14e-05
[15:21:34 INFO] Epoch 33/50  iter 200/743  loss=0.0570  lr=2.13e-05
[15:21:48 INFO] Epoch 33/50  iter 250/743  loss=0.0575  lr=2.12e-05
[15:22:02 INFO] Epoch 33/50  iter 300/743  loss=0.1124  lr=2.11e-05
[15:22:15 INFO] Epoch 33/50  iter 350/743  loss=0.1795  lr=2.10e-05
[15:22:30 INFO] Epoch 33/50  iter 400/743  loss=0.1523  lr=2.10e-05
[15:22:44 INFO] Epoch 33/50  iter 450/743  loss=0.1487  lr=2.09e-05
[15:22:57 INFO] Epoch 33/50  iter 500/743  loss=0.0841  lr=2.08e-05
[15:23:11 INFO] Epoch 33/50  iter 550/743  loss=0.1003  lr=2.07e-05
[15:23:25 INFO] Epoch 33/50  iter 600/743  loss=0.0534  lr=2.06e-05
[15:23:39 INFO] Epoch 33/50  iter 650/743  loss=0.0949  lr=2.05e-05
[15:23:54 INFO] Epoch 33/50  iter 700/743  loss=0.0452  lr=2.05e-05
[15:24:07 INFO] Epoch 33 complete — avg_loss=0.1348  time=211s
[15:24:22 INFO] Epoch 34/50  iter 50/743  loss=0.0434  lr=2.03e-05
[15:24:36 INFO] Epoch 34/50  iter 100/743  loss=0.1240  lr=2.02e-05
[15:24:50 INFO] Epoch 34/50  iter 150/743  loss=0.1571  lr=2.02e-05
[15:25:05 INFO] Epoch 34/50  iter 200/743  loss=0.1435  lr=2.01e-05
[15:25:20 INFO] Epoch 34/50  iter 250/743  loss=0.1606  lr=2.00e-05
[15:25:34 INFO] Epoch 34/50  iter 300/743  loss=0.1727  lr=1.99e-05
[15:25:48 INFO] Epoch 34/50  iter 350/743  loss=0.2039  lr=1.98e-05
[15:26:02 INFO] Epoch 34/50  iter 400/743  loss=0.1178  lr=1.98e-05
[15:26:16 INFO] Epoch 34/50  iter 450/743  loss=0.1040  lr=1.97e-05
[15:26:30 INFO] Epoch 34/50  iter 500/743  loss=0.1299  lr=1.96e-05
[15:26:44 INFO] Epoch 34/50  iter 550/743  loss=0.1306  lr=1.95e-05
[15:26:58 INFO] Epoch 34/50  iter 600/743  loss=0.6103  lr=1.94e-05
[15:27:12 INFO] Epoch 34/50  iter 650/743  loss=0.1123  lr=1.93e-05
[15:27:26 INFO] Epoch 34/50  iter 700/743  loss=0.0714  lr=1.93e-05
[15:27:38 INFO] Epoch 34 complete — avg_loss=0.1374  time=210s
[15:27:53 INFO] Epoch 35/50  iter 50/743  loss=0.0830  lr=1.91e-05
[15:28:08 INFO] Epoch 35/50  iter 100/743  loss=0.1745  lr=1.90e-05
[15:28:23 INFO] Epoch 35/50  iter 150/743  loss=0.1343  lr=1.90e-05
[15:28:38 INFO] Epoch 35/50  iter 200/743  loss=0.1406  lr=1.89e-05
[15:28:56 INFO] Epoch 35/50  iter 250/743  loss=0.0890  lr=1.88e-05
[15:29:11 INFO] Epoch 35/50  iter 300/743  loss=0.1649  lr=1.87e-05
[15:29:26 INFO] Epoch 35/50  iter 350/743  loss=0.0986  lr=1.86e-05
[15:29:41 INFO] Epoch 35/50  iter 400/743  loss=0.0866  lr=1.86e-05
[15:29:56 INFO] Epoch 35/50  iter 450/743  loss=0.0964  lr=1.85e-05
[15:30:11 INFO] Epoch 35/50  iter 500/743  loss=0.1929  lr=1.84e-05
[15:30:26 INFO] Epoch 35/50  iter 550/743  loss=0.7912  lr=1.83e-05
[15:30:40 INFO] Epoch 35/50  iter 600/743  loss=0.1245  lr=1.82e-05
[15:30:55 INFO] Epoch 35/50  iter 650/743  loss=0.1154  lr=1.81e-05
[15:31:09 INFO] Epoch 35/50  iter 700/743  loss=0.0935  lr=1.81e-05
[15:31:22 INFO] Epoch 35 complete — avg_loss=0.1326  time=224s
[15:33:41 INFO]   val mIoU = 0.7602
[15:33:42 INFO]   ★ New best val mIoU: 0.7602
[15:33:58 INFO] Epoch 36/50  iter 50/743  loss=0.1265  lr=1.79e-05
[15:34:12 INFO] Epoch 36/50  iter 100/743  loss=0.1846  lr=1.78e-05
[15:34:26 INFO] Epoch 36/50  iter 150/743  loss=0.1148  lr=1.78e-05
[15:34:40 INFO] Epoch 36/50  iter 200/743  loss=0.0895  lr=1.77e-05
[15:34:54 INFO] Epoch 36/50  iter 250/743  loss=0.0781  lr=1.76e-05
[15:35:08 INFO] Epoch 36/50  iter 300/743  loss=0.1123  lr=1.75e-05
[15:35:22 INFO] Epoch 36/50  iter 350/743  loss=0.0584  lr=1.74e-05
[15:35:36 INFO] Epoch 36/50  iter 400/743  loss=0.0691  lr=1.74e-05
[15:35:50 INFO] Epoch 36/50  iter 450/743  loss=0.0920  lr=1.73e-05
[15:36:04 INFO] Epoch 36/50  iter 500/743  loss=0.1057  lr=1.72e-05
[15:36:18 INFO] Epoch 36/50  iter 550/743  loss=0.1056  lr=1.71e-05
[15:36:33 INFO] Epoch 36/50  iter 600/743  loss=0.0865  lr=1.70e-05
[15:36:46 INFO] Epoch 36/50  iter 650/743  loss=0.0461  lr=1.69e-05
[15:37:00 INFO] Epoch 36/50  iter 700/743  loss=0.1960  lr=1.69e-05
[15:37:12 INFO] Epoch 36 complete — avg_loss=0.1269  time=210s
[15:37:28 INFO] Epoch 37/50  iter 50/743  loss=0.0941  lr=1.67e-05
[15:37:42 INFO] Epoch 37/50  iter 100/743  loss=0.1432  lr=1.66e-05
[15:37:56 INFO] Epoch 37/50  iter 150/743  loss=0.0668  lr=1.66e-05
[15:38:10 INFO] Epoch 37/50  iter 200/743  loss=0.1860  lr=1.65e-05
[15:38:24 INFO] Epoch 37/50  iter 250/743  loss=0.0503  lr=1.64e-05
[15:38:38 INFO] Epoch 37/50  iter 300/743  loss=0.1150  lr=1.63e-05
[15:38:52 INFO] Epoch 37/50  iter 350/743  loss=0.1196  lr=1.62e-05
[15:39:06 INFO] Epoch 37/50  iter 400/743  loss=0.2649  lr=1.62e-05
[15:39:21 INFO] Epoch 37/50  iter 450/743  loss=0.0902  lr=1.61e-05
[15:39:34 INFO] Epoch 37/50  iter 500/743  loss=0.1454  lr=1.60e-05
[15:39:49 INFO] Epoch 37/50  iter 550/743  loss=0.1560  lr=1.59e-05
[15:40:03 INFO] Epoch 37/50  iter 600/743  loss=0.1178  lr=1.58e-05
[15:40:17 INFO] Epoch 37/50  iter 650/743  loss=0.1394  lr=1.57e-05
[15:40:31 INFO] Epoch 37/50  iter 700/743  loss=0.1323  lr=1.57e-05
[15:40:44 INFO] Epoch 37 complete — avg_loss=0.1336  time=211s
[15:40:59 INFO] Epoch 38/50  iter 50/743  loss=0.2116  lr=1.55e-05
[15:41:13 INFO] Epoch 38/50  iter 100/743  loss=0.0598  lr=1.54e-05
[15:41:27 INFO] Epoch 38/50  iter 150/743  loss=0.1116  lr=1.54e-05
[15:41:41 INFO] Epoch 38/50  iter 200/743  loss=0.0693  lr=1.53e-05
[15:41:55 INFO] Epoch 38/50  iter 250/743  loss=0.1181  lr=1.52e-05
[15:42:09 INFO] Epoch 38/50  iter 300/743  loss=0.1094  lr=1.51e-05
[15:42:23 INFO] Epoch 38/50  iter 350/743  loss=0.1983  lr=1.50e-05
[15:42:37 INFO] Epoch 38/50  iter 400/743  loss=0.0482  lr=1.50e-05
[15:42:51 INFO] Epoch 38/50  iter 450/743  loss=0.1550  lr=1.49e-05
[15:43:04 INFO] Epoch 38/50  iter 500/743  loss=0.2026  lr=1.48e-05
[15:43:18 INFO] Epoch 38/50  iter 550/743  loss=0.1528  lr=1.47e-05
[15:43:32 INFO] Epoch 38/50  iter 600/743  loss=0.1573  lr=1.46e-05
[15:43:46 INFO] Epoch 38/50  iter 650/743  loss=0.0981  lr=1.45e-05
[15:44:00 INFO] Epoch 38/50  iter 700/743  loss=0.0826  lr=1.45e-05
[15:44:12 INFO] Epoch 38 complete — avg_loss=0.1293  time=208s
[15:44:28 INFO] Epoch 39/50  iter 50/743  loss=0.0648  lr=1.43e-05
[15:44:42 INFO] Epoch 39/50  iter 100/743  loss=0.0562  lr=1.42e-05
[15:44:56 INFO] Epoch 39/50  iter 150/743  loss=0.0750  lr=1.42e-05
[15:45:10 INFO] Epoch 39/50  iter 200/743  loss=0.5940  lr=1.41e-05
[15:45:24 INFO] Epoch 39/50  iter 250/743  loss=0.1331  lr=1.40e-05
[15:45:38 INFO] Epoch 39/50  iter 300/743  loss=0.1017  lr=1.39e-05
[15:45:52 INFO] Epoch 39/50  iter 350/743  loss=0.2025  lr=1.38e-05
[15:46:06 INFO] Epoch 39/50  iter 400/743  loss=0.1351  lr=1.38e-05
[15:46:20 INFO] Epoch 39/50  iter 450/743  loss=0.2030  lr=1.37e-05
[15:46:34 INFO] Epoch 39/50  iter 500/743  loss=0.1023  lr=1.36e-05
[15:46:48 INFO] Epoch 39/50  iter 550/743  loss=0.1092  lr=1.35e-05
[15:47:02 INFO] Epoch 39/50  iter 600/743  loss=0.2812  lr=1.34e-05
[15:47:16 INFO] Epoch 39/50  iter 650/743  loss=0.1247  lr=1.33e-05
[15:47:30 INFO] Epoch 39/50  iter 700/743  loss=0.0828  lr=1.33e-05
[15:47:42 INFO] Epoch 39 complete — avg_loss=0.1291  time=209s
[15:47:58 INFO] Epoch 40/50  iter 50/743  loss=0.1726  lr=1.31e-05
[15:48:12 INFO] Epoch 40/50  iter 100/743  loss=0.1180  lr=1.30e-05
[15:48:26 INFO] Epoch 40/50  iter 150/743  loss=0.0487  lr=1.30e-05
[15:48:40 INFO] Epoch 40/50  iter 200/743  loss=0.1148  lr=1.29e-05
[15:48:54 INFO] Epoch 40/50  iter 250/743  loss=0.1546  lr=1.28e-05
[15:49:08 INFO] Epoch 40/50  iter 300/743  loss=0.1282  lr=1.27e-05
[15:49:22 INFO] Epoch 40/50  iter 350/743  loss=0.3551  lr=1.26e-05
[15:49:36 INFO] Epoch 40/50  iter 400/743  loss=0.1144  lr=1.26e-05
[15:49:50 INFO] Epoch 40/50  iter 450/743  loss=0.1151  lr=1.25e-05
[15:50:04 INFO] Epoch 40/50  iter 500/743  loss=0.1921  lr=1.24e-05
[15:50:18 INFO] Epoch 40/50  iter 550/743  loss=0.1837  lr=1.23e-05
[15:50:32 INFO] Epoch 40/50  iter 600/743  loss=0.1877  lr=1.22e-05
[15:50:46 INFO] Epoch 40/50  iter 650/743  loss=0.1955  lr=1.21e-05
[15:51:00 INFO] Epoch 40/50  iter 700/743  loss=0.0731  lr=1.21e-05
[15:51:12 INFO] Epoch 40 complete — avg_loss=0.1243  time=209s
[15:53:26 INFO]   val mIoU = 0.7702
[15:53:27 INFO]   ★ New best val mIoU: 0.7702
[15:53:43 INFO] Epoch 41/50  iter 50/743  loss=0.1018  lr=1.19e-05
[15:53:59 INFO] Epoch 41/50  iter 100/743  loss=0.0959  lr=1.18e-05
[15:54:14 INFO] Epoch 41/50  iter 150/743  loss=0.0694  lr=1.18e-05
[15:54:29 INFO] Epoch 41/50  iter 200/743  loss=0.0713  lr=1.17e-05
[15:54:45 INFO] Epoch 41/50  iter 250/743  loss=0.1182  lr=1.16e-05
[15:55:00 INFO] Epoch 41/50  iter 300/743  loss=0.0759  lr=1.15e-05
[15:55:15 INFO] Epoch 41/50  iter 350/743  loss=0.0844  lr=1.14e-05
[15:55:30 INFO] Epoch 41/50  iter 400/743  loss=0.1221  lr=1.14e-05
[15:55:46 INFO] Epoch 41/50  iter 450/743  loss=0.1458  lr=1.13e-05
[15:56:01 INFO] Epoch 41/50  iter 500/743  loss=0.0726  lr=1.12e-05
[15:56:16 INFO] Epoch 41/50  iter 550/743  loss=0.0644  lr=1.11e-05
[15:56:31 INFO] Epoch 41/50  iter 600/743  loss=0.0863  lr=1.10e-05
[15:56:47 INFO] Epoch 41/50  iter 650/743  loss=0.1739  lr=1.09e-05
[15:57:02 INFO] Epoch 41/50  iter 700/743  loss=0.0805  lr=1.09e-05
[15:57:15 INFO] Epoch 41 complete — avg_loss=0.1217  time=228s
[15:57:32 INFO] Epoch 42/50  iter 50/743  loss=0.0877  lr=1.07e-05
[15:57:48 INFO] Epoch 42/50  iter 100/743  loss=0.1073  lr=1.06e-05
[15:58:03 INFO] Epoch 42/50  iter 150/743  loss=0.1709  lr=1.06e-05
[15:58:18 INFO] Epoch 42/50  iter 200/743  loss=0.1343  lr=1.05e-05
[15:58:33 INFO] Epoch 42/50  iter 250/743  loss=0.0548  lr=1.04e-05
[15:58:49 INFO] Epoch 42/50  iter 300/743  loss=0.1546  lr=1.03e-05
[15:59:05 INFO] Epoch 42/50  iter 350/743  loss=0.1127  lr=1.02e-05
[15:59:20 INFO] Epoch 42/50  iter 400/743  loss=0.0869  lr=1.02e-05
[15:59:35 INFO] Epoch 42/50  iter 450/743  loss=0.0800  lr=1.01e-05
[15:59:50 INFO] Epoch 42/50  iter 500/743  loss=0.0860  lr=9.99e-06
[16:00:06 INFO] Epoch 42/50  iter 550/743  loss=0.0925  lr=9.91e-06
[16:00:21 INFO] Epoch 42/50  iter 600/743  loss=0.1143  lr=9.83e-06
[16:00:36 INFO] Epoch 42/50  iter 650/743  loss=0.0791  lr=9.75e-06
[16:00:51 INFO] Epoch 42/50  iter 700/743  loss=0.1249  lr=9.67e-06
[16:01:05 INFO] Epoch 42 complete — avg_loss=0.1213  time=229s
[16:01:21 INFO] Epoch 43/50  iter 50/743  loss=0.0505  lr=9.52e-06
[16:01:37 INFO] Epoch 43/50  iter 100/743  loss=0.1787  lr=9.44e-06
[16:01:52 INFO] Epoch 43/50  iter 150/743  loss=0.1474  lr=9.36e-06
[16:02:07 INFO] Epoch 43/50  iter 200/743  loss=0.0692  lr=9.28e-06
[16:02:22 INFO] Epoch 43/50  iter 250/743  loss=0.0902  lr=9.19e-06
[16:02:37 INFO] Epoch 43/50  iter 300/743  loss=0.1026  lr=9.11e-06
[16:02:53 INFO] Epoch 43/50  iter 350/743  loss=0.1124  lr=9.03e-06
[16:03:08 INFO] Epoch 43/50  iter 400/743  loss=0.0849  lr=8.95e-06
[16:03:23 INFO] Epoch 43/50  iter 450/743  loss=0.0969  lr=8.87e-06
[16:03:39 INFO] Epoch 43/50  iter 500/743  loss=0.0801  lr=8.79e-06
[16:03:54 INFO] Epoch 43/50  iter 550/743  loss=0.1053  lr=8.71e-06
[16:04:09 INFO] Epoch 43/50  iter 600/743  loss=0.0582  lr=8.63e-06
[16:04:24 INFO] Epoch 43/50  iter 650/743  loss=0.1884  lr=8.55e-06
[16:04:40 INFO] Epoch 43/50  iter 700/743  loss=0.0728  lr=8.47e-06
[16:04:53 INFO] Epoch 43 complete — avg_loss=0.1252  time=228s
[16:05:11 INFO] Epoch 44/50  iter 50/743  loss=0.0810  lr=8.32e-06
[16:05:26 INFO] Epoch 44/50  iter 100/743  loss=0.1300  lr=8.24e-06
[16:05:42 INFO] Epoch 44/50  iter 150/743  loss=0.1159  lr=8.16e-06
[16:05:57 INFO] Epoch 44/50  iter 200/743  loss=0.1040  lr=8.08e-06
[16:06:13 INFO] Epoch 44/50  iter 250/743  loss=0.0893  lr=7.99e-06
[16:06:28 INFO] Epoch 44/50  iter 300/743  loss=0.1017  lr=7.91e-06
[16:06:44 INFO] Epoch 44/50  iter 350/743  loss=0.0881  lr=7.83e-06
[16:06:59 INFO] Epoch 44/50  iter 400/743  loss=0.1788  lr=7.75e-06
[16:07:14 INFO] Epoch 44/50  iter 450/743  loss=0.0767  lr=7.67e-06
[16:07:30 INFO] Epoch 44/50  iter 500/743  loss=0.1071  lr=7.59e-06
[16:07:45 INFO] Epoch 44/50  iter 550/743  loss=0.1677  lr=7.51e-06
[16:08:00 INFO] Epoch 44/50  iter 600/743  loss=0.1244  lr=7.43e-06
[16:08:16 INFO] Epoch 44/50  iter 650/743  loss=0.1132  lr=7.35e-06
[16:08:31 INFO] Epoch 44/50  iter 700/743  loss=0.0775  lr=7.27e-06
[16:08:44 INFO] Epoch 44 complete — avg_loss=0.1209  time=230s
[16:09:01 INFO] Epoch 45/50  iter 50/743  loss=0.0467  lr=7.12e-06
[16:09:17 INFO] Epoch 45/50  iter 100/743  loss=0.1212  lr=7.04e-06
[16:09:32 INFO] Epoch 45/50  iter 150/743  loss=0.1185  lr=6.96e-06
[16:09:48 INFO] Epoch 45/50  iter 200/743  loss=0.1311  lr=6.88e-06
[16:10:03 INFO] Epoch 45/50  iter 250/743  loss=0.1218  lr=6.79e-06
[16:10:18 INFO] Epoch 45/50  iter 300/743  loss=0.1359  lr=6.71e-06
[16:10:34 INFO] Epoch 45/50  iter 350/743  loss=0.0867  lr=6.63e-06
[16:10:49 INFO] Epoch 45/50  iter 400/743  loss=0.1628  lr=6.55e-06
[16:11:04 INFO] Epoch 45/50  iter 450/743  loss=0.0734  lr=6.47e-06
[16:11:19 INFO] Epoch 45/50  iter 500/743  loss=0.1477  lr=6.39e-06
[16:11:35 INFO] Epoch 45/50  iter 550/743  loss=0.3627  lr=6.31e-06
[16:11:50 INFO] Epoch 45/50  iter 600/743  loss=0.1313  lr=6.23e-06
[16:12:06 INFO] Epoch 45/50  iter 650/743  loss=0.0836  lr=6.15e-06
[16:12:21 INFO] Epoch 45/50  iter 700/743  loss=0.0865  lr=6.07e-06
[16:12:35 INFO] Epoch 45 complete — avg_loss=0.1196  time=230s
[16:14:52 INFO]   val mIoU = 0.7736
[16:14:53 INFO]   ★ New best val mIoU: 0.7736
[16:15:10 INFO] Epoch 46/50  iter 50/743  loss=0.1060  lr=5.92e-06
[16:15:25 INFO] Epoch 46/50  iter 100/743  loss=0.0840  lr=5.84e-06
[16:15:40 INFO] Epoch 46/50  iter 150/743  loss=0.1524  lr=5.76e-06
[16:15:55 INFO] Epoch 46/50  iter 200/743  loss=0.1063  lr=5.68e-06
[16:16:11 INFO] Epoch 46/50  iter 250/743  loss=0.1542  lr=5.59e-06
[16:16:26 INFO] Epoch 46/50  iter 300/743  loss=0.1275  lr=5.51e-06
[16:16:41 INFO] Epoch 46/50  iter 350/743  loss=0.1423  lr=5.43e-06
[16:16:57 INFO] Epoch 46/50  iter 400/743  loss=0.1419  lr=5.35e-06
[16:17:13 INFO] Epoch 46/50  iter 450/743  loss=0.0774  lr=5.27e-06
[16:17:28 INFO] Epoch 46/50  iter 500/743  loss=0.0595  lr=5.19e-06
[16:17:43 INFO] Epoch 46/50  iter 550/743  loss=0.2096  lr=5.11e-06
[16:17:59 INFO] Epoch 46/50  iter 600/743  loss=0.1404  lr=5.03e-06
[16:18:14 INFO] Epoch 46/50  iter 650/743  loss=0.2193  lr=4.95e-06
[16:18:29 INFO] Epoch 46/50  iter 700/743  loss=0.0635  lr=4.87e-06
[16:18:42 INFO] Epoch 46 complete — avg_loss=0.1225  time=229s
[16:18:59 INFO] Epoch 47/50  iter 50/743  loss=0.1500  lr=4.72e-06
[16:19:14 INFO] Epoch 47/50  iter 100/743  loss=0.0649  lr=4.64e-06
[16:19:30 INFO] Epoch 47/50  iter 150/743  loss=0.0870  lr=4.56e-06
[16:19:45 INFO] Epoch 47/50  iter 200/743  loss=0.1123  lr=4.48e-06
[16:20:00 INFO] Epoch 47/50  iter 250/743  loss=0.0888  lr=4.39e-06
[16:20:16 INFO] Epoch 47/50  iter 300/743  loss=0.1130  lr=4.31e-06
[16:20:31 INFO] Epoch 47/50  iter 350/743  loss=0.1182  lr=4.23e-06
[16:20:46 INFO] Epoch 47/50  iter 400/743  loss=0.1062  lr=4.15e-06
[16:21:02 INFO] Epoch 47/50  iter 450/743  loss=0.1502  lr=4.07e-06
[16:21:17 INFO] Epoch 47/50  iter 500/743  loss=0.1129  lr=3.99e-06
[16:21:32 INFO] Epoch 47/50  iter 550/743  loss=0.1298  lr=3.91e-06
[16:21:48 INFO] Epoch 47/50  iter 600/743  loss=0.2820  lr=3.83e-06
[16:22:03 INFO] Epoch 47/50  iter 650/743  loss=0.0736  lr=3.75e-06
[16:22:18 INFO] Epoch 47/50  iter 700/743  loss=0.1052  lr=3.67e-06
[16:22:32 INFO] Epoch 47 complete — avg_loss=0.1205  time=228s
[16:22:49 INFO] Epoch 48/50  iter 50/743  loss=0.0880  lr=3.52e-06
[16:23:04 INFO] Epoch 48/50  iter 100/743  loss=0.0551  lr=3.44e-06
[16:23:19 INFO] Epoch 48/50  iter 150/743  loss=0.1147  lr=3.36e-06
[16:23:35 INFO] Epoch 48/50  iter 200/743  loss=0.2235  lr=3.28e-06
[16:23:51 INFO] Epoch 48/50  iter 250/743  loss=0.0738  lr=3.19e-06
[16:24:06 INFO] Epoch 48/50  iter 300/743  loss=0.0724  lr=3.11e-06
[16:24:21 INFO] Epoch 48/50  iter 350/743  loss=0.1522  lr=3.03e-06
[16:24:36 INFO] Epoch 48/50  iter 400/743  loss=0.1982  lr=2.95e-06
[16:24:52 INFO] Epoch 48/50  iter 450/743  loss=0.0986  lr=2.87e-06
[16:25:07 INFO] Epoch 48/50  iter 500/743  loss=0.0530  lr=2.79e-06
[16:25:22 INFO] Epoch 48/50  iter 550/743  loss=0.1071  lr=2.71e-06
[16:25:37 INFO] Epoch 48/50  iter 600/743  loss=0.1442  lr=2.63e-06
[16:25:52 INFO] Epoch 48/50  iter 650/743  loss=0.0962  lr=2.55e-06
[16:26:07 INFO] Epoch 48/50  iter 700/743  loss=0.1663  lr=2.47e-06
[16:26:20 INFO] Epoch 48 complete — avg_loss=0.1191  time=228s
[16:26:38 INFO] Epoch 49/50  iter 50/743  loss=0.1075  lr=2.32e-06
[16:26:53 INFO] Epoch 49/50  iter 100/743  loss=0.1249  lr=2.24e-06
[16:27:08 INFO] Epoch 49/50  iter 150/743  loss=0.1319  lr=2.16e-06
[16:27:23 INFO] Epoch 49/50  iter 200/743  loss=0.1115  lr=2.08e-06
[16:27:38 INFO] Epoch 49/50  iter 250/743  loss=0.2102  lr=1.99e-06
[16:27:53 INFO] Epoch 49/50  iter 300/743  loss=0.1213  lr=1.91e-06
[16:28:08 INFO] Epoch 49/50  iter 350/743  loss=0.1486  lr=1.83e-06
[16:28:24 INFO] Epoch 49/50  iter 400/743  loss=0.0640  lr=1.75e-06
[16:28:39 INFO] Epoch 49/50  iter 450/743  loss=0.0729  lr=1.67e-06
[16:28:54 INFO] Epoch 49/50  iter 500/743  loss=0.0719  lr=1.59e-06
[16:29:10 INFO] Epoch 49/50  iter 550/743  loss=0.1667  lr=1.51e-06
[16:29:25 INFO] Epoch 49/50  iter 600/743  loss=0.0664  lr=1.43e-06
[16:29:40 INFO] Epoch 49/50  iter 650/743  loss=0.1079  lr=1.35e-06
[16:29:55 INFO] Epoch 49/50  iter 700/743  loss=0.0966  lr=1.27e-06
[16:30:08 INFO] Epoch 49 complete — avg_loss=0.1171  time=227s
[16:30:26 INFO] Epoch 50/50  iter 50/743  loss=0.1062  lr=1.12e-06
[16:30:41 INFO] Epoch 50/50  iter 100/743  loss=0.1622  lr=1.04e-06
[16:30:56 INFO] Epoch 50/50  iter 150/743  loss=0.0467  lr=9.56e-07
[16:31:11 INFO] Epoch 50/50  iter 200/743  loss=0.1310  lr=8.75e-07
[16:31:27 INFO] Epoch 50/50  iter 250/743  loss=0.0833  lr=7.95e-07
[16:31:42 INFO] Epoch 50/50  iter 300/743  loss=0.0807  lr=7.14e-07
[16:31:57 INFO] Epoch 50/50  iter 350/743  loss=0.1448  lr=6.33e-07
[16:32:12 INFO] Epoch 50/50  iter 400/743  loss=0.0993  lr=5.52e-07
[16:32:28 INFO] Epoch 50/50  iter 450/743  loss=0.0756  lr=4.72e-07
[16:32:43 INFO] Epoch 50/50  iter 500/743  loss=0.1142  lr=3.91e-07
[16:32:59 INFO] Epoch 50/50  iter 550/743  loss=0.1009  lr=3.10e-07
[16:33:14 INFO] Epoch 50/50  iter 600/743  loss=0.0744  lr=2.29e-07
[16:33:29 INFO] Epoch 50/50  iter 650/743  loss=0.1158  lr=1.49e-07
[16:33:44 INFO] Epoch 50/50  iter 700/743  loss=0.1521  lr=6.78e-08
[16:33:58 INFO] Epoch 50 complete — avg_loss=0.1253  time=228s
[16:36:16 INFO]   val mIoU = 0.7760
[16:36:17 INFO]   ★ New best val mIoU: 0.7760
[16:36:18 INFO] Training complete. Best val mIoU = 0.7760
>>> Evaluating: nndepth_base_b0005_p50_mitb2
[16:36:35 INFO] Device: cuda
/home/taah3149/Documents/Group_Studies/fog-augmentation/src/models.py:74: FutureWarning: You are using `torch.load` with `weights_only=False` (the current default value), which uses the default pickle module implicitly. It is possible to construct malicious pickle data which will execute arbitrary code during unpickling (See https://github.com/pytorch/pytorch/blob/main/SECURITY.md#untrusted-models for more details). In a future release, the default value for `weights_only` will be flipped to `True`. This limits the functions that could be executed during unpickling. Arbitrary objects will no longer be allowed to be loaded via this mode unless they are explicitly allowlisted by the user via `torch.serialization.add_safe_globals`. We recommend you start setting `weights_only=True` for any use case where you don't have full control of the loaded file. Please open an issue on GitHub for any issues related to this experimental feature.
  state = torch.load(str(checkpoint), map_location="cpu")
Model backend: smp (encoder=mit_b2, architecture=fpn)
Loaded checkpoint: results/nndepth_base_b0005_p50_mitb2/best.pth
[16:36:41 INFO] ACDC fog val: 100 samples
[16:37:11 INFO]   100/100 processed
[16:37:12 INFO] mIoU = 0.5769
[16:37:12 INFO]   road                 0.8893
[16:37:12 INFO]   sidewalk             0.6485
[16:37:12 INFO]   building             0.7151
[16:37:12 INFO]   wall                 0.2922
[16:37:12 INFO]   fence                0.3002
[16:37:12 INFO]   pole                 0.4351
[16:37:12 INFO]   traffic light        0.6540
[16:37:12 INFO]   traffic sign         0.5783
[16:37:12 INFO]   vegetation           0.8532
[16:37:12 INFO]   terrain              0.5101
[16:37:12 INFO]   sky                  0.9241
[16:37:12 INFO]   person               0.4254
[16:37:12 INFO]   rider                0.5729
[16:37:12 INFO]   car                  0.7621
[16:37:12 INFO]   truck                0.3706
[16:37:12 INFO]   bus                  0.3741
[16:37:12 INFO]   train                0.7960
[16:37:12 INFO]   motorcycle           0.3446
[16:37:12 INFO]   bicycle              0.5159
[16:37:12 INFO] Results saved → results/nndepth_base_b0005_p50_mitb2/acdc_eval.json
>>> Done: nndepth_base_b0005_p50_mitb2

>>> Training (fresh start): nndepth_base_b0005_p70_mitb2
[16:37:21 INFO] Device: cuda
Model backend: smp (encoder=mit_b2, architecture=fpn)
[16:37:25 INFO] Using fog cache: data/fog_cache/nn_depth_base_b0005
[16:37:25 INFO] fog_prob: 0.7
[16:37:28 INFO] Train: 2975 samples  |  Val: 500 samples
[16:37:44 INFO] Epoch 1/50  iter 50/743  loss=1.9327  lr=5.99e-05
[16:37:59 INFO] Epoch 1/50  iter 100/743  loss=0.9388  lr=5.98e-05
[16:38:15 INFO] Epoch 1/50  iter 150/743  loss=0.6143  lr=5.98e-05
[16:38:30 INFO] Epoch 1/50  iter 200/743  loss=0.7997  lr=5.97e-05
[16:38:45 INFO] Epoch 1/50  iter 250/743  loss=0.7067  lr=5.96e-05
[16:39:01 INFO] Epoch 1/50  iter 300/743  loss=0.4045  lr=5.95e-05
[16:39:16 INFO] Epoch 1/50  iter 350/743  loss=0.7059  lr=5.94e-05
[16:39:31 INFO] Epoch 1/50  iter 400/743  loss=0.4366  lr=5.94e-05
[16:39:46 INFO] Epoch 1/50  iter 450/743  loss=0.4113  lr=5.93e-05
[16:40:02 INFO] Epoch 1/50  iter 500/743  loss=0.2539  lr=5.92e-05
[16:40:17 INFO] Epoch 1/50  iter 550/743  loss=0.9812  lr=5.91e-05
[16:40:33 INFO] Epoch 1/50  iter 600/743  loss=0.2609  lr=5.90e-05
[16:40:48 INFO] Epoch 1/50  iter 650/743  loss=0.3466  lr=5.89e-05
[16:41:04 INFO] Epoch 1/50  iter 700/743  loss=0.4663  lr=5.89e-05
[16:41:18 INFO] Epoch 1 complete — avg_loss=0.6512  time=230s
[16:41:34 INFO] Epoch 2/50  iter 50/743  loss=0.2107  lr=5.87e-05
[16:41:50 INFO] Epoch 2/50  iter 100/743  loss=0.2618  lr=5.86e-05
[16:42:07 INFO] Epoch 2/50  iter 150/743  loss=0.2240  lr=5.86e-05
[16:42:22 INFO] Epoch 2/50  iter 200/743  loss=0.4622  lr=5.85e-05
[16:42:37 INFO] Epoch 2/50  iter 250/743  loss=0.2843  lr=5.84e-05
[16:42:52 INFO] Epoch 2/50  iter 300/743  loss=0.1948  lr=5.83e-05
[16:43:09 INFO] Epoch 2/50  iter 350/743  loss=0.1910  lr=5.82e-05
[16:43:25 INFO] Epoch 2/50  iter 400/743  loss=0.2100  lr=5.82e-05
[16:43:40 INFO] Epoch 2/50  iter 450/743  loss=0.6016  lr=5.81e-05
[16:43:57 INFO] Epoch 2/50  iter 500/743  loss=0.2791  lr=5.80e-05
[16:44:12 INFO] Epoch 2/50  iter 550/743  loss=0.2873  lr=5.79e-05
[16:44:27 INFO] Epoch 2/50  iter 600/743  loss=0.4524  lr=5.78e-05
[16:44:42 INFO] Epoch 2/50  iter 650/743  loss=0.2267  lr=5.77e-05
[16:44:58 INFO] Epoch 2/50  iter 700/743  loss=0.4880  lr=5.77e-05
[16:45:11 INFO] Epoch 2 complete — avg_loss=0.3360  time=232s
[16:45:28 INFO] Epoch 3/50  iter 50/743  loss=0.2991  lr=5.75e-05
[16:45:43 INFO] Epoch 3/50  iter 100/743  loss=0.2439  lr=5.74e-05
[16:45:58 INFO] Epoch 3/50  iter 150/743  loss=0.3272  lr=5.74e-05
[16:46:14 INFO] Epoch 3/50  iter 200/743  loss=0.2158  lr=5.73e-05
[16:46:29 INFO] Epoch 3/50  iter 250/743  loss=0.3739  lr=5.72e-05
[16:46:43 INFO] Epoch 3/50  iter 300/743  loss=1.1041  lr=5.71e-05
[16:46:57 INFO] Epoch 3/50  iter 350/743  loss=0.0957  lr=5.70e-05
[16:47:12 INFO] Epoch 3/50  iter 400/743  loss=0.4560  lr=5.70e-05
[16:47:25 INFO] Epoch 3/50  iter 450/743  loss=0.3719  lr=5.69e-05
[16:47:39 INFO] Epoch 3/50  iter 500/743  loss=0.1696  lr=5.68e-05
[16:47:53 INFO] Epoch 3/50  iter 550/743  loss=0.3029  lr=5.67e-05
[16:48:07 INFO] Epoch 3/50  iter 600/743  loss=0.2277  lr=5.66e-05
[16:48:23 INFO] Epoch 3/50  iter 650/743  loss=0.1884  lr=5.65e-05
[16:48:37 INFO] Epoch 3/50  iter 700/743  loss=0.1301  lr=5.65e-05
[16:48:51 INFO] Epoch 3 complete — avg_loss=0.2771  time=219s
[16:49:07 INFO] Epoch 4/50  iter 50/743  loss=0.1568  lr=5.63e-05
[16:49:21 INFO] Epoch 4/50  iter 100/743  loss=0.1789  lr=5.62e-05
[16:49:35 INFO] Epoch 4/50  iter 150/743  loss=0.7913  lr=5.62e-05
[16:49:49 INFO] Epoch 4/50  iter 200/743  loss=0.2197  lr=5.61e-05
[16:50:05 INFO] Epoch 4/50  iter 250/743  loss=0.2627  lr=5.60e-05
[16:50:18 INFO] Epoch 4/50  iter 300/743  loss=0.2087  lr=5.59e-05
[16:50:33 INFO] Epoch 4/50  iter 350/743  loss=0.0396  lr=5.58e-05
[16:50:47 INFO] Epoch 4/50  iter 400/743  loss=0.1119  lr=5.58e-05
[16:51:01 INFO] Epoch 4/50  iter 450/743  loss=0.0771  lr=5.57e-05
[16:51:15 INFO] Epoch 4/50  iter 500/743  loss=0.1713  lr=5.56e-05
[16:51:30 INFO] Epoch 4/50  iter 550/743  loss=0.2677  lr=5.55e-05
[16:51:45 INFO] Epoch 4/50  iter 600/743  loss=0.2938  lr=5.54e-05
[16:51:59 INFO] Epoch 4/50  iter 650/743  loss=0.2061  lr=5.53e-05
[16:52:13 INFO] Epoch 4/50  iter 700/743  loss=0.1403  lr=5.53e-05
[16:52:25 INFO] Epoch 4 complete — avg_loss=0.2618  time=213s
[16:52:40 INFO] Epoch 5/50  iter 50/743  loss=0.1233  lr=5.51e-05
[16:52:54 INFO] Epoch 5/50  iter 100/743  loss=0.1598  lr=5.50e-05
[16:53:08 INFO] Epoch 5/50  iter 150/743  loss=0.4230  lr=5.50e-05
[16:53:23 INFO] Epoch 5/50  iter 200/743  loss=0.1404  lr=5.49e-05
[16:53:36 INFO] Epoch 5/50  iter 250/743  loss=0.2051  lr=5.48e-05
[16:53:50 INFO] Epoch 5/50  iter 300/743  loss=0.8446  lr=5.47e-05
[16:54:05 INFO] Epoch 5/50  iter 350/743  loss=0.0515  lr=5.46e-05
[16:54:18 INFO] Epoch 5/50  iter 400/743  loss=0.2618  lr=5.46e-05
[16:54:32 INFO] Epoch 5/50  iter 450/743  loss=0.1676  lr=5.45e-05
[16:54:46 INFO] Epoch 5/50  iter 500/743  loss=0.2622  lr=5.44e-05
[16:55:00 INFO] Epoch 5/50  iter 550/743  loss=0.0662  lr=5.43e-05
[16:55:14 INFO] Epoch 5/50  iter 600/743  loss=0.0243  lr=5.42e-05
[16:55:28 INFO] Epoch 5/50  iter 650/743  loss=0.3475  lr=5.41e-05
[16:55:43 INFO] Epoch 5/50  iter 700/743  loss=0.1282  lr=5.41e-05
[16:55:56 INFO] Epoch 5 complete — avg_loss=0.2443  time=210s
[16:58:18 INFO]   val mIoU = 0.6216
[16:58:19 INFO]   ★ New best val mIoU: 0.6216
[16:58:35 INFO] Epoch 6/50  iter 50/743  loss=0.2661  lr=5.39e-05
[16:58:49 INFO] Epoch 6/50  iter 100/743  loss=0.0536  lr=5.38e-05
[16:59:03 INFO] Epoch 6/50  iter 150/743  loss=0.3036  lr=5.38e-05
[16:59:17 INFO] Epoch 6/50  iter 200/743  loss=0.1209  lr=5.37e-05
[16:59:31 INFO] Epoch 6/50  iter 250/743  loss=0.2375  lr=5.36e-05
[16:59:46 INFO] Epoch 6/50  iter 300/743  loss=0.2299  lr=5.35e-05
[16:59:59 INFO] Epoch 6/50  iter 350/743  loss=0.1083  lr=5.34e-05
[17:00:14 INFO] Epoch 6/50  iter 400/743  loss=0.1170  lr=5.34e-05
[17:00:28 INFO] Epoch 6/50  iter 450/743  loss=0.2134  lr=5.33e-05
[17:00:41 INFO] Epoch 6/50  iter 500/743  loss=0.1439  lr=5.32e-05
[17:00:56 INFO] Epoch 6/50  iter 550/743  loss=0.2530  lr=5.31e-05
[17:01:10 INFO] Epoch 6/50  iter 600/743  loss=0.1634  lr=5.30e-05
[17:01:23 INFO] Epoch 6/50  iter 650/743  loss=0.3933  lr=5.29e-05
[17:01:38 INFO] Epoch 6/50  iter 700/743  loss=0.2675  lr=5.29e-05
[17:01:50 INFO] Epoch 6 complete — avg_loss=0.2257  time=210s
[17:02:06 INFO] Epoch 7/50  iter 50/743  loss=0.2288  lr=5.27e-05
[17:02:20 INFO] Epoch 7/50  iter 100/743  loss=0.1266  lr=5.26e-05
[17:02:34 INFO] Epoch 7/50  iter 150/743  loss=0.2627  lr=5.26e-05
[17:02:48 INFO] Epoch 7/50  iter 200/743  loss=0.2518  lr=5.25e-05
[17:03:02 INFO] Epoch 7/50  iter 250/743  loss=0.2596  lr=5.24e-05
[17:03:16 INFO] Epoch 7/50  iter 300/743  loss=0.1385  lr=5.23e-05
[17:03:30 INFO] Epoch 7/50  iter 350/743  loss=0.1916  lr=5.22e-05
[17:03:44 INFO] Epoch 7/50  iter 400/743  loss=0.1073  lr=5.22e-05
[17:03:58 INFO] Epoch 7/50  iter 450/743  loss=0.6169  lr=5.21e-05
[17:04:12 INFO] Epoch 7/50  iter 500/743  loss=0.3004  lr=5.20e-05
[17:04:26 INFO] Epoch 7/50  iter 550/743  loss=0.2239  lr=5.19e-05
[17:04:40 INFO] Epoch 7/50  iter 600/743  loss=0.4008  lr=5.18e-05
[17:04:54 INFO] Epoch 7/50  iter 650/743  loss=0.0239  lr=5.17e-05
[17:05:08 INFO] Epoch 7/50  iter 700/743  loss=0.2720  lr=5.17e-05
[17:05:20 INFO] Epoch 7 complete — avg_loss=0.2173  time=209s
[17:05:37 INFO] Epoch 8/50  iter 50/743  loss=0.1831  lr=5.15e-05
[17:05:51 INFO] Epoch 8/50  iter 100/743  loss=0.2452  lr=5.14e-05
[17:06:05 INFO] Epoch 8/50  iter 150/743  loss=0.1130  lr=5.14e-05
[17:06:19 INFO] Epoch 8/50  iter 200/743  loss=0.1686  lr=5.13e-05
[17:06:32 INFO] Epoch 8/50  iter 250/743  loss=0.1985  lr=5.12e-05
[17:06:47 INFO] Epoch 8/50  iter 300/743  loss=0.2667  lr=5.11e-05
[17:07:01 INFO] Epoch 8/50  iter 350/743  loss=0.1780  lr=5.10e-05
[17:07:15 INFO] Epoch 8/50  iter 400/743  loss=0.2588  lr=5.10e-05
[17:07:29 INFO] Epoch 8/50  iter 450/743  loss=0.1019  lr=5.09e-05
[17:07:43 INFO] Epoch 8/50  iter 500/743  loss=0.1392  lr=5.08e-05
[17:07:57 INFO] Epoch 8/50  iter 550/743  loss=0.1878  lr=5.07e-05
[17:08:11 INFO] Epoch 8/50  iter 600/743  loss=0.0556  lr=5.06e-05
[17:08:26 INFO] Epoch 8/50  iter 650/743  loss=0.1604  lr=5.05e-05
[17:08:39 INFO] Epoch 8/50  iter 700/743  loss=0.0669  lr=5.05e-05
[17:08:52 INFO] Epoch 8 complete — avg_loss=0.2104  time=210s
[17:09:08 INFO] Epoch 9/50  iter 50/743  loss=0.1817  lr=5.03e-05
[17:09:22 INFO] Epoch 9/50  iter 100/743  loss=0.1174  lr=5.02e-05
[17:09:36 INFO] Epoch 9/50  iter 150/743  loss=0.1507  lr=5.02e-05
[17:09:50 INFO] Epoch 9/50  iter 200/743  loss=0.3570  lr=5.01e-05
[17:10:04 INFO] Epoch 9/50  iter 250/743  loss=0.2570  lr=5.00e-05
[17:10:18 INFO] Epoch 9/50  iter 300/743  loss=0.0936  lr=4.99e-05
[17:10:32 INFO] Epoch 9/50  iter 350/743  loss=0.1935  lr=4.98e-05
[17:10:46 INFO] Epoch 9/50  iter 400/743  loss=0.0980  lr=4.98e-05
[17:11:00 INFO] Epoch 9/50  iter 450/743  loss=0.1837  lr=4.97e-05
[17:11:14 INFO] Epoch 9/50  iter 500/743  loss=0.1719  lr=4.96e-05
[17:11:28 INFO] Epoch 9/50  iter 550/743  loss=0.1596  lr=4.95e-05
[17:11:42 INFO] Epoch 9/50  iter 600/743  loss=0.3030  lr=4.94e-05
[17:11:56 INFO] Epoch 9/50  iter 650/743  loss=0.1356  lr=4.93e-05
[17:12:10 INFO] Epoch 9/50  iter 700/743  loss=0.2176  lr=4.93e-05
[17:12:22 INFO] Epoch 9 complete — avg_loss=0.2042  time=210s
[17:12:38 INFO] Epoch 10/50  iter 50/743  loss=0.2283  lr=4.91e-05
[17:12:52 INFO] Epoch 10/50  iter 100/743  loss=0.1978  lr=4.90e-05
[17:13:06 INFO] Epoch 10/50  iter 150/743  loss=0.1394  lr=4.90e-05
[17:13:20 INFO] Epoch 10/50  iter 200/743  loss=0.0972  lr=4.89e-05
[17:13:34 INFO] Epoch 10/50  iter 250/743  loss=0.1068  lr=4.88e-05
[17:13:49 INFO] Epoch 10/50  iter 300/743  loss=0.0787  lr=4.87e-05
[17:14:03 INFO] Epoch 10/50  iter 350/743  loss=0.2091  lr=4.86e-05
[17:14:17 INFO] Epoch 10/50  iter 400/743  loss=0.3209  lr=4.86e-05
[17:14:31 INFO] Epoch 10/50  iter 450/743  loss=0.2077  lr=4.85e-05
[17:14:45 INFO] Epoch 10/50  iter 500/743  loss=0.1508  lr=4.84e-05
[17:14:59 INFO] Epoch 10/50  iter 550/743  loss=0.2120  lr=4.83e-05
[17:15:13 INFO] Epoch 10/50  iter 600/743  loss=0.2317  lr=4.82e-05
[17:15:27 INFO] Epoch 10/50  iter 650/743  loss=0.2393  lr=4.81e-05
[17:15:40 INFO] Epoch 10/50  iter 700/743  loss=0.1393  lr=4.81e-05
[17:15:52 INFO] Epoch 10 complete — avg_loss=0.1992  time=209s
[17:18:14 INFO]   val mIoU = 0.6722
[17:18:15 INFO]   ★ New best val mIoU: 0.6722
[17:18:30 INFO] Epoch 11/50  iter 50/743  loss=0.1571  lr=4.79e-05
[17:18:44 INFO] Epoch 11/50  iter 100/743  loss=0.3110  lr=4.78e-05
[17:18:58 INFO] Epoch 11/50  iter 150/743  loss=0.2018  lr=4.78e-05
[17:19:12 INFO] Epoch 11/50  iter 200/743  loss=0.1911  lr=4.77e-05
[17:19:26 INFO] Epoch 11/50  iter 250/743  loss=0.1541  lr=4.76e-05
[17:19:40 INFO] Epoch 11/50  iter 300/743  loss=0.2459  lr=4.75e-05
[17:19:54 INFO] Epoch 11/50  iter 350/743  loss=0.1482  lr=4.74e-05
[17:20:08 INFO] Epoch 11/50  iter 400/743  loss=0.1990  lr=4.74e-05
[17:20:22 INFO] Epoch 11/50  iter 450/743  loss=0.1353  lr=4.73e-05
[17:20:36 INFO] Epoch 11/50  iter 500/743  loss=0.1091  lr=4.72e-05
[17:20:50 INFO] Epoch 11/50  iter 550/743  loss=0.1167  lr=4.71e-05
[17:21:04 INFO] Epoch 11/50  iter 600/743  loss=0.0829  lr=4.70e-05
[17:21:17 INFO] Epoch 11/50  iter 650/743  loss=0.1626  lr=4.69e-05
[17:21:31 INFO] Epoch 11/50  iter 700/743  loss=0.2757  lr=4.69e-05
[17:21:44 INFO] Epoch 11 complete — avg_loss=0.1878  time=208s
[17:21:59 INFO] Epoch 12/50  iter 50/743  loss=0.1030  lr=4.67e-05
[17:22:13 INFO] Epoch 12/50  iter 100/743  loss=0.2018  lr=4.66e-05
[17:22:27 INFO] Epoch 12/50  iter 150/743  loss=0.1364  lr=4.66e-05
[17:22:41 INFO] Epoch 12/50  iter 200/743  loss=0.1092  lr=4.65e-05
[17:22:56 INFO] Epoch 12/50  iter 250/743  loss=0.2179  lr=4.64e-05
[17:23:10 INFO] Epoch 12/50  iter 300/743  loss=0.0907  lr=4.63e-05
[17:23:23 INFO] Epoch 12/50  iter 350/743  loss=0.2493  lr=4.62e-05
[17:23:38 INFO] Epoch 12/50  iter 400/743  loss=0.0972  lr=4.62e-05
[17:23:52 INFO] Epoch 12/50  iter 450/743  loss=0.1250  lr=4.61e-05
[17:24:05 INFO] Epoch 12/50  iter 500/743  loss=0.0997  lr=4.60e-05
[17:24:20 INFO] Epoch 12/50  iter 550/743  loss=0.1422  lr=4.59e-05
[17:24:34 INFO] Epoch 12/50  iter 600/743  loss=0.1216  lr=4.58e-05
[17:24:48 INFO] Epoch 12/50  iter 650/743  loss=0.2253  lr=4.57e-05
[17:25:02 INFO] Epoch 12/50  iter 700/743  loss=0.1247  lr=4.57e-05
[17:25:14 INFO] Epoch 12 complete — avg_loss=0.1810  time=209s
[17:25:29 INFO] Epoch 13/50  iter 50/743  loss=0.0711  lr=4.55e-05
[17:25:43 INFO] Epoch 13/50  iter 100/743  loss=0.1466  lr=4.54e-05
[17:25:58 INFO] Epoch 13/50  iter 150/743  loss=0.0849  lr=4.54e-05
[17:26:12 INFO] Epoch 13/50  iter 200/743  loss=0.0203  lr=4.53e-05
[17:26:25 INFO] Epoch 13/50  iter 250/743  loss=0.2153  lr=4.52e-05
[17:26:39 INFO] Epoch 13/50  iter 300/743  loss=0.1800  lr=4.51e-05
[17:26:53 INFO] Epoch 13/50  iter 350/743  loss=0.1176  lr=4.50e-05
[17:27:08 INFO] Epoch 13/50  iter 400/743  loss=0.2023  lr=4.50e-05
[17:27:21 INFO] Epoch 13/50  iter 450/743  loss=0.0545  lr=4.49e-05
[17:27:35 INFO] Epoch 13/50  iter 500/743  loss=0.2779  lr=4.48e-05
[17:27:50 INFO] Epoch 13/50  iter 550/743  loss=0.1292  lr=4.47e-05
[17:28:04 INFO] Epoch 13/50  iter 600/743  loss=0.1479  lr=4.46e-05
[17:28:18 INFO] Epoch 13/50  iter 650/743  loss=0.1150  lr=4.45e-05
[17:28:32 INFO] Epoch 13/50  iter 700/743  loss=0.1805  lr=4.45e-05
[17:28:44 INFO] Epoch 13 complete — avg_loss=0.1744  time=209s
[17:28:59 INFO] Epoch 14/50  iter 50/743  loss=0.1698  lr=4.43e-05
[17:29:13 INFO] Epoch 14/50  iter 100/743  loss=0.1711  lr=4.42e-05
[17:29:27 INFO] Epoch 14/50  iter 150/743  loss=0.1673  lr=4.42e-05
[17:29:41 INFO] Epoch 14/50  iter 200/743  loss=0.0988  lr=4.41e-05
[17:29:55 INFO] Epoch 14/50  iter 250/743  loss=0.1574  lr=4.40e-05
[17:30:09 INFO] Epoch 14/50  iter 300/743  loss=0.1746  lr=4.39e-05
[17:30:23 INFO] Epoch 14/50  iter 350/743  loss=0.1384  lr=4.38e-05
[17:30:37 INFO] Epoch 14/50  iter 400/743  loss=0.0736  lr=4.38e-05
[17:30:51 INFO] Epoch 14/50  iter 450/743  loss=0.1561  lr=4.37e-05
[17:31:05 INFO] Epoch 14/50  iter 500/743  loss=0.1081  lr=4.36e-05
[17:31:19 INFO] Epoch 14/50  iter 550/743  loss=0.0328  lr=4.35e-05
[17:31:33 INFO] Epoch 14/50  iter 600/743  loss=0.1125  lr=4.34e-05
[17:31:47 INFO] Epoch 14/50  iter 650/743  loss=0.1512  lr=4.33e-05
[17:32:01 INFO] Epoch 14/50  iter 700/743  loss=0.1835  lr=4.33e-05
[17:32:13 INFO] Epoch 14 complete — avg_loss=0.1777  time=209s
[17:32:29 INFO] Epoch 15/50  iter 50/743  loss=0.1471  lr=4.31e-05
[17:32:43 INFO] Epoch 15/50  iter 100/743  loss=0.1428  lr=4.30e-05
[17:32:57 INFO] Epoch 15/50  iter 150/743  loss=0.1877  lr=4.30e-05
[17:33:11 INFO] Epoch 15/50  iter 200/743  loss=0.1438  lr=4.29e-05
[17:33:25 INFO] Epoch 15/50  iter 250/743  loss=0.1210  lr=4.28e-05
[17:33:39 INFO] Epoch 15/50  iter 300/743  loss=0.1753  lr=4.27e-05
[17:33:53 INFO] Epoch 15/50  iter 350/743  loss=0.2234  lr=4.26e-05
[17:34:07 INFO] Epoch 15/50  iter 400/743  loss=0.1934  lr=4.26e-05
[17:34:21 INFO] Epoch 15/50  iter 450/743  loss=0.1360  lr=4.25e-05
[17:34:35 INFO] Epoch 15/50  iter 500/743  loss=0.1415  lr=4.24e-05
[17:34:49 INFO] Epoch 15/50  iter 550/743  loss=0.0901  lr=4.23e-05
[17:35:03 INFO] Epoch 15/50  iter 600/743  loss=0.1894  lr=4.22e-05
[17:35:17 INFO] Epoch 15/50  iter 650/743  loss=0.2092  lr=4.21e-05
[17:35:31 INFO] Epoch 15/50  iter 700/743  loss=0.1374  lr=4.21e-05
[17:35:43 INFO] Epoch 15 complete — avg_loss=0.1728  time=209s
[17:38:02 INFO]   val mIoU = 0.7145
[17:38:02 INFO]   ★ New best val mIoU: 0.7145
[17:38:17 INFO] Epoch 16/50  iter 50/743  loss=0.2330  lr=4.19e-05
[17:38:32 INFO] Epoch 16/50  iter 100/743  loss=0.1350  lr=4.18e-05
[17:38:45 INFO] Epoch 16/50  iter 150/743  loss=0.1329  lr=4.18e-05
[17:38:59 INFO] Epoch 16/50  iter 200/743  loss=0.0998  lr=4.17e-05
[17:39:14 INFO] Epoch 16/50  iter 250/743  loss=0.2509  lr=4.16e-05
[17:39:28 INFO] Epoch 16/50  iter 300/743  loss=0.1445  lr=4.15e-05
[17:39:41 INFO] Epoch 16/50  iter 350/743  loss=0.1351  lr=4.14e-05
[17:39:56 INFO] Epoch 16/50  iter 400/743  loss=0.1013  lr=4.14e-05
[17:40:10 INFO] Epoch 16/50  iter 450/743  loss=0.2978  lr=4.13e-05
[17:40:23 INFO] Epoch 16/50  iter 500/743  loss=0.1451  lr=4.12e-05
[17:40:38 INFO] Epoch 16/50  iter 550/743  loss=0.1117  lr=4.11e-05
[17:40:52 INFO] Epoch 16/50  iter 600/743  loss=0.1675  lr=4.10e-05
[17:41:05 INFO] Epoch 16/50  iter 650/743  loss=0.1482  lr=4.09e-05
[17:41:19 INFO] Epoch 16/50  iter 700/743  loss=0.0580  lr=4.09e-05
[17:41:32 INFO] Epoch 16 complete — avg_loss=0.1685  time=209s
[17:41:48 INFO] Epoch 17/50  iter 50/743  loss=0.0623  lr=4.07e-05
[17:42:01 INFO] Epoch 17/50  iter 100/743  loss=0.1593  lr=4.06e-05
[17:42:16 INFO] Epoch 17/50  iter 150/743  loss=0.2047  lr=4.06e-05
[17:42:30 INFO] Epoch 17/50  iter 200/743  loss=0.1223  lr=4.05e-05
[17:42:43 INFO] Epoch 17/50  iter 250/743  loss=0.1942  lr=4.04e-05
[17:42:58 INFO] Epoch 17/50  iter 300/743  loss=0.1607  lr=4.03e-05
[17:43:12 INFO] Epoch 17/50  iter 350/743  loss=0.1193  lr=4.02e-05
[17:43:26 INFO] Epoch 17/50  iter 400/743  loss=0.0980  lr=4.02e-05
[17:43:40 INFO] Epoch 17/50  iter 450/743  loss=0.1842  lr=4.01e-05
[17:43:54 INFO] Epoch 17/50  iter 500/743  loss=0.1310  lr=4.00e-05
[17:44:07 INFO] Epoch 17/50  iter 550/743  loss=0.2029  lr=3.99e-05
[17:44:21 INFO] Epoch 17/50  iter 600/743  loss=0.0690  lr=3.98e-05
[17:44:35 INFO] Epoch 17/50  iter 650/743  loss=0.1404  lr=3.97e-05
[17:44:49 INFO] Epoch 17/50  iter 700/743  loss=0.1103  lr=3.97e-05
[17:45:01 INFO] Epoch 17 complete — avg_loss=0.1651  time=208s
[17:45:18 INFO] Epoch 18/50  iter 50/743  loss=0.1742  lr=3.95e-05
[17:45:32 INFO] Epoch 18/50  iter 100/743  loss=0.1801  lr=3.94e-05
[17:45:45 INFO] Epoch 18/50  iter 150/743  loss=0.1479  lr=3.94e-05
[17:46:00 INFO] Epoch 18/50  iter 200/743  loss=0.1034  lr=3.93e-05
[17:46:14 INFO] Epoch 18/50  iter 250/743  loss=0.1179  lr=3.92e-05
[17:46:27 INFO] Epoch 18/50  iter 300/743  loss=0.2454  lr=3.91e-05
[17:46:42 INFO] Epoch 18/50  iter 350/743  loss=0.7835  lr=3.90e-05
[17:46:56 INFO] Epoch 18/50  iter 400/743  loss=0.1370  lr=3.90e-05
[17:47:09 INFO] Epoch 18/50  iter 450/743  loss=0.2347  lr=3.89e-05
[17:47:24 INFO] Epoch 18/50  iter 500/743  loss=0.1024  lr=3.88e-05
[17:47:38 INFO] Epoch 18/50  iter 550/743  loss=0.1256  lr=3.87e-05
[17:47:52 INFO] Epoch 18/50  iter 600/743  loss=0.7420  lr=3.86e-05
[17:48:06 INFO] Epoch 18/50  iter 650/743  loss=0.1729  lr=3.85e-05
[17:48:20 INFO] Epoch 18/50  iter 700/743  loss=0.1059  lr=3.85e-05
[17:48:31 INFO] Epoch 18 complete — avg_loss=0.1650  time=209s
[17:48:47 INFO] Epoch 19/50  iter 50/743  loss=0.1128  lr=3.83e-05
[17:49:01 INFO] Epoch 19/50  iter 100/743  loss=0.1850  lr=3.82e-05
[17:49:15 INFO] Epoch 19/50  iter 150/743  loss=0.1612  lr=3.82e-05
[17:49:29 INFO] Epoch 19/50  iter 200/743  loss=0.1755  lr=3.81e-05
[17:49:43 INFO] Epoch 19/50  iter 250/743  loss=0.0849  lr=3.80e-05
[17:49:57 INFO] Epoch 19/50  iter 300/743  loss=0.1163  lr=3.79e-05
[17:50:11 INFO] Epoch 19/50  iter 350/743  loss=0.1659  lr=3.78e-05
[17:50:25 INFO] Epoch 19/50  iter 400/743  loss=0.2794  lr=3.78e-05
[17:50:39 INFO] Epoch 19/50  iter 450/743  loss=0.1402  lr=3.77e-05
[17:50:53 INFO] Epoch 19/50  iter 500/743  loss=0.0874  lr=3.76e-05
[17:51:07 INFO] Epoch 19/50  iter 550/743  loss=0.1170  lr=3.75e-05
[17:51:20 INFO] Epoch 19/50  iter 600/743  loss=0.1126  lr=3.74e-05
[17:51:35 INFO] Epoch 19/50  iter 650/743  loss=0.1885  lr=3.73e-05
[17:51:49 INFO] Epoch 19/50  iter 700/743  loss=0.1516  lr=3.73e-05
[17:52:01 INFO] Epoch 19 complete — avg_loss=0.1608  time=209s
[17:52:16 INFO] Epoch 20/50  iter 50/743  loss=0.1344  lr=3.71e-05
[17:52:30 INFO] Epoch 20/50  iter 100/743  loss=0.0835  lr=3.70e-05
[17:52:44 INFO] Epoch 20/50  iter 150/743  loss=0.0699  lr=3.70e-05
[17:52:59 INFO] Epoch 20/50  iter 200/743  loss=0.1254  lr=3.69e-05
[17:53:12 INFO] Epoch 20/50  iter 250/743  loss=0.1298  lr=3.68e-05
[17:53:26 INFO] Epoch 20/50  iter 300/743  loss=0.0701  lr=3.67e-05
[17:53:40 INFO] Epoch 20/50  iter 350/743  loss=0.1970  lr=3.66e-05
[17:53:54 INFO] Epoch 20/50  iter 400/743  loss=0.0999  lr=3.66e-05
[17:54:08 INFO] Epoch 20/50  iter 450/743  loss=0.2007  lr=3.65e-05
[17:54:22 INFO] Epoch 20/50  iter 500/743  loss=0.1463  lr=3.64e-05
[17:54:36 INFO] Epoch 20/50  iter 550/743  loss=0.1327  lr=3.63e-05
[17:54:50 INFO] Epoch 20/50  iter 600/743  loss=0.0752  lr=3.62e-05
[17:55:04 INFO] Epoch 20/50  iter 650/743  loss=0.1481  lr=3.61e-05
[17:55:18 INFO] Epoch 20/50  iter 700/743  loss=0.1886  lr=3.61e-05
[17:55:30 INFO] Epoch 20 complete — avg_loss=0.1566  time=209s
[17:57:53 INFO]   val mIoU = 0.7273
[17:57:54 INFO]   ★ New best val mIoU: 0.7273
[17:58:10 INFO] Epoch 21/50  iter 50/743  loss=0.0997  lr=3.59e-05
[17:58:24 INFO] Epoch 21/50  iter 100/743  loss=0.1074  lr=3.58e-05
[17:58:38 INFO] Epoch 21/50  iter 150/743  loss=0.5072  lr=3.58e-05
[17:58:52 INFO] Epoch 21/50  iter 200/743  loss=0.1389  lr=3.57e-05
[17:59:06 INFO] Epoch 21/50  iter 250/743  loss=0.1390  lr=3.56e-05
[17:59:20 INFO] Epoch 21/50  iter 300/743  loss=0.1253  lr=3.55e-05
[17:59:34 INFO] Epoch 21/50  iter 350/743  loss=0.0762  lr=3.54e-05
[17:59:48 INFO] Epoch 21/50  iter 400/743  loss=0.1135  lr=3.54e-05
[18:00:03 INFO] Epoch 21/50  iter 450/743  loss=0.3550  lr=3.53e-05
[18:00:17 INFO] Epoch 21/50  iter 500/743  loss=0.2232  lr=3.52e-05
[18:00:31 INFO] Epoch 21/50  iter 550/743  loss=0.1406  lr=3.51e-05
[18:00:45 INFO] Epoch 21/50  iter 600/743  loss=0.1183  lr=3.50e-05
[18:00:59 INFO] Epoch 21/50  iter 650/743  loss=0.2338  lr=3.49e-05
[18:01:13 INFO] Epoch 21/50  iter 700/743  loss=0.0856  lr=3.49e-05
[18:01:25 INFO] Epoch 21 complete — avg_loss=0.1549  time=210s
[18:01:41 INFO] Epoch 22/50  iter 50/743  loss=0.1659  lr=3.47e-05
[18:01:55 INFO] Epoch 22/50  iter 100/743  loss=0.0659  lr=3.46e-05
[18:02:09 INFO] Epoch 22/50  iter 150/743  loss=0.3427  lr=3.46e-05
[18:02:23 INFO] Epoch 22/50  iter 200/743  loss=0.0786  lr=3.45e-05
[18:02:37 INFO] Epoch 22/50  iter 250/743  loss=0.1200  lr=3.44e-05
[18:02:52 INFO] Epoch 22/50  iter 300/743  loss=0.1247  lr=3.43e-05
[18:03:05 INFO] Epoch 22/50  iter 350/743  loss=0.0553  lr=3.42e-05
[18:03:20 INFO] Epoch 22/50  iter 400/743  loss=0.2221  lr=3.42e-05
[18:03:34 INFO] Epoch 22/50  iter 450/743  loss=0.2632  lr=3.41e-05
[18:03:47 INFO] Epoch 22/50  iter 500/743  loss=0.1854  lr=3.40e-05
[18:04:02 INFO] Epoch 22/50  iter 550/743  loss=0.1745  lr=3.39e-05
[18:04:16 INFO] Epoch 22/50  iter 600/743  loss=0.1038  lr=3.38e-05
[18:04:30 INFO] Epoch 22/50  iter 650/743  loss=0.2264  lr=3.37e-05
[18:04:44 INFO] Epoch 22/50  iter 700/743  loss=0.1766  lr=3.37e-05
[18:04:56 INFO] Epoch 22 complete — avg_loss=0.1505  time=210s
[18:05:11 INFO] Epoch 23/50  iter 50/743  loss=0.0934  lr=3.35e-05
[18:05:25 INFO] Epoch 23/50  iter 100/743  loss=1.4858  lr=3.34e-05
[18:05:40 INFO] Epoch 23/50  iter 150/743  loss=0.2545  lr=3.34e-05
[18:05:53 INFO] Epoch 23/50  iter 200/743  loss=0.1032  lr=3.33e-05
[18:06:07 INFO] Epoch 23/50  iter 250/743  loss=0.1395  lr=3.32e-05
[18:06:22 INFO] Epoch 23/50  iter 300/743  loss=0.5150  lr=3.31e-05
[18:06:35 INFO] Epoch 23/50  iter 350/743  loss=0.1629  lr=3.30e-05
[18:06:49 INFO] Epoch 23/50  iter 400/743  loss=0.1333  lr=3.30e-05
[18:07:04 INFO] Epoch 23/50  iter 450/743  loss=0.1499  lr=3.29e-05
[18:07:17 INFO] Epoch 23/50  iter 500/743  loss=0.1009  lr=3.28e-05
[18:07:31 INFO] Epoch 23/50  iter 550/743  loss=0.0941  lr=3.27e-05
[18:07:46 INFO] Epoch 23/50  iter 600/743  loss=0.2122  lr=3.26e-05
[18:07:59 INFO] Epoch 23/50  iter 650/743  loss=0.1248  lr=3.25e-05
[18:08:13 INFO] Epoch 23/50  iter 700/743  loss=0.1168  lr=3.25e-05
[18:08:26 INFO] Epoch 23 complete — avg_loss=0.1529  time=209s
[18:08:41 INFO] Epoch 24/50  iter 50/743  loss=0.1080  lr=3.23e-05
[18:08:55 INFO] Epoch 24/50  iter 100/743  loss=0.0927  lr=3.22e-05
[18:09:09 INFO] Epoch 24/50  iter 150/743  loss=0.1856  lr=3.22e-05
[18:09:23 INFO] Epoch 24/50  iter 200/743  loss=0.1077  lr=3.21e-05
[18:09:38 INFO] Epoch 24/50  iter 250/743  loss=0.1054  lr=3.20e-05
[18:09:52 INFO] Epoch 24/50  iter 300/743  loss=0.1230  lr=3.19e-05
[18:10:06 INFO] Epoch 24/50  iter 350/743  loss=0.0888  lr=3.18e-05
[18:10:20 INFO] Epoch 24/50  iter 400/743  loss=0.1098  lr=3.18e-05
[18:10:34 INFO] Epoch 24/50  iter 450/743  loss=0.0599  lr=3.17e-05
[18:10:48 INFO] Epoch 24/50  iter 500/743  loss=0.2710  lr=3.16e-05
[18:11:02 INFO] Epoch 24/50  iter 550/743  loss=0.2517  lr=3.15e-05
[18:11:16 INFO] Epoch 24/50  iter 600/743  loss=0.2632  lr=3.14e-05
[18:11:30 INFO] Epoch 24/50  iter 650/743  loss=0.0783  lr=3.13e-05
[18:11:44 INFO] Epoch 24/50  iter 700/743  loss=0.1626  lr=3.13e-05
[18:11:56 INFO] Epoch 24 complete — avg_loss=0.1474  time=210s
[18:12:12 INFO] Epoch 25/50  iter 50/743  loss=0.1677  lr=3.11e-05
[18:12:26 INFO] Epoch 25/50  iter 100/743  loss=0.0427  lr=3.10e-05
[18:12:40 INFO] Epoch 25/50  iter 150/743  loss=0.1347  lr=3.10e-05
[18:12:55 INFO] Epoch 25/50  iter 200/743  loss=0.1681  lr=3.09e-05
[18:13:08 INFO] Epoch 25/50  iter 250/743  loss=0.1024  lr=3.08e-05
[18:13:22 INFO] Epoch 25/50  iter 300/743  loss=0.1203  lr=3.07e-05
[18:13:36 INFO] Epoch 25/50  iter 350/743  loss=0.2702  lr=3.06e-05
[18:13:50 INFO] Epoch 25/50  iter 400/743  loss=0.1194  lr=3.06e-05
[18:14:04 INFO] Epoch 25/50  iter 450/743  loss=0.1339  lr=3.05e-05
[18:14:18 INFO] Epoch 25/50  iter 500/743  loss=0.0340  lr=3.04e-05
[18:14:32 INFO] Epoch 25/50  iter 550/743  loss=0.1307  lr=3.03e-05
[18:14:46 INFO] Epoch 25/50  iter 600/743  loss=0.1468  lr=3.02e-05
[18:15:00 INFO] Epoch 25/50  iter 650/743  loss=0.4620  lr=3.01e-05
[18:15:14 INFO] Epoch 25/50  iter 700/743  loss=0.1233  lr=3.01e-05
[18:15:27 INFO] Epoch 25 complete — avg_loss=0.1478  time=210s
[18:17:50 INFO]   val mIoU = 0.7297
[18:17:51 INFO]   ★ New best val mIoU: 0.7297
[18:18:06 INFO] Epoch 26/50  iter 50/743  loss=0.2345  lr=2.99e-05
[18:18:20 INFO] Epoch 26/50  iter 100/743  loss=0.0893  lr=2.98e-05
[18:18:35 INFO] Epoch 26/50  iter 150/743  loss=0.2267  lr=2.98e-05
[18:18:48 INFO] Epoch 26/50  iter 200/743  loss=0.1725  lr=2.97e-05
[18:19:03 INFO] Epoch 26/50  iter 250/743  loss=0.2217  lr=2.96e-05
[18:19:17 INFO] Epoch 26/50  iter 300/743  loss=0.1406  lr=2.95e-05
[18:19:30 INFO] Epoch 26/50  iter 350/743  loss=0.2469  lr=2.94e-05
[18:19:45 INFO] Epoch 26/50  iter 400/743  loss=0.1505  lr=2.94e-05
[18:19:59 INFO] Epoch 26/50  iter 450/743  loss=0.2032  lr=2.93e-05
[18:20:12 INFO] Epoch 26/50  iter 500/743  loss=0.2445  lr=2.92e-05
[18:20:27 INFO] Epoch 26/50  iter 550/743  loss=0.1665  lr=2.91e-05
[18:20:41 INFO] Epoch 26/50  iter 600/743  loss=0.1427  lr=2.90e-05
[18:20:54 INFO] Epoch 26/50  iter 650/743  loss=0.1347  lr=2.89e-05
[18:21:09 INFO] Epoch 26/50  iter 700/743  loss=0.1540  lr=2.89e-05
[18:21:21 INFO] Epoch 26 complete — avg_loss=0.1580  time=209s
[18:21:36 INFO] Epoch 27/50  iter 50/743  loss=0.1893  lr=2.87e-05
[18:21:50 INFO] Epoch 27/50  iter 100/743  loss=0.1235  lr=2.86e-05
[18:22:04 INFO] Epoch 27/50  iter 150/743  loss=0.1268  lr=2.86e-05
[18:22:18 INFO] Epoch 27/50  iter 200/743  loss=0.0799  lr=2.85e-05
[18:22:32 INFO] Epoch 27/50  iter 250/743  loss=0.1649  lr=2.84e-05
[18:22:46 INFO] Epoch 27/50  iter 300/743  loss=0.2297  lr=2.83e-05
[18:23:00 INFO] Epoch 27/50  iter 350/743  loss=0.1688  lr=2.82e-05
[18:23:14 INFO] Epoch 27/50  iter 400/743  loss=0.1963  lr=2.82e-05
[18:23:28 INFO] Epoch 27/50  iter 450/743  loss=0.0661  lr=2.81e-05
[18:23:42 INFO] Epoch 27/50  iter 500/743  loss=0.2221  lr=2.80e-05
[18:23:56 INFO] Epoch 27/50  iter 550/743  loss=0.1436  lr=2.79e-05
[18:24:10 INFO] Epoch 27/50  iter 600/743  loss=0.0923  lr=2.78e-05
[18:24:23 INFO] Epoch 27/50  iter 650/743  loss=0.1743  lr=2.77e-05
[18:24:38 INFO] Epoch 27/50  iter 700/743  loss=0.1140  lr=2.77e-05
[18:24:50 INFO] Epoch 27 complete — avg_loss=0.1403  time=208s
[18:25:05 INFO] Epoch 28/50  iter 50/743  loss=0.1216  lr=2.75e-05
[18:25:20 INFO] Epoch 28/50  iter 100/743  loss=0.1439  lr=2.74e-05
[18:25:34 INFO] Epoch 28/50  iter 150/743  loss=0.1170  lr=2.74e-05
[18:25:47 INFO] Epoch 28/50  iter 200/743  loss=0.1420  lr=2.73e-05
[18:26:01 INFO] Epoch 28/50  iter 250/743  loss=0.1237  lr=2.72e-05
[18:26:16 INFO] Epoch 28/50  iter 300/743  loss=0.2068  lr=2.71e-05
[18:26:30 INFO] Epoch 28/50  iter 350/743  loss=0.1330  lr=2.70e-05
[18:26:44 INFO] Epoch 28/50  iter 400/743  loss=0.1060  lr=2.70e-05
[18:26:58 INFO] Epoch 28/50  iter 450/743  loss=0.1098  lr=2.69e-05
[18:27:12 INFO] Epoch 28/50  iter 500/743  loss=0.1410  lr=2.68e-05
[18:27:26 INFO] Epoch 28/50  iter 550/743  loss=0.1822  lr=2.67e-05
[18:27:40 INFO] Epoch 28/50  iter 600/743  loss=0.3672  lr=2.66e-05
[18:27:54 INFO] Epoch 28/50  iter 650/743  loss=0.0730  lr=2.65e-05
[18:28:08 INFO] Epoch 28/50  iter 700/743  loss=0.1327  lr=2.65e-05
[18:28:21 INFO] Epoch 28 complete — avg_loss=0.1401  time=210s
[18:28:36 INFO] Epoch 29/50  iter 50/743  loss=0.1310  lr=2.63e-05
[18:28:51 INFO] Epoch 29/50  iter 100/743  loss=0.2005  lr=2.62e-05
[18:29:05 INFO] Epoch 29/50  iter 150/743  loss=0.1222  lr=2.62e-05
[18:29:19 INFO] Epoch 29/50  iter 200/743  loss=0.1222  lr=2.61e-05
[18:29:33 INFO] Epoch 29/50  iter 250/743  loss=0.0811  lr=2.60e-05
[18:29:47 INFO] Epoch 29/50  iter 300/743  loss=0.1418  lr=2.59e-05
[18:30:00 INFO] Epoch 29/50  iter 350/743  loss=0.1566  lr=2.58e-05
[18:30:14 INFO] Epoch 29/50  iter 400/743  loss=0.1154  lr=2.58e-05
[18:30:29 INFO] Epoch 29/50  iter 450/743  loss=0.1624  lr=2.57e-05
[18:30:43 INFO] Epoch 29/50  iter 500/743  loss=0.0744  lr=2.56e-05
[18:30:57 INFO] Epoch 29/50  iter 550/743  loss=0.1298  lr=2.55e-05
[18:31:11 INFO] Epoch 29/50  iter 600/743  loss=0.0666  lr=2.54e-05
[18:31:25 INFO] Epoch 29/50  iter 650/743  loss=0.0867  lr=2.53e-05
[18:31:39 INFO] Epoch 29/50  iter 700/743  loss=0.0896  lr=2.53e-05
[18:31:51 INFO] Epoch 29 complete — avg_loss=0.1435  time=210s
[18:32:07 INFO] Epoch 30/50  iter 50/743  loss=0.1886  lr=2.51e-05
[18:32:21 INFO] Epoch 30/50  iter 100/743  loss=0.0790  lr=2.50e-05
[18:32:35 INFO] Epoch 30/50  iter 150/743  loss=0.0380  lr=2.50e-05
[18:32:49 INFO] Epoch 30/50  iter 200/743  loss=0.0567  lr=2.49e-05
[18:33:03 INFO] Epoch 30/50  iter 250/743  loss=0.0761  lr=2.48e-05
[18:33:17 INFO] Epoch 30/50  iter 300/743  loss=0.1270  lr=2.47e-05
[18:33:31 INFO] Epoch 30/50  iter 350/743  loss=0.0729  lr=2.46e-05
[18:33:46 INFO] Epoch 30/50  iter 400/743  loss=0.1532  lr=2.46e-05
[18:33:59 INFO] Epoch 30/50  iter 450/743  loss=0.0671  lr=2.45e-05
[18:34:14 INFO] Epoch 30/50  iter 500/743  loss=0.0962  lr=2.44e-05
[18:34:28 INFO] Epoch 30/50  iter 550/743  loss=0.2096  lr=2.43e-05
[18:34:42 INFO] Epoch 30/50  iter 600/743  loss=0.0861  lr=2.42e-05
[18:34:56 INFO] Epoch 30/50  iter 650/743  loss=0.1583  lr=2.41e-05
[18:35:10 INFO] Epoch 30/50  iter 700/743  loss=0.1240  lr=2.41e-05
[18:35:22 INFO] Epoch 30 complete — avg_loss=0.1405  time=210s
[18:37:43 INFO]   val mIoU = 0.7537
[18:37:44 INFO]   ★ New best val mIoU: 0.7537
[18:38:00 INFO] Epoch 31/50  iter 50/743  loss=0.1115  lr=2.39e-05
[18:38:13 INFO] Epoch 31/50  iter 100/743  loss=0.1388  lr=2.38e-05
[18:38:28 INFO] Epoch 31/50  iter 150/743  loss=0.1443  lr=2.38e-05
[18:38:41 INFO] Epoch 31/50  iter 200/743  loss=0.5684  lr=2.37e-05
[18:38:56 INFO] Epoch 31/50  iter 250/743  loss=0.0871  lr=2.36e-05
[18:39:10 INFO] Epoch 31/50  iter 300/743  loss=0.4287  lr=2.35e-05
[18:39:24 INFO] Epoch 31/50  iter 350/743  loss=0.2751  lr=2.34e-05
[18:39:38 INFO] Epoch 31/50  iter 400/743  loss=0.0682  lr=2.34e-05
[18:39:52 INFO] Epoch 31/50  iter 450/743  loss=0.1575  lr=2.33e-05
[18:40:06 INFO] Epoch 31/50  iter 500/743  loss=0.1018  lr=2.32e-05
[18:40:19 INFO] Epoch 31/50  iter 550/743  loss=0.5078  lr=2.31e-05
[18:40:33 INFO] Epoch 31/50  iter 600/743  loss=0.0994  lr=2.30e-05
[18:40:46 INFO] Epoch 31/50  iter 650/743  loss=0.1275  lr=2.29e-05
[18:41:00 INFO] Epoch 31/50  iter 700/743  loss=0.0834  lr=2.29e-05
[18:41:12 INFO] Epoch 31 complete — avg_loss=0.1370  time=207s
[18:41:26 INFO] Epoch 32/50  iter 50/743  loss=0.1770  lr=2.27e-05
[18:41:40 INFO] Epoch 32/50  iter 100/743  loss=0.2242  lr=2.26e-05
[18:41:54 INFO] Epoch 32/50  iter 150/743  loss=0.0856  lr=2.26e-05
[18:42:07 INFO] Epoch 32/50  iter 200/743  loss=0.1056  lr=2.25e-05
[18:42:21 INFO] Epoch 32/50  iter 250/743  loss=0.1392  lr=2.24e-05
[18:42:34 INFO] Epoch 32/50  iter 300/743  loss=0.0362  lr=2.23e-05
[18:42:48 INFO] Epoch 32/50  iter 350/743  loss=0.2025  lr=2.22e-05
[18:43:02 INFO] Epoch 32/50  iter 400/743  loss=0.1044  lr=2.22e-05
[18:43:15 INFO] Epoch 32/50  iter 450/743  loss=0.0653  lr=2.21e-05
[18:43:29 INFO] Epoch 32/50  iter 500/743  loss=0.1597  lr=2.20e-05
[18:43:43 INFO] Epoch 32/50  iter 550/743  loss=0.0706  lr=2.19e-05
[18:43:56 INFO] Epoch 32/50  iter 600/743  loss=0.1376  lr=2.18e-05
[18:44:10 INFO] Epoch 32/50  iter 650/743  loss=0.1354  lr=2.17e-05
[18:44:23 INFO] Epoch 32/50  iter 700/743  loss=0.1700  lr=2.17e-05
[18:44:35 INFO] Epoch 32 complete — avg_loss=0.1364  time=203s
[18:44:50 INFO] Epoch 33/50  iter 50/743  loss=0.1404  lr=2.15e-05
[18:45:03 INFO] Epoch 33/50  iter 100/743  loss=0.0765  lr=2.14e-05
[18:45:17 INFO] Epoch 33/50  iter 150/743  loss=0.0949  lr=2.14e-05
[18:45:30 INFO] Epoch 33/50  iter 200/743  loss=0.0550  lr=2.13e-05
[18:45:44 INFO] Epoch 33/50  iter 250/743  loss=0.0580  lr=2.12e-05
[18:45:58 INFO] Epoch 33/50  iter 300/743  loss=0.1192  lr=2.11e-05
[18:46:11 INFO] Epoch 33/50  iter 350/743  loss=0.1900  lr=2.10e-05
[18:46:25 INFO] Epoch 33/50  iter 400/743  loss=0.1493  lr=2.10e-05
[18:46:38 INFO] Epoch 33/50  iter 450/743  loss=0.1447  lr=2.09e-05
[18:46:52 INFO] Epoch 33/50  iter 500/743  loss=0.0807  lr=2.08e-05
[18:47:05 INFO] Epoch 33/50  iter 550/743  loss=0.1040  lr=2.07e-05
[18:47:19 INFO] Epoch 33/50  iter 600/743  loss=0.0503  lr=2.06e-05
[18:47:33 INFO] Epoch 33/50  iter 650/743  loss=0.1018  lr=2.05e-05
[18:47:46 INFO] Epoch 33/50  iter 700/743  loss=0.0467  lr=2.05e-05
[18:47:58 INFO] Epoch 33 complete — avg_loss=0.1344  time=202s
[18:48:13 INFO] Epoch 34/50  iter 50/743  loss=0.0445  lr=2.03e-05
[18:48:26 INFO] Epoch 34/50  iter 100/743  loss=0.1244  lr=2.02e-05
[18:48:40 INFO] Epoch 34/50  iter 150/743  loss=0.1409  lr=2.02e-05
[18:48:54 INFO] Epoch 34/50  iter 200/743  loss=0.1423  lr=2.01e-05
[18:49:07 INFO] Epoch 34/50  iter 250/743  loss=0.1876  lr=2.00e-05
[18:49:21 INFO] Epoch 34/50  iter 300/743  loss=0.1788  lr=1.99e-05
[18:49:34 INFO] Epoch 34/50  iter 350/743  loss=0.2204  lr=1.98e-05
[18:49:48 INFO] Epoch 34/50  iter 400/743  loss=0.1126  lr=1.98e-05
[18:50:01 INFO] Epoch 34/50  iter 450/743  loss=0.1053  lr=1.97e-05
[18:50:15 INFO] Epoch 34/50  iter 500/743  loss=0.1336  lr=1.96e-05
[18:50:29 INFO] Epoch 34/50  iter 550/743  loss=0.1415  lr=1.95e-05
[18:50:42 INFO] Epoch 34/50  iter 600/743  loss=0.4210  lr=1.94e-05
[18:50:56 INFO] Epoch 34/50  iter 650/743  loss=0.1195  lr=1.93e-05
[18:51:10 INFO] Epoch 34/50  iter 700/743  loss=0.0757  lr=1.93e-05
[18:51:21 INFO] Epoch 34 complete — avg_loss=0.1371  time=203s
[18:51:36 INFO] Epoch 35/50  iter 50/743  loss=0.0821  lr=1.91e-05
[18:51:50 INFO] Epoch 35/50  iter 100/743  loss=0.1660  lr=1.90e-05
[18:52:03 INFO] Epoch 35/50  iter 150/743  loss=0.1385  lr=1.90e-05
[18:52:17 INFO] Epoch 35/50  iter 200/743  loss=0.1324  lr=1.89e-05
[18:52:30 INFO] Epoch 35/50  iter 250/743  loss=0.1013  lr=1.88e-05
[18:52:44 INFO] Epoch 35/50  iter 300/743  loss=0.1932  lr=1.87e-05
[18:52:57 INFO] Epoch 35/50  iter 350/743  loss=0.1033  lr=1.86e-05
[18:53:11 INFO] Epoch 35/50  iter 400/743  loss=0.0869  lr=1.86e-05
[18:53:24 INFO] Epoch 35/50  iter 450/743  loss=0.1195  lr=1.85e-05
[18:53:38 INFO] Epoch 35/50  iter 500/743  loss=0.2029  lr=1.84e-05
[18:53:51 INFO] Epoch 35/50  iter 550/743  loss=0.4422  lr=1.83e-05
[18:54:05 INFO] Epoch 35/50  iter 600/743  loss=0.1300  lr=1.82e-05
[18:54:19 INFO] Epoch 35/50  iter 650/743  loss=0.1650  lr=1.81e-05
[18:54:32 INFO] Epoch 35/50  iter 700/743  loss=0.0965  lr=1.81e-05
[18:54:44 INFO] Epoch 35 complete — avg_loss=0.1323  time=202s
[18:56:52 INFO]   val mIoU = 0.7550
[18:56:53 INFO]   ★ New best val mIoU: 0.7550
[18:57:09 INFO] Epoch 36/50  iter 50/743  loss=0.1264  lr=1.79e-05
[18:57:22 INFO] Epoch 36/50  iter 100/743  loss=0.1805  lr=1.78e-05
[18:57:36 INFO] Epoch 36/50  iter 150/743  loss=0.1122  lr=1.78e-05
[18:57:49 INFO] Epoch 36/50  iter 200/743  loss=0.0938  lr=1.77e-05
[18:58:03 INFO] Epoch 36/50  iter 250/743  loss=0.0767  lr=1.76e-05
[18:58:16 INFO] Epoch 36/50  iter 300/743  loss=0.1139  lr=1.75e-05
[18:58:30 INFO] Epoch 36/50  iter 350/743  loss=0.0907  lr=1.74e-05
[18:58:43 INFO] Epoch 36/50  iter 400/743  loss=0.0714  lr=1.74e-05
[18:58:57 INFO] Epoch 36/50  iter 450/743  loss=0.1059  lr=1.73e-05
[18:59:11 INFO] Epoch 36/50  iter 500/743  loss=0.1033  lr=1.72e-05
[18:59:24 INFO] Epoch 36/50  iter 550/743  loss=0.1047  lr=1.71e-05
[18:59:38 INFO] Epoch 36/50  iter 600/743  loss=0.0792  lr=1.70e-05
[18:59:52 INFO] Epoch 36/50  iter 650/743  loss=0.0475  lr=1.69e-05
[19:00:05 INFO] Epoch 36/50  iter 700/743  loss=0.2074  lr=1.69e-05
[19:00:17 INFO] Epoch 36 complete — avg_loss=0.1280  time=203s
[19:00:32 INFO] Epoch 37/50  iter 50/743  loss=0.0940  lr=1.67e-05
[19:00:46 INFO] Epoch 37/50  iter 100/743  loss=0.1435  lr=1.66e-05
[19:00:59 INFO] Epoch 37/50  iter 150/743  loss=0.0655  lr=1.66e-05
[19:01:13 INFO] Epoch 37/50  iter 200/743  loss=0.1841  lr=1.65e-05
[19:01:26 INFO] Epoch 37/50  iter 250/743  loss=0.0980  lr=1.64e-05
[19:01:40 INFO] Epoch 37/50  iter 300/743  loss=0.1175  lr=1.63e-05
[19:01:54 INFO] Epoch 37/50  iter 350/743  loss=0.1529  lr=1.62e-05
[19:02:07 INFO] Epoch 37/50  iter 400/743  loss=0.2602  lr=1.62e-05
[19:02:21 INFO] Epoch 37/50  iter 450/743  loss=0.0876  lr=1.61e-05
[19:02:34 INFO] Epoch 37/50  iter 500/743  loss=0.1430  lr=1.60e-05
[19:02:48 INFO] Epoch 37/50  iter 550/743  loss=0.1621  lr=1.59e-05
[19:03:02 INFO] Epoch 37/50  iter 600/743  loss=0.1254  lr=1.58e-05
[19:03:15 INFO] Epoch 37/50  iter 650/743  loss=0.1459  lr=1.57e-05
[19:03:29 INFO] Epoch 37/50  iter 700/743  loss=0.1329  lr=1.57e-05
[19:03:40 INFO] Epoch 37 complete — avg_loss=0.1328  time=203s
[19:03:55 INFO] Epoch 38/50  iter 50/743  loss=0.1857  lr=1.55e-05
[19:04:09 INFO] Epoch 38/50  iter 100/743  loss=0.0533  lr=1.54e-05
[19:04:22 INFO] Epoch 38/50  iter 150/743  loss=0.1104  lr=1.54e-05
[19:04:36 INFO] Epoch 38/50  iter 200/743  loss=0.0688  lr=1.53e-05
[19:04:50 INFO] Epoch 38/50  iter 250/743  loss=0.1208  lr=1.52e-05
[19:05:03 INFO] Epoch 38/50  iter 300/743  loss=0.1091  lr=1.51e-05
[19:05:17 INFO] Epoch 38/50  iter 350/743  loss=0.1662  lr=1.50e-05
[19:05:31 INFO] Epoch 38/50  iter 400/743  loss=0.0545  lr=1.50e-05
[19:05:44 INFO] Epoch 38/50  iter 450/743  loss=0.1559  lr=1.49e-05
[19:05:58 INFO] Epoch 38/50  iter 500/743  loss=0.2142  lr=1.48e-05
[19:06:11 INFO] Epoch 38/50  iter 550/743  loss=0.1528  lr=1.47e-05
[19:06:25 INFO] Epoch 38/50  iter 600/743  loss=0.1584  lr=1.46e-05
[19:06:38 INFO] Epoch 38/50  iter 650/743  loss=0.1017  lr=1.45e-05
[19:06:52 INFO] Epoch 38/50  iter 700/743  loss=0.1192  lr=1.45e-05
[19:07:03 INFO] Epoch 38 complete — avg_loss=0.1314  time=202s
[19:07:19 INFO] Epoch 39/50  iter 50/743  loss=0.0642  lr=1.43e-05
[19:07:32 INFO] Epoch 39/50  iter 100/743  loss=0.0578  lr=1.42e-05
[19:07:46 INFO] Epoch 39/50  iter 150/743  loss=0.0706  lr=1.42e-05
[19:07:59 INFO] Epoch 39/50  iter 200/743  loss=0.7296  lr=1.41e-05
[19:08:13 INFO] Epoch 39/50  iter 250/743  loss=0.1352  lr=1.40e-05
[19:08:26 INFO] Epoch 39/50  iter 300/743  loss=0.0997  lr=1.39e-05
[19:08:40 INFO] Epoch 39/50  iter 350/743  loss=0.2218  lr=1.38e-05
[19:08:54 INFO] Epoch 39/50  iter 400/743  loss=0.1504  lr=1.38e-05
[19:09:07 INFO] Epoch 39/50  iter 450/743  loss=0.1845  lr=1.37e-05
[19:09:21 INFO] Epoch 39/50  iter 500/743  loss=0.0980  lr=1.36e-05
[19:09:35 INFO] Epoch 39/50  iter 550/743  loss=0.1171  lr=1.35e-05
[19:09:48 INFO] Epoch 39/50  iter 600/743  loss=0.3593  lr=1.34e-05
[19:10:01 INFO] Epoch 39/50  iter 650/743  loss=0.1331  lr=1.33e-05
[19:10:15 INFO] Epoch 39/50  iter 700/743  loss=0.0808  lr=1.33e-05
[19:10:27 INFO] Epoch 39 complete — avg_loss=0.1311  time=203s
[19:10:42 INFO] Epoch 40/50  iter 50/743  loss=0.5483  lr=1.31e-05
[19:10:55 INFO] Epoch 40/50  iter 100/743  loss=0.1185  lr=1.30e-05
[19:11:10 INFO] Epoch 40/50  iter 150/743  loss=0.0508  lr=1.30e-05
[19:11:23 INFO] Epoch 40/50  iter 200/743  loss=0.1212  lr=1.29e-05
[19:11:37 INFO] Epoch 40/50  iter 250/743  loss=0.1513  lr=1.28e-05
[19:11:51 INFO] Epoch 40/50  iter 300/743  loss=0.1346  lr=1.27e-05
[19:12:04 INFO] Epoch 40/50  iter 350/743  loss=0.3637  lr=1.26e-05
[19:12:18 INFO] Epoch 40/50  iter 400/743  loss=0.1232  lr=1.26e-05
[19:12:32 INFO] Epoch 40/50  iter 450/743  loss=0.1167  lr=1.25e-05
[19:12:45 INFO] Epoch 40/50  iter 500/743  loss=0.1878  lr=1.24e-05
[19:12:59 INFO] Epoch 40/50  iter 550/743  loss=0.1811  lr=1.23e-05
[19:13:12 INFO] Epoch 40/50  iter 600/743  loss=0.1895  lr=1.22e-05
[19:13:26 INFO] Epoch 40/50  iter 650/743  loss=0.1599  lr=1.21e-05
[19:13:40 INFO] Epoch 40/50  iter 700/743  loss=0.0745  lr=1.21e-05
[19:13:52 INFO] Epoch 40 complete — avg_loss=0.1272  time=204s
[19:15:56 INFO]   val mIoU = 0.7637
[19:15:56 INFO]   ★ New best val mIoU: 0.7637
[19:16:11 INFO] Epoch 41/50  iter 50/743  loss=0.1010  lr=1.19e-05
[19:16:25 INFO] Epoch 41/50  iter 100/743  loss=0.0961  lr=1.18e-05
[19:16:38 INFO] Epoch 41/50  iter 150/743  loss=0.0683  lr=1.18e-05
[19:16:51 INFO] Epoch 41/50  iter 200/743  loss=0.0681  lr=1.17e-05
[19:17:05 INFO] Epoch 41/50  iter 250/743  loss=0.1217  lr=1.16e-05
[19:17:19 INFO] Epoch 41/50  iter 300/743  loss=0.0774  lr=1.15e-05
[19:17:32 INFO] Epoch 41/50  iter 350/743  loss=0.0859  lr=1.14e-05
[19:17:46 INFO] Epoch 41/50  iter 400/743  loss=0.1242  lr=1.14e-05
[19:17:59 INFO] Epoch 41/50  iter 450/743  loss=0.1476  lr=1.13e-05
[19:18:13 INFO] Epoch 41/50  iter 500/743  loss=0.0846  lr=1.12e-05
[19:18:26 INFO] Epoch 41/50  iter 550/743  loss=0.0612  lr=1.11e-05
[19:18:40 INFO] Epoch 41/50  iter 600/743  loss=0.0887  lr=1.10e-05
[19:18:54 INFO] Epoch 41/50  iter 650/743  loss=0.1661  lr=1.09e-05
[19:19:07 INFO] Epoch 41/50  iter 700/743  loss=0.0790  lr=1.09e-05
[19:19:19 INFO] Epoch 41 complete — avg_loss=0.1237  time=202s
[19:19:33 INFO] Epoch 42/50  iter 50/743  loss=0.0797  lr=1.07e-05
[19:19:47 INFO] Epoch 42/50  iter 100/743  loss=0.1007  lr=1.06e-05
[19:20:01 INFO] Epoch 42/50  iter 150/743  loss=0.1464  lr=1.06e-05
[19:20:14 INFO] Epoch 42/50  iter 200/743  loss=0.1355  lr=1.05e-05
[19:20:28 INFO] Epoch 42/50  iter 250/743  loss=0.0571  lr=1.04e-05
[19:20:42 INFO] Epoch 42/50  iter 300/743  loss=0.1561  lr=1.03e-05
[19:20:55 INFO] Epoch 42/50  iter 350/743  loss=0.1144  lr=1.02e-05
[19:21:09 INFO] Epoch 42/50  iter 400/743  loss=0.0897  lr=1.02e-05
[19:21:23 INFO] Epoch 42/50  iter 450/743  loss=0.0739  lr=1.01e-05
[19:21:36 INFO] Epoch 42/50  iter 500/743  loss=0.0901  lr=9.99e-06
[19:21:50 INFO] Epoch 42/50  iter 550/743  loss=0.0906  lr=9.91e-06
[19:22:03 INFO] Epoch 42/50  iter 600/743  loss=0.1101  lr=9.83e-06
[19:22:17 INFO] Epoch 42/50  iter 650/743  loss=0.0680  lr=9.75e-06
[19:22:30 INFO] Epoch 42/50  iter 700/743  loss=0.1339  lr=9.67e-06
[19:22:42 INFO] Epoch 42 complete — avg_loss=0.1226  time=203s
[19:22:58 INFO] Epoch 43/50  iter 50/743  loss=0.0495  lr=9.52e-06
[19:23:11 INFO] Epoch 43/50  iter 100/743  loss=0.1888  lr=9.44e-06
[19:23:24 INFO] Epoch 43/50  iter 150/743  loss=0.1431  lr=9.36e-06
[19:23:38 INFO] Epoch 43/50  iter 200/743  loss=0.0651  lr=9.28e-06
[19:23:52 INFO] Epoch 43/50  iter 250/743  loss=0.0885  lr=9.19e-06
[19:24:06 INFO] Epoch 43/50  iter 300/743  loss=0.1014  lr=9.11e-06
[19:24:19 INFO] Epoch 43/50  iter 350/743  loss=0.1096  lr=9.03e-06
[19:24:33 INFO] Epoch 43/50  iter 400/743  loss=0.0909  lr=8.95e-06
[19:24:46 INFO] Epoch 43/50  iter 450/743  loss=0.0945  lr=8.87e-06
[19:25:00 INFO] Epoch 43/50  iter 500/743  loss=0.0865  lr=8.79e-06
[19:25:14 INFO] Epoch 43/50  iter 550/743  loss=0.1066  lr=8.71e-06
[19:25:27 INFO] Epoch 43/50  iter 600/743  loss=0.0600  lr=8.63e-06
[19:25:41 INFO] Epoch 43/50  iter 650/743  loss=0.1779  lr=8.55e-06
[19:25:54 INFO] Epoch 43/50  iter 700/743  loss=0.0740  lr=8.47e-06
[19:26:06 INFO] Epoch 43 complete — avg_loss=0.1256  time=203s
[19:26:21 INFO] Epoch 44/50  iter 50/743  loss=0.0837  lr=8.32e-06
[19:26:34 INFO] Epoch 44/50  iter 100/743  loss=0.1311  lr=8.24e-06
[19:26:48 INFO] Epoch 44/50  iter 150/743  loss=0.1133  lr=8.16e-06
[19:27:01 INFO] Epoch 44/50  iter 200/743  loss=0.1048  lr=8.08e-06
[19:27:15 INFO] Epoch 44/50  iter 250/743  loss=0.0896  lr=7.99e-06
[19:27:29 INFO] Epoch 44/50  iter 300/743  loss=0.1025  lr=7.91e-06
[19:27:42 INFO] Epoch 44/50  iter 350/743  loss=0.0869  lr=7.83e-06
[19:27:56 INFO] Epoch 44/50  iter 400/743  loss=0.1747  lr=7.75e-06
[19:28:09 INFO] Epoch 44/50  iter 450/743  loss=0.0843  lr=7.67e-06
[19:28:23 INFO] Epoch 44/50  iter 500/743  loss=0.1122  lr=7.59e-06
[19:28:37 INFO] Epoch 44/50  iter 550/743  loss=0.1703  lr=7.51e-06
[19:28:51 INFO] Epoch 44/50  iter 600/743  loss=0.1251  lr=7.43e-06
[19:29:04 INFO] Epoch 44/50  iter 650/743  loss=0.1083  lr=7.35e-06
[19:29:18 INFO] Epoch 44/50  iter 700/743  loss=0.0758  lr=7.27e-06
[19:29:29 INFO] Epoch 44 complete — avg_loss=0.1225  time=203s
[19:29:45 INFO] Epoch 45/50  iter 50/743  loss=0.0494  lr=7.12e-06
[19:29:58 INFO] Epoch 45/50  iter 100/743  loss=0.1153  lr=7.04e-06
[19:30:12 INFO] Epoch 45/50  iter 150/743  loss=0.1179  lr=6.96e-06
[19:30:25 INFO] Epoch 45/50  iter 200/743  loss=0.1288  lr=6.88e-06
[19:30:39 INFO] Epoch 45/50  iter 250/743  loss=0.1269  lr=6.79e-06
[19:30:52 INFO] Epoch 45/50  iter 300/743  loss=0.1369  lr=6.71e-06
[19:31:06 INFO] Epoch 45/50  iter 350/743  loss=0.0863  lr=6.63e-06
[19:31:19 INFO] Epoch 45/50  iter 400/743  loss=0.1648  lr=6.55e-06
[19:31:33 INFO] Epoch 45/50  iter 450/743  loss=0.0997  lr=6.47e-06
[19:31:46 INFO] Epoch 45/50  iter 500/743  loss=0.1491  lr=6.39e-06
[19:32:00 INFO] Epoch 45/50  iter 550/743  loss=0.3187  lr=6.31e-06
[19:32:13 INFO] Epoch 45/50  iter 600/743  loss=0.1320  lr=6.23e-06
[19:32:27 INFO] Epoch 45/50  iter 650/743  loss=0.0776  lr=6.15e-06
[19:32:41 INFO] Epoch 45/50  iter 700/743  loss=0.0909  lr=6.07e-06
[19:32:52 INFO] Epoch 45 complete — avg_loss=0.1207  time=202s
[19:34:59 INFO]   val mIoU = 0.7669
[19:34:59 INFO]   ★ New best val mIoU: 0.7669
[19:35:14 INFO] Epoch 46/50  iter 50/743  loss=0.1079  lr=5.92e-06
[19:35:27 INFO] Epoch 46/50  iter 100/743  loss=0.0849  lr=5.84e-06
[19:35:41 INFO] Epoch 46/50  iter 150/743  loss=0.1500  lr=5.76e-06
[19:35:54 INFO] Epoch 46/50  iter 200/743  loss=0.1054  lr=5.68e-06
[19:36:08 INFO] Epoch 46/50  iter 250/743  loss=0.1578  lr=5.59e-06
[19:36:22 INFO] Epoch 46/50  iter 300/743  loss=0.1262  lr=5.51e-06
[19:36:35 INFO] Epoch 46/50  iter 350/743  loss=0.1344  lr=5.43e-06
[19:36:49 INFO] Epoch 46/50  iter 400/743  loss=0.1424  lr=5.35e-06
[19:37:03 INFO] Epoch 46/50  iter 450/743  loss=0.0810  lr=5.27e-06
[19:37:16 INFO] Epoch 46/50  iter 500/743  loss=0.0617  lr=5.19e-06
[19:37:30 INFO] Epoch 46/50  iter 550/743  loss=0.2455  lr=5.11e-06
[19:37:44 INFO] Epoch 46/50  iter 600/743  loss=0.1380  lr=5.03e-06
[19:37:57 INFO] Epoch 46/50  iter 650/743  loss=0.2205  lr=4.95e-06
[19:38:11 INFO] Epoch 46/50  iter 700/743  loss=0.0714  lr=4.87e-06
[19:38:22 INFO] Epoch 46 complete — avg_loss=0.1281  time=202s
[19:38:38 INFO] Epoch 47/50  iter 50/743  loss=0.1490  lr=4.72e-06
[19:38:51 INFO] Epoch 47/50  iter 100/743  loss=0.0646  lr=4.64e-06
[19:39:05 INFO] Epoch 47/50  iter 150/743  loss=0.0893  lr=4.56e-06
[19:39:19 INFO] Epoch 47/50  iter 200/743  loss=0.1134  lr=4.48e-06
[19:39:32 INFO] Epoch 47/50  iter 250/743  loss=0.0910  lr=4.39e-06
[19:39:46 INFO] Epoch 47/50  iter 300/743  loss=0.1084  lr=4.31e-06
[19:39:59 INFO] Epoch 47/50  iter 350/743  loss=0.1147  lr=4.23e-06
[19:40:13 INFO] Epoch 47/50  iter 400/743  loss=0.1179  lr=4.15e-06
[19:40:26 INFO] Epoch 47/50  iter 450/743  loss=0.1225  lr=4.07e-06
[19:40:40 INFO] Epoch 47/50  iter 500/743  loss=0.1101  lr=3.99e-06
[19:40:54 INFO] Epoch 47/50  iter 550/743  loss=0.1341  lr=3.91e-06
[19:41:07 INFO] Epoch 47/50  iter 600/743  loss=0.4056  lr=3.83e-06
[19:41:21 INFO] Epoch 47/50  iter 650/743  loss=0.0724  lr=3.75e-06
[19:41:35 INFO] Epoch 47/50  iter 700/743  loss=0.1103  lr=3.67e-06
[19:41:46 INFO] Epoch 47 complete — avg_loss=0.1211  time=203s
[19:42:01 INFO] Epoch 48/50  iter 50/743  loss=0.0951  lr=3.52e-06
[19:42:15 INFO] Epoch 48/50  iter 100/743  loss=0.0551  lr=3.44e-06
[19:42:28 INFO] Epoch 48/50  iter 150/743  loss=0.1192  lr=3.36e-06
[19:42:42 INFO] Epoch 48/50  iter 200/743  loss=0.2350  lr=3.28e-06
[19:42:55 INFO] Epoch 48/50  iter 250/743  loss=0.0762  lr=3.19e-06
[19:43:09 INFO] Epoch 48/50  iter 300/743  loss=0.0734  lr=3.11e-06
[19:43:23 INFO] Epoch 48/50  iter 350/743  loss=0.1538  lr=3.03e-06
[19:43:36 INFO] Epoch 48/50  iter 400/743  loss=0.2433  lr=2.95e-06
[19:43:50 INFO] Epoch 48/50  iter 450/743  loss=0.0933  lr=2.87e-06
[19:44:03 INFO] Epoch 48/50  iter 500/743  loss=0.0580  lr=2.79e-06
[19:44:17 INFO] Epoch 48/50  iter 550/743  loss=0.1127  lr=2.71e-06
[19:44:30 INFO] Epoch 48/50  iter 600/743  loss=0.1347  lr=2.63e-06
[19:44:44 INFO] Epoch 48/50  iter 650/743  loss=0.1015  lr=2.55e-06
[19:44:57 INFO] Epoch 48/50  iter 700/743  loss=0.1691  lr=2.47e-06
[19:45:09 INFO] Epoch 48 complete — avg_loss=0.1197  time=202s
[19:45:24 INFO] Epoch 49/50  iter 50/743  loss=0.1041  lr=2.32e-06
[19:45:38 INFO] Epoch 49/50  iter 100/743  loss=0.1307  lr=2.24e-06
[19:45:51 INFO] Epoch 49/50  iter 150/743  loss=0.1287  lr=2.16e-06
[19:46:05 INFO] Epoch 49/50  iter 200/743  loss=0.1103  lr=2.08e-06
[19:46:19 INFO] Epoch 49/50  iter 250/743  loss=0.1896  lr=1.99e-06
[19:46:32 INFO] Epoch 49/50  iter 300/743  loss=0.1175  lr=1.91e-06
[19:46:46 INFO] Epoch 49/50  iter 350/743  loss=0.1510  lr=1.83e-06
[19:47:00 INFO] Epoch 49/50  iter 400/743  loss=0.0653  lr=1.75e-06
[19:47:13 INFO] Epoch 49/50  iter 450/743  loss=0.0765  lr=1.67e-06
[19:47:27 INFO] Epoch 49/50  iter 500/743  loss=0.0707  lr=1.59e-06
[19:47:41 INFO] Epoch 49/50  iter 550/743  loss=0.1787  lr=1.51e-06
[19:47:54 INFO] Epoch 49/50  iter 600/743  loss=0.0658  lr=1.43e-06
[19:48:08 INFO] Epoch 49/50  iter 650/743  loss=0.1114  lr=1.35e-06
[19:48:21 INFO] Epoch 49/50  iter 700/743  loss=0.1001  lr=1.27e-06
[19:48:33 INFO] Epoch 49 complete — avg_loss=0.1182  time=203s
[19:48:48 INFO] Epoch 50/50  iter 50/743  loss=0.1066  lr=1.12e-06
[19:49:02 INFO] Epoch 50/50  iter 100/743  loss=0.1575  lr=1.04e-06
[19:49:15 INFO] Epoch 50/50  iter 150/743  loss=0.0471  lr=9.56e-07
[19:49:29 INFO] Epoch 50/50  iter 200/743  loss=0.1429  lr=8.75e-07
[19:49:43 INFO] Epoch 50/50  iter 250/743  loss=0.0864  lr=7.95e-07
[19:49:56 INFO] Epoch 50/50  iter 300/743  loss=0.0828  lr=7.14e-07
[19:50:10 INFO] Epoch 50/50  iter 350/743  loss=0.1401  lr=6.33e-07
[19:50:23 INFO] Epoch 50/50  iter 400/743  loss=0.0970  lr=5.52e-07
[19:50:37 INFO] Epoch 50/50  iter 450/743  loss=0.0781  lr=4.72e-07
[19:50:50 INFO] Epoch 50/50  iter 500/743  loss=0.1218  lr=3.91e-07
[19:51:04 INFO] Epoch 50/50  iter 550/743  loss=0.1018  lr=3.10e-07
[19:51:18 INFO] Epoch 50/50  iter 600/743  loss=0.0762  lr=2.29e-07
[19:51:31 INFO] Epoch 50/50  iter 650/743  loss=0.1197  lr=1.49e-07
[19:51:45 INFO] Epoch 50/50  iter 700/743  loss=0.1661  lr=6.78e-08
[19:51:57 INFO] Epoch 50 complete — avg_loss=0.1246  time=203s
[19:54:05 INFO]   val mIoU = 0.7702
[19:54:06 INFO]   ★ New best val mIoU: 0.7702
[19:54:07 INFO] Training complete. Best val mIoU = 0.7702
>>> Evaluating: nndepth_base_b0005_p70_mitb2
[19:54:16 INFO] Device: cuda
/home/taah3149/Documents/Group_Studies/fog-augmentation/src/models.py:74: FutureWarning: You are using `torch.load` with `weights_only=False` (the current default value), which uses the default pickle module implicitly. It is possible to construct malicious pickle data which will execute arbitrary code during unpickling (See https://github.com/pytorch/pytorch/blob/main/SECURITY.md#untrusted-models for more details). In a future release, the default value for `weights_only` will be flipped to `True`. This limits the functions that could be executed during unpickling. Arbitrary objects will no longer be allowed to be loaded via this mode unless they are explicitly allowlisted by the user via `torch.serialization.add_safe_globals`. We recommend you start setting `weights_only=True` for any use case where you don't have full control of the loaded file. Please open an issue on GitHub for any issues related to this experimental feature.
  state = torch.load(str(checkpoint), map_location="cpu")
Model backend: smp (encoder=mit_b2, architecture=fpn)
Loaded checkpoint: results/nndepth_base_b0005_p70_mitb2/best.pth
[19:54:19 INFO] ACDC fog val: 100 samples
[19:54:46 INFO]   100/100 processed
[19:54:46 INFO] mIoU = 0.5578
[19:54:46 INFO]   road                 0.9105
[19:54:46 INFO]   sidewalk             0.6615
[19:54:46 INFO]   building             0.7037
[19:54:46 INFO]   wall                 0.2934
[19:54:46 INFO]   fence                0.2401
[19:54:46 INFO]   pole                 0.4252
[19:54:46 INFO]   traffic light        0.6502
[19:54:46 INFO]   traffic sign         0.5634
[19:54:46 INFO]   vegetation           0.8679
[19:54:46 INFO]   terrain              0.4611
[19:54:46 INFO]   sky                  0.9116
[19:54:46 INFO]   person               0.4227
[19:54:46 INFO]   rider                0.5849
[19:54:46 INFO]   car                  0.7866
[19:54:46 INFO]   truck                0.3156
[19:54:46 INFO]   bus                  0.4902
[19:54:46 INFO]   train                0.5771
[19:54:46 INFO]   motorcycle           0.1988
[19:54:46 INFO]   bicycle              0.5337
[19:54:46 INFO] Results saved → results/nndepth_base_b0005_p70_mitb2/acdc_eval.json
>>> Done: nndepth_base_b0005_p70_mitb2

>>> Training (fresh start): nndepth_base_b001_p03_mitb2
[19:54:52 INFO] Device: cuda
Model backend: smp (encoder=mit_b2, architecture=fpn)
[19:54:55 INFO] Using fog cache: data/fog_cache/nn_depth_base_b001
[19:54:55 INFO] fog_prob: 0.3
[19:54:57 INFO] Train: 2975 samples  |  Val: 500 samples
[19:55:11 INFO] Epoch 1/50  iter 50/743  loss=1.6676  lr=5.99e-05
[19:55:25 INFO] Epoch 1/50  iter 100/743  loss=0.9302  lr=5.98e-05
[19:55:38 INFO] Epoch 1/50  iter 150/743  loss=0.5270  lr=5.98e-05
[19:55:52 INFO] Epoch 1/50  iter 200/743  loss=0.8166  lr=5.97e-05
[19:56:05 INFO] Epoch 1/50  iter 250/743  loss=0.5393  lr=5.96e-05
[19:56:19 INFO] Epoch 1/50  iter 300/743  loss=0.3122  lr=5.95e-05
[19:56:32 INFO] Epoch 1/50  iter 350/743  loss=0.8761  lr=5.94e-05
[19:56:46 INFO] Epoch 1/50  iter 400/743  loss=0.4624  lr=5.94e-05
[19:57:00 INFO] Epoch 1/50  iter 450/743  loss=0.4052  lr=5.93e-05
[19:57:13 INFO] Epoch 1/50  iter 500/743  loss=0.2374  lr=5.92e-05
[19:57:26 INFO] Epoch 1/50  iter 550/743  loss=1.0644  lr=5.91e-05
[19:57:40 INFO] Epoch 1/50  iter 600/743  loss=0.2431  lr=5.90e-05
[19:57:54 INFO] Epoch 1/50  iter 650/743  loss=0.3571  lr=5.89e-05
[19:58:07 INFO] Epoch 1/50  iter 700/743  loss=0.4943  lr=5.89e-05
[19:58:19 INFO] Epoch 1 complete — avg_loss=0.6682  time=203s
[19:58:34 INFO] Epoch 2/50  iter 50/743  loss=0.2036  lr=5.87e-05
[19:58:48 INFO] Epoch 2/50  iter 100/743  loss=0.2998  lr=5.86e-05
[19:59:02 INFO] Epoch 2/50  iter 150/743  loss=0.3349  lr=5.86e-05
[19:59:16 INFO] Epoch 2/50  iter 200/743  loss=0.3860  lr=5.85e-05
[19:59:30 INFO] Epoch 2/50  iter 250/743  loss=0.2557  lr=5.84e-05
[19:59:44 INFO] Epoch 2/50  iter 300/743  loss=0.2179  lr=5.83e-05
[19:59:57 INFO] Epoch 2/50  iter 350/743  loss=0.2021  lr=5.82e-05
[20:00:11 INFO] Epoch 2/50  iter 400/743  loss=0.1977  lr=5.82e-05
[20:00:24 INFO] Epoch 2/50  iter 450/743  loss=0.6293  lr=5.81e-05
[20:00:38 INFO] Epoch 2/50  iter 500/743  loss=0.3156  lr=5.80e-05
[20:00:51 INFO] Epoch 2/50  iter 550/743  loss=0.2850  lr=5.79e-05
[20:01:05 INFO] Epoch 2/50  iter 600/743  loss=0.4957  lr=5.78e-05
[20:01:19 INFO] Epoch 2/50  iter 650/743  loss=0.2011  lr=5.77e-05
[20:01:32 INFO] Epoch 2/50  iter 700/743  loss=0.4964  lr=5.77e-05
[20:01:44 INFO] Epoch 2 complete — avg_loss=0.3486  time=204s
[20:01:59 INFO] Epoch 3/50  iter 50/743  loss=0.3348  lr=5.75e-05
[20:02:12 INFO] Epoch 3/50  iter 100/743  loss=0.2522  lr=5.74e-05
[20:02:26 INFO] Epoch 3/50  iter 150/743  loss=0.1881  lr=5.74e-05
[20:02:40 INFO] Epoch 3/50  iter 200/743  loss=0.2313  lr=5.73e-05
[20:02:53 INFO] Epoch 3/50  iter 250/743  loss=0.4209  lr=5.72e-05
[20:03:07 INFO] Epoch 3/50  iter 300/743  loss=1.1105  lr=5.71e-05
[20:03:20 INFO] Epoch 3/50  iter 350/743  loss=0.1147  lr=5.70e-05
[20:03:34 INFO] Epoch 3/50  iter 400/743  loss=0.4541  lr=5.70e-05
[20:03:47 INFO] Epoch 3/50  iter 450/743  loss=0.3255  lr=5.69e-05
[20:04:01 INFO] Epoch 3/50  iter 500/743  loss=0.1847  lr=5.68e-05
[20:04:14 INFO] Epoch 3/50  iter 550/743  loss=0.2634  lr=5.67e-05
[20:04:28 INFO] Epoch 3/50  iter 600/743  loss=0.2721  lr=5.66e-05
[20:04:41 INFO] Epoch 3/50  iter 650/743  loss=0.1900  lr=5.65e-05
[20:04:55 INFO] Epoch 3/50  iter 700/743  loss=0.1224  lr=5.65e-05
[20:05:07 INFO] Epoch 3 complete — avg_loss=0.2847  time=202s
[20:05:22 INFO] Epoch 4/50  iter 50/743  loss=0.1657  lr=5.63e-05
[20:05:35 INFO] Epoch 4/50  iter 100/743  loss=0.1972  lr=5.62e-05
[20:05:49 INFO] Epoch 4/50  iter 150/743  loss=0.6494  lr=5.62e-05
[20:06:03 INFO] Epoch 4/50  iter 200/743  loss=0.2126  lr=5.61e-05
[20:06:17 INFO] Epoch 4/50  iter 250/743  loss=0.2760  lr=5.60e-05
[20:06:30 INFO] Epoch 4/50  iter 300/743  loss=0.2056  lr=5.59e-05
[20:06:44 INFO] Epoch 4/50  iter 350/743  loss=0.0356  lr=5.58e-05
[20:06:58 INFO] Epoch 4/50  iter 400/743  loss=0.1211  lr=5.58e-05
[20:07:12 INFO] Epoch 4/50  iter 450/743  loss=0.0659  lr=5.57e-05
[20:07:25 INFO] Epoch 4/50  iter 500/743  loss=0.2053  lr=5.56e-05
[20:07:39 INFO] Epoch 4/50  iter 550/743  loss=0.2829  lr=5.55e-05
[20:07:52 INFO] Epoch 4/50  iter 600/743  loss=0.3033  lr=5.54e-05
[20:08:06 INFO] Epoch 4/50  iter 650/743  loss=0.2759  lr=5.53e-05
[20:08:20 INFO] Epoch 4/50  iter 700/743  loss=0.1479  lr=5.53e-05
[20:08:32 INFO] Epoch 4 complete — avg_loss=0.2720  time=204s
[20:08:46 INFO] Epoch 5/50  iter 50/743  loss=0.1366  lr=5.51e-05
[20:09:00 INFO] Epoch 5/50  iter 100/743  loss=0.1601  lr=5.50e-05
[20:09:14 INFO] Epoch 5/50  iter 150/743  loss=0.1738  lr=5.50e-05
[20:09:27 INFO] Epoch 5/50  iter 200/743  loss=0.1861  lr=5.49e-05
[20:09:41 INFO] Epoch 5/50  iter 250/743  loss=0.1951  lr=5.48e-05
[20:09:55 INFO] Epoch 5/50  iter 300/743  loss=1.0463  lr=5.47e-05
[20:10:08 INFO] Epoch 5/50  iter 350/743  loss=0.1211  lr=5.46e-05
[20:10:22 INFO] Epoch 5/50  iter 400/743  loss=0.2475  lr=5.46e-05
[20:10:35 INFO] Epoch 5/50  iter 450/743  loss=0.1670  lr=5.45e-05
[20:10:49 INFO] Epoch 5/50  iter 500/743  loss=0.2597  lr=5.44e-05
[20:11:03 INFO] Epoch 5/50  iter 550/743  loss=0.0666  lr=5.43e-05
[20:11:16 INFO] Epoch 5/50  iter 600/743  loss=0.0211  lr=5.42e-05
[20:11:30 INFO] Epoch 5/50  iter 650/743  loss=0.4705  lr=5.41e-05
[20:11:43 INFO] Epoch 5/50  iter 700/743  loss=0.1191  lr=5.41e-05
[20:11:55 INFO] Epoch 5 complete — avg_loss=0.2541  time=203s
[20:14:02 INFO]   val mIoU = 0.6513
[20:14:02 INFO]   ★ New best val mIoU: 0.6513
[20:14:17 INFO] Epoch 6/50  iter 50/743  loss=0.2953  lr=5.39e-05
[20:14:31 INFO] Epoch 6/50  iter 100/743  loss=0.0586  lr=5.38e-05
[20:14:44 INFO] Epoch 6/50  iter 150/743  loss=0.3204  lr=5.38e-05
[20:14:58 INFO] Epoch 6/50  iter 200/743  loss=0.1278  lr=5.37e-05
[20:15:11 INFO] Epoch 6/50  iter 250/743  loss=0.2459  lr=5.36e-05
[20:15:25 INFO] Epoch 6/50  iter 300/743  loss=0.2500  lr=5.35e-05
[20:15:38 INFO] Epoch 6/50  iter 350/743  loss=0.1099  lr=5.34e-05
[20:15:52 INFO] Epoch 6/50  iter 400/743  loss=0.1092  lr=5.34e-05
[20:16:06 INFO] Epoch 6/50  iter 450/743  loss=0.2060  lr=5.33e-05
[20:16:19 INFO] Epoch 6/50  iter 500/743  loss=0.2189  lr=5.32e-05
[20:16:33 INFO] Epoch 6/50  iter 550/743  loss=0.2589  lr=5.31e-05
[20:16:47 INFO] Epoch 6/50  iter 600/743  loss=0.1624  lr=5.30e-05
[20:17:01 INFO] Epoch 6/50  iter 650/743  loss=0.4005  lr=5.29e-05
[20:17:15 INFO] Epoch 6/50  iter 700/743  loss=0.2825  lr=5.29e-05
[20:17:26 INFO] Epoch 6 complete — avg_loss=0.2310  time=203s
[20:17:41 INFO] Epoch 7/50  iter 50/743  loss=0.1969  lr=5.27e-05
[20:17:55 INFO] Epoch 7/50  iter 100/743  loss=0.1114  lr=5.26e-05
[20:18:09 INFO] Epoch 7/50  iter 150/743  loss=0.2619  lr=5.26e-05
[20:18:23 INFO] Epoch 7/50  iter 200/743  loss=0.5978  lr=5.25e-05
[20:18:37 INFO] Epoch 7/50  iter 250/743  loss=0.2564  lr=5.24e-05
[20:18:50 INFO] Epoch 7/50  iter 300/743  loss=0.1359  lr=5.23e-05
[20:19:04 INFO] Epoch 7/50  iter 350/743  loss=0.2162  lr=5.22e-05
[20:19:18 INFO] Epoch 7/50  iter 400/743  loss=0.1161  lr=5.22e-05
[20:19:32 INFO] Epoch 7/50  iter 450/743  loss=0.4605  lr=5.21e-05
[20:19:46 INFO] Epoch 7/50  iter 500/743  loss=0.3033  lr=5.20e-05
[20:20:00 INFO] Epoch 7/50  iter 550/743  loss=0.2111  lr=5.19e-05
[20:20:14 INFO] Epoch 7/50  iter 600/743  loss=0.4061  lr=5.18e-05
[20:20:28 INFO] Epoch 7/50  iter 650/743  loss=0.0333  lr=5.17e-05
[20:20:41 INFO] Epoch 7/50  iter 700/743  loss=0.2682  lr=5.17e-05
[20:20:53 INFO] Epoch 7 complete — avg_loss=0.2186  time=206s
[20:21:09 INFO] Epoch 8/50  iter 50/743  loss=0.1929  lr=5.15e-05
[20:21:22 INFO] Epoch 8/50  iter 100/743  loss=0.2589  lr=5.14e-05
[20:21:36 INFO] Epoch 8/50  iter 150/743  loss=0.0963  lr=5.14e-05
[20:21:49 INFO] Epoch 8/50  iter 200/743  loss=0.1659  lr=5.13e-05
[20:22:03 INFO] Epoch 8/50  iter 250/743  loss=0.2526  lr=5.12e-05
[20:22:16 INFO] Epoch 8/50  iter 300/743  loss=0.2301  lr=5.11e-05
[20:22:30 INFO] Epoch 8/50  iter 350/743  loss=0.1891  lr=5.10e-05
[20:22:44 INFO] Epoch 8/50  iter 400/743  loss=0.2713  lr=5.10e-05
[20:22:57 INFO] Epoch 8/50  iter 450/743  loss=0.1188  lr=5.09e-05
[20:23:11 INFO] Epoch 8/50  iter 500/743  loss=0.1361  lr=5.08e-05
[20:23:24 INFO] Epoch 8/50  iter 550/743  loss=0.1857  lr=5.07e-05
[20:23:38 INFO] Epoch 8/50  iter 600/743  loss=0.0637  lr=5.06e-05
[20:23:52 INFO] Epoch 8/50  iter 650/743  loss=0.1932  lr=5.05e-05
[20:24:05 INFO] Epoch 8/50  iter 700/743  loss=0.0568  lr=5.05e-05
[20:24:17 INFO] Epoch 8 complete — avg_loss=0.2193  time=203s
[20:24:32 INFO] Epoch 9/50  iter 50/743  loss=0.2531  lr=5.03e-05
[20:24:46 INFO] Epoch 9/50  iter 100/743  loss=0.1291  lr=5.02e-05
[20:24:59 INFO] Epoch 9/50  iter 150/743  loss=0.1923  lr=5.02e-05
[20:25:13 INFO] Epoch 9/50  iter 200/743  loss=0.3185  lr=5.01e-05
[20:25:26 INFO] Epoch 9/50  iter 250/743  loss=0.2399  lr=5.00e-05
[20:25:40 INFO] Epoch 9/50  iter 300/743  loss=0.0898  lr=4.99e-05
[20:25:54 INFO] Epoch 9/50  iter 350/743  loss=0.1799  lr=4.98e-05
[20:26:07 INFO] Epoch 9/50  iter 400/743  loss=0.0963  lr=4.98e-05
[20:26:21 INFO] Epoch 9/50  iter 450/743  loss=0.1780  lr=4.97e-05
[20:26:34 INFO] Epoch 9/50  iter 500/743  loss=0.1690  lr=4.96e-05
[20:26:48 INFO] Epoch 9/50  iter 550/743  loss=0.1774  lr=4.95e-05
[20:27:01 INFO] Epoch 9/50  iter 600/743  loss=0.3217  lr=4.94e-05
[20:27:15 INFO] Epoch 9/50  iter 650/743  loss=0.1520  lr=4.93e-05
[20:27:29 INFO] Epoch 9/50  iter 700/743  loss=0.2218  lr=4.93e-05
[20:27:41 INFO] Epoch 9 complete — avg_loss=0.2105  time=203s
[20:27:55 INFO] Epoch 10/50  iter 50/743  loss=0.2083  lr=4.91e-05
[20:28:09 INFO] Epoch 10/50  iter 100/743  loss=0.1975  lr=4.90e-05
[20:28:22 INFO] Epoch 10/50  iter 150/743  loss=0.1490  lr=4.90e-05
[20:28:36 INFO] Epoch 10/50  iter 200/743  loss=0.0871  lr=4.89e-05
[20:28:49 INFO] Epoch 10/50  iter 250/743  loss=0.1129  lr=4.88e-05
[20:29:03 INFO] Epoch 10/50  iter 300/743  loss=0.0787  lr=4.87e-05
[20:29:17 INFO] Epoch 10/50  iter 350/743  loss=0.1938  lr=4.86e-05
[20:29:31 INFO] Epoch 10/50  iter 400/743  loss=0.2505  lr=4.86e-05
[20:29:45 INFO] Epoch 10/50  iter 450/743  loss=0.2240  lr=4.85e-05
[20:29:58 INFO] Epoch 10/50  iter 500/743  loss=0.1800  lr=4.84e-05
[20:30:12 INFO] Epoch 10/50  iter 550/743  loss=0.1881  lr=4.83e-05
[20:30:25 INFO] Epoch 10/50  iter 600/743  loss=0.2627  lr=4.82e-05
[20:30:39 INFO] Epoch 10/50  iter 650/743  loss=0.2203  lr=4.81e-05
[20:30:53 INFO] Epoch 10/50  iter 700/743  loss=0.1293  lr=4.81e-05
[20:31:04 INFO] Epoch 10 complete — avg_loss=0.2055  time=203s
[20:33:12 INFO]   val mIoU = 0.6712
[20:33:13 INFO]   ★ New best val mIoU: 0.6712
[20:33:28 INFO] Epoch 11/50  iter 50/743  loss=0.1428  lr=4.79e-05
[20:33:42 INFO] Epoch 11/50  iter 100/743  loss=0.3322  lr=4.78e-05
[20:33:55 INFO] Epoch 11/50  iter 150/743  loss=0.2603  lr=4.78e-05
[20:34:09 INFO] Epoch 11/50  iter 200/743  loss=0.2482  lr=4.77e-05
[20:34:23 INFO] Epoch 11/50  iter 250/743  loss=0.1582  lr=4.76e-05
[20:34:37 INFO] Epoch 11/50  iter 300/743  loss=0.2237  lr=4.75e-05
[20:34:50 INFO] Epoch 11/50  iter 350/743  loss=0.1640  lr=4.74e-05
[20:35:04 INFO] Epoch 11/50  iter 400/743  loss=0.1764  lr=4.74e-05
[20:35:18 INFO] Epoch 11/50  iter 450/743  loss=0.1900  lr=4.73e-05
[20:35:31 INFO] Epoch 11/50  iter 500/743  loss=0.0913  lr=4.72e-05
[20:35:45 INFO] Epoch 11/50  iter 550/743  loss=0.1392  lr=4.71e-05
[20:35:59 INFO] Epoch 11/50  iter 600/743  loss=0.0911  lr=4.70e-05
[20:36:12 INFO] Epoch 11/50  iter 650/743  loss=0.1592  lr=4.69e-05
[20:36:26 INFO] Epoch 11/50  iter 700/743  loss=0.2428  lr=4.69e-05
[20:36:38 INFO] Epoch 11 complete — avg_loss=0.1909  time=204s
[20:36:52 INFO] Epoch 12/50  iter 50/743  loss=0.1092  lr=4.67e-05
[20:37:07 INFO] Epoch 12/50  iter 100/743  loss=0.2138  lr=4.66e-05
[20:37:20 INFO] Epoch 12/50  iter 150/743  loss=0.1323  lr=4.66e-05
[20:37:34 INFO] Epoch 12/50  iter 200/743  loss=0.1264  lr=4.65e-05
[20:37:48 INFO] Epoch 12/50  iter 250/743  loss=0.1816  lr=4.64e-05
[20:38:01 INFO] Epoch 12/50  iter 300/743  loss=0.0892  lr=4.63e-05
[20:38:15 INFO] Epoch 12/50  iter 350/743  loss=0.2409  lr=4.62e-05
[20:38:29 INFO] Epoch 12/50  iter 400/743  loss=0.0954  lr=4.62e-05
[20:38:43 INFO] Epoch 12/50  iter 450/743  loss=0.1526  lr=4.61e-05
[20:38:56 INFO] Epoch 12/50  iter 500/743  loss=0.1157  lr=4.60e-05
[20:39:10 INFO] Epoch 12/50  iter 550/743  loss=0.1416  lr=4.59e-05
[20:39:24 INFO] Epoch 12/50  iter 600/743  loss=0.1192  lr=4.58e-05
[20:39:38 INFO] Epoch 12/50  iter 650/743  loss=0.2129  lr=4.57e-05
[20:39:51 INFO] Epoch 12/50  iter 700/743  loss=0.1571  lr=4.57e-05
[20:40:03 INFO] Epoch 12 complete — avg_loss=0.1886  time=205s
[20:40:18 INFO] Epoch 13/50  iter 50/743  loss=0.0657  lr=4.55e-05
[20:40:32 INFO] Epoch 13/50  iter 100/743  loss=0.1459  lr=4.54e-05
[20:40:46 INFO] Epoch 13/50  iter 150/743  loss=0.0840  lr=4.54e-05
[20:40:59 INFO] Epoch 13/50  iter 200/743  loss=0.0399  lr=4.53e-05
[20:41:13 INFO] Epoch 13/50  iter 250/743  loss=0.2390  lr=4.52e-05
[20:41:27 INFO] Epoch 13/50  iter 300/743  loss=0.2230  lr=4.51e-05
[20:41:40 INFO] Epoch 13/50  iter 350/743  loss=0.1134  lr=4.50e-05
[20:41:54 INFO] Epoch 13/50  iter 400/743  loss=0.2677  lr=4.50e-05
[20:42:08 INFO] Epoch 13/50  iter 450/743  loss=0.0505  lr=4.49e-05
[20:42:21 INFO] Epoch 13/50  iter 500/743  loss=0.2871  lr=4.48e-05
[20:42:35 INFO] Epoch 13/50  iter 550/743  loss=0.1339  lr=4.47e-05
[20:42:49 INFO] Epoch 13/50  iter 600/743  loss=0.1569  lr=4.46e-05
[20:43:02 INFO] Epoch 13/50  iter 650/743  loss=0.1339  lr=4.45e-05
[20:43:16 INFO] Epoch 13/50  iter 700/743  loss=0.1508  lr=4.45e-05
[20:43:28 INFO] Epoch 13 complete — avg_loss=0.1796  time=204s
[20:43:43 INFO] Epoch 14/50  iter 50/743  loss=0.1903  lr=4.43e-05
[20:43:57 INFO] Epoch 14/50  iter 100/743  loss=0.1722  lr=4.42e-05
[20:44:10 INFO] Epoch 14/50  iter 150/743  loss=0.1721  lr=4.42e-05
[20:44:24 INFO] Epoch 14/50  iter 200/743  loss=0.0967  lr=4.41e-05
[20:44:38 INFO] Epoch 14/50  iter 250/743  loss=0.1721  lr=4.40e-05
[20:44:52 INFO] Epoch 14/50  iter 300/743  loss=0.2227  lr=4.39e-05
[20:45:05 INFO] Epoch 14/50  iter 350/743  loss=0.1222  lr=4.38e-05
[20:45:19 INFO] Epoch 14/50  iter 400/743  loss=0.0888  lr=4.38e-05
[20:45:33 INFO] Epoch 14/50  iter 450/743  loss=0.1719  lr=4.37e-05
[20:45:46 INFO] Epoch 14/50  iter 500/743  loss=0.1272  lr=4.36e-05
[20:46:00 INFO] Epoch 14/50  iter 550/743  loss=0.0412  lr=4.35e-05
[20:46:14 INFO] Epoch 14/50  iter 600/743  loss=0.1259  lr=4.34e-05
[20:46:28 INFO] Epoch 14/50  iter 650/743  loss=0.1497  lr=4.33e-05
[20:46:41 INFO] Epoch 14/50  iter 700/743  loss=0.1713  lr=4.33e-05
[20:46:53 INFO] Epoch 14 complete — avg_loss=0.1849  time=204s
[20:47:08 INFO] Epoch 15/50  iter 50/743  loss=0.1718  lr=4.31e-05
[20:47:22 INFO] Epoch 15/50  iter 100/743  loss=0.1292  lr=4.30e-05
[20:47:35 INFO] Epoch 15/50  iter 150/743  loss=0.1685  lr=4.30e-05
[20:47:49 INFO] Epoch 15/50  iter 200/743  loss=0.1552  lr=4.29e-05
[20:48:02 INFO] Epoch 15/50  iter 250/743  loss=0.1060  lr=4.28e-05
[20:48:16 INFO] Epoch 15/50  iter 300/743  loss=0.1686  lr=4.27e-05
[20:48:29 INFO] Epoch 15/50  iter 350/743  loss=0.1896  lr=4.26e-05
[20:48:43 INFO] Epoch 15/50  iter 400/743  loss=0.1988  lr=4.26e-05
[20:48:57 INFO] Epoch 15/50  iter 450/743  loss=0.1385  lr=4.25e-05
[20:49:10 INFO] Epoch 15/50  iter 500/743  loss=0.1643  lr=4.24e-05
[20:49:24 INFO] Epoch 15/50  iter 550/743  loss=0.0815  lr=4.23e-05
[20:49:37 INFO] Epoch 15/50  iter 600/743  loss=0.1846  lr=4.22e-05
[20:49:51 INFO] Epoch 15/50  iter 650/743  loss=0.1823  lr=4.21e-05
[20:50:05 INFO] Epoch 15/50  iter 700/743  loss=0.1426  lr=4.21e-05
[20:50:16 INFO] Epoch 15 complete — avg_loss=0.1761  time=202s
[20:52:22 INFO]   val mIoU = 0.7260
[20:52:23 INFO]   ★ New best val mIoU: 0.7260
[20:52:38 INFO] Epoch 16/50  iter 50/743  loss=0.2137  lr=4.19e-05
[20:52:52 INFO] Epoch 16/50  iter 100/743  loss=0.1323  lr=4.18e-05
[20:53:05 INFO] Epoch 16/50  iter 150/743  loss=0.1290  lr=4.18e-05
[20:53:19 INFO] Epoch 16/50  iter 200/743  loss=0.0950  lr=4.17e-05
[20:53:32 INFO] Epoch 16/50  iter 250/743  loss=0.2774  lr=4.16e-05
[20:53:46 INFO] Epoch 16/50  iter 300/743  loss=0.1540  lr=4.15e-05
[20:53:59 INFO] Epoch 16/50  iter 350/743  loss=0.1380  lr=4.14e-05
[20:54:14 INFO] Epoch 16/50  iter 400/743  loss=0.1132  lr=4.14e-05
[20:54:27 INFO] Epoch 16/50  iter 450/743  loss=0.2348  lr=4.13e-05
[20:54:41 INFO] Epoch 16/50  iter 500/743  loss=0.1453  lr=4.12e-05
[20:54:55 INFO] Epoch 16/50  iter 550/743  loss=0.1169  lr=4.11e-05
[20:55:08 INFO] Epoch 16/50  iter 600/743  loss=0.1690  lr=4.10e-05
[20:55:22 INFO] Epoch 16/50  iter 650/743  loss=0.1455  lr=4.09e-05
[20:55:36 INFO] Epoch 16/50  iter 700/743  loss=0.0517  lr=4.09e-05
[20:55:48 INFO] Epoch 16 complete — avg_loss=0.1731  time=204s
[20:56:03 INFO] Epoch 17/50  iter 50/743  loss=0.0633  lr=4.07e-05
[20:56:17 INFO] Epoch 17/50  iter 100/743  loss=0.1605  lr=4.06e-05
[20:56:31 INFO] Epoch 17/50  iter 150/743  loss=0.2483  lr=4.06e-05
[20:56:44 INFO] Epoch 17/50  iter 200/743  loss=0.0932  lr=4.05e-05
[20:56:58 INFO] Epoch 17/50  iter 250/743  loss=0.1933  lr=4.04e-05
[20:57:12 INFO] Epoch 17/50  iter 300/743  loss=0.1696  lr=4.03e-05
[20:57:25 INFO] Epoch 17/50  iter 350/743  loss=0.0916  lr=4.02e-05
[20:57:39 INFO] Epoch 17/50  iter 400/743  loss=0.0826  lr=4.02e-05
[20:57:53 INFO] Epoch 17/50  iter 450/743  loss=0.2116  lr=4.01e-05
[20:58:06 INFO] Epoch 17/50  iter 500/743  loss=0.1420  lr=4.00e-05
[20:58:20 INFO] Epoch 17/50  iter 550/743  loss=0.2122  lr=3.99e-05
[20:58:34 INFO] Epoch 17/50  iter 600/743  loss=0.0774  lr=3.98e-05
[20:58:47 INFO] Epoch 17/50  iter 650/743  loss=0.1473  lr=3.97e-05
[20:59:01 INFO] Epoch 17/50  iter 700/743  loss=0.1053  lr=3.97e-05
[20:59:13 INFO] Epoch 17 complete — avg_loss=0.1681  time=205s
[20:59:28 INFO] Epoch 18/50  iter 50/743  loss=0.1647  lr=3.95e-05
[20:59:41 INFO] Epoch 18/50  iter 100/743  loss=0.2063  lr=3.94e-05
[20:59:55 INFO] Epoch 18/50  iter 150/743  loss=0.1399  lr=3.94e-05
[21:00:09 INFO] Epoch 18/50  iter 200/743  loss=0.1136  lr=3.93e-05
[21:00:23 INFO] Epoch 18/50  iter 250/743  loss=0.1075  lr=3.92e-05
[21:00:37 INFO] Epoch 18/50  iter 300/743  loss=0.2328  lr=3.91e-05
[21:00:50 INFO] Epoch 18/50  iter 350/743  loss=0.6521  lr=3.90e-05
[21:01:04 INFO] Epoch 18/50  iter 400/743  loss=0.1594  lr=3.90e-05
[21:01:18 INFO] Epoch 18/50  iter 450/743  loss=0.1956  lr=3.89e-05
[21:01:31 INFO] Epoch 18/50  iter 500/743  loss=0.1119  lr=3.88e-05
[21:01:45 INFO] Epoch 18/50  iter 550/743  loss=0.1235  lr=3.87e-05
[21:01:59 INFO] Epoch 18/50  iter 600/743  loss=0.9908  lr=3.86e-05
[21:02:12 INFO] Epoch 18/50  iter 650/743  loss=0.1780  lr=3.85e-05
[21:02:26 INFO] Epoch 18/50  iter 700/743  loss=0.1104  lr=3.85e-05
[21:02:38 INFO] Epoch 18 complete — avg_loss=0.1659  time=205s
[21:02:53 INFO] Epoch 19/50  iter 50/743  loss=0.1223  lr=3.83e-05
[21:03:07 INFO] Epoch 19/50  iter 100/743  loss=0.1873  lr=3.82e-05
[21:03:20 INFO] Epoch 19/50  iter 150/743  loss=0.1996  lr=3.82e-05
[21:03:34 INFO] Epoch 19/50  iter 200/743  loss=0.1834  lr=3.81e-05
[21:03:47 INFO] Epoch 19/50  iter 250/743  loss=0.0920  lr=3.80e-05
[21:04:01 INFO] Epoch 19/50  iter 300/743  loss=0.1225  lr=3.79e-05
[21:04:15 INFO] Epoch 19/50  iter 350/743  loss=0.2316  lr=3.78e-05
[21:04:28 INFO] Epoch 19/50  iter 400/743  loss=0.2872  lr=3.78e-05
[21:04:42 INFO] Epoch 19/50  iter 450/743  loss=0.1384  lr=3.77e-05
[21:04:56 INFO] Epoch 19/50  iter 500/743  loss=0.0866  lr=3.76e-05
[21:05:10 INFO] Epoch 19/50  iter 550/743  loss=0.1060  lr=3.75e-05
[21:05:24 INFO] Epoch 19/50  iter 600/743  loss=0.1193  lr=3.74e-05
[21:05:37 INFO] Epoch 19/50  iter 650/743  loss=0.1675  lr=3.73e-05
[21:05:51 INFO] Epoch 19/50  iter 700/743  loss=0.1468  lr=3.73e-05
[21:06:03 INFO] Epoch 19 complete — avg_loss=0.1657  time=204s
[21:06:18 INFO] Epoch 20/50  iter 50/743  loss=0.1417  lr=3.71e-05
[21:06:31 INFO] Epoch 20/50  iter 100/743  loss=0.0823  lr=3.70e-05
[21:06:45 INFO] Epoch 20/50  iter 150/743  loss=0.0669  lr=3.70e-05
[21:06:59 INFO] Epoch 20/50  iter 200/743  loss=0.1453  lr=3.69e-05
[21:07:13 INFO] Epoch 20/50  iter 250/743  loss=0.1362  lr=3.68e-05
[21:07:27 INFO] Epoch 20/50  iter 300/743  loss=0.0663  lr=3.67e-05
[21:07:40 INFO] Epoch 20/50  iter 350/743  loss=0.1558  lr=3.66e-05
[21:07:54 INFO] Epoch 20/50  iter 400/743  loss=0.1045  lr=3.66e-05
[21:08:07 INFO] Epoch 20/50  iter 450/743  loss=0.1976  lr=3.65e-05
[21:08:21 INFO] Epoch 20/50  iter 500/743  loss=0.1631  lr=3.64e-05
[21:08:35 INFO] Epoch 20/50  iter 550/743  loss=0.1608  lr=3.63e-05
[21:08:48 INFO] Epoch 20/50  iter 600/743  loss=0.0914  lr=3.62e-05
[21:09:02 INFO] Epoch 20/50  iter 650/743  loss=0.1178  lr=3.61e-05
[21:09:16 INFO] Epoch 20/50  iter 700/743  loss=0.1939  lr=3.61e-05
[21:09:28 INFO] Epoch 20 complete — avg_loss=0.1574  time=205s
[21:11:37 INFO]   val mIoU = 0.7369
[21:11:38 INFO]   ★ New best val mIoU: 0.7369
[21:11:52 INFO] Epoch 21/50  iter 50/743  loss=0.0983  lr=3.59e-05
[21:12:06 INFO] Epoch 21/50  iter 100/743  loss=0.0981  lr=3.58e-05
[21:12:20 INFO] Epoch 21/50  iter 150/743  loss=0.4167  lr=3.58e-05
[21:12:33 INFO] Epoch 21/50  iter 200/743  loss=0.1410  lr=3.57e-05
[21:12:47 INFO] Epoch 21/50  iter 250/743  loss=0.1544  lr=3.56e-05
[21:13:01 INFO] Epoch 21/50  iter 300/743  loss=0.1130  lr=3.55e-05
[21:13:14 INFO] Epoch 21/50  iter 350/743  loss=0.0756  lr=3.54e-05
[21:13:28 INFO] Epoch 21/50  iter 400/743  loss=0.1209  lr=3.54e-05
[21:13:41 INFO] Epoch 21/50  iter 450/743  loss=0.2435  lr=3.53e-05
[21:13:55 INFO] Epoch 21/50  iter 500/743  loss=0.2223  lr=3.52e-05
[21:14:09 INFO] Epoch 21/50  iter 550/743  loss=0.2016  lr=3.51e-05
[21:14:22 INFO] Epoch 21/50  iter 600/743  loss=0.1252  lr=3.50e-05
[21:14:36 INFO] Epoch 21/50  iter 650/743  loss=0.3268  lr=3.49e-05
[21:14:50 INFO] Epoch 21/50  iter 700/743  loss=0.0941  lr=3.49e-05
[21:15:02 INFO] Epoch 21 complete — avg_loss=0.1560  time=203s
[21:15:17 INFO] Epoch 22/50  iter 50/743  loss=0.1516  lr=3.47e-05
[21:15:31 INFO] Epoch 22/50  iter 100/743  loss=0.0439  lr=3.46e-05
[21:15:45 INFO] Epoch 22/50  iter 150/743  loss=0.1205  lr=3.46e-05
[21:15:59 INFO] Epoch 22/50  iter 200/743  loss=0.0724  lr=3.45e-05
[21:16:12 INFO] Epoch 22/50  iter 250/743  loss=0.1112  lr=3.44e-05
[21:16:26 INFO] Epoch 22/50  iter 300/743  loss=0.1135  lr=3.43e-05
[21:16:40 INFO] Epoch 22/50  iter 350/743  loss=0.0522  lr=3.42e-05
[21:16:54 INFO] Epoch 22/50  iter 400/743  loss=0.2529  lr=3.42e-05
[21:17:08 INFO] Epoch 22/50  iter 450/743  loss=0.2947  lr=3.41e-05
[21:17:22 INFO] Epoch 22/50  iter 500/743  loss=0.1708  lr=3.40e-05
[21:17:35 INFO] Epoch 22/50  iter 550/743  loss=0.1790  lr=3.39e-05
[21:17:49 INFO] Epoch 22/50  iter 600/743  loss=0.1256  lr=3.38e-05
[21:18:03 INFO] Epoch 22/50  iter 650/743  loss=0.1831  lr=3.37e-05
[21:18:17 INFO] Epoch 22/50  iter 700/743  loss=0.1717  lr=3.37e-05
[21:18:29 INFO] Epoch 22 complete — avg_loss=0.1508  time=207s
[21:18:44 INFO] Epoch 23/50  iter 50/743  loss=0.1006  lr=3.35e-05
[21:18:58 INFO] Epoch 23/50  iter 100/743  loss=1.5509  lr=3.34e-05
[21:19:12 INFO] Epoch 23/50  iter 150/743  loss=0.2917  lr=3.34e-05
[21:19:25 INFO] Epoch 23/50  iter 200/743  loss=0.0990  lr=3.33e-05
[21:19:39 INFO] Epoch 23/50  iter 250/743  loss=0.1391  lr=3.32e-05
[21:19:53 INFO] Epoch 23/50  iter 300/743  loss=0.5555  lr=3.31e-05
[21:20:06 INFO] Epoch 23/50  iter 350/743  loss=0.1508  lr=3.30e-05
[21:20:20 INFO] Epoch 23/50  iter 400/743  loss=0.1380  lr=3.30e-05
[21:20:34 INFO] Epoch 23/50  iter 450/743  loss=0.1435  lr=3.29e-05
[21:20:48 INFO] Epoch 23/50  iter 500/743  loss=0.1137  lr=3.28e-05
[21:21:02 INFO] Epoch 23/50  iter 550/743  loss=0.0831  lr=3.27e-05
[21:21:16 INFO] Epoch 23/50  iter 600/743  loss=0.1828  lr=3.26e-05
[21:21:29 INFO] Epoch 23/50  iter 650/743  loss=0.1359  lr=3.25e-05
[21:21:43 INFO] Epoch 23/50  iter 700/743  loss=0.1203  lr=3.25e-05
[21:21:55 INFO] Epoch 23 complete — avg_loss=0.1578  time=205s
[21:22:10 INFO] Epoch 24/50  iter 50/743  loss=0.1079  lr=3.23e-05
[21:22:24 INFO] Epoch 24/50  iter 100/743  loss=0.1053  lr=3.22e-05
[21:22:37 INFO] Epoch 24/50  iter 150/743  loss=0.1923  lr=3.22e-05
[21:22:51 INFO] Epoch 24/50  iter 200/743  loss=0.1065  lr=3.21e-05
[21:23:05 INFO] Epoch 24/50  iter 250/743  loss=0.1052  lr=3.20e-05
[21:23:19 INFO] Epoch 24/50  iter 300/743  loss=0.1333  lr=3.19e-05
[21:23:33 INFO] Epoch 24/50  iter 350/743  loss=0.0765  lr=3.18e-05
[21:23:47 INFO] Epoch 24/50  iter 400/743  loss=0.1010  lr=3.18e-05
[21:24:00 INFO] Epoch 24/50  iter 450/743  loss=0.0638  lr=3.17e-05
[21:24:14 INFO] Epoch 24/50  iter 500/743  loss=0.2124  lr=3.16e-05
[21:24:28 INFO] Epoch 24/50  iter 550/743  loss=0.3434  lr=3.15e-05
[21:24:42 INFO] Epoch 24/50  iter 600/743  loss=0.2968  lr=3.14e-05
[21:24:56 INFO] Epoch 24/50  iter 650/743  loss=0.0819  lr=3.13e-05
[21:25:09 INFO] Epoch 24/50  iter 700/743  loss=0.1951  lr=3.13e-05
[21:25:21 INFO] Epoch 24 complete — avg_loss=0.1500  time=206s
[21:25:37 INFO] Epoch 25/50  iter 50/743  loss=0.1547  lr=3.11e-05
[21:25:51 INFO] Epoch 25/50  iter 100/743  loss=0.0469  lr=3.10e-05
[21:26:04 INFO] Epoch 25/50  iter 150/743  loss=0.1509  lr=3.10e-05
[21:26:19 INFO] Epoch 25/50  iter 200/743  loss=0.1509  lr=3.09e-05
[21:26:32 INFO] Epoch 25/50  iter 250/743  loss=0.1062  lr=3.08e-05
[21:26:46 INFO] Epoch 25/50  iter 300/743  loss=0.1195  lr=3.07e-05
[21:27:00 INFO] Epoch 25/50  iter 350/743  loss=0.2092  lr=3.06e-05
[21:27:14 INFO] Epoch 25/50  iter 400/743  loss=0.0995  lr=3.06e-05
[21:27:28 INFO] Epoch 25/50  iter 450/743  loss=0.1276  lr=3.05e-05
[21:27:42 INFO] Epoch 25/50  iter 500/743  loss=0.0330  lr=3.04e-05
[21:27:56 INFO] Epoch 25/50  iter 550/743  loss=0.1271  lr=3.03e-05
[21:28:09 INFO] Epoch 25/50  iter 600/743  loss=0.1684  lr=3.02e-05
[21:28:23 INFO] Epoch 25/50  iter 650/743  loss=0.5108  lr=3.01e-05
[21:28:37 INFO] Epoch 25/50  iter 700/743  loss=0.1125  lr=3.01e-05
[21:28:49 INFO] Epoch 25 complete — avg_loss=0.1511  time=207s
[21:30:56 INFO]   val mIoU = 0.7487
[21:30:57 INFO]   ★ New best val mIoU: 0.7487
[21:31:12 INFO] Epoch 26/50  iter 50/743  loss=0.1411  lr=2.99e-05
[21:31:25 INFO] Epoch 26/50  iter 100/743  loss=0.0863  lr=2.98e-05
[21:31:39 INFO] Epoch 26/50  iter 150/743  loss=0.1997  lr=2.98e-05
[21:31:53 INFO] Epoch 26/50  iter 200/743  loss=0.1835  lr=2.97e-05
[21:32:06 INFO] Epoch 26/50  iter 250/743  loss=0.2113  lr=2.96e-05
[21:32:20 INFO] Epoch 26/50  iter 300/743  loss=0.1728  lr=2.95e-05
[21:32:34 INFO] Epoch 26/50  iter 350/743  loss=0.2356  lr=2.94e-05
[21:32:47 INFO] Epoch 26/50  iter 400/743  loss=0.1686  lr=2.94e-05
[21:33:01 INFO] Epoch 26/50  iter 450/743  loss=0.1649  lr=2.93e-05
[21:33:15 INFO] Epoch 26/50  iter 500/743  loss=0.2226  lr=2.92e-05
[21:33:28 INFO] Epoch 26/50  iter 550/743  loss=0.1263  lr=2.91e-05
[21:33:42 INFO] Epoch 26/50  iter 600/743  loss=0.1396  lr=2.90e-05
[21:33:56 INFO] Epoch 26/50  iter 650/743  loss=0.1292  lr=2.89e-05
[21:34:09 INFO] Epoch 26/50  iter 700/743  loss=0.2146  lr=2.89e-05
[21:34:21 INFO] Epoch 26 complete — avg_loss=0.1567  time=203s
[21:34:36 INFO] Epoch 27/50  iter 50/743  loss=0.1370  lr=2.87e-05
[21:34:50 INFO] Epoch 27/50  iter 100/743  loss=0.1386  lr=2.86e-05
[21:35:04 INFO] Epoch 27/50  iter 150/743  loss=0.1218  lr=2.86e-05
[21:35:18 INFO] Epoch 27/50  iter 200/743  loss=0.0929  lr=2.85e-05
[21:35:31 INFO] Epoch 27/50  iter 250/743  loss=0.1219  lr=2.84e-05
[21:35:45 INFO] Epoch 27/50  iter 300/743  loss=0.2372  lr=2.83e-05
[21:35:59 INFO] Epoch 27/50  iter 350/743  loss=0.1685  lr=2.82e-05
[21:36:13 INFO] Epoch 27/50  iter 400/743  loss=0.2035  lr=2.82e-05
[21:36:26 INFO] Epoch 27/50  iter 450/743  loss=0.0634  lr=2.81e-05
[21:36:40 INFO] Epoch 27/50  iter 500/743  loss=0.2148  lr=2.80e-05
[21:36:54 INFO] Epoch 27/50  iter 550/743  loss=0.1579  lr=2.79e-05
[21:37:08 INFO] Epoch 27/50  iter 600/743  loss=0.1317  lr=2.78e-05
[21:37:22 INFO] Epoch 27/50  iter 650/743  loss=0.7196  lr=2.77e-05
[21:37:35 INFO] Epoch 27/50  iter 700/743  loss=0.1098  lr=2.77e-05
[21:37:47 INFO] Epoch 27 complete — avg_loss=0.1442  time=206s
[21:38:03 INFO] Epoch 28/50  iter 50/743  loss=0.1252  lr=2.75e-05
[21:38:16 INFO] Epoch 28/50  iter 100/743  loss=0.1350  lr=2.74e-05
[21:38:30 INFO] Epoch 28/50  iter 150/743  loss=0.1197  lr=2.74e-05
[21:38:44 INFO] Epoch 28/50  iter 200/743  loss=0.1381  lr=2.73e-05
[21:38:57 INFO] Epoch 28/50  iter 250/743  loss=0.1197  lr=2.72e-05
[21:39:11 INFO] Epoch 28/50  iter 300/743  loss=0.2452  lr=2.71e-05
[21:39:25 INFO] Epoch 28/50  iter 350/743  loss=0.1531  lr=2.70e-05
[21:39:39 INFO] Epoch 28/50  iter 400/743  loss=0.1032  lr=2.70e-05
[21:39:52 INFO] Epoch 28/50  iter 450/743  loss=0.1114  lr=2.69e-05
[21:40:06 INFO] Epoch 28/50  iter 500/743  loss=0.1544  lr=2.68e-05
[21:40:20 INFO] Epoch 28/50  iter 550/743  loss=0.1952  lr=2.67e-05
[21:40:34 INFO] Epoch 28/50  iter 600/743  loss=0.3946  lr=2.66e-05
[21:40:47 INFO] Epoch 28/50  iter 650/743  loss=0.0697  lr=2.65e-05
[21:41:01 INFO] Epoch 28/50  iter 700/743  loss=0.1139  lr=2.65e-05
[21:41:13 INFO] Epoch 28 complete — avg_loss=0.1433  time=205s
[21:41:28 INFO] Epoch 29/50  iter 50/743  loss=0.1374  lr=2.63e-05
[21:41:41 INFO] Epoch 29/50  iter 100/743  loss=0.1663  lr=2.62e-05
[21:41:55 INFO] Epoch 29/50  iter 150/743  loss=0.1182  lr=2.62e-05
[21:42:09 INFO] Epoch 29/50  iter 200/743  loss=0.1251  lr=2.61e-05
[21:42:22 INFO] Epoch 29/50  iter 250/743  loss=0.0778  lr=2.60e-05
[21:42:36 INFO] Epoch 29/50  iter 300/743  loss=0.1513  lr=2.59e-05
[21:42:49 INFO] Epoch 29/50  iter 350/743  loss=0.1589  lr=2.58e-05
[21:43:03 INFO] Epoch 29/50  iter 400/743  loss=0.1387  lr=2.58e-05
[21:43:17 INFO] Epoch 29/50  iter 450/743  loss=0.1505  lr=2.57e-05
[21:43:31 INFO] Epoch 29/50  iter 500/743  loss=0.0614  lr=2.56e-05
[21:43:45 INFO] Epoch 29/50  iter 550/743  loss=0.2007  lr=2.55e-05
[21:43:58 INFO] Epoch 29/50  iter 600/743  loss=0.0620  lr=2.54e-05
[21:44:12 INFO] Epoch 29/50  iter 650/743  loss=0.0939  lr=2.53e-05
[21:44:26 INFO] Epoch 29/50  iter 700/743  loss=0.0914  lr=2.53e-05
[21:44:37 INFO] Epoch 29 complete — avg_loss=0.1463  time=204s
[21:44:52 INFO] Epoch 30/50  iter 50/743  loss=0.2090  lr=2.51e-05
[21:45:07 INFO] Epoch 30/50  iter 100/743  loss=0.0739  lr=2.50e-05
[21:45:20 INFO] Epoch 30/50  iter 150/743  loss=0.0365  lr=2.50e-05
[21:45:34 INFO] Epoch 30/50  iter 200/743  loss=0.0554  lr=2.49e-05
[21:45:48 INFO] Epoch 30/50  iter 250/743  loss=0.0707  lr=2.48e-05
[21:46:01 INFO] Epoch 30/50  iter 300/743  loss=0.1511  lr=2.47e-05
[21:46:15 INFO] Epoch 30/50  iter 350/743  loss=0.0696  lr=2.46e-05
[21:46:29 INFO] Epoch 30/50  iter 400/743  loss=0.0886  lr=2.46e-05
[21:46:43 INFO] Epoch 30/50  iter 450/743  loss=0.0751  lr=2.45e-05
[21:46:57 INFO] Epoch 30/50  iter 500/743  loss=0.0912  lr=2.44e-05
[21:47:11 INFO] Epoch 30/50  iter 550/743  loss=0.2259  lr=2.43e-05
[21:47:24 INFO] Epoch 30/50  iter 600/743  loss=0.0944  lr=2.42e-05
[21:47:38 INFO] Epoch 30/50  iter 650/743  loss=0.1643  lr=2.41e-05
[21:47:52 INFO] Epoch 30/50  iter 700/743  loss=0.1456  lr=2.41e-05
[21:48:04 INFO] Epoch 30 complete — avg_loss=0.1464  time=206s
[21:50:11 INFO]   val mIoU = 0.7583
[21:50:12 INFO]   ★ New best val mIoU: 0.7583
[21:50:27 INFO] Epoch 31/50  iter 50/743  loss=0.1082  lr=2.39e-05
[21:50:41 INFO] Epoch 31/50  iter 100/743  loss=0.1384  lr=2.38e-05
[21:50:54 INFO] Epoch 31/50  iter 150/743  loss=0.1578  lr=2.38e-05
[21:51:08 INFO] Epoch 31/50  iter 200/743  loss=0.4925  lr=2.37e-05
[21:51:21 INFO] Epoch 31/50  iter 250/743  loss=0.1049  lr=2.36e-05
[21:51:35 INFO] Epoch 31/50  iter 300/743  loss=0.4446  lr=2.35e-05
[21:51:48 INFO] Epoch 31/50  iter 350/743  loss=0.3008  lr=2.34e-05
[21:52:02 INFO] Epoch 31/50  iter 400/743  loss=0.0677  lr=2.34e-05
[21:52:16 INFO] Epoch 31/50  iter 450/743  loss=0.1613  lr=2.33e-05
[21:52:29 INFO] Epoch 31/50  iter 500/743  loss=0.1045  lr=2.32e-05
[21:52:43 INFO] Epoch 31/50  iter 550/743  loss=0.4550  lr=2.31e-05
[21:52:57 INFO] Epoch 31/50  iter 600/743  loss=0.0922  lr=2.30e-05
[21:53:10 INFO] Epoch 31/50  iter 650/743  loss=0.1464  lr=2.29e-05
[21:53:24 INFO] Epoch 31/50  iter 700/743  loss=0.0959  lr=2.29e-05
[21:53:36 INFO] Epoch 31 complete — avg_loss=0.1404  time=203s
[21:53:51 INFO] Epoch 32/50  iter 50/743  loss=0.1464  lr=2.27e-05
[21:54:05 INFO] Epoch 32/50  iter 100/743  loss=0.1885  lr=2.26e-05
[21:54:19 INFO] Epoch 32/50  iter 150/743  loss=0.0692  lr=2.26e-05
[21:54:32 INFO] Epoch 32/50  iter 200/743  loss=0.1153  lr=2.25e-05
[21:54:46 INFO] Epoch 32/50  iter 250/743  loss=0.1377  lr=2.24e-05
[21:55:00 INFO] Epoch 32/50  iter 300/743  loss=0.0364  lr=2.23e-05
[21:55:14 INFO] Epoch 32/50  iter 350/743  loss=0.2298  lr=2.22e-05
[21:55:28 INFO] Epoch 32/50  iter 400/743  loss=0.1055  lr=2.22e-05
[21:55:41 INFO] Epoch 32/50  iter 450/743  loss=0.0820  lr=2.21e-05
[21:55:55 INFO] Epoch 32/50  iter 500/743  loss=0.1595  lr=2.20e-05
[21:56:09 INFO] Epoch 32/50  iter 550/743  loss=0.0786  lr=2.19e-05
[21:56:23 INFO] Epoch 32/50  iter 600/743  loss=0.0930  lr=2.18e-05
[21:56:37 INFO] Epoch 32/50  iter 650/743  loss=0.1317  lr=2.17e-05
[21:56:51 INFO] Epoch 32/50  iter 700/743  loss=0.1741  lr=2.17e-05
[21:57:03 INFO] Epoch 32 complete — avg_loss=0.1361  time=206s
[21:57:18 INFO] Epoch 33/50  iter 50/743  loss=0.1425  lr=2.15e-05
[21:57:31 INFO] Epoch 33/50  iter 100/743  loss=0.0926  lr=2.14e-05
[21:57:45 INFO] Epoch 33/50  iter 150/743  loss=0.1037  lr=2.14e-05
[21:57:59 INFO] Epoch 33/50  iter 200/743  loss=0.0542  lr=2.13e-05
[21:58:13 INFO] Epoch 33/50  iter 250/743  loss=0.0562  lr=2.12e-05
[21:58:26 INFO] Epoch 33/50  iter 300/743  loss=0.1092  lr=2.11e-05
[21:58:40 INFO] Epoch 33/50  iter 350/743  loss=0.1920  lr=2.10e-05
[21:58:54 INFO] Epoch 33/50  iter 400/743  loss=0.1524  lr=2.10e-05
[21:59:08 INFO] Epoch 33/50  iter 450/743  loss=0.1627  lr=2.09e-05
[21:59:22 INFO] Epoch 33/50  iter 500/743  loss=0.0861  lr=2.08e-05
[21:59:35 INFO] Epoch 33/50  iter 550/743  loss=0.1152  lr=2.07e-05
[21:59:49 INFO] Epoch 33/50  iter 600/743  loss=0.0543  lr=2.06e-05
[22:00:03 INFO] Epoch 33/50  iter 650/743  loss=0.0944  lr=2.05e-05
[22:00:17 INFO] Epoch 33/50  iter 700/743  loss=0.0483  lr=2.05e-05
[22:00:29 INFO] Epoch 33 complete — avg_loss=0.1381  time=206s
[22:00:44 INFO] Epoch 34/50  iter 50/743  loss=0.0520  lr=2.03e-05
[22:00:58 INFO] Epoch 34/50  iter 100/743  loss=0.1436  lr=2.02e-05
[22:01:11 INFO] Epoch 34/50  iter 150/743  loss=0.1337  lr=2.02e-05
[22:01:26 INFO] Epoch 34/50  iter 200/743  loss=0.1439  lr=2.01e-05
[22:01:39 INFO] Epoch 34/50  iter 250/743  loss=0.1773  lr=2.00e-05
[22:01:54 INFO] Epoch 34/50  iter 300/743  loss=0.1874  lr=1.99e-05
[22:02:07 INFO] Epoch 34/50  iter 350/743  loss=0.2089  lr=1.98e-05
[22:02:21 INFO] Epoch 34/50  iter 400/743  loss=0.1189  lr=1.98e-05
[22:02:35 INFO] Epoch 34/50  iter 450/743  loss=0.1112  lr=1.97e-05
[22:02:49 INFO] Epoch 34/50  iter 500/743  loss=0.1270  lr=1.96e-05
[22:03:02 INFO] Epoch 34/50  iter 550/743  loss=0.1335  lr=1.95e-05
[22:03:16 INFO] Epoch 34/50  iter 600/743  loss=0.3858  lr=1.94e-05
[22:03:30 INFO] Epoch 34/50  iter 650/743  loss=0.1088  lr=1.93e-05
[22:03:44 INFO] Epoch 34/50  iter 700/743  loss=0.0685  lr=1.93e-05
[22:03:56 INFO] Epoch 34 complete — avg_loss=0.1421  time=206s
[22:04:11 INFO] Epoch 35/50  iter 50/743  loss=0.0757  lr=1.91e-05
[22:04:25 INFO] Epoch 35/50  iter 100/743  loss=0.1850  lr=1.90e-05
[22:04:39 INFO] Epoch 35/50  iter 150/743  loss=0.1425  lr=1.90e-05
[22:04:52 INFO] Epoch 35/50  iter 200/743  loss=0.1402  lr=1.89e-05
[22:05:06 INFO] Epoch 35/50  iter 250/743  loss=0.0935  lr=1.88e-05
[22:05:20 INFO] Epoch 35/50  iter 300/743  loss=0.2060  lr=1.87e-05
[22:05:34 INFO] Epoch 35/50  iter 350/743  loss=0.1085  lr=1.86e-05
[22:05:48 INFO] Epoch 35/50  iter 400/743  loss=0.0876  lr=1.86e-05
[22:06:01 INFO] Epoch 35/50  iter 450/743  loss=0.1925  lr=1.85e-05
[22:06:15 INFO] Epoch 35/50  iter 500/743  loss=0.1844  lr=1.84e-05
[22:06:29 INFO] Epoch 35/50  iter 550/743  loss=0.9957  lr=1.83e-05
[22:06:43 INFO] Epoch 35/50  iter 600/743  loss=0.1352  lr=1.82e-05
[22:06:57 INFO] Epoch 35/50  iter 650/743  loss=0.1290  lr=1.81e-05
[22:07:11 INFO] Epoch 35/50  iter 700/743  loss=0.0917  lr=1.81e-05
[22:07:23 INFO] Epoch 35 complete — avg_loss=0.1349  time=206s
[22:09:33 INFO]   val mIoU = 0.7597
[22:09:34 INFO]   ★ New best val mIoU: 0.7597
[22:09:49 INFO] Epoch 36/50  iter 50/743  loss=0.1321  lr=1.79e-05
[22:10:03 INFO] Epoch 36/50  iter 100/743  loss=0.2126  lr=1.78e-05
[22:10:17 INFO] Epoch 36/50  iter 150/743  loss=0.1279  lr=1.78e-05
[22:10:30 INFO] Epoch 36/50  iter 200/743  loss=0.0897  lr=1.77e-05
[22:10:44 INFO] Epoch 36/50  iter 250/743  loss=0.0712  lr=1.76e-05
[22:10:58 INFO] Epoch 36/50  iter 300/743  loss=0.1147  lr=1.75e-05
[22:11:12 INFO] Epoch 36/50  iter 350/743  loss=0.0782  lr=1.74e-05
[22:11:25 INFO] Epoch 36/50  iter 400/743  loss=0.0701  lr=1.74e-05
[22:11:39 INFO] Epoch 36/50  iter 450/743  loss=0.0929  lr=1.73e-05
[22:11:53 INFO] Epoch 36/50  iter 500/743  loss=0.1131  lr=1.72e-05
[22:12:06 INFO] Epoch 36/50  iter 550/743  loss=0.1115  lr=1.71e-05
[22:12:21 INFO] Epoch 36/50  iter 600/743  loss=0.0775  lr=1.70e-05
[22:12:34 INFO] Epoch 36/50  iter 650/743  loss=0.0447  lr=1.69e-05
[22:12:48 INFO] Epoch 36/50  iter 700/743  loss=0.1734  lr=1.69e-05
[22:13:00 INFO] Epoch 36 complete — avg_loss=0.1308  time=205s
[22:13:15 INFO] Epoch 37/50  iter 50/743  loss=0.0879  lr=1.67e-05
[22:13:28 INFO] Epoch 37/50  iter 100/743  loss=0.1426  lr=1.66e-05
[22:13:42 INFO] Epoch 37/50  iter 150/743  loss=0.0802  lr=1.66e-05
[22:13:56 INFO] Epoch 37/50  iter 200/743  loss=0.2164  lr=1.65e-05
[22:14:10 INFO] Epoch 37/50  iter 250/743  loss=0.0720  lr=1.64e-05
[22:14:24 INFO] Epoch 37/50  iter 300/743  loss=0.1256  lr=1.63e-05
[22:14:38 INFO] Epoch 37/50  iter 350/743  loss=0.1278  lr=1.62e-05
[22:14:51 INFO] Epoch 37/50  iter 400/743  loss=0.2577  lr=1.62e-05
[22:15:05 INFO] Epoch 37/50  iter 450/743  loss=0.0954  lr=1.61e-05
[22:15:19 INFO] Epoch 37/50  iter 500/743  loss=0.1516  lr=1.60e-05
[22:15:33 INFO] Epoch 37/50  iter 550/743  loss=0.1758  lr=1.59e-05
[22:15:46 INFO] Epoch 37/50  iter 600/743  loss=0.1246  lr=1.58e-05
[22:16:00 INFO] Epoch 37/50  iter 650/743  loss=0.1428  lr=1.57e-05
[22:16:14 INFO] Epoch 37/50  iter 700/743  loss=0.1336  lr=1.57e-05
[22:16:26 INFO] Epoch 37 complete — avg_loss=0.1383  time=206s
[22:16:41 INFO] Epoch 38/50  iter 50/743  loss=0.1884  lr=1.55e-05
[22:16:55 INFO] Epoch 38/50  iter 100/743  loss=0.0511  lr=1.54e-05
[22:17:09 INFO] Epoch 38/50  iter 150/743  loss=0.1099  lr=1.54e-05
[22:17:23 INFO] Epoch 38/50  iter 200/743  loss=0.0674  lr=1.53e-05
[22:17:37 INFO] Epoch 38/50  iter 250/743  loss=0.1222  lr=1.52e-05
[22:17:51 INFO] Epoch 38/50  iter 300/743  loss=0.1137  lr=1.51e-05
[22:18:05 INFO] Epoch 38/50  iter 350/743  loss=0.1874  lr=1.50e-05
[22:18:19 INFO] Epoch 38/50  iter 400/743  loss=0.0532  lr=1.50e-05
[22:18:32 INFO] Epoch 38/50  iter 450/743  loss=0.1576  lr=1.49e-05
[22:18:46 INFO] Epoch 38/50  iter 500/743  loss=0.2273  lr=1.48e-05
[22:19:00 INFO] Epoch 38/50  iter 550/743  loss=0.1794  lr=1.47e-05
[22:19:14 INFO] Epoch 38/50  iter 600/743  loss=0.1723  lr=1.46e-05
[22:19:28 INFO] Epoch 38/50  iter 650/743  loss=0.0964  lr=1.45e-05
[22:19:41 INFO] Epoch 38/50  iter 700/743  loss=0.0821  lr=1.45e-05
[22:19:53 INFO] Epoch 38 complete — avg_loss=0.1327  time=207s
[22:20:08 INFO] Epoch 39/50  iter 50/743  loss=0.0599  lr=1.43e-05
[22:20:23 INFO] Epoch 39/50  iter 100/743  loss=0.0500  lr=1.42e-05
[22:20:37 INFO] Epoch 39/50  iter 150/743  loss=0.0917  lr=1.42e-05
[22:20:50 INFO] Epoch 39/50  iter 200/743  loss=0.5912  lr=1.41e-05
[22:21:05 INFO] Epoch 39/50  iter 250/743  loss=0.1246  lr=1.40e-05
[22:21:19 INFO] Epoch 39/50  iter 300/743  loss=0.1029  lr=1.39e-05
[22:21:32 INFO] Epoch 39/50  iter 350/743  loss=0.1978  lr=1.38e-05
[22:21:46 INFO] Epoch 39/50  iter 400/743  loss=0.1356  lr=1.38e-05
[22:22:00 INFO] Epoch 39/50  iter 450/743  loss=0.2617  lr=1.37e-05
[22:22:14 INFO] Epoch 39/50  iter 500/743  loss=0.1015  lr=1.36e-05
[22:22:28 INFO] Epoch 39/50  iter 550/743  loss=0.1220  lr=1.35e-05
[22:22:42 INFO] Epoch 39/50  iter 600/743  loss=0.4065  lr=1.34e-05
[22:22:56 INFO] Epoch 39/50  iter 650/743  loss=0.1252  lr=1.33e-05
[22:23:10 INFO] Epoch 39/50  iter 700/743  loss=0.0876  lr=1.33e-05
[22:23:22 INFO] Epoch 39 complete — avg_loss=0.1330  time=207s
[22:23:36 INFO] Epoch 40/50  iter 50/743  loss=0.2315  lr=1.31e-05
[22:23:50 INFO] Epoch 40/50  iter 100/743  loss=0.1137  lr=1.30e-05
[22:24:04 INFO] Epoch 40/50  iter 150/743  loss=0.0479  lr=1.30e-05
[22:24:18 INFO] Epoch 40/50  iter 200/743  loss=0.1144  lr=1.29e-05
[22:24:32 INFO] Epoch 40/50  iter 250/743  loss=0.1693  lr=1.28e-05
[22:24:45 INFO] Epoch 40/50  iter 300/743  loss=0.1324  lr=1.27e-05
[22:25:00 INFO] Epoch 40/50  iter 350/743  loss=0.3223  lr=1.26e-05
[22:25:13 INFO] Epoch 40/50  iter 400/743  loss=0.1106  lr=1.26e-05
[22:25:27 INFO] Epoch 40/50  iter 450/743  loss=0.1273  lr=1.25e-05
[22:25:41 INFO] Epoch 40/50  iter 500/743  loss=0.2101  lr=1.24e-05
[22:25:55 INFO] Epoch 40/50  iter 550/743  loss=0.1860  lr=1.23e-05
[22:26:08 INFO] Epoch 40/50  iter 600/743  loss=0.1963  lr=1.22e-05
[22:26:22 INFO] Epoch 40/50  iter 650/743  loss=0.1335  lr=1.21e-05
[22:26:36 INFO] Epoch 40/50  iter 700/743  loss=0.0725  lr=1.21e-05
[22:26:48 INFO] Epoch 40 complete — avg_loss=0.1298  time=206s
[22:28:57 INFO]   val mIoU = 0.7674
[22:28:58 INFO]   ★ New best val mIoU: 0.7674
[22:29:13 INFO] Epoch 41/50  iter 50/743  loss=0.1034  lr=1.19e-05
[22:29:27 INFO] Epoch 41/50  iter 100/743  loss=0.0977  lr=1.18e-05
[22:29:41 INFO] Epoch 41/50  iter 150/743  loss=0.0692  lr=1.18e-05
[22:29:54 INFO] Epoch 41/50  iter 200/743  loss=0.0565  lr=1.17e-05
[22:30:08 INFO] Epoch 41/50  iter 250/743  loss=0.1235  lr=1.16e-05
[22:30:22 INFO] Epoch 41/50  iter 300/743  loss=0.0774  lr=1.15e-05
[22:30:35 INFO] Epoch 41/50  iter 350/743  loss=0.0848  lr=1.14e-05
[22:30:49 INFO] Epoch 41/50  iter 400/743  loss=0.1219  lr=1.14e-05
[22:31:02 INFO] Epoch 41/50  iter 450/743  loss=0.1536  lr=1.13e-05
[22:31:16 INFO] Epoch 41/50  iter 500/743  loss=0.0764  lr=1.12e-05
[22:31:30 INFO] Epoch 41/50  iter 550/743  loss=0.0636  lr=1.11e-05
[22:31:44 INFO] Epoch 41/50  iter 600/743  loss=0.0966  lr=1.10e-05
[22:31:57 INFO] Epoch 41/50  iter 650/743  loss=0.1956  lr=1.09e-05
[22:32:11 INFO] Epoch 41/50  iter 700/743  loss=0.0849  lr=1.09e-05
[22:32:23 INFO] Epoch 41 complete — avg_loss=0.1269  time=204s
[22:32:38 INFO] Epoch 42/50  iter 50/743  loss=0.0910  lr=1.07e-05
[22:32:52 INFO] Epoch 42/50  iter 100/743  loss=0.1273  lr=1.06e-05
[22:33:05 INFO] Epoch 42/50  iter 150/743  loss=0.1852  lr=1.06e-05
[22:33:19 INFO] Epoch 42/50  iter 200/743  loss=0.1351  lr=1.05e-05
[22:33:33 INFO] Epoch 42/50  iter 250/743  loss=0.0629  lr=1.04e-05
[22:33:47 INFO] Epoch 42/50  iter 300/743  loss=0.1662  lr=1.03e-05
[22:34:01 INFO] Epoch 42/50  iter 350/743  loss=0.1117  lr=1.02e-05
[22:34:15 INFO] Epoch 42/50  iter 400/743  loss=0.1008  lr=1.02e-05
[22:34:28 INFO] Epoch 42/50  iter 450/743  loss=0.0755  lr=1.01e-05
[22:34:43 INFO] Epoch 42/50  iter 500/743  loss=0.0823  lr=9.99e-06
[22:34:56 INFO] Epoch 42/50  iter 550/743  loss=0.0932  lr=9.91e-06
[22:35:10 INFO] Epoch 42/50  iter 600/743  loss=0.1057  lr=9.83e-06
[22:35:24 INFO] Epoch 42/50  iter 650/743  loss=0.0688  lr=9.75e-06
[22:35:38 INFO] Epoch 42/50  iter 700/743  loss=0.1224  lr=9.67e-06
[22:35:49 INFO] Epoch 42 complete — avg_loss=0.1243  time=206s
[22:36:05 INFO] Epoch 43/50  iter 50/743  loss=0.0535  lr=9.52e-06
[22:36:18 INFO] Epoch 43/50  iter 100/743  loss=0.1835  lr=9.44e-06
[22:36:32 INFO] Epoch 43/50  iter 150/743  loss=0.1373  lr=9.36e-06
[22:36:46 INFO] Epoch 43/50  iter 200/743  loss=0.0697  lr=9.28e-06
[22:36:59 INFO] Epoch 43/50  iter 250/743  loss=0.0991  lr=9.19e-06
[22:37:13 INFO] Epoch 43/50  iter 300/743  loss=0.1118  lr=9.11e-06
[22:37:27 INFO] Epoch 43/50  iter 350/743  loss=0.1117  lr=9.03e-06
[22:37:41 INFO] Epoch 43/50  iter 400/743  loss=0.0880  lr=8.95e-06
[22:37:55 INFO] Epoch 43/50  iter 450/743  loss=0.0879  lr=8.87e-06
[22:38:08 INFO] Epoch 43/50  iter 500/743  loss=0.0881  lr=8.79e-06
[22:38:22 INFO] Epoch 43/50  iter 550/743  loss=0.0973  lr=8.71e-06
[22:38:36 INFO] Epoch 43/50  iter 600/743  loss=0.0631  lr=8.63e-06
[22:38:50 INFO] Epoch 43/50  iter 650/743  loss=0.2035  lr=8.55e-06
[22:39:03 INFO] Epoch 43/50  iter 700/743  loss=0.0722  lr=8.47e-06
[22:39:15 INFO] Epoch 43 complete — avg_loss=0.1312  time=205s
[22:39:30 INFO] Epoch 44/50  iter 50/743  loss=0.0820  lr=8.32e-06
[22:39:44 INFO] Epoch 44/50  iter 100/743  loss=0.1289  lr=8.24e-06
[22:39:58 INFO] Epoch 44/50  iter 150/743  loss=0.1214  lr=8.16e-06
[22:40:12 INFO] Epoch 44/50  iter 200/743  loss=0.1111  lr=8.08e-06
[22:40:25 INFO] Epoch 44/50  iter 250/743  loss=0.0979  lr=7.99e-06
[22:40:39 INFO] Epoch 44/50  iter 300/743  loss=0.1034  lr=7.91e-06
[22:40:53 INFO] Epoch 44/50  iter 350/743  loss=0.0822  lr=7.83e-06
[22:41:07 INFO] Epoch 44/50  iter 400/743  loss=0.2007  lr=7.75e-06
[22:41:21 INFO] Epoch 44/50  iter 450/743  loss=0.1029  lr=7.67e-06
[22:41:35 INFO] Epoch 44/50  iter 500/743  loss=0.1156  lr=7.59e-06
[22:41:49 INFO] Epoch 44/50  iter 550/743  loss=0.1860  lr=7.51e-06
[22:42:02 INFO] Epoch 44/50  iter 600/743  loss=0.1282  lr=7.43e-06
[22:42:16 INFO] Epoch 44/50  iter 650/743  loss=0.1164  lr=7.35e-06
[22:42:30 INFO] Epoch 44/50  iter 700/743  loss=0.0789  lr=7.27e-06
[22:42:42 INFO] Epoch 44 complete — avg_loss=0.1257  time=206s
[22:42:57 INFO] Epoch 45/50  iter 50/743  loss=0.0433  lr=7.12e-06
[22:43:10 INFO] Epoch 45/50  iter 100/743  loss=0.1224  lr=7.04e-06
[22:43:24 INFO] Epoch 45/50  iter 150/743  loss=0.1113  lr=6.96e-06
[22:43:38 INFO] Epoch 45/50  iter 200/743  loss=0.1651  lr=6.88e-06
[22:43:52 INFO] Epoch 45/50  iter 250/743  loss=0.1243  lr=6.79e-06
[22:44:06 INFO] Epoch 45/50  iter 300/743  loss=0.1499  lr=6.71e-06
[22:44:19 INFO] Epoch 45/50  iter 350/743  loss=0.0910  lr=6.63e-06
[22:44:33 INFO] Epoch 45/50  iter 400/743  loss=0.1612  lr=6.55e-06
[22:44:47 INFO] Epoch 45/50  iter 450/743  loss=0.0774  lr=6.47e-06
[22:45:01 INFO] Epoch 45/50  iter 500/743  loss=0.1788  lr=6.39e-06
[22:45:14 INFO] Epoch 45/50  iter 550/743  loss=0.2096  lr=6.31e-06
[22:45:28 INFO] Epoch 45/50  iter 600/743  loss=0.1612  lr=6.23e-06
[22:45:42 INFO] Epoch 45/50  iter 650/743  loss=0.0868  lr=6.15e-06
[22:45:56 INFO] Epoch 45/50  iter 700/743  loss=0.0858  lr=6.07e-06
[22:46:08 INFO] Epoch 45 complete — avg_loss=0.1236  time=206s
[22:48:17 INFO]   val mIoU = 0.7728
[22:48:17 INFO]   ★ New best val mIoU: 0.7728
[22:48:33 INFO] Epoch 46/50  iter 50/743  loss=0.1023  lr=5.92e-06
[22:48:46 INFO] Epoch 46/50  iter 100/743  loss=0.0852  lr=5.84e-06
[22:49:00 INFO] Epoch 46/50  iter 150/743  loss=0.1568  lr=5.76e-06
[22:49:14 INFO] Epoch 46/50  iter 200/743  loss=0.1075  lr=5.68e-06
[22:49:27 INFO] Epoch 46/50  iter 250/743  loss=0.1614  lr=5.59e-06
[22:49:41 INFO] Epoch 46/50  iter 300/743  loss=0.1236  lr=5.51e-06
[22:49:55 INFO] Epoch 46/50  iter 350/743  loss=0.1349  lr=5.43e-06
[22:50:09 INFO] Epoch 46/50  iter 400/743  loss=0.1328  lr=5.35e-06
[22:50:23 INFO] Epoch 46/50  iter 450/743  loss=0.0859  lr=5.27e-06
[22:50:37 INFO] Epoch 46/50  iter 500/743  loss=0.0755  lr=5.19e-06
[22:50:50 INFO] Epoch 46/50  iter 550/743  loss=0.7603  lr=5.11e-06
[22:51:04 INFO] Epoch 46/50  iter 600/743  loss=0.1504  lr=5.03e-06
[22:51:17 INFO] Epoch 46/50  iter 650/743  loss=0.2229  lr=4.95e-06
[22:51:31 INFO] Epoch 46/50  iter 700/743  loss=0.0654  lr=4.87e-06
[22:51:43 INFO] Epoch 46 complete — avg_loss=0.1262  time=204s
[22:51:58 INFO] Epoch 47/50  iter 50/743  loss=0.1452  lr=4.72e-06
[22:52:12 INFO] Epoch 47/50  iter 100/743  loss=0.0613  lr=4.64e-06
[22:52:26 INFO] Epoch 47/50  iter 150/743  loss=0.0876  lr=4.56e-06
[22:52:39 INFO] Epoch 47/50  iter 200/743  loss=0.1194  lr=4.48e-06
[22:52:53 INFO] Epoch 47/50  iter 250/743  loss=0.0789  lr=4.39e-06
[22:53:06 INFO] Epoch 47/50  iter 300/743  loss=0.1378  lr=4.31e-06
[22:53:20 INFO] Epoch 47/50  iter 350/743  loss=0.1293  lr=4.23e-06
[22:53:34 INFO] Epoch 47/50  iter 400/743  loss=0.1114  lr=4.15e-06
[22:53:48 INFO] Epoch 47/50  iter 450/743  loss=0.1764  lr=4.07e-06
[22:54:01 INFO] Epoch 47/50  iter 500/743  loss=0.1091  lr=3.99e-06
[22:54:15 INFO] Epoch 47/50  iter 550/743  loss=0.1284  lr=3.91e-06
[22:54:28 INFO] Epoch 47/50  iter 600/743  loss=0.2835  lr=3.83e-06
[22:54:42 INFO] Epoch 47/50  iter 650/743  loss=0.0886  lr=3.75e-06
[22:54:56 INFO] Epoch 47/50  iter 700/743  loss=0.1148  lr=3.67e-06
[22:55:07 INFO] Epoch 47 complete — avg_loss=0.1235  time=203s
[22:55:22 INFO] Epoch 48/50  iter 50/743  loss=0.0915  lr=3.52e-06
[22:55:36 INFO] Epoch 48/50  iter 100/743  loss=0.0629  lr=3.44e-06
[22:55:49 INFO] Epoch 48/50  iter 150/743  loss=0.1099  lr=3.36e-06
[22:56:03 INFO] Epoch 48/50  iter 200/743  loss=0.2683  lr=3.28e-06
[22:56:17 INFO] Epoch 48/50  iter 250/743  loss=0.0815  lr=3.19e-06
[22:56:31 INFO] Epoch 48/50  iter 300/743  loss=0.0761  lr=3.11e-06
[22:56:45 INFO] Epoch 48/50  iter 350/743  loss=0.1512  lr=3.03e-06
[22:56:58 INFO] Epoch 48/50  iter 400/743  loss=0.1782  lr=2.95e-06
[22:57:12 INFO] Epoch 48/50  iter 450/743  loss=0.0879  lr=2.87e-06
[22:57:26 INFO] Epoch 48/50  iter 500/743  loss=0.0575  lr=2.79e-06
[22:57:40 INFO] Epoch 48/50  iter 550/743  loss=0.1048  lr=2.71e-06
[22:57:53 INFO] Epoch 48/50  iter 600/743  loss=0.1514  lr=2.63e-06
[22:58:07 INFO] Epoch 48/50  iter 650/743  loss=0.0948  lr=2.55e-06
[22:58:20 INFO] Epoch 48/50  iter 700/743  loss=0.1650  lr=2.47e-06
[22:58:32 INFO] Epoch 48 complete — avg_loss=0.1232  time=204s
[22:58:47 INFO] Epoch 49/50  iter 50/743  loss=0.1031  lr=2.32e-06
[22:59:01 INFO] Epoch 49/50  iter 100/743  loss=0.1390  lr=2.24e-06
[22:59:14 INFO] Epoch 49/50  iter 150/743  loss=0.1330  lr=2.16e-06
[22:59:28 INFO] Epoch 49/50  iter 200/743  loss=0.1369  lr=2.08e-06
[22:59:42 INFO] Epoch 49/50  iter 250/743  loss=0.2059  lr=1.99e-06
[22:59:55 INFO] Epoch 49/50  iter 300/743  loss=0.1245  lr=1.91e-06
[23:00:09 INFO] Epoch 49/50  iter 350/743  loss=0.1534  lr=1.83e-06
[23:00:23 INFO] Epoch 49/50  iter 400/743  loss=0.0781  lr=1.75e-06
[23:00:36 INFO] Epoch 49/50  iter 450/743  loss=0.0742  lr=1.67e-06
[23:00:50 INFO] Epoch 49/50  iter 500/743  loss=0.0757  lr=1.59e-06
[23:01:03 INFO] Epoch 49/50  iter 550/743  loss=0.1590  lr=1.51e-06
[23:01:17 INFO] Epoch 49/50  iter 600/743  loss=0.0656  lr=1.43e-06
[23:01:31 INFO] Epoch 49/50  iter 650/743  loss=0.1071  lr=1.35e-06
[23:01:45 INFO] Epoch 49/50  iter 700/743  loss=0.0944  lr=1.27e-06
[23:01:57 INFO] Epoch 49 complete — avg_loss=0.1203  time=204s
[23:02:11 INFO] Epoch 50/50  iter 50/743  loss=0.1212  lr=1.12e-06
[23:02:26 INFO] Epoch 50/50  iter 100/743  loss=0.1691  lr=1.04e-06
[23:02:39 INFO] Epoch 50/50  iter 150/743  loss=0.0476  lr=9.56e-07
[23:02:53 INFO] Epoch 50/50  iter 200/743  loss=0.1368  lr=8.75e-07
[23:03:07 INFO] Epoch 50/50  iter 250/743  loss=0.0892  lr=7.95e-07
[23:03:20 INFO] Epoch 50/50  iter 300/743  loss=0.0915  lr=7.14e-07
[23:03:34 INFO] Epoch 50/50  iter 350/743  loss=0.1521  lr=6.33e-07
[23:03:48 INFO] Epoch 50/50  iter 400/743  loss=0.1033  lr=5.52e-07
[23:04:02 INFO] Epoch 50/50  iter 450/743  loss=0.0745  lr=4.72e-07
[23:04:15 INFO] Epoch 50/50  iter 500/743  loss=0.1154  lr=3.91e-07
[23:04:29 INFO] Epoch 50/50  iter 550/743  loss=0.1054  lr=3.10e-07
[23:04:43 INFO] Epoch 50/50  iter 600/743  loss=0.0710  lr=2.29e-07
[23:04:57 INFO] Epoch 50/50  iter 650/743  loss=0.1136  lr=1.49e-07
[23:05:11 INFO] Epoch 50/50  iter 700/743  loss=0.1431  lr=6.78e-08
[23:05:22 INFO] Epoch 50 complete — avg_loss=0.1278  time=205s
[23:07:28 INFO]   val mIoU = 0.7760
[23:07:29 INFO]   ★ New best val mIoU: 0.7760
[23:07:30 INFO] Training complete. Best val mIoU = 0.7760
>>> Evaluating: nndepth_base_b001_p03_mitb2
[23:07:40 INFO] Device: cuda
/home/taah3149/Documents/Group_Studies/fog-augmentation/src/models.py:74: FutureWarning: You are using `torch.load` with `weights_only=False` (the current default value), which uses the default pickle module implicitly. It is possible to construct malicious pickle data which will execute arbitrary code during unpickling (See https://github.com/pytorch/pytorch/blob/main/SECURITY.md#untrusted-models for more details). In a future release, the default value for `weights_only` will be flipped to `True`. This limits the functions that could be executed during unpickling. Arbitrary objects will no longer be allowed to be loaded via this mode unless they are explicitly allowlisted by the user via `torch.serialization.add_safe_globals`. We recommend you start setting `weights_only=True` for any use case where you don't have full control of the loaded file. Please open an issue on GitHub for any issues related to this experimental feature.
  state = torch.load(str(checkpoint), map_location="cpu")
Model backend: smp (encoder=mit_b2, architecture=fpn)
Loaded checkpoint: results/nndepth_base_b001_p03_mitb2/best.pth
[23:07:44 INFO] ACDC fog val: 100 samples
[23:08:09 INFO]   100/100 processed
[23:08:09 INFO] mIoU = 0.6034
[23:08:09 INFO]   road                 0.9015
[23:08:09 INFO]   sidewalk             0.6376
[23:08:09 INFO]   building             0.7285
[23:08:09 INFO]   wall                 0.2945
[23:08:09 INFO]   fence                0.2870
[23:08:09 INFO]   pole                 0.4343
[23:08:09 INFO]   traffic light        0.6709
[23:08:09 INFO]   traffic sign         0.5571
[23:08:09 INFO]   vegetation           0.8720
[23:08:09 INFO]   terrain              0.5301
[23:08:09 INFO]   sky                  0.9240
[23:08:09 INFO]   person               0.4063
[23:08:09 INFO]   rider                0.4920
[23:08:09 INFO]   car                  0.7883
[23:08:09 INFO]   truck                0.3386
[23:08:09 INFO]   bus                  0.7997
[23:08:09 INFO]   train                0.7949
[23:08:09 INFO]   motorcycle           0.4757
[23:08:09 INFO]   bicycle              0.5324
[23:08:09 INFO] Results saved → results/nndepth_base_b001_p03_mitb2/acdc_eval.json
>>> Done: nndepth_base_b001_p03_mitb2

>>> Training (fresh start): nndepth_base_b002_p03_mitb2
[23:08:17 INFO] Device: cuda
Model backend: smp (encoder=mit_b2, architecture=fpn)
[23:08:19 INFO] Using fog cache: data/fog_cache/nn_depth_base_b002
[23:08:19 INFO] fog_prob: 0.3
[23:08:22 INFO] Train: 2975 samples  |  Val: 500 samples
[23:08:36 INFO] Epoch 1/50  iter 50/743  loss=1.7505  lr=5.99e-05
[23:08:49 INFO] Epoch 1/50  iter 100/743  loss=1.1224  lr=5.98e-05
[23:09:03 INFO] Epoch 1/50  iter 150/743  loss=0.6464  lr=5.98e-05
[23:09:16 INFO] Epoch 1/50  iter 200/743  loss=0.6616  lr=5.97e-05
[23:09:30 INFO] Epoch 1/50  iter 250/743  loss=0.5522  lr=5.96e-05
[23:09:43 INFO] Epoch 1/50  iter 300/743  loss=0.3217  lr=5.95e-05
[23:09:57 INFO] Epoch 1/50  iter 350/743  loss=0.8641  lr=5.94e-05
[23:10:11 INFO] Epoch 1/50  iter 400/743  loss=0.5148  lr=5.94e-05
[23:10:24 INFO] Epoch 1/50  iter 450/743  loss=0.3613  lr=5.93e-05
[23:10:38 INFO] Epoch 1/50  iter 500/743  loss=0.2834  lr=5.92e-05
[23:10:52 INFO] Epoch 1/50  iter 550/743  loss=1.2362  lr=5.91e-05
[23:11:05 INFO] Epoch 1/50  iter 600/743  loss=0.2792  lr=5.90e-05
[23:11:19 INFO] Epoch 1/50  iter 650/743  loss=0.3921  lr=5.89e-05
[23:11:32 INFO] Epoch 1/50  iter 700/743  loss=0.4951  lr=5.89e-05
[23:11:44 INFO] Epoch 1 complete — avg_loss=0.7483  time=203s
[23:11:59 INFO] Epoch 2/50  iter 50/743  loss=0.2616  lr=5.87e-05
[23:12:13 INFO] Epoch 2/50  iter 100/743  loss=0.3996  lr=5.86e-05
[23:12:26 INFO] Epoch 2/50  iter 150/743  loss=0.2330  lr=5.86e-05
[23:12:40 INFO] Epoch 2/50  iter 200/743  loss=0.4257  lr=5.85e-05
[23:12:53 INFO] Epoch 2/50  iter 250/743  loss=0.2633  lr=5.84e-05
[23:13:07 INFO] Epoch 2/50  iter 300/743  loss=0.3026  lr=5.83e-05
[23:13:21 INFO] Epoch 2/50  iter 350/743  loss=0.2308  lr=5.82e-05
[23:13:34 INFO] Epoch 2/50  iter 400/743  loss=0.2145  lr=5.82e-05
[23:13:48 INFO] Epoch 2/50  iter 450/743  loss=0.6279  lr=5.81e-05
[23:14:02 INFO] Epoch 2/50  iter 500/743  loss=0.4777  lr=5.80e-05
[23:14:16 INFO] Epoch 2/50  iter 550/743  loss=0.2724  lr=5.79e-05
[23:14:30 INFO] Epoch 2/50  iter 600/743  loss=0.5634  lr=5.78e-05
[23:14:43 INFO] Epoch 2/50  iter 650/743  loss=0.2324  lr=5.77e-05
[23:14:57 INFO] Epoch 2/50  iter 700/743  loss=0.4999  lr=5.77e-05
[23:15:09 INFO] Epoch 2 complete — avg_loss=0.4017  time=204s
[23:15:24 INFO] Epoch 3/50  iter 50/743  loss=0.3681  lr=5.75e-05
[23:15:39 INFO] Epoch 3/50  iter 100/743  loss=0.2866  lr=5.74e-05
[23:15:53 INFO] Epoch 3/50  iter 150/743  loss=0.2095  lr=5.74e-05
[23:16:06 INFO] Epoch 3/50  iter 200/743  loss=0.2686  lr=5.73e-05
[23:16:20 INFO] Epoch 3/50  iter 250/743  loss=0.5861  lr=5.72e-05
[23:16:33 INFO] Epoch 3/50  iter 300/743  loss=1.0238  lr=5.71e-05
[23:16:47 INFO] Epoch 3/50  iter 350/743  loss=0.2039  lr=5.70e-05
[23:17:01 INFO] Epoch 3/50  iter 400/743  loss=0.4754  lr=5.70e-05
[23:17:14 INFO] Epoch 3/50  iter 450/743  loss=0.3568  lr=5.69e-05
[23:17:28 INFO] Epoch 3/50  iter 500/743  loss=0.1773  lr=5.68e-05
[23:17:42 INFO] Epoch 3/50  iter 550/743  loss=0.3643  lr=5.67e-05
[23:17:55 INFO] Epoch 3/50  iter 600/743  loss=0.2600  lr=5.66e-05
[23:18:09 INFO] Epoch 3/50  iter 650/743  loss=0.2314  lr=5.65e-05
[23:18:22 INFO] Epoch 3/50  iter 700/743  loss=0.1403  lr=5.65e-05
[23:18:34 INFO] Epoch 3 complete — avg_loss=0.3319  time=204s
[23:18:49 INFO] Epoch 4/50  iter 50/743  loss=0.1529  lr=5.63e-05
[23:19:03 INFO] Epoch 4/50  iter 100/743  loss=0.2563  lr=5.62e-05
[23:19:16 INFO] Epoch 4/50  iter 150/743  loss=0.4919  lr=5.62e-05
[23:19:30 INFO] Epoch 4/50  iter 200/743  loss=0.2374  lr=5.61e-05
[23:19:43 INFO] Epoch 4/50  iter 250/743  loss=0.3463  lr=5.60e-05
[23:19:57 INFO] Epoch 4/50  iter 300/743  loss=0.2412  lr=5.59e-05
[23:20:10 INFO] Epoch 4/50  iter 350/743  loss=0.0380  lr=5.58e-05
[23:20:24 INFO] Epoch 4/50  iter 400/743  loss=0.1602  lr=5.58e-05
[23:20:38 INFO] Epoch 4/50  iter 450/743  loss=0.0689  lr=5.57e-05
[23:20:52 INFO] Epoch 4/50  iter 500/743  loss=0.1960  lr=5.56e-05
[23:21:05 INFO] Epoch 4/50  iter 550/743  loss=0.3632  lr=5.55e-05
[23:21:19 INFO] Epoch 4/50  iter 600/743  loss=0.3122  lr=5.54e-05
[23:21:33 INFO] Epoch 4/50  iter 650/743  loss=0.3770  lr=5.53e-05
[23:21:46 INFO] Epoch 4/50  iter 700/743  loss=0.1618  lr=5.53e-05
[23:21:59 INFO] Epoch 4 complete — avg_loss=0.3107  time=204s
[23:22:14 INFO] Epoch 5/50  iter 50/743  loss=0.1458  lr=5.51e-05
[23:22:28 INFO] Epoch 5/50  iter 100/743  loss=0.1903  lr=5.50e-05
[23:22:41 INFO] Epoch 5/50  iter 150/743  loss=0.2395  lr=5.50e-05
[23:22:55 INFO] Epoch 5/50  iter 200/743  loss=0.2232  lr=5.49e-05
[23:23:09 INFO] Epoch 5/50  iter 250/743  loss=0.2063  lr=5.48e-05
[23:23:23 INFO] Epoch 5/50  iter 300/743  loss=0.9929  lr=5.47e-05
[23:23:36 INFO] Epoch 5/50  iter 350/743  loss=0.2432  lr=5.46e-05
[23:23:51 INFO] Epoch 5/50  iter 400/743  loss=0.2808  lr=5.46e-05
[23:24:04 INFO] Epoch 5/50  iter 450/743  loss=0.1892  lr=5.45e-05
[23:24:18 INFO] Epoch 5/50  iter 500/743  loss=0.3778  lr=5.44e-05
[23:24:32 INFO] Epoch 5/50  iter 550/743  loss=0.0739  lr=5.43e-05
[23:24:45 INFO] Epoch 5/50  iter 600/743  loss=0.0188  lr=5.42e-05
[23:24:59 INFO] Epoch 5/50  iter 650/743  loss=0.4603  lr=5.41e-05
[23:25:12 INFO] Epoch 5/50  iter 700/743  loss=0.1301  lr=5.41e-05
[23:25:24 INFO] Epoch 5 complete — avg_loss=0.2892  time=205s
[23:27:33 INFO]   val mIoU = 0.6276
[23:27:33 INFO]   ★ New best val mIoU: 0.6276
[23:27:49 INFO] Epoch 6/50  iter 50/743  loss=0.3397  lr=5.39e-05
[23:28:02 INFO] Epoch 6/50  iter 100/743  loss=0.0624  lr=5.38e-05
[23:28:15 INFO] Epoch 6/50  iter 150/743  loss=0.4405  lr=5.38e-05
[23:28:29 INFO] Epoch 6/50  iter 200/743  loss=0.1301  lr=5.37e-05
[23:28:42 INFO] Epoch 6/50  iter 250/743  loss=0.2748  lr=5.36e-05
[23:28:56 INFO] Epoch 6/50  iter 300/743  loss=0.3115  lr=5.35e-05
[23:29:09 INFO] Epoch 6/50  iter 350/743  loss=0.1170  lr=5.34e-05
[23:29:22 INFO] Epoch 6/50  iter 400/743  loss=0.1352  lr=5.34e-05
[23:29:36 INFO] Epoch 6/50  iter 450/743  loss=0.2327  lr=5.33e-05
[23:29:49 INFO] Epoch 6/50  iter 500/743  loss=0.2214  lr=5.32e-05
[23:30:02 INFO] Epoch 6/50  iter 550/743  loss=0.2832  lr=5.31e-05
[23:30:16 INFO] Epoch 6/50  iter 600/743  loss=0.1772  lr=5.30e-05
[23:30:29 INFO] Epoch 6/50  iter 650/743  loss=0.6183  lr=5.29e-05
[23:30:42 INFO] Epoch 6/50  iter 700/743  loss=0.2816  lr=5.29e-05
[23:30:54 INFO] Epoch 6 complete — avg_loss=0.2635  time=200s
[23:31:08 INFO] Epoch 7/50  iter 50/743  loss=0.1978  lr=5.27e-05
[23:31:22 INFO] Epoch 7/50  iter 100/743  loss=0.1240  lr=5.26e-05
[23:31:35 INFO] Epoch 7/50  iter 150/743  loss=0.3455  lr=5.26e-05
[23:31:49 INFO] Epoch 7/50  iter 200/743  loss=0.4153  lr=5.25e-05
[23:32:02 INFO] Epoch 7/50  iter 250/743  loss=0.3701  lr=5.24e-05
[23:32:15 INFO] Epoch 7/50  iter 300/743  loss=0.1996  lr=5.23e-05
[23:32:29 INFO] Epoch 7/50  iter 350/743  loss=0.3221  lr=5.22e-05
[23:32:42 INFO] Epoch 7/50  iter 400/743  loss=0.1650  lr=5.22e-05
[23:32:55 INFO] Epoch 7/50  iter 450/743  loss=0.5556  lr=5.21e-05
[23:33:09 INFO] Epoch 7/50  iter 500/743  loss=0.3395  lr=5.20e-05
[23:33:22 INFO] Epoch 7/50  iter 550/743  loss=0.2405  lr=5.19e-05
[23:33:35 INFO] Epoch 7/50  iter 600/743  loss=0.5459  lr=5.18e-05
[23:33:49 INFO] Epoch 7/50  iter 650/743  loss=0.0396  lr=5.17e-05
[23:34:02 INFO] Epoch 7/50  iter 700/743  loss=0.3015  lr=5.17e-05
[23:34:14 INFO] Epoch 7 complete — avg_loss=0.2518  time=199s
[23:34:28 INFO] Epoch 8/50  iter 50/743  loss=0.2122  lr=5.15e-05
[23:34:41 INFO] Epoch 8/50  iter 100/743  loss=0.3729  lr=5.14e-05
[23:34:55 INFO] Epoch 8/50  iter 150/743  loss=0.1043  lr=5.14e-05
[23:35:08 INFO] Epoch 8/50  iter 200/743  loss=0.1898  lr=5.13e-05
[23:35:21 INFO] Epoch 8/50  iter 250/743  loss=0.2847  lr=5.12e-05
[23:35:35 INFO] Epoch 8/50  iter 300/743  loss=0.2438  lr=5.11e-05
[23:35:48 INFO] Epoch 8/50  iter 350/743  loss=0.1919  lr=5.10e-05
[23:36:01 INFO] Epoch 8/50  iter 400/743  loss=0.2768  lr=5.10e-05
[23:36:15 INFO] Epoch 8/50  iter 450/743  loss=0.1218  lr=5.09e-05
[23:36:28 INFO] Epoch 8/50  iter 500/743  loss=0.1379  lr=5.08e-05
[23:36:42 INFO] Epoch 8/50  iter 550/743  loss=0.2565  lr=5.07e-05
[23:36:55 INFO] Epoch 8/50  iter 600/743  loss=0.0683  lr=5.06e-05
[23:37:08 INFO] Epoch 8/50  iter 650/743  loss=0.2236  lr=5.05e-05
[23:37:22 INFO] Epoch 8/50  iter 700/743  loss=0.0665  lr=5.05e-05
[23:37:33 INFO] Epoch 8 complete — avg_loss=0.2444  time=199s
[23:37:48 INFO] Epoch 9/50  iter 50/743  loss=0.2598  lr=5.03e-05
[23:38:01 INFO] Epoch 9/50  iter 100/743  loss=0.1377  lr=5.02e-05
[23:38:14 INFO] Epoch 9/50  iter 150/743  loss=0.1927  lr=5.02e-05
[23:38:28 INFO] Epoch 9/50  iter 200/743  loss=0.4210  lr=5.01e-05
[23:38:41 INFO] Epoch 9/50  iter 250/743  loss=0.2867  lr=5.00e-05
[23:38:54 INFO] Epoch 9/50  iter 300/743  loss=0.0935  lr=4.99e-05
[23:39:08 INFO] Epoch 9/50  iter 350/743  loss=0.1788  lr=4.98e-05
[23:39:21 INFO] Epoch 9/50  iter 400/743  loss=0.1009  lr=4.98e-05
[23:39:34 INFO] Epoch 9/50  iter 450/743  loss=0.2145  lr=4.97e-05
[23:39:48 INFO] Epoch 9/50  iter 500/743  loss=0.2071  lr=4.96e-05
[23:40:01 INFO] Epoch 9/50  iter 550/743  loss=0.1637  lr=4.95e-05
[23:40:14 INFO] Epoch 9/50  iter 600/743  loss=0.3452  lr=4.94e-05
[23:40:28 INFO] Epoch 9/50  iter 650/743  loss=0.1899  lr=4.93e-05
[23:40:41 INFO] Epoch 9/50  iter 700/743  loss=0.2705  lr=4.93e-05
[23:40:53 INFO] Epoch 9 complete — avg_loss=0.2356  time=199s
[23:41:07 INFO] Epoch 10/50  iter 50/743  loss=0.2371  lr=4.91e-05
[23:41:21 INFO] Epoch 10/50  iter 100/743  loss=0.2035  lr=4.90e-05
[23:41:34 INFO] Epoch 10/50  iter 150/743  loss=0.1761  lr=4.90e-05
[23:41:47 INFO] Epoch 10/50  iter 200/743  loss=0.0837  lr=4.89e-05
[23:42:01 INFO] Epoch 10/50  iter 250/743  loss=0.1714  lr=4.88e-05
[23:42:14 INFO] Epoch 10/50  iter 300/743  loss=0.0946  lr=4.87e-05
[23:42:27 INFO] Epoch 10/50  iter 350/743  loss=0.2098  lr=4.86e-05
[23:42:41 INFO] Epoch 10/50  iter 400/743  loss=0.2156  lr=4.86e-05
[23:42:54 INFO] Epoch 10/50  iter 450/743  loss=0.2416  lr=4.85e-05
[23:43:07 INFO] Epoch 10/50  iter 500/743  loss=0.1697  lr=4.84e-05
[23:43:21 INFO] Epoch 10/50  iter 550/743  loss=0.2109  lr=4.83e-05
[23:43:34 INFO] Epoch 10/50  iter 600/743  loss=0.2913  lr=4.82e-05
[23:43:47 INFO] Epoch 10/50  iter 650/743  loss=0.2632  lr=4.81e-05
[23:44:01 INFO] Epoch 10/50  iter 700/743  loss=0.1532  lr=4.81e-05
[23:44:12 INFO] Epoch 10 complete — avg_loss=0.2292  time=199s
[23:46:12 INFO]   val mIoU = 0.6852
[23:46:12 INFO]   ★ New best val mIoU: 0.6852
[23:46:27 INFO] Epoch 11/50  iter 50/743  loss=0.1536  lr=4.79e-05
[23:46:40 INFO] Epoch 11/50  iter 100/743  loss=0.5364  lr=4.78e-05
[23:46:54 INFO] Epoch 11/50  iter 150/743  loss=0.2422  lr=4.78e-05
[23:47:07 INFO] Epoch 11/50  iter 200/743  loss=0.2375  lr=4.77e-05
[23:47:20 INFO] Epoch 11/50  iter 250/743  loss=0.2152  lr=4.76e-05
[23:47:34 INFO] Epoch 11/50  iter 300/743  loss=0.2490  lr=4.75e-05
[23:47:47 INFO] Epoch 11/50  iter 350/743  loss=0.2763  lr=4.74e-05
[23:48:00 INFO] Epoch 11/50  iter 400/743  loss=0.3287  lr=4.74e-05
[23:48:14 INFO] Epoch 11/50  iter 450/743  loss=0.4169  lr=4.73e-05
[23:48:27 INFO] Epoch 11/50  iter 500/743  loss=0.1029  lr=4.72e-05
[23:48:40 INFO] Epoch 11/50  iter 550/743  loss=0.1326  lr=4.71e-05
[23:48:54 INFO] Epoch 11/50  iter 600/743  loss=0.0964  lr=4.70e-05
[23:49:07 INFO] Epoch 11/50  iter 650/743  loss=0.1654  lr=4.69e-05
[23:49:20 INFO] Epoch 11/50  iter 700/743  loss=0.2713  lr=4.69e-05
[23:49:32 INFO] Epoch 11 complete — avg_loss=0.2174  time=199s
[23:49:46 INFO] Epoch 12/50  iter 50/743  loss=0.1516  lr=4.67e-05
[23:50:00 INFO] Epoch 12/50  iter 100/743  loss=0.2241  lr=4.66e-05
[23:50:13 INFO] Epoch 12/50  iter 150/743  loss=0.1392  lr=4.66e-05
[23:50:26 INFO] Epoch 12/50  iter 200/743  loss=0.1194  lr=4.65e-05
[23:50:40 INFO] Epoch 12/50  iter 250/743  loss=0.1968  lr=4.64e-05
[23:50:53 INFO] Epoch 12/50  iter 300/743  loss=0.0899  lr=4.63e-05
[23:51:06 INFO] Epoch 12/50  iter 350/743  loss=0.2631  lr=4.62e-05
[23:51:20 INFO] Epoch 12/50  iter 400/743  loss=0.0936  lr=4.62e-05
[23:51:33 INFO] Epoch 12/50  iter 450/743  loss=0.2335  lr=4.61e-05
[23:51:46 INFO] Epoch 12/50  iter 500/743  loss=0.1426  lr=4.60e-05
[23:52:00 INFO] Epoch 12/50  iter 550/743  loss=0.2455  lr=4.59e-05
[23:52:13 INFO] Epoch 12/50  iter 600/743  loss=0.1205  lr=4.58e-05
[23:52:26 INFO] Epoch 12/50  iter 650/743  loss=0.2202  lr=4.57e-05
[23:52:40 INFO] Epoch 12/50  iter 700/743  loss=0.1683  lr=4.57e-05
[23:52:51 INFO] Epoch 12 complete — avg_loss=0.2114  time=199s
[23:53:06 INFO] Epoch 13/50  iter 50/743  loss=0.0655  lr=4.55e-05
[23:53:19 INFO] Epoch 13/50  iter 100/743  loss=0.1671  lr=4.54e-05
[23:53:32 INFO] Epoch 13/50  iter 150/743  loss=0.0922  lr=4.54e-05
[23:53:46 INFO] Epoch 13/50  iter 200/743  loss=0.1663  lr=4.53e-05
[23:53:59 INFO] Epoch 13/50  iter 250/743  loss=0.2697  lr=4.52e-05
[23:54:13 INFO] Epoch 13/50  iter 300/743  loss=0.3277  lr=4.51e-05
[23:54:26 INFO] Epoch 13/50  iter 350/743  loss=0.1455  lr=4.50e-05
[23:54:39 INFO] Epoch 13/50  iter 400/743  loss=0.2614  lr=4.50e-05
[23:54:53 INFO] Epoch 13/50  iter 450/743  loss=0.0519  lr=4.49e-05
[23:55:06 INFO] Epoch 13/50  iter 500/743  loss=0.3156  lr=4.48e-05
[23:55:19 INFO] Epoch 13/50  iter 550/743  loss=0.1537  lr=4.47e-05
[23:55:33 INFO] Epoch 13/50  iter 600/743  loss=0.1977  lr=4.46e-05
[23:55:46 INFO] Epoch 13/50  iter 650/743  loss=0.1635  lr=4.45e-05
[23:56:00 INFO] Epoch 13/50  iter 700/743  loss=0.2178  lr=4.45e-05
[23:56:11 INFO] Epoch 13 complete — avg_loss=0.2072  time=199s
[23:56:26 INFO] Epoch 14/50  iter 50/743  loss=0.3043  lr=4.43e-05
[23:56:39 INFO] Epoch 14/50  iter 100/743  loss=0.1482  lr=4.42e-05
[23:56:52 INFO] Epoch 14/50  iter 150/743  loss=0.1676  lr=4.42e-05
[23:57:06 INFO] Epoch 14/50  iter 200/743  loss=0.0988  lr=4.41e-05
[23:57:19 INFO] Epoch 14/50  iter 250/743  loss=0.1673  lr=4.40e-05
[23:57:33 INFO] Epoch 14/50  iter 300/743  loss=0.2191  lr=4.39e-05
[23:57:46 INFO] Epoch 14/50  iter 350/743  loss=0.1186  lr=4.38e-05
[23:57:59 INFO] Epoch 14/50  iter 400/743  loss=0.1058  lr=4.38e-05
[23:58:13 INFO] Epoch 14/50  iter 450/743  loss=0.1869  lr=4.37e-05
[23:58:26 INFO] Epoch 14/50  iter 500/743  loss=0.1176  lr=4.36e-05
[23:58:39 INFO] Epoch 14/50  iter 550/743  loss=0.0410  lr=4.35e-05
[23:58:53 INFO] Epoch 14/50  iter 600/743  loss=0.1272  lr=4.34e-05
[23:59:06 INFO] Epoch 14/50  iter 650/743  loss=0.1742  lr=4.33e-05
[23:59:19 INFO] Epoch 14/50  iter 700/743  loss=0.1865  lr=4.33e-05
[23:59:31 INFO] Epoch 14 complete — avg_loss=0.2076  time=199s
[23:59:45 INFO] Epoch 15/50  iter 50/743  loss=0.2002  lr=4.31e-05
[23:59:59 INFO] Epoch 15/50  iter 100/743  loss=0.1906  lr=4.30e-05
[00:00:12 INFO] Epoch 15/50  iter 150/743  loss=0.1768  lr=4.30e-05
[00:00:26 INFO] Epoch 15/50  iter 200/743  loss=0.1952  lr=4.29e-05
[00:00:39 INFO] Epoch 15/50  iter 250/743  loss=0.1585  lr=4.28e-05
[00:00:52 INFO] Epoch 15/50  iter 300/743  loss=0.1884  lr=4.27e-05
[00:01:06 INFO] Epoch 15/50  iter 350/743  loss=0.2025  lr=4.26e-05
[00:01:19 INFO] Epoch 15/50  iter 400/743  loss=0.2983  lr=4.26e-05
[00:01:32 INFO] Epoch 15/50  iter 450/743  loss=0.1916  lr=4.25e-05
[00:01:46 INFO] Epoch 15/50  iter 500/743  loss=0.2364  lr=4.24e-05
[00:01:59 INFO] Epoch 15/50  iter 550/743  loss=0.0807  lr=4.23e-05
[00:02:12 INFO] Epoch 15/50  iter 600/743  loss=0.1956  lr=4.22e-05
[00:02:26 INFO] Epoch 15/50  iter 650/743  loss=0.2723  lr=4.21e-05
[00:02:39 INFO] Epoch 15/50  iter 700/743  loss=0.1481  lr=4.21e-05
[00:02:50 INFO] Epoch 15 complete — avg_loss=0.1975  time=199s
[00:04:56 INFO]   val mIoU = 0.7060
[00:04:57 INFO]   ★ New best val mIoU: 0.7060
[00:05:11 INFO] Epoch 16/50  iter 50/743  loss=0.2226  lr=4.19e-05
[00:05:24 INFO] Epoch 16/50  iter 100/743  loss=0.1453  lr=4.18e-05
[00:05:38 INFO] Epoch 16/50  iter 150/743  loss=0.1453  lr=4.18e-05
[00:05:51 INFO] Epoch 16/50  iter 200/743  loss=0.1045  lr=4.17e-05
[00:06:04 INFO] Epoch 16/50  iter 250/743  loss=0.3354  lr=4.16e-05
[00:06:18 INFO] Epoch 16/50  iter 300/743  loss=0.2081  lr=4.15e-05
[00:06:31 INFO] Epoch 16/50  iter 350/743  loss=0.1778  lr=4.14e-05
[00:06:44 INFO] Epoch 16/50  iter 400/743  loss=0.1206  lr=4.14e-05
[00:06:58 INFO] Epoch 16/50  iter 450/743  loss=0.2768  lr=4.13e-05
[00:07:11 INFO] Epoch 16/50  iter 500/743  loss=0.1633  lr=4.12e-05
[00:07:25 INFO] Epoch 16/50  iter 550/743  loss=0.1572  lr=4.11e-05
[00:07:38 INFO] Epoch 16/50  iter 600/743  loss=0.1744  lr=4.10e-05
[00:07:51 INFO] Epoch 16/50  iter 650/743  loss=0.1417  lr=4.09e-05
[00:08:05 INFO] Epoch 16/50  iter 700/743  loss=0.0535  lr=4.09e-05
[00:08:16 INFO] Epoch 16 complete — avg_loss=0.1989  time=199s
[00:08:31 INFO] Epoch 17/50  iter 50/743  loss=0.0641  lr=4.07e-05
[00:08:44 INFO] Epoch 17/50  iter 100/743  loss=0.2238  lr=4.06e-05
[00:08:57 INFO] Epoch 17/50  iter 150/743  loss=0.2965  lr=4.06e-05
[00:09:11 INFO] Epoch 17/50  iter 200/743  loss=0.0993  lr=4.05e-05
[00:09:24 INFO] Epoch 17/50  iter 250/743  loss=0.1853  lr=4.04e-05
[00:09:37 INFO] Epoch 17/50  iter 300/743  loss=0.1649  lr=4.03e-05
[00:09:51 INFO] Epoch 17/50  iter 350/743  loss=0.1282  lr=4.02e-05
[00:10:04 INFO] Epoch 17/50  iter 400/743  loss=0.0829  lr=4.02e-05
[00:10:17 INFO] Epoch 17/50  iter 450/743  loss=0.3348  lr=4.01e-05
[00:10:31 INFO] Epoch 17/50  iter 500/743  loss=0.1518  lr=4.00e-05
[00:10:44 INFO] Epoch 17/50  iter 550/743  loss=0.2898  lr=3.99e-05
[00:10:57 INFO] Epoch 17/50  iter 600/743  loss=0.0883  lr=3.98e-05
[00:11:11 INFO] Epoch 17/50  iter 650/743  loss=0.1759  lr=3.97e-05
[00:11:24 INFO] Epoch 17/50  iter 700/743  loss=0.1087  lr=3.97e-05
[00:11:36 INFO] Epoch 17 complete — avg_loss=0.1918  time=199s
[00:11:50 INFO] Epoch 18/50  iter 50/743  loss=0.3110  lr=3.95e-05
[00:12:03 INFO] Epoch 18/50  iter 100/743  loss=0.2149  lr=3.94e-05
[00:12:17 INFO] Epoch 18/50  iter 150/743  loss=0.1446  lr=3.94e-05
[00:12:30 INFO] Epoch 18/50  iter 200/743  loss=0.1150  lr=3.93e-05
[00:12:43 INFO] Epoch 18/50  iter 250/743  loss=0.1167  lr=3.92e-05
[00:12:57 INFO] Epoch 18/50  iter 300/743  loss=0.2651  lr=3.91e-05
[00:13:10 INFO] Epoch 18/50  iter 350/743  loss=0.6982  lr=3.90e-05
[00:13:23 INFO] Epoch 18/50  iter 400/743  loss=0.1073  lr=3.90e-05
[00:13:37 INFO] Epoch 18/50  iter 450/743  loss=0.2978  lr=3.89e-05
[00:13:50 INFO] Epoch 18/50  iter 500/743  loss=0.2269  lr=3.88e-05
[00:14:04 INFO] Epoch 18/50  iter 550/743  loss=0.1298  lr=3.87e-05
[00:14:17 INFO] Epoch 18/50  iter 600/743  loss=1.0275  lr=3.86e-05
[00:14:30 INFO] Epoch 18/50  iter 650/743  loss=0.2935  lr=3.85e-05
[00:14:44 INFO] Epoch 18/50  iter 700/743  loss=0.1228  lr=3.85e-05
[00:14:55 INFO] Epoch 18 complete — avg_loss=0.1905  time=199s
[00:15:10 INFO] Epoch 19/50  iter 50/743  loss=0.1809  lr=3.83e-05
[00:15:23 INFO] Epoch 19/50  iter 100/743  loss=0.2169  lr=3.82e-05
[00:15:36 INFO] Epoch 19/50  iter 150/743  loss=0.1704  lr=3.82e-05
[00:15:50 INFO] Epoch 19/50  iter 200/743  loss=0.2309  lr=3.81e-05
[00:16:03 INFO] Epoch 19/50  iter 250/743  loss=0.0919  lr=3.80e-05
[00:16:16 INFO] Epoch 19/50  iter 300/743  loss=0.1900  lr=3.79e-05
[00:16:30 INFO] Epoch 19/50  iter 350/743  loss=0.3203  lr=3.78e-05
[00:16:43 INFO] Epoch 19/50  iter 400/743  loss=0.2867  lr=3.78e-05
[00:16:56 INFO] Epoch 19/50  iter 450/743  loss=0.1543  lr=3.77e-05
[00:17:10 INFO] Epoch 19/50  iter 500/743  loss=0.1091  lr=3.76e-05
[00:17:23 INFO] Epoch 19/50  iter 550/743  loss=0.1156  lr=3.75e-05
[00:17:36 INFO] Epoch 19/50  iter 600/743  loss=0.1344  lr=3.74e-05
[00:17:50 INFO] Epoch 19/50  iter 650/743  loss=0.1792  lr=3.73e-05
[00:18:03 INFO] Epoch 19/50  iter 700/743  loss=0.1611  lr=3.73e-05
[00:18:14 INFO] Epoch 19 complete — avg_loss=0.1895  time=199s
[00:18:29 INFO] Epoch 20/50  iter 50/743  loss=0.1501  lr=3.71e-05
[00:18:42 INFO] Epoch 20/50  iter 100/743  loss=0.0919  lr=3.70e-05
[00:18:55 INFO] Epoch 20/50  iter 150/743  loss=0.0768  lr=3.70e-05
[00:19:09 INFO] Epoch 20/50  iter 200/743  loss=0.2322  lr=3.69e-05
[00:19:22 INFO] Epoch 20/50  iter 250/743  loss=0.2024  lr=3.68e-05
[00:19:35 INFO] Epoch 20/50  iter 300/743  loss=0.0714  lr=3.67e-05
[00:19:49 INFO] Epoch 20/50  iter 350/743  loss=0.1499  lr=3.66e-05
[00:20:02 INFO] Epoch 20/50  iter 400/743  loss=0.1185  lr=3.66e-05
[00:20:15 INFO] Epoch 20/50  iter 450/743  loss=0.2148  lr=3.65e-05
[00:20:29 INFO] Epoch 20/50  iter 500/743  loss=0.2015  lr=3.64e-05
[00:20:42 INFO] Epoch 20/50  iter 550/743  loss=0.1943  lr=3.63e-05
[00:20:55 INFO] Epoch 20/50  iter 600/743  loss=0.1264  lr=3.62e-05
[00:21:09 INFO] Epoch 20/50  iter 650/743  loss=0.2178  lr=3.61e-05
[00:21:22 INFO] Epoch 20/50  iter 700/743  loss=0.2071  lr=3.61e-05
[00:21:34 INFO] Epoch 20 complete — avg_loss=0.1791  time=199s
[00:23:33 INFO]   val mIoU = 0.7267
[00:23:34 INFO]   ★ New best val mIoU: 0.7267
[00:23:48 INFO] Epoch 21/50  iter 50/743  loss=0.1055  lr=3.59e-05
[00:24:02 INFO] Epoch 21/50  iter 100/743  loss=0.1163  lr=3.58e-05
[00:24:15 INFO] Epoch 21/50  iter 150/743  loss=0.2865  lr=3.58e-05
[00:24:29 INFO] Epoch 21/50  iter 200/743  loss=0.1528  lr=3.57e-05
[00:24:42 INFO] Epoch 21/50  iter 250/743  loss=0.1574  lr=3.56e-05
[00:24:55 INFO] Epoch 21/50  iter 300/743  loss=0.1176  lr=3.55e-05
[00:25:09 INFO] Epoch 21/50  iter 350/743  loss=0.0786  lr=3.54e-05
[00:25:22 INFO] Epoch 21/50  iter 400/743  loss=0.1229  lr=3.54e-05
[00:25:35 INFO] Epoch 21/50  iter 450/743  loss=0.2913  lr=3.53e-05
[00:25:49 INFO] Epoch 21/50  iter 500/743  loss=0.2387  lr=3.52e-05
[00:26:02 INFO] Epoch 21/50  iter 550/743  loss=0.1758  lr=3.51e-05
[00:26:15 INFO] Epoch 21/50  iter 600/743  loss=0.1475  lr=3.50e-05
[00:26:29 INFO] Epoch 21/50  iter 650/743  loss=0.4057  lr=3.49e-05
[00:26:42 INFO] Epoch 21/50  iter 700/743  loss=0.1095  lr=3.49e-05
[00:26:54 INFO] Epoch 21 complete — avg_loss=0.1789  time=199s
[00:27:08 INFO] Epoch 22/50  iter 50/743  loss=0.2086  lr=3.47e-05
[00:27:21 INFO] Epoch 22/50  iter 100/743  loss=0.0615  lr=3.46e-05
[00:27:35 INFO] Epoch 22/50  iter 150/743  loss=0.1836  lr=3.46e-05
[00:27:48 INFO] Epoch 22/50  iter 200/743  loss=0.0810  lr=3.45e-05
[00:28:01 INFO] Epoch 22/50  iter 250/743  loss=0.1232  lr=3.44e-05
[00:28:15 INFO] Epoch 22/50  iter 300/743  loss=0.1162  lr=3.43e-05
[00:28:28 INFO] Epoch 22/50  iter 350/743  loss=0.0585  lr=3.42e-05
[00:28:42 INFO] Epoch 22/50  iter 400/743  loss=0.2489  lr=3.42e-05
[00:28:55 INFO] Epoch 22/50  iter 450/743  loss=0.3460  lr=3.41e-05
[00:29:08 INFO] Epoch 22/50  iter 500/743  loss=0.1755  lr=3.40e-05
[00:29:22 INFO] Epoch 22/50  iter 550/743  loss=0.1784  lr=3.39e-05
[00:29:35 INFO] Epoch 22/50  iter 600/743  loss=0.1420  lr=3.38e-05
[00:29:48 INFO] Epoch 22/50  iter 650/743  loss=0.1553  lr=3.37e-05
[00:30:02 INFO] Epoch 22/50  iter 700/743  loss=0.1813  lr=3.37e-05
[00:30:13 INFO] Epoch 22 complete — avg_loss=0.1751  time=199s
[00:30:28 INFO] Epoch 23/50  iter 50/743  loss=0.1744  lr=3.35e-05
[00:30:41 INFO] Epoch 23/50  iter 100/743  loss=0.9091  lr=3.34e-05
[00:30:54 INFO] Epoch 23/50  iter 150/743  loss=0.2430  lr=3.34e-05
[00:31:08 INFO] Epoch 23/50  iter 200/743  loss=0.1014  lr=3.33e-05
[00:31:21 INFO] Epoch 23/50  iter 250/743  loss=0.1362  lr=3.32e-05
[00:31:34 INFO] Epoch 23/50  iter 300/743  loss=0.4231  lr=3.31e-05
[00:31:48 INFO] Epoch 23/50  iter 350/743  loss=0.1552  lr=3.30e-05
[00:32:01 INFO] Epoch 23/50  iter 400/743  loss=0.1505  lr=3.30e-05
[00:32:14 INFO] Epoch 23/50  iter 450/743  loss=0.1526  lr=3.29e-05
[00:32:28 INFO] Epoch 23/50  iter 500/743  loss=0.1377  lr=3.28e-05
[00:32:41 INFO] Epoch 23/50  iter 550/743  loss=0.0937  lr=3.27e-05
[00:32:54 INFO] Epoch 23/50  iter 600/743  loss=0.2381  lr=3.26e-05
[00:33:08 INFO] Epoch 23/50  iter 650/743  loss=0.1636  lr=3.25e-05
[00:33:21 INFO] Epoch 23/50  iter 700/743  loss=0.1478  lr=3.25e-05
[00:33:33 INFO] Epoch 23 complete — avg_loss=0.1780  time=199s
[00:33:47 INFO] Epoch 24/50  iter 50/743  loss=0.1137  lr=3.23e-05
[00:34:00 INFO] Epoch 24/50  iter 100/743  loss=0.1300  lr=3.22e-05
[00:34:14 INFO] Epoch 24/50  iter 150/743  loss=0.2425  lr=3.22e-05
[00:34:27 INFO] Epoch 24/50  iter 200/743  loss=0.1104  lr=3.21e-05
[00:34:40 INFO] Epoch 24/50  iter 250/743  loss=0.1508  lr=3.20e-05
[00:34:54 INFO] Epoch 24/50  iter 300/743  loss=0.1895  lr=3.19e-05
[00:35:07 INFO] Epoch 24/50  iter 350/743  loss=0.0790  lr=3.18e-05
[00:35:20 INFO] Epoch 24/50  iter 400/743  loss=0.1395  lr=3.18e-05
[00:35:34 INFO] Epoch 24/50  iter 450/743  loss=0.0727  lr=3.17e-05
[00:35:47 INFO] Epoch 24/50  iter 500/743  loss=0.2234  lr=3.16e-05
[00:36:00 INFO] Epoch 24/50  iter 550/743  loss=0.9806  lr=3.15e-05
[00:36:14 INFO] Epoch 24/50  iter 600/743  loss=0.3071  lr=3.14e-05
[00:36:27 INFO] Epoch 24/50  iter 650/743  loss=0.0971  lr=3.13e-05
[00:36:40 INFO] Epoch 24/50  iter 700/743  loss=0.1955  lr=3.13e-05
[00:36:52 INFO] Epoch 24 complete — avg_loss=0.1760  time=199s
[00:37:07 INFO] Epoch 25/50  iter 50/743  loss=0.1567  lr=3.11e-05
[00:37:20 INFO] Epoch 25/50  iter 100/743  loss=0.0757  lr=3.10e-05
[00:37:33 INFO] Epoch 25/50  iter 150/743  loss=0.2080  lr=3.10e-05
[00:37:47 INFO] Epoch 25/50  iter 200/743  loss=0.1587  lr=3.09e-05
[00:38:00 INFO] Epoch 25/50  iter 250/743  loss=0.1123  lr=3.08e-05
[00:38:13 INFO] Epoch 25/50  iter 300/743  loss=0.2254  lr=3.07e-05
[00:38:27 INFO] Epoch 25/50  iter 350/743  loss=0.2491  lr=3.06e-05
[00:38:40 INFO] Epoch 25/50  iter 400/743  loss=0.1028  lr=3.06e-05
[00:38:53 INFO] Epoch 25/50  iter 450/743  loss=0.1436  lr=3.05e-05
[00:39:07 INFO] Epoch 25/50  iter 500/743  loss=0.0375  lr=3.04e-05
[00:39:20 INFO] Epoch 25/50  iter 550/743  loss=0.1323  lr=3.03e-05
[00:39:34 INFO] Epoch 25/50  iter 600/743  loss=0.1626  lr=3.02e-05
[00:39:47 INFO] Epoch 25/50  iter 650/743  loss=0.3899  lr=3.01e-05
[00:40:00 INFO] Epoch 25/50  iter 700/743  loss=0.1063  lr=3.01e-05
[00:40:12 INFO] Epoch 25 complete — avg_loss=0.1724  time=199s
[00:42:16 INFO]   val mIoU = 0.7400
[00:42:17 INFO]   ★ New best val mIoU: 0.7400
[00:42:31 INFO] Epoch 26/50  iter 50/743  loss=0.1515  lr=2.99e-05
[00:42:45 INFO] Epoch 26/50  iter 100/743  loss=0.1070  lr=2.98e-05
[00:42:58 INFO] Epoch 26/50  iter 150/743  loss=0.3353  lr=2.98e-05
[00:43:11 INFO] Epoch 26/50  iter 200/743  loss=0.2326  lr=2.97e-05
[00:43:25 INFO] Epoch 26/50  iter 250/743  loss=0.2441  lr=2.96e-05
[00:43:38 INFO] Epoch 26/50  iter 300/743  loss=0.1556  lr=2.95e-05
[00:43:52 INFO] Epoch 26/50  iter 350/743  loss=0.1839  lr=2.94e-05
[00:44:05 INFO] Epoch 26/50  iter 400/743  loss=0.1704  lr=2.94e-05
[00:44:19 INFO] Epoch 26/50  iter 450/743  loss=0.1945  lr=2.93e-05
[00:44:32 INFO] Epoch 26/50  iter 500/743  loss=0.2041  lr=2.92e-05
[00:44:45 INFO] Epoch 26/50  iter 550/743  loss=0.1324  lr=2.91e-05
[00:44:59 INFO] Epoch 26/50  iter 600/743  loss=0.1568  lr=2.90e-05
[00:45:12 INFO] Epoch 26/50  iter 650/743  loss=0.1288  lr=2.89e-05
[00:45:26 INFO] Epoch 26/50  iter 700/743  loss=0.2687  lr=2.89e-05
[00:45:37 INFO] Epoch 26 complete — avg_loss=0.1782  time=200s
[00:45:52 INFO] Epoch 27/50  iter 50/743  loss=0.1432  lr=2.87e-05
[00:46:05 INFO] Epoch 27/50  iter 100/743  loss=0.1453  lr=2.86e-05
[00:46:19 INFO] Epoch 27/50  iter 150/743  loss=0.1243  lr=2.86e-05
[00:46:32 INFO] Epoch 27/50  iter 200/743  loss=0.1165  lr=2.85e-05
[00:46:45 INFO] Epoch 27/50  iter 250/743  loss=0.1244  lr=2.84e-05
[00:46:59 INFO] Epoch 27/50  iter 300/743  loss=0.2313  lr=2.83e-05
[00:47:12 INFO] Epoch 27/50  iter 350/743  loss=0.1821  lr=2.82e-05
[00:47:25 INFO] Epoch 27/50  iter 400/743  loss=0.2502  lr=2.82e-05
[00:47:39 INFO] Epoch 27/50  iter 450/743  loss=0.0678  lr=2.81e-05
[00:47:52 INFO] Epoch 27/50  iter 500/743  loss=0.2269  lr=2.80e-05
[00:48:05 INFO] Epoch 27/50  iter 550/743  loss=0.2395  lr=2.79e-05
[00:48:19 INFO] Epoch 27/50  iter 600/743  loss=0.1098  lr=2.78e-05
[00:48:32 INFO] Epoch 27/50  iter 650/743  loss=0.6522  lr=2.77e-05
[00:48:46 INFO] Epoch 27/50  iter 700/743  loss=0.1239  lr=2.77e-05
[00:48:57 INFO] Epoch 27 complete — avg_loss=0.1651  time=199s
[00:49:12 INFO] Epoch 28/50  iter 50/743  loss=0.1256  lr=2.75e-05
[00:49:25 INFO] Epoch 28/50  iter 100/743  loss=0.1533  lr=2.74e-05
[00:49:38 INFO] Epoch 28/50  iter 150/743  loss=0.1411  lr=2.74e-05
[00:49:52 INFO] Epoch 28/50  iter 200/743  loss=0.1517  lr=2.73e-05
[00:50:05 INFO] Epoch 28/50  iter 250/743  loss=0.1260  lr=2.72e-05
[00:50:18 INFO] Epoch 28/50  iter 300/743  loss=0.2443  lr=2.71e-05
[00:50:32 INFO] Epoch 28/50  iter 350/743  loss=0.1707  lr=2.70e-05
[00:50:45 INFO] Epoch 28/50  iter 400/743  loss=0.1159  lr=2.70e-05
[00:50:58 INFO] Epoch 28/50  iter 450/743  loss=0.1242  lr=2.69e-05
[00:51:12 INFO] Epoch 28/50  iter 500/743  loss=0.1918  lr=2.68e-05
[00:51:25 INFO] Epoch 28/50  iter 550/743  loss=0.2356  lr=2.67e-05
[00:51:38 INFO] Epoch 28/50  iter 600/743  loss=0.4832  lr=2.66e-05
[00:51:52 INFO] Epoch 28/50  iter 650/743  loss=0.0717  lr=2.65e-05
[00:52:05 INFO] Epoch 28/50  iter 700/743  loss=0.1250  lr=2.65e-05
[00:52:17 INFO] Epoch 28 complete — avg_loss=0.1653  time=199s
[00:52:31 INFO] Epoch 29/50  iter 50/743  loss=0.1780  lr=2.63e-05
[00:52:45 INFO] Epoch 29/50  iter 100/743  loss=0.1873  lr=2.62e-05
[00:52:58 INFO] Epoch 29/50  iter 150/743  loss=0.1401  lr=2.62e-05
[00:53:11 INFO] Epoch 29/50  iter 200/743  loss=0.1300  lr=2.61e-05
[00:53:25 INFO] Epoch 29/50  iter 250/743  loss=0.0830  lr=2.60e-05
[00:53:38 INFO] Epoch 29/50  iter 300/743  loss=0.1790  lr=2.59e-05
[00:53:51 INFO] Epoch 29/50  iter 350/743  loss=0.1684  lr=2.58e-05
[00:54:05 INFO] Epoch 29/50  iter 400/743  loss=0.2249  lr=2.58e-05
[00:54:18 INFO] Epoch 29/50  iter 450/743  loss=0.1460  lr=2.57e-05
[00:54:32 INFO] Epoch 29/50  iter 500/743  loss=0.0715  lr=2.56e-05
[00:54:45 INFO] Epoch 29/50  iter 550/743  loss=0.2168  lr=2.55e-05
[00:54:58 INFO] Epoch 29/50  iter 600/743  loss=0.0684  lr=2.54e-05
[00:55:12 INFO] Epoch 29/50  iter 650/743  loss=0.1038  lr=2.53e-05
[00:55:25 INFO] Epoch 29/50  iter 700/743  loss=0.0902  lr=2.53e-05
[00:55:37 INFO] Epoch 29 complete — avg_loss=0.1660  time=199s
[00:55:51 INFO] Epoch 30/50  iter 50/743  loss=0.2441  lr=2.51e-05
[00:56:04 INFO] Epoch 30/50  iter 100/743  loss=0.0761  lr=2.50e-05
[00:56:18 INFO] Epoch 30/50  iter 150/743  loss=0.0383  lr=2.50e-05
[00:56:31 INFO] Epoch 30/50  iter 200/743  loss=0.0534  lr=2.49e-05
[00:56:44 INFO] Epoch 30/50  iter 250/743  loss=0.0723  lr=2.48e-05
[00:56:58 INFO] Epoch 30/50  iter 300/743  loss=0.1506  lr=2.47e-05
[00:57:11 INFO] Epoch 30/50  iter 350/743  loss=0.0691  lr=2.46e-05
[00:57:25 INFO] Epoch 30/50  iter 400/743  loss=0.1231  lr=2.46e-05
[00:57:38 INFO] Epoch 30/50  iter 450/743  loss=0.1621  lr=2.45e-05
[00:57:51 INFO] Epoch 30/50  iter 500/743  loss=0.0988  lr=2.44e-05
[00:58:05 INFO] Epoch 30/50  iter 550/743  loss=0.2700  lr=2.43e-05
[00:58:18 INFO] Epoch 30/50  iter 600/743  loss=0.1304  lr=2.42e-05
[00:58:31 INFO] Epoch 30/50  iter 650/743  loss=0.1864  lr=2.41e-05
[00:58:45 INFO] Epoch 30/50  iter 700/743  loss=0.1885  lr=2.41e-05
[00:58:56 INFO] Epoch 30 complete — avg_loss=0.1671  time=199s
[01:01:01 INFO]   val mIoU = 0.7516
[01:01:02 INFO]   ★ New best val mIoU: 0.7516
[01:01:16 INFO] Epoch 31/50  iter 50/743  loss=0.1328  lr=2.39e-05
[01:01:29 INFO] Epoch 31/50  iter 100/743  loss=0.1740  lr=2.38e-05
[01:01:43 INFO] Epoch 31/50  iter 150/743  loss=0.1697  lr=2.38e-05
[01:01:56 INFO] Epoch 31/50  iter 200/743  loss=0.5276  lr=2.37e-05
[01:02:10 INFO] Epoch 31/50  iter 250/743  loss=0.1312  lr=2.36e-05
[01:02:23 INFO] Epoch 31/50  iter 300/743  loss=0.3803  lr=2.35e-05
[01:02:36 INFO] Epoch 31/50  iter 350/743  loss=0.2973  lr=2.34e-05
[01:02:50 INFO] Epoch 31/50  iter 400/743  loss=0.0722  lr=2.34e-05
[01:03:03 INFO] Epoch 31/50  iter 450/743  loss=0.1627  lr=2.33e-05
[01:03:16 INFO] Epoch 31/50  iter 500/743  loss=0.1087  lr=2.32e-05
[01:03:30 INFO] Epoch 31/50  iter 550/743  loss=0.5066  lr=2.31e-05
[01:03:43 INFO] Epoch 31/50  iter 600/743  loss=0.1060  lr=2.30e-05
[01:03:56 INFO] Epoch 31/50  iter 650/743  loss=0.1652  lr=2.29e-05
[01:04:10 INFO] Epoch 31/50  iter 700/743  loss=0.1167  lr=2.29e-05
[01:04:21 INFO] Epoch 31 complete — avg_loss=0.1585  time=199s
[01:04:36 INFO] Epoch 32/50  iter 50/743  loss=0.1555  lr=2.27e-05
[01:04:49 INFO] Epoch 32/50  iter 100/743  loss=0.2592  lr=2.26e-05
[01:05:02 INFO] Epoch 32/50  iter 150/743  loss=0.0894  lr=2.26e-05
[01:05:16 INFO] Epoch 32/50  iter 200/743  loss=0.1400  lr=2.25e-05
[01:05:29 INFO] Epoch 32/50  iter 250/743  loss=0.1521  lr=2.24e-05
[01:05:42 INFO] Epoch 32/50  iter 300/743  loss=0.0524  lr=2.23e-05
[01:05:56 INFO] Epoch 32/50  iter 350/743  loss=0.3139  lr=2.22e-05
[01:06:09 INFO] Epoch 32/50  iter 400/743  loss=0.0992  lr=2.22e-05
[01:06:22 INFO] Epoch 32/50  iter 450/743  loss=0.0807  lr=2.21e-05
[01:06:36 INFO] Epoch 32/50  iter 500/743  loss=0.1998  lr=2.20e-05
[01:06:49 INFO] Epoch 32/50  iter 550/743  loss=0.1474  lr=2.19e-05
[01:07:03 INFO] Epoch 32/50  iter 600/743  loss=0.0972  lr=2.18e-05
[01:07:16 INFO] Epoch 32/50  iter 650/743  loss=0.1400  lr=2.17e-05
[01:07:29 INFO] Epoch 32/50  iter 700/743  loss=0.2033  lr=2.17e-05
[01:07:41 INFO] Epoch 32 complete — avg_loss=0.1575  time=199s
[01:07:55 INFO] Epoch 33/50  iter 50/743  loss=0.1789  lr=2.15e-05
[01:08:09 INFO] Epoch 33/50  iter 100/743  loss=0.1185  lr=2.14e-05
[01:08:22 INFO] Epoch 33/50  iter 150/743  loss=0.1326  lr=2.14e-05
[01:08:35 INFO] Epoch 33/50  iter 200/743  loss=0.0624  lr=2.13e-05
[01:08:49 INFO] Epoch 33/50  iter 250/743  loss=0.0567  lr=2.12e-05
[01:09:02 INFO] Epoch 33/50  iter 300/743  loss=0.1405  lr=2.11e-05
[01:09:15 INFO] Epoch 33/50  iter 350/743  loss=0.3037  lr=2.10e-05
[01:09:29 INFO] Epoch 33/50  iter 400/743  loss=0.1699  lr=2.10e-05
[01:09:42 INFO] Epoch 33/50  iter 450/743  loss=0.1581  lr=2.09e-05
[01:09:55 INFO] Epoch 33/50  iter 500/743  loss=0.0962  lr=2.08e-05
[01:10:09 INFO] Epoch 33/50  iter 550/743  loss=0.1863  lr=2.07e-05
[01:10:22 INFO] Epoch 33/50  iter 600/743  loss=0.0555  lr=2.06e-05
[01:10:35 INFO] Epoch 33/50  iter 650/743  loss=0.1150  lr=2.05e-05
[01:10:49 INFO] Epoch 33/50  iter 700/743  loss=0.0453  lr=2.05e-05
[01:11:00 INFO] Epoch 33 complete — avg_loss=0.1597  time=199s
[01:11:15 INFO] Epoch 34/50  iter 50/743  loss=0.0580  lr=2.03e-05
[01:11:28 INFO] Epoch 34/50  iter 100/743  loss=0.1780  lr=2.02e-05
[01:11:42 INFO] Epoch 34/50  iter 150/743  loss=0.1240  lr=2.02e-05
[01:11:55 INFO] Epoch 34/50  iter 200/743  loss=0.1488  lr=2.01e-05
[01:12:08 INFO] Epoch 34/50  iter 250/743  loss=0.1877  lr=2.00e-05
[01:12:22 INFO] Epoch 34/50  iter 300/743  loss=0.1963  lr=1.99e-05
[01:12:35 INFO] Epoch 34/50  iter 350/743  loss=0.2005  lr=1.98e-05
[01:12:49 INFO] Epoch 34/50  iter 400/743  loss=0.1230  lr=1.98e-05
[01:13:02 INFO] Epoch 34/50  iter 450/743  loss=0.1271  lr=1.97e-05
[01:13:15 INFO] Epoch 34/50  iter 500/743  loss=0.1240  lr=1.96e-05
[01:13:29 INFO] Epoch 34/50  iter 550/743  loss=0.1476  lr=1.95e-05
[01:13:42 INFO] Epoch 34/50  iter 600/743  loss=0.3247  lr=1.94e-05
[01:13:55 INFO] Epoch 34/50  iter 650/743  loss=0.1153  lr=1.93e-05
[01:14:09 INFO] Epoch 34/50  iter 700/743  loss=0.1090  lr=1.93e-05
[01:14:20 INFO] Epoch 34 complete — avg_loss=0.1634  time=199s
[01:14:35 INFO] Epoch 35/50  iter 50/743  loss=0.0762  lr=1.91e-05
[01:14:48 INFO] Epoch 35/50  iter 100/743  loss=0.2048  lr=1.90e-05
[01:15:02 INFO] Epoch 35/50  iter 150/743  loss=0.1334  lr=1.90e-05
[01:15:15 INFO] Epoch 35/50  iter 200/743  loss=0.1522  lr=1.89e-05
[01:15:28 INFO] Epoch 35/50  iter 250/743  loss=0.1171  lr=1.88e-05
[01:15:42 INFO] Epoch 35/50  iter 300/743  loss=0.1790  lr=1.87e-05
[01:15:55 INFO] Epoch 35/50  iter 350/743  loss=0.1335  lr=1.86e-05
[01:16:08 INFO] Epoch 35/50  iter 400/743  loss=0.1095  lr=1.86e-05
[01:16:22 INFO] Epoch 35/50  iter 450/743  loss=0.3123  lr=1.85e-05
[01:16:35 INFO] Epoch 35/50  iter 500/743  loss=0.1917  lr=1.84e-05
[01:16:49 INFO] Epoch 35/50  iter 550/743  loss=0.9939  lr=1.83e-05
[01:17:02 INFO] Epoch 35/50  iter 600/743  loss=0.1180  lr=1.82e-05
[01:17:15 INFO] Epoch 35/50  iter 650/743  loss=0.1571  lr=1.81e-05
[01:17:29 INFO] Epoch 35/50  iter 700/743  loss=0.0957  lr=1.81e-05
[01:17:40 INFO] Epoch 35 complete — avg_loss=0.1550  time=199s
[01:19:43 INFO]   val mIoU = 0.7564
[01:19:44 INFO]   ★ New best val mIoU: 0.7564
[01:19:58 INFO] Epoch 36/50  iter 50/743  loss=0.1591  lr=1.79e-05
[01:20:12 INFO] Epoch 36/50  iter 100/743  loss=0.2523  lr=1.78e-05
[01:20:25 INFO] Epoch 36/50  iter 150/743  loss=0.1577  lr=1.78e-05
[01:20:38 INFO] Epoch 36/50  iter 200/743  loss=0.1237  lr=1.77e-05
[01:20:52 INFO] Epoch 36/50  iter 250/743  loss=0.0806  lr=1.76e-05
[01:21:05 INFO] Epoch 36/50  iter 300/743  loss=0.1240  lr=1.75e-05
[01:21:19 INFO] Epoch 36/50  iter 350/743  loss=0.0881  lr=1.74e-05
[01:21:32 INFO] Epoch 36/50  iter 400/743  loss=0.0636  lr=1.74e-05
[01:21:45 INFO] Epoch 36/50  iter 450/743  loss=0.1099  lr=1.73e-05
[01:21:59 INFO] Epoch 36/50  iter 500/743  loss=0.1481  lr=1.72e-05
[01:22:12 INFO] Epoch 36/50  iter 550/743  loss=0.1447  lr=1.71e-05
[01:22:25 INFO] Epoch 36/50  iter 600/743  loss=0.0872  lr=1.70e-05
[01:22:39 INFO] Epoch 36/50  iter 650/743  loss=0.0463  lr=1.69e-05
[01:22:52 INFO] Epoch 36/50  iter 700/743  loss=0.1985  lr=1.69e-05
[01:23:04 INFO] Epoch 36 complete — avg_loss=0.1493  time=199s
[01:23:18 INFO] Epoch 37/50  iter 50/743  loss=0.1045  lr=1.67e-05
[01:23:32 INFO] Epoch 37/50  iter 100/743  loss=0.1481  lr=1.66e-05
[01:23:45 INFO] Epoch 37/50  iter 150/743  loss=0.1061  lr=1.66e-05
[01:23:58 INFO] Epoch 37/50  iter 200/743  loss=0.1780  lr=1.65e-05
[01:24:12 INFO] Epoch 37/50  iter 250/743  loss=0.0816  lr=1.64e-05
[01:24:25 INFO] Epoch 37/50  iter 300/743  loss=0.1535  lr=1.63e-05
[01:24:38 INFO] Epoch 37/50  iter 350/743  loss=0.1516  lr=1.62e-05
[01:24:52 INFO] Epoch 37/50  iter 400/743  loss=0.2805  lr=1.62e-05
[01:25:05 INFO] Epoch 37/50  iter 450/743  loss=0.1492  lr=1.61e-05
[01:25:19 INFO] Epoch 37/50  iter 500/743  loss=0.1543  lr=1.60e-05
[01:25:32 INFO] Epoch 37/50  iter 550/743  loss=0.2268  lr=1.59e-05
[01:25:45 INFO] Epoch 37/50  iter 600/743  loss=0.1513  lr=1.58e-05
[01:25:59 INFO] Epoch 37/50  iter 650/743  loss=0.1464  lr=1.57e-05
[01:26:12 INFO] Epoch 37/50  iter 700/743  loss=0.1348  lr=1.57e-05
[01:26:24 INFO] Epoch 37 complete — avg_loss=0.1571  time=199s
[01:26:38 INFO] Epoch 38/50  iter 50/743  loss=0.2774  lr=1.55e-05
[01:26:51 INFO] Epoch 38/50  iter 100/743  loss=0.0595  lr=1.54e-05
[01:27:05 INFO] Epoch 38/50  iter 150/743  loss=0.1123  lr=1.54e-05
[01:27:18 INFO] Epoch 38/50  iter 200/743  loss=0.0667  lr=1.53e-05
[01:27:32 INFO] Epoch 38/50  iter 250/743  loss=0.1487  lr=1.52e-05
[01:27:45 INFO] Epoch 38/50  iter 300/743  loss=0.1243  lr=1.51e-05
[01:27:58 INFO] Epoch 38/50  iter 350/743  loss=0.1849  lr=1.50e-05
[01:28:12 INFO] Epoch 38/50  iter 400/743  loss=0.0520  lr=1.50e-05
[01:28:25 INFO] Epoch 38/50  iter 450/743  loss=0.1678  lr=1.49e-05
[01:28:38 INFO] Epoch 38/50  iter 500/743  loss=0.3082  lr=1.48e-05
[01:28:52 INFO] Epoch 38/50  iter 550/743  loss=0.1863  lr=1.47e-05
[01:29:05 INFO] Epoch 38/50  iter 600/743  loss=0.2463  lr=1.46e-05
[01:29:19 INFO] Epoch 38/50  iter 650/743  loss=0.1170  lr=1.45e-05
[01:29:32 INFO] Epoch 38/50  iter 700/743  loss=0.0903  lr=1.45e-05
[01:29:44 INFO] Epoch 38 complete — avg_loss=0.1551  time=199s
[01:29:58 INFO] Epoch 39/50  iter 50/743  loss=0.0615  lr=1.43e-05
[01:30:11 INFO] Epoch 39/50  iter 100/743  loss=0.0527  lr=1.42e-05
[01:30:25 INFO] Epoch 39/50  iter 150/743  loss=0.1130  lr=1.42e-05
[01:30:38 INFO] Epoch 39/50  iter 200/743  loss=0.6226  lr=1.41e-05
[01:30:51 INFO] Epoch 39/50  iter 250/743  loss=0.1310  lr=1.40e-05
[01:31:05 INFO] Epoch 39/50  iter 300/743  loss=0.1585  lr=1.39e-05
[01:31:18 INFO] Epoch 39/50  iter 350/743  loss=0.2306  lr=1.38e-05
[01:31:32 INFO] Epoch 39/50  iter 400/743  loss=0.1671  lr=1.38e-05
[01:31:45 INFO] Epoch 39/50  iter 450/743  loss=0.3425  lr=1.37e-05
[01:31:58 INFO] Epoch 39/50  iter 500/743  loss=0.1106  lr=1.36e-05
[01:32:12 INFO] Epoch 39/50  iter 550/743  loss=0.1970  lr=1.35e-05
[01:32:25 INFO] Epoch 39/50  iter 600/743  loss=0.3585  lr=1.34e-05
[01:32:38 INFO] Epoch 39/50  iter 650/743  loss=0.1297  lr=1.33e-05
[01:32:52 INFO] Epoch 39/50  iter 700/743  loss=0.1802  lr=1.33e-05
[01:33:03 INFO] Epoch 39 complete — avg_loss=0.1503  time=199s
[01:33:18 INFO] Epoch 40/50  iter 50/743  loss=1.6520  lr=1.31e-05
[01:33:31 INFO] Epoch 40/50  iter 100/743  loss=0.1137  lr=1.30e-05
[01:33:45 INFO] Epoch 40/50  iter 150/743  loss=0.0482  lr=1.30e-05
[01:33:58 INFO] Epoch 40/50  iter 200/743  loss=0.1174  lr=1.29e-05
[01:34:11 INFO] Epoch 40/50  iter 250/743  loss=0.2348  lr=1.28e-05
[01:34:25 INFO] Epoch 40/50  iter 300/743  loss=0.1433  lr=1.27e-05
[01:34:38 INFO] Epoch 40/50  iter 350/743  loss=0.5258  lr=1.26e-05
[01:34:52 INFO] Epoch 40/50  iter 400/743  loss=0.1151  lr=1.26e-05
[01:35:05 INFO] Epoch 40/50  iter 450/743  loss=0.1400  lr=1.25e-05
[01:35:18 INFO] Epoch 40/50  iter 500/743  loss=0.2752  lr=1.24e-05
[01:35:32 INFO] Epoch 40/50  iter 550/743  loss=0.2111  lr=1.23e-05
[01:35:45 INFO] Epoch 40/50  iter 600/743  loss=0.2154  lr=1.22e-05
[01:35:58 INFO] Epoch 40/50  iter 650/743  loss=0.1820  lr=1.21e-05
[01:36:12 INFO] Epoch 40/50  iter 700/743  loss=0.0772  lr=1.21e-05
[01:36:23 INFO] Epoch 40 complete — avg_loss=0.1518  time=199s
[01:38:28 INFO]   val mIoU = 0.7637
[01:38:29 INFO]   ★ New best val mIoU: 0.7637
[01:38:43 INFO] Epoch 41/50  iter 50/743  loss=0.1054  lr=1.19e-05
[01:38:56 INFO] Epoch 41/50  iter 100/743  loss=0.1085  lr=1.18e-05
[01:39:10 INFO] Epoch 41/50  iter 150/743  loss=0.0716  lr=1.18e-05
[01:39:23 INFO] Epoch 41/50  iter 200/743  loss=0.0765  lr=1.17e-05
[01:39:36 INFO] Epoch 41/50  iter 250/743  loss=0.1499  lr=1.16e-05
[01:39:50 INFO] Epoch 41/50  iter 300/743  loss=0.1113  lr=1.15e-05
[01:40:03 INFO] Epoch 41/50  iter 350/743  loss=0.1109  lr=1.14e-05
[01:40:16 INFO] Epoch 41/50  iter 400/743  loss=0.1332  lr=1.14e-05
[01:40:30 INFO] Epoch 41/50  iter 450/743  loss=0.1750  lr=1.13e-05
[01:40:43 INFO] Epoch 41/50  iter 500/743  loss=0.0840  lr=1.12e-05
[01:40:56 INFO] Epoch 41/50  iter 550/743  loss=0.0674  lr=1.11e-05
[01:41:10 INFO] Epoch 41/50  iter 600/743  loss=0.1571  lr=1.10e-05
[01:41:23 INFO] Epoch 41/50  iter 650/743  loss=0.2436  lr=1.09e-05
[01:41:36 INFO] Epoch 41/50  iter 700/743  loss=0.1053  lr=1.09e-05
[01:41:48 INFO] Epoch 41 complete — avg_loss=0.1470  time=199s
[01:42:03 INFO] Epoch 42/50  iter 50/743  loss=0.1006  lr=1.07e-05
[01:42:16 INFO] Epoch 42/50  iter 100/743  loss=0.1323  lr=1.06e-05
[01:42:29 INFO] Epoch 42/50  iter 150/743  loss=0.1748  lr=1.06e-05
[01:42:43 INFO] Epoch 42/50  iter 200/743  loss=0.1705  lr=1.05e-05
[01:42:56 INFO] Epoch 42/50  iter 250/743  loss=0.1047  lr=1.04e-05
[01:43:09 INFO] Epoch 42/50  iter 300/743  loss=0.2091  lr=1.03e-05
[01:43:23 INFO] Epoch 42/50  iter 350/743  loss=0.1127  lr=1.02e-05
[01:43:36 INFO] Epoch 42/50  iter 400/743  loss=0.1449  lr=1.02e-05
[01:43:49 INFO] Epoch 42/50  iter 450/743  loss=0.0750  lr=1.01e-05
[01:44:03 INFO] Epoch 42/50  iter 500/743  loss=0.0828  lr=9.99e-06
[01:44:16 INFO] Epoch 42/50  iter 550/743  loss=0.0962  lr=9.91e-06
[01:44:29 INFO] Epoch 42/50  iter 600/743  loss=0.1110  lr=9.83e-06
[01:44:43 INFO] Epoch 42/50  iter 650/743  loss=0.0827  lr=9.75e-06
[01:44:56 INFO] Epoch 42/50  iter 700/743  loss=0.1248  lr=9.67e-06
[01:45:08 INFO] Epoch 42 complete — avg_loss=0.1424  time=199s
[01:45:22 INFO] Epoch 43/50  iter 50/743  loss=0.0650  lr=9.52e-06
[01:45:36 INFO] Epoch 43/50  iter 100/743  loss=0.1898  lr=9.44e-06
[01:45:49 INFO] Epoch 43/50  iter 150/743  loss=0.1435  lr=9.36e-06
[01:46:02 INFO] Epoch 43/50  iter 200/743  loss=0.0909  lr=9.28e-06
[01:46:16 INFO] Epoch 43/50  iter 250/743  loss=0.1301  lr=9.19e-06
[01:46:29 INFO] Epoch 43/50  iter 300/743  loss=0.1541  lr=9.11e-06
[01:46:42 INFO] Epoch 43/50  iter 350/743  loss=0.1296  lr=9.03e-06
[01:46:56 INFO] Epoch 43/50  iter 400/743  loss=0.0919  lr=8.95e-06
[01:47:09 INFO] Epoch 43/50  iter 450/743  loss=0.0947  lr=8.87e-06
[01:47:22 INFO] Epoch 43/50  iter 500/743  loss=0.1320  lr=8.79e-06
[01:47:36 INFO] Epoch 43/50  iter 550/743  loss=0.0986  lr=8.71e-06
[01:47:49 INFO] Epoch 43/50  iter 600/743  loss=0.0772  lr=8.63e-06
[01:48:02 INFO] Epoch 43/50  iter 650/743  loss=0.2191  lr=8.55e-06
[01:48:16 INFO] Epoch 43/50  iter 700/743  loss=0.1237  lr=8.47e-06
[01:48:27 INFO] Epoch 43 complete — avg_loss=0.1490  time=199s
[01:48:42 INFO] Epoch 44/50  iter 50/743  loss=0.0968  lr=8.32e-06
[01:48:55 INFO] Epoch 44/50  iter 100/743  loss=0.1514  lr=8.24e-06
[01:49:09 INFO] Epoch 44/50  iter 150/743  loss=0.2311  lr=8.16e-06
[01:49:22 INFO] Epoch 44/50  iter 200/743  loss=0.1363  lr=8.08e-06
[01:49:35 INFO] Epoch 44/50  iter 250/743  loss=0.1381  lr=7.99e-06
[01:49:49 INFO] Epoch 44/50  iter 300/743  loss=0.1051  lr=7.91e-06
[01:50:02 INFO] Epoch 44/50  iter 350/743  loss=0.0862  lr=7.83e-06
[01:50:15 INFO] Epoch 44/50  iter 400/743  loss=0.2638  lr=7.75e-06
[01:50:29 INFO] Epoch 44/50  iter 450/743  loss=0.1556  lr=7.67e-06
[01:50:42 INFO] Epoch 44/50  iter 500/743  loss=0.1327  lr=7.59e-06
[01:50:55 INFO] Epoch 44/50  iter 550/743  loss=0.2281  lr=7.51e-06
[01:51:09 INFO] Epoch 44/50  iter 600/743  loss=0.1434  lr=7.43e-06
[01:51:22 INFO] Epoch 44/50  iter 650/743  loss=0.1284  lr=7.35e-06
[01:51:36 INFO] Epoch 44/50  iter 700/743  loss=0.0890  lr=7.27e-06
[01:51:47 INFO] Epoch 44 complete — avg_loss=0.1439  time=199s
[01:52:02 INFO] Epoch 45/50  iter 50/743  loss=0.0385  lr=7.12e-06
[01:52:15 INFO] Epoch 45/50  iter 100/743  loss=0.1442  lr=7.04e-06
[01:52:28 INFO] Epoch 45/50  iter 150/743  loss=0.1184  lr=6.96e-06
[01:52:42 INFO] Epoch 45/50  iter 200/743  loss=0.1607  lr=6.88e-06
[01:52:55 INFO] Epoch 45/50  iter 250/743  loss=0.1357  lr=6.79e-06
[01:53:08 INFO] Epoch 45/50  iter 300/743  loss=0.1554  lr=6.71e-06
[01:53:22 INFO] Epoch 45/50  iter 350/743  loss=0.0957  lr=6.63e-06
[01:53:35 INFO] Epoch 45/50  iter 400/743  loss=0.1654  lr=6.55e-06
[01:53:48 INFO] Epoch 45/50  iter 450/743  loss=0.0865  lr=6.47e-06
[01:54:02 INFO] Epoch 45/50  iter 500/743  loss=0.2180  lr=6.39e-06
[01:54:15 INFO] Epoch 45/50  iter 550/743  loss=0.2582  lr=6.31e-06
[01:54:28 INFO] Epoch 45/50  iter 600/743  loss=0.1926  lr=6.23e-06
[01:54:42 INFO] Epoch 45/50  iter 650/743  loss=0.1268  lr=6.15e-06
[01:54:55 INFO] Epoch 45/50  iter 700/743  loss=0.0875  lr=6.07e-06
[01:55:07 INFO] Epoch 45 complete — avg_loss=0.1437  time=199s
[01:57:10 INFO]   val mIoU = 0.7680
[01:57:11 INFO]   ★ New best val mIoU: 0.7680
[01:57:25 INFO] Epoch 46/50  iter 50/743  loss=0.1043  lr=5.92e-06
[01:57:38 INFO] Epoch 46/50  iter 100/743  loss=0.0864  lr=5.84e-06
[01:57:52 INFO] Epoch 46/50  iter 150/743  loss=0.1871  lr=5.76e-06
[01:58:05 INFO] Epoch 46/50  iter 200/743  loss=0.1133  lr=5.68e-06
[01:58:18 INFO] Epoch 46/50  iter 250/743  loss=0.1927  lr=5.59e-06
[01:58:32 INFO] Epoch 46/50  iter 300/743  loss=0.1270  lr=5.51e-06
[01:58:45 INFO] Epoch 46/50  iter 350/743  loss=0.1475  lr=5.43e-06
[01:58:58 INFO] Epoch 46/50  iter 400/743  loss=0.1482  lr=5.35e-06
[01:59:12 INFO] Epoch 46/50  iter 450/743  loss=0.0932  lr=5.27e-06
[01:59:25 INFO] Epoch 46/50  iter 500/743  loss=0.0836  lr=5.19e-06
[01:59:38 INFO] Epoch 46/50  iter 550/743  loss=1.0658  lr=5.11e-06
[01:59:52 INFO] Epoch 46/50  iter 600/743  loss=0.1520  lr=5.03e-06
[02:00:05 INFO] Epoch 46/50  iter 650/743  loss=0.2653  lr=4.95e-06
[02:00:18 INFO] Epoch 46/50  iter 700/743  loss=0.0662  lr=4.87e-06
[02:00:30 INFO] Epoch 46 complete — avg_loss=0.1449  time=199s
[02:00:44 INFO] Epoch 47/50  iter 50/743  loss=0.1416  lr=4.72e-06
[02:00:58 INFO] Epoch 47/50  iter 100/743  loss=0.0649  lr=4.64e-06
[02:01:11 INFO] Epoch 47/50  iter 150/743  loss=0.0969  lr=4.56e-06
[02:01:24 INFO] Epoch 47/50  iter 200/743  loss=0.1524  lr=4.48e-06
[02:01:38 INFO] Epoch 47/50  iter 250/743  loss=0.1112  lr=4.39e-06
[02:01:51 INFO] Epoch 47/50  iter 300/743  loss=0.2163  lr=4.31e-06
[02:02:04 INFO] Epoch 47/50  iter 350/743  loss=0.1689  lr=4.23e-06
[02:02:18 INFO] Epoch 47/50  iter 400/743  loss=0.1193  lr=4.15e-06
[02:02:31 INFO] Epoch 47/50  iter 450/743  loss=0.1969  lr=4.07e-06
[02:02:45 INFO] Epoch 47/50  iter 500/743  loss=0.1160  lr=3.99e-06
[02:02:58 INFO] Epoch 47/50  iter 550/743  loss=0.1313  lr=3.91e-06
[02:03:11 INFO] Epoch 47/50  iter 600/743  loss=0.3216  lr=3.83e-06
[02:03:25 INFO] Epoch 47/50  iter 650/743  loss=0.1371  lr=3.75e-06
[02:03:38 INFO] Epoch 47/50  iter 700/743  loss=0.0924  lr=3.67e-06
[02:03:49 INFO] Epoch 47 complete — avg_loss=0.1431  time=199s
[02:04:04 INFO] Epoch 48/50  iter 50/743  loss=0.1023  lr=3.52e-06
[02:04:17 INFO] Epoch 48/50  iter 100/743  loss=0.1039  lr=3.44e-06
[02:04:31 INFO] Epoch 48/50  iter 150/743  loss=0.1140  lr=3.36e-06
[02:04:44 INFO] Epoch 48/50  iter 200/743  loss=0.3120  lr=3.28e-06
[02:04:58 INFO] Epoch 48/50  iter 250/743  loss=0.0852  lr=3.19e-06
[02:05:11 INFO] Epoch 48/50  iter 300/743  loss=0.0984  lr=3.11e-06
[02:05:24 INFO] Epoch 48/50  iter 350/743  loss=0.1483  lr=3.03e-06
[02:05:38 INFO] Epoch 48/50  iter 400/743  loss=0.2336  lr=2.95e-06
[02:05:51 INFO] Epoch 48/50  iter 450/743  loss=0.0954  lr=2.87e-06
[02:06:05 INFO] Epoch 48/50  iter 500/743  loss=0.1334  lr=2.79e-06
[02:06:18 INFO] Epoch 48/50  iter 550/743  loss=0.1043  lr=2.71e-06
[02:06:31 INFO] Epoch 48/50  iter 600/743  loss=0.1780  lr=2.63e-06
[02:06:45 INFO] Epoch 48/50  iter 650/743  loss=0.1001  lr=2.55e-06
[02:06:58 INFO] Epoch 48/50  iter 700/743  loss=0.2035  lr=2.47e-06
[02:07:10 INFO] Epoch 48 complete — avg_loss=0.1426  time=200s
[02:07:24 INFO] Epoch 49/50  iter 50/743  loss=0.1038  lr=2.32e-06
[02:07:38 INFO] Epoch 49/50  iter 100/743  loss=0.1619  lr=2.24e-06
[02:07:51 INFO] Epoch 49/50  iter 150/743  loss=0.1472  lr=2.16e-06
[02:08:04 INFO] Epoch 49/50  iter 200/743  loss=0.1550  lr=2.08e-06
[02:08:18 INFO] Epoch 49/50  iter 250/743  loss=0.2352  lr=1.99e-06
[02:08:31 INFO] Epoch 49/50  iter 300/743  loss=0.1190  lr=1.91e-06
[02:08:44 INFO] Epoch 49/50  iter 350/743  loss=0.1550  lr=1.83e-06
[02:08:58 INFO] Epoch 49/50  iter 400/743  loss=0.1888  lr=1.75e-06
[02:09:11 INFO] Epoch 49/50  iter 450/743  loss=0.0719  lr=1.67e-06
[02:09:24 INFO] Epoch 49/50  iter 500/743  loss=0.0972  lr=1.59e-06
[02:09:38 INFO] Epoch 49/50  iter 550/743  loss=0.1682  lr=1.51e-06
[02:09:51 INFO] Epoch 49/50  iter 600/743  loss=0.0685  lr=1.43e-06
[02:10:04 INFO] Epoch 49/50  iter 650/743  loss=0.1122  lr=1.35e-06
[02:10:18 INFO] Epoch 49/50  iter 700/743  loss=0.1022  lr=1.27e-06
[02:10:29 INFO] Epoch 49 complete — avg_loss=0.1404  time=199s
[02:10:44 INFO] Epoch 50/50  iter 50/743  loss=0.1529  lr=1.12e-06
[02:10:57 INFO] Epoch 50/50  iter 100/743  loss=0.1700  lr=1.04e-06
[02:11:10 INFO] Epoch 50/50  iter 150/743  loss=0.0488  lr=9.56e-07
[02:11:24 INFO] Epoch 50/50  iter 200/743  loss=0.1716  lr=8.75e-07
[02:11:37 INFO] Epoch 50/50  iter 250/743  loss=0.1007  lr=7.95e-07
