=== Fog Augmentation Experiment Sweep ===
Timestamp: Sat Jun 20 03:44:31 CEST 2026
Configs: 11

>>> Training: configs/baseline.yaml
[03:44:42 INFO] Device: cuda
/usr/lib64/python3.11/tarfile.py:2303: RuntimeWarning: The default behavior of tarfile extraction has been changed to disallow common exploits (including CVE-2007-4559). By default, absolute/parent paths are disallowed and some mode bits are cleared. See https://access.redhat.com/articles/7004769 for more details.
  warnings.warn(
Model backend: smp
[03:44:50 INFO] Train: 2975 samples  |  Val: 500 samples
[03:45:03 INFO] Epoch 1/50  iter 50/743  loss=1.4362  lr=5.99e-05
[03:45:15 INFO] Epoch 1/50  iter 100/743  loss=1.0559  lr=5.98e-05
[03:45:27 INFO] Epoch 1/50  iter 150/743  loss=0.9647  lr=5.98e-05
[03:45:40 INFO] Epoch 1/50  iter 200/743  loss=0.5862  lr=5.97e-05
[03:45:52 INFO] Epoch 1/50  iter 250/743  loss=1.1876  lr=5.96e-05
[03:46:05 INFO] Epoch 1/50  iter 300/743  loss=0.5245  lr=5.95e-05
[03:46:17 INFO] Epoch 1/50  iter 350/743  loss=1.3885  lr=5.94e-05
[03:46:30 INFO] Epoch 1/50  iter 400/743  loss=0.4235  lr=5.94e-05
[03:46:42 INFO] Epoch 1/50  iter 450/743  loss=0.4821  lr=5.93e-05
[03:46:55 INFO] Epoch 1/50  iter 500/743  loss=0.5121  lr=5.92e-05
[03:47:07 INFO] Epoch 1/50  iter 550/743  loss=0.2850  lr=5.91e-05
[03:47:20 INFO] Epoch 1/50  iter 600/743  loss=0.4000  lr=5.90e-05
[03:47:32 INFO] Epoch 1/50  iter 650/743  loss=0.8585  lr=5.89e-05
[03:47:45 INFO] Epoch 1/50  iter 700/743  loss=0.5476  lr=5.89e-05
[03:47:56 INFO] Epoch 1 complete — avg_loss=0.7806  time=186s
[03:48:10 INFO] Epoch 2/50  iter 50/743  loss=0.7573  lr=5.87e-05
[03:48:22 INFO] Epoch 2/50  iter 100/743  loss=0.2465  lr=5.86e-05
[03:48:35 INFO] Epoch 2/50  iter 150/743  loss=0.2375  lr=5.86e-05
[03:48:47 INFO] Epoch 2/50  iter 200/743  loss=0.3183  lr=5.85e-05
[03:49:00 INFO] Epoch 2/50  iter 250/743  loss=0.4611  lr=5.84e-05
[03:49:12 INFO] Epoch 2/50  iter 300/743  loss=0.3815  lr=5.83e-05
[03:49:25 INFO] Epoch 2/50  iter 350/743  loss=0.2033  lr=5.82e-05
[03:49:37 INFO] Epoch 2/50  iter 400/743  loss=0.3865  lr=5.82e-05
[03:49:50 INFO] Epoch 2/50  iter 450/743  loss=0.2896  lr=5.81e-05
[03:50:02 INFO] Epoch 2/50  iter 500/743  loss=0.8193  lr=5.80e-05
[03:50:15 INFO] Epoch 2/50  iter 550/743  loss=0.4312  lr=5.79e-05
[03:50:28 INFO] Epoch 2/50  iter 600/743  loss=0.3063  lr=5.78e-05
[03:50:40 INFO] Epoch 2/50  iter 650/743  loss=0.5198  lr=5.77e-05
[03:50:53 INFO] Epoch 2/50  iter 700/743  loss=0.1622  lr=5.77e-05
[03:51:04 INFO] Epoch 2 complete — avg_loss=0.3997  time=187s
[03:51:17 INFO] Epoch 3/50  iter 50/743  loss=0.2605  lr=5.75e-05
[03:51:30 INFO] Epoch 3/50  iter 100/743  loss=0.2852  lr=5.74e-05
[03:51:42 INFO] Epoch 3/50  iter 150/743  loss=0.2968  lr=5.74e-05
[03:51:55 INFO] Epoch 3/50  iter 200/743  loss=0.2650  lr=5.73e-05
[03:52:07 INFO] Epoch 3/50  iter 250/743  loss=0.3143  lr=5.72e-05
[03:52:20 INFO] Epoch 3/50  iter 300/743  loss=0.3000  lr=5.71e-05
[03:52:32 INFO] Epoch 3/50  iter 350/743  loss=0.2266  lr=5.70e-05
[03:52:45 INFO] Epoch 3/50  iter 400/743  loss=0.2819  lr=5.70e-05
[03:52:58 INFO] Epoch 3/50  iter 450/743  loss=0.2449  lr=5.69e-05
[03:53:10 INFO] Epoch 3/50  iter 500/743  loss=0.2098  lr=5.68e-05
[03:53:23 INFO] Epoch 3/50  iter 550/743  loss=0.3241  lr=5.67e-05
[03:53:35 INFO] Epoch 3/50  iter 600/743  loss=0.4036  lr=5.66e-05
[03:53:48 INFO] Epoch 3/50  iter 650/743  loss=0.2097  lr=5.65e-05
[03:54:00 INFO] Epoch 3/50  iter 700/743  loss=0.3959  lr=5.65e-05
[03:54:11 INFO] Epoch 3 complete — avg_loss=0.3363  time=187s
[03:54:25 INFO] Epoch 4/50  iter 50/743  loss=0.2326  lr=5.63e-05
[03:54:38 INFO] Epoch 4/50  iter 100/743  loss=0.1807  lr=5.62e-05
[03:54:50 INFO] Epoch 4/50  iter 150/743  loss=0.2172  lr=5.62e-05
[03:55:03 INFO] Epoch 4/50  iter 200/743  loss=0.2125  lr=5.61e-05
[03:55:15 INFO] Epoch 4/50  iter 250/743  loss=0.3101  lr=5.60e-05
[03:55:28 INFO] Epoch 4/50  iter 300/743  loss=0.2800  lr=5.59e-05
[03:55:40 INFO] Epoch 4/50  iter 350/743  loss=0.2534  lr=5.58e-05
[03:55:53 INFO] Epoch 4/50  iter 400/743  loss=0.3039  lr=5.58e-05
[03:56:05 INFO] Epoch 4/50  iter 450/743  loss=0.2094  lr=5.57e-05
[03:56:18 INFO] Epoch 4/50  iter 500/743  loss=0.1753  lr=5.56e-05
[03:56:31 INFO] Epoch 4/50  iter 550/743  loss=0.3611  lr=5.55e-05
[03:56:43 INFO] Epoch 4/50  iter 600/743  loss=0.2652  lr=5.54e-05
[03:56:56 INFO] Epoch 4/50  iter 650/743  loss=0.2382  lr=5.53e-05
[03:57:08 INFO] Epoch 4/50  iter 700/743  loss=0.2944  lr=5.53e-05
[03:57:19 INFO] Epoch 4 complete — avg_loss=0.2981  time=187s
[03:57:33 INFO] Epoch 5/50  iter 50/743  loss=0.1798  lr=5.51e-05
[03:57:45 INFO] Epoch 5/50  iter 100/743  loss=0.1621  lr=5.50e-05
[03:57:58 INFO] Epoch 5/50  iter 150/743  loss=0.1212  lr=5.50e-05
[03:58:10 INFO] Epoch 5/50  iter 200/743  loss=0.1593  lr=5.49e-05
[03:58:23 INFO] Epoch 5/50  iter 250/743  loss=0.2428  lr=5.48e-05
[03:58:36 INFO] Epoch 5/50  iter 300/743  loss=0.3244  lr=5.47e-05
[03:58:48 INFO] Epoch 5/50  iter 350/743  loss=0.1873  lr=5.46e-05
[03:59:01 INFO] Epoch 5/50  iter 400/743  loss=0.3219  lr=5.46e-05
[03:59:13 INFO] Epoch 5/50  iter 450/743  loss=0.7300  lr=5.45e-05
[03:59:26 INFO] Epoch 5/50  iter 500/743  loss=0.2971  lr=5.44e-05
[03:59:38 INFO] Epoch 5/50  iter 550/743  loss=1.4147  lr=5.43e-05
[03:59:51 INFO] Epoch 5/50  iter 600/743  loss=0.2709  lr=5.42e-05
[04:00:04 INFO] Epoch 5/50  iter 650/743  loss=0.2484  lr=5.41e-05
[04:00:16 INFO] Epoch 5/50  iter 700/743  loss=0.2223  lr=5.41e-05
[04:00:27 INFO] Epoch 5 complete — avg_loss=0.2740  time=187s
[04:01:20 INFO]   val mIoU = 0.5817
[04:01:21 INFO]   ★ New best val mIoU: 0.5817
[04:01:35 INFO] Epoch 6/50  iter 50/743  loss=0.2371  lr=5.39e-05
[04:01:47 INFO] Epoch 6/50  iter 100/743  loss=0.3915  lr=5.38e-05
[04:02:00 INFO] Epoch 6/50  iter 150/743  loss=0.3055  lr=5.38e-05
[04:02:12 INFO] Epoch 6/50  iter 200/743  loss=0.2292  lr=5.37e-05
[04:02:25 INFO] Epoch 6/50  iter 250/743  loss=0.2168  lr=5.36e-05
[04:02:37 INFO] Epoch 6/50  iter 300/743  loss=0.1922  lr=5.35e-05
[04:02:50 INFO] Epoch 6/50  iter 350/743  loss=0.1648  lr=5.34e-05
[04:03:02 INFO] Epoch 6/50  iter 400/743  loss=0.2797  lr=5.34e-05
[04:03:15 INFO] Epoch 6/50  iter 450/743  loss=0.1328  lr=5.33e-05
[04:03:27 INFO] Epoch 6/50  iter 500/743  loss=0.3848  lr=5.32e-05
[04:03:40 INFO] Epoch 6/50  iter 550/743  loss=0.3649  lr=5.31e-05
[04:03:52 INFO] Epoch 6/50  iter 600/743  loss=0.1704  lr=5.30e-05
[04:04:05 INFO] Epoch 6/50  iter 650/743  loss=0.2767  lr=5.29e-05
[04:04:17 INFO] Epoch 6/50  iter 700/743  loss=0.1983  lr=5.29e-05
[04:04:28 INFO] Epoch 6 complete — avg_loss=0.2573  time=187s
[04:04:42 INFO] Epoch 7/50  iter 50/743  loss=0.2662  lr=5.27e-05
[04:04:55 INFO] Epoch 7/50  iter 100/743  loss=0.2850  lr=5.26e-05
[04:05:07 INFO] Epoch 7/50  iter 150/743  loss=0.2248  lr=5.26e-05
[04:05:20 INFO] Epoch 7/50  iter 200/743  loss=0.3231  lr=5.25e-05
[04:05:32 INFO] Epoch 7/50  iter 250/743  loss=0.3138  lr=5.24e-05
[04:05:45 INFO] Epoch 7/50  iter 300/743  loss=0.2991  lr=5.23e-05
[04:05:57 INFO] Epoch 7/50  iter 350/743  loss=0.1645  lr=5.22e-05
[04:06:10 INFO] Epoch 7/50  iter 400/743  loss=0.4028  lr=5.22e-05
[04:06:23 INFO] Epoch 7/50  iter 450/743  loss=0.2163  lr=5.21e-05
[04:06:35 INFO] Epoch 7/50  iter 500/743  loss=0.1570  lr=5.20e-05
[04:06:48 INFO] Epoch 7/50  iter 550/743  loss=0.1144  lr=5.19e-05
[04:07:00 INFO] Epoch 7/50  iter 600/743  loss=0.1362  lr=5.18e-05
[04:07:13 INFO] Epoch 7/50  iter 650/743  loss=0.1089  lr=5.17e-05
[04:07:26 INFO] Epoch 7/50  iter 700/743  loss=0.1994  lr=5.17e-05
[04:07:36 INFO] Epoch 7 complete — avg_loss=0.2398  time=187s
[04:07:50 INFO] Epoch 8/50  iter 50/743  loss=0.3732  lr=5.15e-05
[04:08:03 INFO] Epoch 8/50  iter 100/743  loss=0.1346  lr=5.14e-05
[04:08:15 INFO] Epoch 8/50  iter 150/743  loss=0.4822  lr=5.14e-05
[04:08:28 INFO] Epoch 8/50  iter 200/743  loss=0.1149  lr=5.13e-05
[04:08:41 INFO] Epoch 8/50  iter 250/743  loss=0.4408  lr=5.12e-05
[04:08:53 INFO] Epoch 8/50  iter 300/743  loss=0.2170  lr=5.11e-05
[04:09:06 INFO] Epoch 8/50  iter 350/743  loss=0.0938  lr=5.10e-05
[04:09:18 INFO] Epoch 8/50  iter 400/743  loss=0.1428  lr=5.10e-05
[04:09:31 INFO] Epoch 8/50  iter 450/743  loss=0.1576  lr=5.09e-05
[04:09:43 INFO] Epoch 8/50  iter 500/743  loss=0.1470  lr=5.08e-05
[04:09:56 INFO] Epoch 8/50  iter 550/743  loss=0.1029  lr=5.07e-05
[04:10:09 INFO] Epoch 8/50  iter 600/743  loss=0.6749  lr=5.06e-05
[04:10:21 INFO] Epoch 8/50  iter 650/743  loss=0.1396  lr=5.05e-05
[04:10:34 INFO] Epoch 8/50  iter 700/743  loss=0.1954  lr=5.05e-05
[04:10:45 INFO] Epoch 8 complete — avg_loss=0.2344  time=187s
[04:10:58 INFO] Epoch 9/50  iter 50/743  loss=0.1709  lr=5.03e-05
[04:11:11 INFO] Epoch 9/50  iter 100/743  loss=0.1844  lr=5.02e-05
[04:11:24 INFO] Epoch 9/50  iter 150/743  loss=0.1785  lr=5.02e-05
[04:11:36 INFO] Epoch 9/50  iter 200/743  loss=0.1586  lr=5.01e-05
[04:11:49 INFO] Epoch 9/50  iter 250/743  loss=0.2114  lr=5.00e-05
[04:12:01 INFO] Epoch 9/50  iter 300/743  loss=0.1356  lr=4.99e-05
[04:12:14 INFO] Epoch 9/50  iter 350/743  loss=0.3140  lr=4.98e-05
[04:12:26 INFO] Epoch 9/50  iter 400/743  loss=0.2805  lr=4.98e-05
[04:12:39 INFO] Epoch 9/50  iter 450/743  loss=0.4154  lr=4.97e-05
[04:12:52 INFO] Epoch 9/50  iter 500/743  loss=0.2152  lr=4.96e-05
[04:13:04 INFO] Epoch 9/50  iter 550/743  loss=0.3421  lr=4.95e-05
[04:13:17 INFO] Epoch 9/50  iter 600/743  loss=0.1846  lr=4.94e-05
[04:13:29 INFO] Epoch 9/50  iter 650/743  loss=0.1718  lr=4.93e-05
[04:13:42 INFO] Epoch 9/50  iter 700/743  loss=0.2276  lr=4.93e-05
[04:13:53 INFO] Epoch 9 complete — avg_loss=0.2293  time=187s
[04:14:06 INFO] Epoch 10/50  iter 50/743  loss=0.1181  lr=4.91e-05
[04:14:19 INFO] Epoch 10/50  iter 100/743  loss=0.1423  lr=4.90e-05
[04:14:32 INFO] Epoch 10/50  iter 150/743  loss=0.2081  lr=4.90e-05
[04:14:44 INFO] Epoch 10/50  iter 200/743  loss=0.0425  lr=4.89e-05
[04:14:57 INFO] Epoch 10/50  iter 250/743  loss=0.2594  lr=4.88e-05
[04:15:09 INFO] Epoch 10/50  iter 300/743  loss=0.0693  lr=4.87e-05
[04:15:22 INFO] Epoch 10/50  iter 350/743  loss=0.2519  lr=4.86e-05
[04:15:34 INFO] Epoch 10/50  iter 400/743  loss=0.2087  lr=4.86e-05
[04:15:47 INFO] Epoch 10/50  iter 450/743  loss=0.1722  lr=4.85e-05
[04:15:59 INFO] Epoch 10/50  iter 500/743  loss=0.0934  lr=4.84e-05
[04:16:12 INFO] Epoch 10/50  iter 550/743  loss=0.1965  lr=4.83e-05
[04:16:25 INFO] Epoch 10/50  iter 600/743  loss=0.3068  lr=4.82e-05
[04:16:37 INFO] Epoch 10/50  iter 650/743  loss=0.2658  lr=4.81e-05
[04:16:50 INFO] Epoch 10/50  iter 700/743  loss=0.1354  lr=4.81e-05
[04:17:01 INFO] Epoch 10 complete — avg_loss=0.2145  time=187s
[04:17:55 INFO]   val mIoU = 0.6318
[04:17:56 INFO]   ★ New best val mIoU: 0.6318
[04:18:10 INFO] Epoch 11/50  iter 50/743  loss=0.2878  lr=4.79e-05
[04:18:23 INFO] Epoch 11/50  iter 100/743  loss=0.2063  lr=4.78e-05
[04:18:35 INFO] Epoch 11/50  iter 150/743  loss=0.3503  lr=4.78e-05
[04:18:48 INFO] Epoch 11/50  iter 200/743  loss=0.5161  lr=4.77e-05
[04:19:00 INFO] Epoch 11/50  iter 250/743  loss=0.2598  lr=4.76e-05
[04:19:13 INFO] Epoch 11/50  iter 300/743  loss=0.4788  lr=4.75e-05
[04:19:26 INFO] Epoch 11/50  iter 350/743  loss=0.1360  lr=4.74e-05
[04:19:38 INFO] Epoch 11/50  iter 400/743  loss=0.1358  lr=4.74e-05
[04:19:51 INFO] Epoch 11/50  iter 450/743  loss=0.2127  lr=4.73e-05
[04:20:03 INFO] Epoch 11/50  iter 500/743  loss=0.1353  lr=4.72e-05
[04:20:16 INFO] Epoch 11/50  iter 550/743  loss=0.4737  lr=4.71e-05
[04:20:28 INFO] Epoch 11/50  iter 600/743  loss=0.2544  lr=4.70e-05
[04:20:41 INFO] Epoch 11/50  iter 650/743  loss=0.2576  lr=4.69e-05
[04:20:54 INFO] Epoch 11/50  iter 700/743  loss=0.1189  lr=4.69e-05
[04:21:04 INFO] Epoch 11 complete — avg_loss=0.2065  time=187s
[04:21:18 INFO] Epoch 12/50  iter 50/743  loss=0.2779  lr=4.67e-05
[04:21:31 INFO] Epoch 12/50  iter 100/743  loss=0.1244  lr=4.66e-05
[04:21:43 INFO] Epoch 12/50  iter 150/743  loss=0.2844  lr=4.66e-05
[04:21:56 INFO] Epoch 12/50  iter 200/743  loss=0.2915  lr=4.65e-05
[04:22:08 INFO] Epoch 12/50  iter 250/743  loss=0.3737  lr=4.64e-05
[04:22:21 INFO] Epoch 12/50  iter 300/743  loss=0.1876  lr=4.63e-05
[04:22:34 INFO] Epoch 12/50  iter 350/743  loss=0.2427  lr=4.62e-05
[04:22:46 INFO] Epoch 12/50  iter 400/743  loss=0.3638  lr=4.62e-05
[04:22:59 INFO] Epoch 12/50  iter 450/743  loss=0.0703  lr=4.61e-05
[04:23:11 INFO] Epoch 12/50  iter 500/743  loss=0.1377  lr=4.60e-05
[04:23:24 INFO] Epoch 12/50  iter 550/743  loss=0.1473  lr=4.59e-05
[04:23:36 INFO] Epoch 12/50  iter 600/743  loss=0.1670  lr=4.58e-05
[04:23:49 INFO] Epoch 12/50  iter 650/743  loss=0.1282  lr=4.57e-05
[04:24:02 INFO] Epoch 12/50  iter 700/743  loss=0.1191  lr=4.57e-05
[04:24:12 INFO] Epoch 12 complete — avg_loss=0.2058  time=187s
[04:24:26 INFO] Epoch 13/50  iter 50/743  loss=0.1520  lr=4.55e-05
[04:24:39 INFO] Epoch 13/50  iter 100/743  loss=0.0528  lr=4.54e-05
[04:24:51 INFO] Epoch 13/50  iter 150/743  loss=0.2172  lr=4.54e-05
[04:25:04 INFO] Epoch 13/50  iter 200/743  loss=0.1144  lr=4.53e-05
[04:25:17 INFO] Epoch 13/50  iter 250/743  loss=0.1642  lr=4.52e-05
[04:25:29 INFO] Epoch 13/50  iter 300/743  loss=0.1423  lr=4.51e-05
[04:25:42 INFO] Epoch 13/50  iter 350/743  loss=0.1617  lr=4.50e-05
[04:25:54 INFO] Epoch 13/50  iter 400/743  loss=0.1295  lr=4.50e-05
[04:26:07 INFO] Epoch 13/50  iter 450/743  loss=0.3442  lr=4.49e-05
[04:26:20 INFO] Epoch 13/50  iter 500/743  loss=0.1265  lr=4.48e-05
[04:26:32 INFO] Epoch 13/50  iter 550/743  loss=0.1228  lr=4.47e-05
[04:26:45 INFO] Epoch 13/50  iter 600/743  loss=0.1274  lr=4.46e-05
[04:26:57 INFO] Epoch 13/50  iter 650/743  loss=0.0885  lr=4.45e-05
[04:27:10 INFO] Epoch 13/50  iter 700/743  loss=0.1690  lr=4.45e-05
[04:27:21 INFO] Epoch 13 complete — avg_loss=0.2057  time=187s
[04:27:35 INFO] Epoch 14/50  iter 50/743  loss=0.0991  lr=4.43e-05
[04:27:47 INFO] Epoch 14/50  iter 100/743  loss=0.2295  lr=4.42e-05
[04:28:00 INFO] Epoch 14/50  iter 150/743  loss=0.1061  lr=4.42e-05
[04:28:12 INFO] Epoch 14/50  iter 200/743  loss=0.1644  lr=4.41e-05
[04:28:25 INFO] Epoch 14/50  iter 250/743  loss=0.1701  lr=4.40e-05
[04:28:37 INFO] Epoch 14/50  iter 300/743  loss=0.2065  lr=4.39e-05
[04:28:50 INFO] Epoch 14/50  iter 350/743  loss=0.1282  lr=4.38e-05
[04:29:03 INFO] Epoch 14/50  iter 400/743  loss=0.6752  lr=4.38e-05
[04:29:15 INFO] Epoch 14/50  iter 450/743  loss=0.2200  lr=4.37e-05
[04:29:28 INFO] Epoch 14/50  iter 500/743  loss=0.1198  lr=4.36e-05
[04:29:40 INFO] Epoch 14/50  iter 550/743  loss=0.2606  lr=4.35e-05
[04:29:53 INFO] Epoch 14/50  iter 600/743  loss=0.2929  lr=4.34e-05
[04:30:05 INFO] Epoch 14/50  iter 650/743  loss=0.1931  lr=4.33e-05
[04:30:18 INFO] Epoch 14/50  iter 700/743  loss=0.2910  lr=4.33e-05
[04:30:29 INFO] Epoch 14 complete — avg_loss=0.1949  time=187s
[04:30:43 INFO] Epoch 15/50  iter 50/743  loss=0.1887  lr=4.31e-05
[04:30:55 INFO] Epoch 15/50  iter 100/743  loss=0.1565  lr=4.30e-05
[04:31:08 INFO] Epoch 15/50  iter 150/743  loss=0.2167  lr=4.30e-05
[04:31:21 INFO] Epoch 15/50  iter 200/743  loss=0.1473  lr=4.29e-05
[04:31:33 INFO] Epoch 15/50  iter 250/743  loss=0.1905  lr=4.28e-05
[04:31:46 INFO] Epoch 15/50  iter 300/743  loss=0.2838  lr=4.27e-05
[04:31:58 INFO] Epoch 15/50  iter 350/743  loss=0.1418  lr=4.26e-05
[04:32:11 INFO] Epoch 15/50  iter 400/743  loss=0.2645  lr=4.26e-05
[04:32:24 INFO] Epoch 15/50  iter 450/743  loss=0.1325  lr=4.25e-05
[04:32:36 INFO] Epoch 15/50  iter 500/743  loss=0.2325  lr=4.24e-05
[04:32:49 INFO] Epoch 15/50  iter 550/743  loss=0.1978  lr=4.23e-05
[04:33:01 INFO] Epoch 15/50  iter 600/743  loss=0.1599  lr=4.22e-05
[04:33:14 INFO] Epoch 15/50  iter 650/743  loss=0.1336  lr=4.21e-05
[04:33:26 INFO] Epoch 15/50  iter 700/743  loss=0.0866  lr=4.21e-05
[04:33:37 INFO] Epoch 15 complete — avg_loss=0.1978  time=188s
[04:34:31 INFO]   val mIoU = 0.6939
[04:34:32 INFO]   ★ New best val mIoU: 0.6939
[04:34:46 INFO] Epoch 16/50  iter 50/743  loss=0.1178  lr=4.19e-05
[04:34:59 INFO] Epoch 16/50  iter 100/743  loss=0.1879  lr=4.18e-05
[04:35:11 INFO] Epoch 16/50  iter 150/743  loss=0.1315  lr=4.18e-05
[04:35:24 INFO] Epoch 16/50  iter 200/743  loss=0.0839  lr=4.17e-05
[04:35:36 INFO] Epoch 16/50  iter 250/743  loss=0.1418  lr=4.16e-05
[04:35:49 INFO] Epoch 16/50  iter 300/743  loss=0.1070  lr=4.15e-05
[04:36:01 INFO] Epoch 16/50  iter 350/743  loss=0.2412  lr=4.14e-05
[04:36:14 INFO] Epoch 16/50  iter 400/743  loss=0.0527  lr=4.14e-05
[04:36:27 INFO] Epoch 16/50  iter 450/743  loss=0.1438  lr=4.13e-05
[04:36:39 INFO] Epoch 16/50  iter 500/743  loss=0.1713  lr=4.12e-05
[04:36:52 INFO] Epoch 16/50  iter 550/743  loss=0.1760  lr=4.11e-05
[04:37:04 INFO] Epoch 16/50  iter 600/743  loss=0.2494  lr=4.10e-05
[04:37:17 INFO] Epoch 16/50  iter 650/743  loss=0.1338  lr=4.09e-05
[04:37:29 INFO] Epoch 16/50  iter 700/743  loss=0.1585  lr=4.09e-05
[04:37:40 INFO] Epoch 16 complete — avg_loss=0.1844  time=187s
[04:37:54 INFO] Epoch 17/50  iter 50/743  loss=0.0946  lr=4.07e-05
[04:38:07 INFO] Epoch 17/50  iter 100/743  loss=0.1162  lr=4.06e-05
[04:38:19 INFO] Epoch 17/50  iter 150/743  loss=0.1585  lr=4.06e-05
[04:38:32 INFO] Epoch 17/50  iter 200/743  loss=0.0742  lr=4.05e-05
[04:38:45 INFO] Epoch 17/50  iter 250/743  loss=0.0928  lr=4.04e-05
[04:38:57 INFO] Epoch 17/50  iter 300/743  loss=0.1618  lr=4.03e-05
[04:39:10 INFO] Epoch 17/50  iter 350/743  loss=0.1197  lr=4.02e-05
[04:39:22 INFO] Epoch 17/50  iter 400/743  loss=0.1369  lr=4.02e-05
[04:39:35 INFO] Epoch 17/50  iter 450/743  loss=0.1806  lr=4.01e-05
[04:39:47 INFO] Epoch 17/50  iter 500/743  loss=0.1304  lr=4.00e-05
[04:40:00 INFO] Epoch 17/50  iter 550/743  loss=0.2451  lr=3.99e-05
[04:40:13 INFO] Epoch 17/50  iter 600/743  loss=0.0992  lr=3.98e-05
[04:40:25 INFO] Epoch 17/50  iter 650/743  loss=0.0991  lr=3.97e-05
[04:40:38 INFO] Epoch 17/50  iter 700/743  loss=0.0882  lr=3.97e-05
[04:40:49 INFO] Epoch 17 complete — avg_loss=0.1801  time=187s
[04:41:02 INFO] Epoch 18/50  iter 50/743  loss=0.1814  lr=3.95e-05
[04:41:15 INFO] Epoch 18/50  iter 100/743  loss=0.5188  lr=3.94e-05
[04:41:27 INFO] Epoch 18/50  iter 150/743  loss=0.2177  lr=3.94e-05
[04:41:40 INFO] Epoch 18/50  iter 200/743  loss=0.1862  lr=3.93e-05
[04:41:52 INFO] Epoch 18/50  iter 250/743  loss=0.2629  lr=3.92e-05
[04:42:05 INFO] Epoch 18/50  iter 300/743  loss=0.2120  lr=3.91e-05
[04:42:18 INFO] Epoch 18/50  iter 350/743  loss=0.2134  lr=3.90e-05
[04:42:30 INFO] Epoch 18/50  iter 400/743  loss=0.1233  lr=3.90e-05
[04:42:43 INFO] Epoch 18/50  iter 450/743  loss=0.1024  lr=3.89e-05
[04:42:55 INFO] Epoch 18/50  iter 500/743  loss=0.0707  lr=3.88e-05
[04:43:08 INFO] Epoch 18/50  iter 550/743  loss=0.0884  lr=3.87e-05
[04:43:20 INFO] Epoch 18/50  iter 600/743  loss=0.2332  lr=3.86e-05
[04:43:33 INFO] Epoch 18/50  iter 650/743  loss=0.1363  lr=3.85e-05
[04:43:46 INFO] Epoch 18/50  iter 700/743  loss=0.2795  lr=3.85e-05
[04:43:56 INFO] Epoch 18 complete — avg_loss=0.1734  time=187s
[04:44:10 INFO] Epoch 19/50  iter 50/743  loss=0.2082  lr=3.83e-05
[04:44:23 INFO] Epoch 19/50  iter 100/743  loss=0.1231  lr=3.82e-05
[04:44:35 INFO] Epoch 19/50  iter 150/743  loss=0.1374  lr=3.82e-05
[04:44:48 INFO] Epoch 19/50  iter 200/743  loss=0.1197  lr=3.81e-05
[04:45:01 INFO] Epoch 19/50  iter 250/743  loss=0.1297  lr=3.80e-05
[04:45:13 INFO] Epoch 19/50  iter 300/743  loss=0.0835  lr=3.79e-05
[04:45:26 INFO] Epoch 19/50  iter 350/743  loss=0.1514  lr=3.78e-05
[04:45:38 INFO] Epoch 19/50  iter 400/743  loss=0.1127  lr=3.78e-05
[04:45:51 INFO] Epoch 19/50  iter 450/743  loss=0.1613  lr=3.77e-05
[04:46:03 INFO] Epoch 19/50  iter 500/743  loss=0.0817  lr=3.76e-05
[04:46:16 INFO] Epoch 19/50  iter 550/743  loss=0.2491  lr=3.75e-05
[04:46:29 INFO] Epoch 19/50  iter 600/743  loss=0.2588  lr=3.74e-05
[04:46:41 INFO] Epoch 19/50  iter 650/743  loss=0.1484  lr=3.73e-05
[04:46:54 INFO] Epoch 19/50  iter 700/743  loss=0.1479  lr=3.73e-05
[04:47:05 INFO] Epoch 19 complete — avg_loss=0.1773  time=187s
[04:47:19 INFO] Epoch 20/50  iter 50/743  loss=0.2157  lr=3.71e-05
[04:47:31 INFO] Epoch 20/50  iter 100/743  loss=0.1102  lr=3.70e-05
[04:47:44 INFO] Epoch 20/50  iter 150/743  loss=0.1246  lr=3.70e-05
[04:47:56 INFO] Epoch 20/50  iter 200/743  loss=0.1672  lr=3.69e-05
[04:48:09 INFO] Epoch 20/50  iter 250/743  loss=0.1435  lr=3.68e-05
[04:48:21 INFO] Epoch 20/50  iter 300/743  loss=0.0966  lr=3.67e-05
[04:48:34 INFO] Epoch 20/50  iter 350/743  loss=0.0992  lr=3.66e-05
[04:48:47 INFO] Epoch 20/50  iter 400/743  loss=0.0889  lr=3.66e-05
[04:48:59 INFO] Epoch 20/50  iter 450/743  loss=0.2100  lr=3.65e-05
[04:49:12 INFO] Epoch 20/50  iter 500/743  loss=0.2252  lr=3.64e-05
[04:49:24 INFO] Epoch 20/50  iter 550/743  loss=0.3125  lr=3.63e-05
[04:49:37 INFO] Epoch 20/50  iter 600/743  loss=0.0833  lr=3.62e-05
[04:49:49 INFO] Epoch 20/50  iter 650/743  loss=0.1522  lr=3.61e-05
[04:50:02 INFO] Epoch 20/50  iter 700/743  loss=0.1459  lr=3.61e-05
[04:50:13 INFO] Epoch 20 complete — avg_loss=0.1756  time=187s
[04:51:06 INFO]   val mIoU = 0.7101
[04:51:07 INFO]   ★ New best val mIoU: 0.7101
[04:51:21 INFO] Epoch 21/50  iter 50/743  loss=0.1334  lr=3.59e-05
[04:51:33 INFO] Epoch 21/50  iter 100/743  loss=0.1140  lr=3.58e-05
[04:51:46 INFO] Epoch 21/50  iter 150/743  loss=0.0571  lr=3.58e-05
[04:51:58 INFO] Epoch 21/50  iter 200/743  loss=1.2473  lr=3.57e-05
[04:52:11 INFO] Epoch 21/50  iter 250/743  loss=0.1765  lr=3.56e-05
[04:52:23 INFO] Epoch 21/50  iter 300/743  loss=0.1200  lr=3.55e-05
[04:52:36 INFO] Epoch 21/50  iter 350/743  loss=0.0844  lr=3.54e-05
[04:52:48 INFO] Epoch 21/50  iter 400/743  loss=0.1682  lr=3.54e-05
[04:53:01 INFO] Epoch 21/50  iter 450/743  loss=0.1120  lr=3.53e-05
[04:53:14 INFO] Epoch 21/50  iter 500/743  loss=0.0863  lr=3.52e-05
[04:53:26 INFO] Epoch 21/50  iter 550/743  loss=0.0942  lr=3.51e-05
[04:53:39 INFO] Epoch 21/50  iter 600/743  loss=0.1220  lr=3.50e-05
[04:53:51 INFO] Epoch 21/50  iter 650/743  loss=0.2177  lr=3.49e-05
[04:54:04 INFO] Epoch 21/50  iter 700/743  loss=0.1379  lr=3.49e-05
[04:54:15 INFO] Epoch 21 complete — avg_loss=0.1667  time=187s
[04:54:29 INFO] Epoch 22/50  iter 50/743  loss=0.1309  lr=3.47e-05
[04:54:41 INFO] Epoch 22/50  iter 100/743  loss=0.0912  lr=3.46e-05
[04:54:54 INFO] Epoch 22/50  iter 150/743  loss=0.0868  lr=3.46e-05
[04:55:06 INFO] Epoch 22/50  iter 200/743  loss=0.2251  lr=3.45e-05
[04:55:19 INFO] Epoch 22/50  iter 250/743  loss=0.1788  lr=3.44e-05
[04:55:31 INFO] Epoch 22/50  iter 300/743  loss=0.1469  lr=3.43e-05
[04:55:44 INFO] Epoch 22/50  iter 350/743  loss=0.1315  lr=3.42e-05
[04:55:56 INFO] Epoch 22/50  iter 400/743  loss=0.1257  lr=3.42e-05
[04:56:09 INFO] Epoch 22/50  iter 450/743  loss=0.1029  lr=3.41e-05
[04:56:22 INFO] Epoch 22/50  iter 500/743  loss=0.1340  lr=3.40e-05
[04:56:34 INFO] Epoch 22/50  iter 550/743  loss=0.1287  lr=3.39e-05
[04:56:47 INFO] Epoch 22/50  iter 600/743  loss=0.1033  lr=3.38e-05
[04:56:59 INFO] Epoch 22/50  iter 650/743  loss=0.1888  lr=3.37e-05
[04:57:12 INFO] Epoch 22/50  iter 700/743  loss=0.2632  lr=3.37e-05
[04:57:23 INFO] Epoch 22 complete — avg_loss=0.1617  time=187s
[04:57:37 INFO] Epoch 23/50  iter 50/743  loss=0.1208  lr=3.35e-05
[04:57:49 INFO] Epoch 23/50  iter 100/743  loss=0.0962  lr=3.34e-05
[04:58:02 INFO] Epoch 23/50  iter 150/743  loss=0.3975  lr=3.34e-05
[04:58:14 INFO] Epoch 23/50  iter 200/743  loss=0.1389  lr=3.33e-05
[04:58:27 INFO] Epoch 23/50  iter 250/743  loss=0.2529  lr=3.32e-05
[04:58:39 INFO] Epoch 23/50  iter 300/743  loss=0.1091  lr=3.31e-05
[04:58:52 INFO] Epoch 23/50  iter 350/743  loss=0.0303  lr=3.30e-05
[04:59:05 INFO] Epoch 23/50  iter 400/743  loss=0.1528  lr=3.30e-05
[04:59:17 INFO] Epoch 23/50  iter 450/743  loss=0.1454  lr=3.29e-05
[04:59:30 INFO] Epoch 23/50  iter 500/743  loss=0.1536  lr=3.28e-05
[04:59:42 INFO] Epoch 23/50  iter 550/743  loss=0.1340  lr=3.27e-05
[04:59:55 INFO] Epoch 23/50  iter 600/743  loss=0.0962  lr=3.26e-05
[05:00:07 INFO] Epoch 23/50  iter 650/743  loss=0.1797  lr=3.25e-05
[05:00:20 INFO] Epoch 23/50  iter 700/743  loss=0.0845  lr=3.25e-05
[05:00:31 INFO] Epoch 23 complete — avg_loss=0.1567  time=187s
[05:00:45 INFO] Epoch 24/50  iter 50/743  loss=0.0756  lr=3.23e-05
[05:00:57 INFO] Epoch 24/50  iter 100/743  loss=0.1575  lr=3.22e-05
[05:01:10 INFO] Epoch 24/50  iter 150/743  loss=0.1289  lr=3.22e-05
[05:01:22 INFO] Epoch 24/50  iter 200/743  loss=0.0878  lr=3.21e-05
[05:01:35 INFO] Epoch 24/50  iter 250/743  loss=0.0536  lr=3.20e-05
[05:01:47 INFO] Epoch 24/50  iter 300/743  loss=0.1255  lr=3.19e-05
[05:02:00 INFO] Epoch 24/50  iter 350/743  loss=0.0837  lr=3.18e-05
[05:02:12 INFO] Epoch 24/50  iter 400/743  loss=0.1901  lr=3.18e-05
[05:02:25 INFO] Epoch 24/50  iter 450/743  loss=0.0927  lr=3.17e-05
[05:02:38 INFO] Epoch 24/50  iter 500/743  loss=0.1128  lr=3.16e-05
[05:02:50 INFO] Epoch 24/50  iter 550/743  loss=0.1188  lr=3.15e-05
[05:03:03 INFO] Epoch 24/50  iter 600/743  loss=0.1034  lr=3.14e-05
[05:03:15 INFO] Epoch 24/50  iter 650/743  loss=0.1730  lr=3.13e-05
[05:03:28 INFO] Epoch 24/50  iter 700/743  loss=0.0921  lr=3.13e-05
[05:03:39 INFO] Epoch 24 complete — avg_loss=0.1565  time=187s
[05:03:52 INFO] Epoch 25/50  iter 50/743  loss=0.0756  lr=3.11e-05
[05:04:05 INFO] Epoch 25/50  iter 100/743  loss=0.2101  lr=3.10e-05
[05:04:18 INFO] Epoch 25/50  iter 150/743  loss=0.1088  lr=3.10e-05
[05:04:30 INFO] Epoch 25/50  iter 200/743  loss=0.0966  lr=3.09e-05
[05:04:43 INFO] Epoch 25/50  iter 250/743  loss=0.1502  lr=3.08e-05
[05:04:55 INFO] Epoch 25/50  iter 300/743  loss=0.1250  lr=3.07e-05
[05:05:08 INFO] Epoch 25/50  iter 350/743  loss=0.1775  lr=3.06e-05
[05:05:20 INFO] Epoch 25/50  iter 400/743  loss=0.0573  lr=3.06e-05
[05:05:33 INFO] Epoch 25/50  iter 450/743  loss=0.2663  lr=3.05e-05
[05:05:46 INFO] Epoch 25/50  iter 500/743  loss=0.1603  lr=3.04e-05
[05:05:58 INFO] Epoch 25/50  iter 550/743  loss=0.1939  lr=3.03e-05
[05:06:11 INFO] Epoch 25/50  iter 600/743  loss=0.1419  lr=3.02e-05
[05:06:23 INFO] Epoch 25/50  iter 650/743  loss=0.1166  lr=3.01e-05
[05:06:36 INFO] Epoch 25/50  iter 700/743  loss=0.1441  lr=3.01e-05
[05:06:47 INFO] Epoch 25 complete — avg_loss=0.1571  time=187s
[05:07:40 INFO]   val mIoU = 0.7242
[05:07:41 INFO]   ★ New best val mIoU: 0.7242
[05:07:55 INFO] Epoch 26/50  iter 50/743  loss=0.1497  lr=2.99e-05
[05:08:07 INFO] Epoch 26/50  iter 100/743  loss=0.1057  lr=2.98e-05
[05:08:20 INFO] Epoch 26/50  iter 150/743  loss=0.1397  lr=2.98e-05
[05:08:33 INFO] Epoch 26/50  iter 200/743  loss=0.0750  lr=2.97e-05
[05:08:45 INFO] Epoch 26/50  iter 250/743  loss=0.1203  lr=2.96e-05
[05:08:58 INFO] Epoch 26/50  iter 300/743  loss=0.2158  lr=2.95e-05
[05:09:10 INFO] Epoch 26/50  iter 350/743  loss=0.0826  lr=2.94e-05
[05:09:23 INFO] Epoch 26/50  iter 400/743  loss=0.0607  lr=2.94e-05
[05:09:35 INFO] Epoch 26/50  iter 450/743  loss=0.0803  lr=2.93e-05
[05:09:48 INFO] Epoch 26/50  iter 500/743  loss=0.1534  lr=2.92e-05
[05:10:01 INFO] Epoch 26/50  iter 550/743  loss=0.1958  lr=2.91e-05
[05:10:13 INFO] Epoch 26/50  iter 600/743  loss=0.0779  lr=2.90e-05
[05:10:26 INFO] Epoch 26/50  iter 650/743  loss=0.0795  lr=2.89e-05
[05:10:38 INFO] Epoch 26/50  iter 700/743  loss=0.1598  lr=2.89e-05
[05:10:49 INFO] Epoch 26 complete — avg_loss=0.1538  time=187s
[05:11:03 INFO] Epoch 27/50  iter 50/743  loss=0.0836  lr=2.87e-05
[05:11:16 INFO] Epoch 27/50  iter 100/743  loss=0.0993  lr=2.86e-05
[05:11:28 INFO] Epoch 27/50  iter 150/743  loss=0.0784  lr=2.86e-05
[05:11:41 INFO] Epoch 27/50  iter 200/743  loss=0.0732  lr=2.85e-05
[05:11:54 INFO] Epoch 27/50  iter 250/743  loss=0.1753  lr=2.84e-05
[05:12:06 INFO] Epoch 27/50  iter 300/743  loss=0.0839  lr=2.83e-05
[05:12:19 INFO] Epoch 27/50  iter 350/743  loss=0.0925  lr=2.82e-05
[05:12:31 INFO] Epoch 27/50  iter 400/743  loss=0.1135  lr=2.82e-05
[05:12:44 INFO] Epoch 27/50  iter 450/743  loss=0.1132  lr=2.81e-05
[05:12:56 INFO] Epoch 27/50  iter 500/743  loss=0.1069  lr=2.80e-05
[05:13:09 INFO] Epoch 27/50  iter 550/743  loss=0.1090  lr=2.79e-05
[05:13:22 INFO] Epoch 27/50  iter 600/743  loss=0.1414  lr=2.78e-05
[05:13:34 INFO] Epoch 27/50  iter 650/743  loss=0.0700  lr=2.77e-05
[05:13:47 INFO] Epoch 27/50  iter 700/743  loss=0.2038  lr=2.77e-05
[05:13:58 INFO] Epoch 27 complete — avg_loss=0.1516  time=187s
[05:14:11 INFO] Epoch 28/50  iter 50/743  loss=0.1798  lr=2.75e-05
[05:14:24 INFO] Epoch 28/50  iter 100/743  loss=0.2166  lr=2.74e-05
[05:14:36 INFO] Epoch 28/50  iter 150/743  loss=0.0917  lr=2.74e-05
[05:14:49 INFO] Epoch 28/50  iter 200/743  loss=0.0677  lr=2.73e-05
[05:15:02 INFO] Epoch 28/50  iter 250/743  loss=0.0824  lr=2.72e-05
[05:15:14 INFO] Epoch 28/50  iter 300/743  loss=0.1539  lr=2.71e-05
[05:15:27 INFO] Epoch 28/50  iter 350/743  loss=0.1351  lr=2.70e-05
[05:15:39 INFO] Epoch 28/50  iter 400/743  loss=0.1017  lr=2.70e-05
[05:15:52 INFO] Epoch 28/50  iter 450/743  loss=0.0643  lr=2.69e-05
[05:16:04 INFO] Epoch 28/50  iter 500/743  loss=0.1563  lr=2.68e-05
[05:16:17 INFO] Epoch 28/50  iter 550/743  loss=0.0684  lr=2.67e-05
[05:16:30 INFO] Epoch 28/50  iter 600/743  loss=0.1187  lr=2.66e-05
[05:16:42 INFO] Epoch 28/50  iter 650/743  loss=0.1787  lr=2.65e-05
[05:16:55 INFO] Epoch 28/50  iter 700/743  loss=0.1606  lr=2.65e-05
[05:17:06 INFO] Epoch 28 complete — avg_loss=0.1603  time=187s
[05:17:20 INFO] Epoch 29/50  iter 50/743  loss=0.1284  lr=2.63e-05
[05:17:32 INFO] Epoch 29/50  iter 100/743  loss=0.2789  lr=2.62e-05
[05:17:45 INFO] Epoch 29/50  iter 150/743  loss=0.1349  lr=2.62e-05
[05:17:57 INFO] Epoch 29/50  iter 200/743  loss=0.1429  lr=2.61e-05
[05:18:10 INFO] Epoch 29/50  iter 250/743  loss=0.0840  lr=2.60e-05
[05:18:22 INFO] Epoch 29/50  iter 300/743  loss=0.1157  lr=2.59e-05
[05:18:35 INFO] Epoch 29/50  iter 350/743  loss=0.1672  lr=2.58e-05
[05:18:48 INFO] Epoch 29/50  iter 400/743  loss=0.1310  lr=2.58e-05
[05:19:00 INFO] Epoch 29/50  iter 450/743  loss=0.5922  lr=2.57e-05
[05:19:13 INFO] Epoch 29/50  iter 500/743  loss=0.1138  lr=2.56e-05
[05:19:25 INFO] Epoch 29/50  iter 550/743  loss=0.1053  lr=2.55e-05
[05:19:38 INFO] Epoch 29/50  iter 600/743  loss=0.1714  lr=2.54e-05
[05:19:50 INFO] Epoch 29/50  iter 650/743  loss=1.0089  lr=2.53e-05
[05:20:03 INFO] Epoch 29/50  iter 700/743  loss=0.1415  lr=2.53e-05
[05:20:14 INFO] Epoch 29 complete — avg_loss=0.1486  time=187s
[05:20:28 INFO] Epoch 30/50  iter 50/743  loss=0.0672  lr=2.51e-05
[05:20:40 INFO] Epoch 30/50  iter 100/743  loss=0.1729  lr=2.50e-05
[05:20:53 INFO] Epoch 30/50  iter 150/743  loss=0.1006  lr=2.50e-05
[05:21:05 INFO] Epoch 30/50  iter 200/743  loss=0.2626  lr=2.49e-05
[05:21:18 INFO] Epoch 30/50  iter 250/743  loss=0.1253  lr=2.48e-05
[05:21:31 INFO] Epoch 30/50  iter 300/743  loss=0.2019  lr=2.47e-05
[05:21:43 INFO] Epoch 30/50  iter 350/743  loss=0.1707  lr=2.46e-05
[05:21:56 INFO] Epoch 30/50  iter 400/743  loss=0.1448  lr=2.46e-05
[05:22:08 INFO] Epoch 30/50  iter 450/743  loss=0.1723  lr=2.45e-05
[05:22:21 INFO] Epoch 30/50  iter 500/743  loss=0.1420  lr=2.44e-05
[05:22:33 INFO] Epoch 30/50  iter 550/743  loss=0.1768  lr=2.43e-05
[05:22:46 INFO] Epoch 30/50  iter 600/743  loss=0.1183  lr=2.42e-05
[05:22:59 INFO] Epoch 30/50  iter 650/743  loss=0.1807  lr=2.41e-05
[05:23:11 INFO] Epoch 30/50  iter 700/743  loss=0.1219  lr=2.41e-05
[05:23:22 INFO] Epoch 30 complete — avg_loss=0.1432  time=187s
[05:24:16 INFO]   val mIoU = 0.7378
[05:24:17 INFO]   ★ New best val mIoU: 0.7378
[05:24:31 INFO] Epoch 31/50  iter 50/743  loss=0.0938  lr=2.39e-05
[05:24:43 INFO] Epoch 31/50  iter 100/743  loss=0.1398  lr=2.38e-05
[05:24:56 INFO] Epoch 31/50  iter 150/743  loss=0.1367  lr=2.38e-05
[05:25:09 INFO] Epoch 31/50  iter 200/743  loss=0.1596  lr=2.37e-05
[05:25:21 INFO] Epoch 31/50  iter 250/743  loss=0.1059  lr=2.36e-05
[05:25:34 INFO] Epoch 31/50  iter 300/743  loss=0.4784  lr=2.35e-05
[05:25:46 INFO] Epoch 31/50  iter 350/743  loss=0.0548  lr=2.34e-05
[05:25:59 INFO] Epoch 31/50  iter 400/743  loss=0.2407  lr=2.34e-05
[05:26:11 INFO] Epoch 31/50  iter 450/743  loss=0.1336  lr=2.33e-05
[05:26:24 INFO] Epoch 31/50  iter 500/743  loss=0.2009  lr=2.32e-05
[05:26:37 INFO] Epoch 31/50  iter 550/743  loss=0.1730  lr=2.31e-05
[05:26:49 INFO] Epoch 31/50  iter 600/743  loss=0.0546  lr=2.30e-05
[05:27:02 INFO] Epoch 31/50  iter 650/743  loss=0.1472  lr=2.29e-05
[05:27:14 INFO] Epoch 31/50  iter 700/743  loss=0.0744  lr=2.29e-05
[05:27:25 INFO] Epoch 31 complete — avg_loss=0.1414  time=187s
[05:27:39 INFO] Epoch 32/50  iter 50/743  loss=0.0771  lr=2.27e-05
[05:27:52 INFO] Epoch 32/50  iter 100/743  loss=0.1735  lr=2.26e-05
[05:28:04 INFO] Epoch 32/50  iter 150/743  loss=0.1499  lr=2.26e-05
[05:28:17 INFO] Epoch 32/50  iter 200/743  loss=0.1796  lr=2.25e-05
[05:28:29 INFO] Epoch 32/50  iter 250/743  loss=0.1516  lr=2.24e-05
[05:28:42 INFO] Epoch 32/50  iter 300/743  loss=0.1135  lr=2.23e-05
[05:28:55 INFO] Epoch 32/50  iter 350/743  loss=0.0851  lr=2.22e-05
[05:29:07 INFO] Epoch 32/50  iter 400/743  loss=0.2876  lr=2.22e-05
[05:29:20 INFO] Epoch 32/50  iter 450/743  loss=0.0438  lr=2.21e-05
[05:29:32 INFO] Epoch 32/50  iter 500/743  loss=0.0765  lr=2.20e-05
[05:29:45 INFO] Epoch 32/50  iter 550/743  loss=0.1533  lr=2.19e-05
[05:29:58 INFO] Epoch 32/50  iter 600/743  loss=0.2568  lr=2.18e-05
[05:30:10 INFO] Epoch 32/50  iter 650/743  loss=0.1218  lr=2.17e-05
[05:30:23 INFO] Epoch 32/50  iter 700/743  loss=0.0814  lr=2.17e-05
[05:30:34 INFO] Epoch 32 complete — avg_loss=0.1381  time=188s
[05:30:48 INFO] Epoch 33/50  iter 50/743  loss=0.1957  lr=2.15e-05
[05:31:00 INFO] Epoch 33/50  iter 100/743  loss=0.2286  lr=2.14e-05
[05:31:13 INFO] Epoch 33/50  iter 150/743  loss=0.0999  lr=2.14e-05
[05:31:25 INFO] Epoch 33/50  iter 200/743  loss=0.0966  lr=2.13e-05
[05:31:38 INFO] Epoch 33/50  iter 250/743  loss=0.0835  lr=2.12e-05
[05:31:51 INFO] Epoch 33/50  iter 300/743  loss=0.1346  lr=2.11e-05
[05:32:03 INFO] Epoch 33/50  iter 350/743  loss=0.0806  lr=2.10e-05
[05:32:16 INFO] Epoch 33/50  iter 400/743  loss=0.1271  lr=2.10e-05
[05:32:28 INFO] Epoch 33/50  iter 450/743  loss=0.2513  lr=2.09e-05
[05:32:41 INFO] Epoch 33/50  iter 500/743  loss=0.1295  lr=2.08e-05
[05:32:53 INFO] Epoch 33/50  iter 550/743  loss=0.1393  lr=2.07e-05
[05:33:06 INFO] Epoch 33/50  iter 600/743  loss=0.1690  lr=2.06e-05
[05:33:19 INFO] Epoch 33/50  iter 650/743  loss=0.2752  lr=2.05e-05
[05:33:31 INFO] Epoch 33/50  iter 700/743  loss=0.1767  lr=2.05e-05
[05:33:42 INFO] Epoch 33 complete — avg_loss=0.1380  time=188s
[05:33:56 INFO] Epoch 34/50  iter 50/743  loss=0.1692  lr=2.03e-05
[05:34:09 INFO] Epoch 34/50  iter 100/743  loss=0.0958  lr=2.02e-05
[05:34:21 INFO] Epoch 34/50  iter 150/743  loss=0.6728  lr=2.02e-05
[05:34:34 INFO] Epoch 34/50  iter 200/743  loss=0.0964  lr=2.01e-05
[05:34:46 INFO] Epoch 34/50  iter 250/743  loss=0.0902  lr=2.00e-05
[05:34:59 INFO] Epoch 34/50  iter 300/743  loss=0.0716  lr=1.99e-05
[05:35:11 INFO] Epoch 34/50  iter 350/743  loss=0.1016  lr=1.98e-05
[05:35:24 INFO] Epoch 34/50  iter 400/743  loss=0.0733  lr=1.98e-05
[05:35:37 INFO] Epoch 34/50  iter 450/743  loss=0.1317  lr=1.97e-05
[05:35:49 INFO] Epoch 34/50  iter 500/743  loss=0.1454  lr=1.96e-05
[05:36:02 INFO] Epoch 34/50  iter 550/743  loss=0.1621  lr=1.95e-05
[05:36:14 INFO] Epoch 34/50  iter 600/743  loss=0.1807  lr=1.94e-05
[05:36:27 INFO] Epoch 34/50  iter 650/743  loss=0.1972  lr=1.93e-05
[05:36:40 INFO] Epoch 34/50  iter 700/743  loss=0.1062  lr=1.93e-05
[05:36:50 INFO] Epoch 34 complete — avg_loss=0.1434  time=188s
[05:37:04 INFO] Epoch 35/50  iter 50/743  loss=0.1423  lr=1.91e-05
[05:37:17 INFO] Epoch 35/50  iter 100/743  loss=0.1113  lr=1.90e-05
[05:37:29 INFO] Epoch 35/50  iter 150/743  loss=0.0822  lr=1.90e-05
[05:37:42 INFO] Epoch 35/50  iter 200/743  loss=0.1237  lr=1.89e-05
[05:37:55 INFO] Epoch 35/50  iter 250/743  loss=0.0561  lr=1.88e-05
[05:38:07 INFO] Epoch 35/50  iter 300/743  loss=0.1129  lr=1.87e-05
[05:38:20 INFO] Epoch 35/50  iter 350/743  loss=0.1867  lr=1.86e-05
[05:38:32 INFO] Epoch 35/50  iter 400/743  loss=0.0858  lr=1.86e-05
[05:38:45 INFO] Epoch 35/50  iter 450/743  loss=0.1149  lr=1.85e-05
[05:38:57 INFO] Epoch 35/50  iter 500/743  loss=0.1304  lr=1.84e-05
[05:39:10 INFO] Epoch 35/50  iter 550/743  loss=0.1010  lr=1.83e-05
[05:39:23 INFO] Epoch 35/50  iter 600/743  loss=0.1372  lr=1.82e-05
[05:39:35 INFO] Epoch 35/50  iter 650/743  loss=0.0494  lr=1.81e-05
[05:39:48 INFO] Epoch 35/50  iter 700/743  loss=0.1210  lr=1.81e-05
[05:39:59 INFO] Epoch 35 complete — avg_loss=0.1356  time=187s
[05:40:53 INFO]   val mIoU = 0.7540
[05:40:53 INFO]   ★ New best val mIoU: 0.7540
[05:41:07 INFO] Epoch 36/50  iter 50/743  loss=0.0705  lr=1.79e-05
[05:41:20 INFO] Epoch 36/50  iter 100/743  loss=0.0500  lr=1.78e-05
[05:41:32 INFO] Epoch 36/50  iter 150/743  loss=0.4810  lr=1.78e-05
[05:41:45 INFO] Epoch 36/50  iter 200/743  loss=0.1042  lr=1.77e-05
[05:41:57 INFO] Epoch 36/50  iter 250/743  loss=0.1753  lr=1.76e-05
[05:42:10 INFO] Epoch 36/50  iter 300/743  loss=0.0913  lr=1.75e-05
[05:42:22 INFO] Epoch 36/50  iter 350/743  loss=0.1220  lr=1.74e-05
[05:42:35 INFO] Epoch 36/50  iter 400/743  loss=0.1666  lr=1.74e-05
[05:42:48 INFO] Epoch 36/50  iter 450/743  loss=0.1541  lr=1.73e-05
[05:43:00 INFO] Epoch 36/50  iter 500/743  loss=0.1236  lr=1.72e-05
[05:43:13 INFO] Epoch 36/50  iter 550/743  loss=0.1311  lr=1.71e-05
[05:43:25 INFO] Epoch 36/50  iter 600/743  loss=0.0928  lr=1.70e-05
[05:43:38 INFO] Epoch 36/50  iter 650/743  loss=0.1130  lr=1.69e-05
[05:43:51 INFO] Epoch 36/50  iter 700/743  loss=0.1272  lr=1.69e-05
[05:44:01 INFO] Epoch 36 complete — avg_loss=0.1357  time=187s
[05:44:15 INFO] Epoch 37/50  iter 50/743  loss=0.1610  lr=1.67e-05
[05:44:28 INFO] Epoch 37/50  iter 100/743  loss=0.1859  lr=1.66e-05
[05:44:40 INFO] Epoch 37/50  iter 150/743  loss=0.1469  lr=1.66e-05
[05:44:53 INFO] Epoch 37/50  iter 200/743  loss=0.0897  lr=1.65e-05
[05:45:06 INFO] Epoch 37/50  iter 250/743  loss=0.1022  lr=1.64e-05
[05:45:18 INFO] Epoch 37/50  iter 300/743  loss=0.0992  lr=1.63e-05
[05:45:31 INFO] Epoch 37/50  iter 350/743  loss=0.1466  lr=1.62e-05
[05:45:43 INFO] Epoch 37/50  iter 400/743  loss=0.1027  lr=1.62e-05
[05:45:56 INFO] Epoch 37/50  iter 450/743  loss=0.0735  lr=1.61e-05
[05:46:09 INFO] Epoch 37/50  iter 500/743  loss=0.2640  lr=1.60e-05
[05:46:21 INFO] Epoch 37/50  iter 550/743  loss=0.0792  lr=1.59e-05
[05:46:34 INFO] Epoch 37/50  iter 600/743  loss=0.0543  lr=1.58e-05
[05:46:46 INFO] Epoch 37/50  iter 650/743  loss=0.1450  lr=1.57e-05
[05:46:59 INFO] Epoch 37/50  iter 700/743  loss=0.1338  lr=1.57e-05
[05:47:10 INFO] Epoch 37 complete — avg_loss=0.1329  time=187s
[05:47:24 INFO] Epoch 38/50  iter 50/743  loss=0.1938  lr=1.55e-05
[05:47:36 INFO] Epoch 38/50  iter 100/743  loss=0.1823  lr=1.54e-05
[05:47:49 INFO] Epoch 38/50  iter 150/743  loss=0.1253  lr=1.54e-05
[05:48:01 INFO] Epoch 38/50  iter 200/743  loss=0.0553  lr=1.53e-05
[05:48:14 INFO] Epoch 38/50  iter 250/743  loss=0.1469  lr=1.52e-05
[05:48:26 INFO] Epoch 38/50  iter 300/743  loss=0.1081  lr=1.51e-05
[05:48:39 INFO] Epoch 38/50  iter 350/743  loss=0.1461  lr=1.50e-05
[05:48:52 INFO] Epoch 38/50  iter 400/743  loss=0.1431  lr=1.50e-05
[05:49:04 INFO] Epoch 38/50  iter 450/743  loss=0.1551  lr=1.49e-05
[05:49:17 INFO] Epoch 38/50  iter 500/743  loss=0.0624  lr=1.48e-05
[05:49:29 INFO] Epoch 38/50  iter 550/743  loss=0.0506  lr=1.47e-05
[05:49:42 INFO] Epoch 38/50  iter 600/743  loss=0.1436  lr=1.46e-05
[05:49:54 INFO] Epoch 38/50  iter 650/743  loss=0.1341  lr=1.45e-05
[05:50:07 INFO] Epoch 38/50  iter 700/743  loss=0.0645  lr=1.45e-05
[05:50:18 INFO] Epoch 38 complete — avg_loss=0.1263  time=187s
[05:50:32 INFO] Epoch 39/50  iter 50/743  loss=0.3034  lr=1.43e-05
[05:50:44 INFO] Epoch 39/50  iter 100/743  loss=0.1556  lr=1.42e-05
[05:50:57 INFO] Epoch 39/50  iter 150/743  loss=0.0855  lr=1.42e-05
[05:51:09 INFO] Epoch 39/50  iter 200/743  loss=0.1711  lr=1.41e-05
[05:51:22 INFO] Epoch 39/50  iter 250/743  loss=0.1196  lr=1.40e-05
[05:51:34 INFO] Epoch 39/50  iter 300/743  loss=0.0797  lr=1.39e-05
[05:51:47 INFO] Epoch 39/50  iter 350/743  loss=0.1707  lr=1.38e-05
[05:52:00 INFO] Epoch 39/50  iter 400/743  loss=0.2293  lr=1.38e-05
[05:52:12 INFO] Epoch 39/50  iter 450/743  loss=0.0964  lr=1.37e-05
[05:52:25 INFO] Epoch 39/50  iter 500/743  loss=0.1096  lr=1.36e-05
[05:52:37 INFO] Epoch 39/50  iter 550/743  loss=0.1441  lr=1.35e-05
[05:52:50 INFO] Epoch 39/50  iter 600/743  loss=0.1116  lr=1.34e-05
[05:53:02 INFO] Epoch 39/50  iter 650/743  loss=0.0924  lr=1.33e-05
[05:53:15 INFO] Epoch 39/50  iter 700/743  loss=0.0958  lr=1.33e-05
[05:53:26 INFO] Epoch 39 complete — avg_loss=0.1296  time=187s
[05:53:40 INFO] Epoch 40/50  iter 50/743  loss=0.0575  lr=1.31e-05
[05:53:52 INFO] Epoch 40/50  iter 100/743  loss=0.2241  lr=1.30e-05
[05:54:05 INFO] Epoch 40/50  iter 150/743  loss=0.1435  lr=1.30e-05
[05:54:17 INFO] Epoch 40/50  iter 200/743  loss=0.0552  lr=1.29e-05
[05:54:30 INFO] Epoch 40/50  iter 250/743  loss=0.1371  lr=1.28e-05
[05:54:43 INFO] Epoch 40/50  iter 300/743  loss=0.0812  lr=1.27e-05
[05:54:55 INFO] Epoch 40/50  iter 350/743  loss=0.1437  lr=1.26e-05
[05:55:08 INFO] Epoch 40/50  iter 400/743  loss=0.0792  lr=1.26e-05
[05:55:20 INFO] Epoch 40/50  iter 450/743  loss=0.1388  lr=1.25e-05
[05:55:33 INFO] Epoch 40/50  iter 500/743  loss=0.1922  lr=1.24e-05
[05:55:45 INFO] Epoch 40/50  iter 550/743  loss=0.1337  lr=1.23e-05
[05:55:58 INFO] Epoch 40/50  iter 600/743  loss=0.0665  lr=1.22e-05
[05:56:11 INFO] Epoch 40/50  iter 650/743  loss=0.2381  lr=1.21e-05
[05:56:23 INFO] Epoch 40/50  iter 700/743  loss=0.0624  lr=1.21e-05
[05:56:34 INFO] Epoch 40 complete — avg_loss=0.1313  time=187s
[05:57:28 INFO]   val mIoU = 0.7598
[05:57:29 INFO]   ★ New best val mIoU: 0.7598
[05:57:43 INFO] Epoch 41/50  iter 50/743  loss=0.1335  lr=1.19e-05
[05:57:55 INFO] Epoch 41/50  iter 100/743  loss=0.1941  lr=1.18e-05
[05:58:08 INFO] Epoch 41/50  iter 150/743  loss=0.0891  lr=1.18e-05
[05:58:21 INFO] Epoch 41/50  iter 200/743  loss=0.0638  lr=1.17e-05
[05:58:33 INFO] Epoch 41/50  iter 250/743  loss=0.1159  lr=1.16e-05
[05:58:46 INFO] Epoch 41/50  iter 300/743  loss=0.0547  lr=1.15e-05
[05:58:58 INFO] Epoch 41/50  iter 350/743  loss=0.1101  lr=1.14e-05
[05:59:11 INFO] Epoch 41/50  iter 400/743  loss=0.1467  lr=1.14e-05
[05:59:23 INFO] Epoch 41/50  iter 450/743  loss=0.0900  lr=1.13e-05
[05:59:36 INFO] Epoch 41/50  iter 500/743  loss=0.1173  lr=1.12e-05
[05:59:49 INFO] Epoch 41/50  iter 550/743  loss=0.1031  lr=1.11e-05
[06:00:01 INFO] Epoch 41/50  iter 600/743  loss=0.0454  lr=1.10e-05
[06:00:14 INFO] Epoch 41/50  iter 650/743  loss=0.1157  lr=1.09e-05
[06:00:26 INFO] Epoch 41/50  iter 700/743  loss=0.1602  lr=1.09e-05
[06:00:37 INFO] Epoch 41 complete — avg_loss=0.1267  time=187s
[06:00:51 INFO] Epoch 42/50  iter 50/743  loss=0.1068  lr=1.07e-05
[06:01:04 INFO] Epoch 42/50  iter 100/743  loss=0.1843  lr=1.06e-05
[06:01:16 INFO] Epoch 42/50  iter 150/743  loss=0.1209  lr=1.06e-05
[06:01:29 INFO] Epoch 42/50  iter 200/743  loss=0.5748  lr=1.05e-05
[06:01:41 INFO] Epoch 42/50  iter 250/743  loss=0.1363  lr=1.04e-05
[06:01:54 INFO] Epoch 42/50  iter 300/743  loss=0.1180  lr=1.03e-05
[06:02:07 INFO] Epoch 42/50  iter 350/743  loss=0.1275  lr=1.02e-05
[06:02:19 INFO] Epoch 42/50  iter 400/743  loss=0.1310  lr=1.02e-05
[06:02:32 INFO] Epoch 42/50  iter 450/743  loss=0.0986  lr=1.01e-05
[06:02:44 INFO] Epoch 42/50  iter 500/743  loss=0.1198  lr=9.99e-06
[06:02:57 INFO] Epoch 42/50  iter 550/743  loss=0.0711  lr=9.91e-06
[06:03:09 INFO] Epoch 42/50  iter 600/743  loss=0.1350  lr=9.83e-06
[06:03:22 INFO] Epoch 42/50  iter 650/743  loss=0.0951  lr=9.75e-06
[06:03:35 INFO] Epoch 42/50  iter 700/743  loss=0.0953  lr=9.67e-06
[06:03:45 INFO] Epoch 42 complete — avg_loss=0.1290  time=187s
[06:03:59 INFO] Epoch 43/50  iter 50/743  loss=0.1256  lr=9.52e-06
[06:04:12 INFO] Epoch 43/50  iter 100/743  loss=0.1276  lr=9.44e-06
[06:04:25 INFO] Epoch 43/50  iter 150/743  loss=0.0681  lr=9.36e-06
[06:04:37 INFO] Epoch 43/50  iter 200/743  loss=0.1189  lr=9.28e-06
[06:04:50 INFO] Epoch 43/50  iter 250/743  loss=0.0888  lr=9.19e-06
[06:05:02 INFO] Epoch 43/50  iter 300/743  loss=0.0820  lr=9.11e-06
[06:05:15 INFO] Epoch 43/50  iter 350/743  loss=0.0729  lr=9.03e-06
[06:05:28 INFO] Epoch 43/50  iter 400/743  loss=0.1488  lr=8.95e-06
[06:05:40 INFO] Epoch 43/50  iter 450/743  loss=0.1369  lr=8.87e-06
[06:05:53 INFO] Epoch 43/50  iter 500/743  loss=0.0904  lr=8.79e-06
[06:06:05 INFO] Epoch 43/50  iter 550/743  loss=0.0497  lr=8.71e-06
[06:06:18 INFO] Epoch 43/50  iter 600/743  loss=0.0675  lr=8.63e-06
[06:06:30 INFO] Epoch 43/50  iter 650/743  loss=0.0724  lr=8.55e-06
[06:06:43 INFO] Epoch 43/50  iter 700/743  loss=0.1601  lr=8.47e-06
[06:06:54 INFO] Epoch 43 complete — avg_loss=0.1218  time=187s
[06:07:08 INFO] Epoch 44/50  iter 50/743  loss=0.1542  lr=8.32e-06
[06:07:20 INFO] Epoch 44/50  iter 100/743  loss=0.0682  lr=8.24e-06
[06:07:33 INFO] Epoch 44/50  iter 150/743  loss=0.0631  lr=8.16e-06
[06:07:45 INFO] Epoch 44/50  iter 200/743  loss=0.1263  lr=8.08e-06
[06:07:58 INFO] Epoch 44/50  iter 250/743  loss=0.1063  lr=7.99e-06
[06:08:11 INFO] Epoch 44/50  iter 300/743  loss=0.2042  lr=7.91e-06
[06:08:23 INFO] Epoch 44/50  iter 350/743  loss=0.1115  lr=7.83e-06
[06:08:36 INFO] Epoch 44/50  iter 400/743  loss=0.1323  lr=7.75e-06
[06:08:48 INFO] Epoch 44/50  iter 450/743  loss=0.0820  lr=7.67e-06
[06:09:01 INFO] Epoch 44/50  iter 500/743  loss=0.0514  lr=7.59e-06
[06:09:14 INFO] Epoch 44/50  iter 550/743  loss=0.0905  lr=7.51e-06
[06:09:26 INFO] Epoch 44/50  iter 600/743  loss=0.1064  lr=7.43e-06
[06:09:39 INFO] Epoch 44/50  iter 650/743  loss=0.2604  lr=7.35e-06
[06:09:51 INFO] Epoch 44/50  iter 700/743  loss=0.0961  lr=7.27e-06
[06:10:02 INFO] Epoch 44 complete — avg_loss=0.1200  time=188s
[06:10:16 INFO] Epoch 45/50  iter 50/743  loss=0.0770  lr=7.12e-06
[06:10:29 INFO] Epoch 45/50  iter 100/743  loss=0.0881  lr=7.04e-06
[06:10:41 INFO] Epoch 45/50  iter 150/743  loss=0.0899  lr=6.96e-06
[06:10:54 INFO] Epoch 45/50  iter 200/743  loss=0.0495  lr=6.88e-06
[06:11:06 INFO] Epoch 45/50  iter 250/743  loss=0.1598  lr=6.79e-06
[06:11:19 INFO] Epoch 45/50  iter 300/743  loss=0.1503  lr=6.71e-06
[06:11:32 INFO] Epoch 45/50  iter 350/743  loss=0.0781  lr=6.63e-06
[06:11:44 INFO] Epoch 45/50  iter 400/743  loss=0.0758  lr=6.55e-06
[06:11:57 INFO] Epoch 45/50  iter 450/743  loss=0.0192  lr=6.47e-06
[06:12:09 INFO] Epoch 45/50  iter 500/743  loss=0.1123  lr=6.39e-06
[06:12:22 INFO] Epoch 45/50  iter 550/743  loss=0.0587  lr=6.31e-06
[06:12:34 INFO] Epoch 45/50  iter 600/743  loss=0.0857  lr=6.23e-06
[06:12:47 INFO] Epoch 45/50  iter 650/743  loss=0.0942  lr=6.15e-06
[06:13:00 INFO] Epoch 45/50  iter 700/743  loss=0.0895  lr=6.07e-06
[06:13:10 INFO] Epoch 45 complete — avg_loss=0.1191  time=187s
[06:14:05 INFO]   val mIoU = 0.7621
[06:14:06 INFO]   ★ New best val mIoU: 0.7621
[06:14:19 INFO] Epoch 46/50  iter 50/743  loss=0.0979  lr=5.92e-06
[06:14:32 INFO] Epoch 46/50  iter 100/743  loss=0.1083  lr=5.84e-06
[06:14:45 INFO] Epoch 46/50  iter 150/743  loss=0.0779  lr=5.76e-06
[06:14:57 INFO] Epoch 46/50  iter 200/743  loss=0.0602  lr=5.68e-06
[06:15:10 INFO] Epoch 46/50  iter 250/743  loss=0.1028  lr=5.59e-06
[06:15:22 INFO] Epoch 46/50  iter 300/743  loss=0.0834  lr=5.51e-06
[06:15:35 INFO] Epoch 46/50  iter 350/743  loss=0.3073  lr=5.43e-06
[06:15:48 INFO] Epoch 46/50  iter 400/743  loss=0.1126  lr=5.35e-06
[06:16:00 INFO] Epoch 46/50  iter 450/743  loss=0.0983  lr=5.27e-06
[06:16:13 INFO] Epoch 46/50  iter 500/743  loss=0.1277  lr=5.19e-06
[06:16:25 INFO] Epoch 46/50  iter 550/743  loss=0.0834  lr=5.11e-06
[06:16:38 INFO] Epoch 46/50  iter 600/743  loss=0.1197  lr=5.03e-06
[06:16:50 INFO] Epoch 46/50  iter 650/743  loss=0.1086  lr=4.95e-06
[06:17:03 INFO] Epoch 46/50  iter 700/743  loss=0.2578  lr=4.87e-06
[06:17:14 INFO] Epoch 46 complete — avg_loss=0.1150  time=187s
[06:17:28 INFO] Epoch 47/50  iter 50/743  loss=0.1403  lr=4.72e-06
[06:17:40 INFO] Epoch 47/50  iter 100/743  loss=0.0922  lr=4.64e-06
[06:17:53 INFO] Epoch 47/50  iter 150/743  loss=0.0954  lr=4.56e-06
[06:18:06 INFO] Epoch 47/50  iter 200/743  loss=0.1037  lr=4.48e-06
[06:18:18 INFO] Epoch 47/50  iter 250/743  loss=0.1018  lr=4.39e-06
[06:18:31 INFO] Epoch 47/50  iter 300/743  loss=0.1412  lr=4.31e-06
[06:18:43 INFO] Epoch 47/50  iter 350/743  loss=0.1122  lr=4.23e-06
[06:18:56 INFO] Epoch 47/50  iter 400/743  loss=0.1042  lr=4.15e-06
[06:19:08 INFO] Epoch 47/50  iter 450/743  loss=0.0548  lr=4.07e-06
[06:19:21 INFO] Epoch 47/50  iter 500/743  loss=0.2141  lr=3.99e-06
[06:19:34 INFO] Epoch 47/50  iter 550/743  loss=0.1254  lr=3.91e-06
[06:19:46 INFO] Epoch 47/50  iter 600/743  loss=0.1487  lr=3.83e-06
[06:19:59 INFO] Epoch 47/50  iter 650/743  loss=0.1047  lr=3.75e-06
[06:20:11 INFO] Epoch 47/50  iter 700/743  loss=0.1372  lr=3.67e-06
[06:20:22 INFO] Epoch 47 complete — avg_loss=0.1246  time=188s
[06:20:36 INFO] Epoch 48/50  iter 50/743  loss=0.0944  lr=3.52e-06
[06:20:49 INFO] Epoch 48/50  iter 100/743  loss=0.0964  lr=3.44e-06
[06:21:01 INFO] Epoch 48/50  iter 150/743  loss=0.0612  lr=3.36e-06
[06:21:14 INFO] Epoch 48/50  iter 200/743  loss=0.0926  lr=3.28e-06
[06:21:26 INFO] Epoch 48/50  iter 250/743  loss=0.0759  lr=3.19e-06
[06:21:39 INFO] Epoch 48/50  iter 300/743  loss=0.2585  lr=3.11e-06
[06:21:52 INFO] Epoch 48/50  iter 350/743  loss=0.0681  lr=3.03e-06
[06:22:04 INFO] Epoch 48/50  iter 400/743  loss=0.1057  lr=2.95e-06
[06:22:17 INFO] Epoch 48/50  iter 450/743  loss=0.0490  lr=2.87e-06
[06:22:29 INFO] Epoch 48/50  iter 500/743  loss=0.0697  lr=2.79e-06
[06:22:42 INFO] Epoch 48/50  iter 550/743  loss=0.0796  lr=2.71e-06
[06:22:54 INFO] Epoch 48/50  iter 600/743  loss=0.1847  lr=2.63e-06
[06:23:07 INFO] Epoch 48/50  iter 650/743  loss=0.1173  lr=2.55e-06
[06:23:20 INFO] Epoch 48/50  iter 700/743  loss=0.0927  lr=2.47e-06
[06:23:30 INFO] Epoch 48 complete — avg_loss=0.1185  time=187s
[06:23:44 INFO] Epoch 49/50  iter 50/743  loss=0.0524  lr=2.32e-06
[06:23:57 INFO] Epoch 49/50  iter 100/743  loss=0.0972  lr=2.24e-06
[06:24:09 INFO] Epoch 49/50  iter 150/743  loss=0.1377  lr=2.16e-06
[06:24:22 INFO] Epoch 49/50  iter 200/743  loss=0.0644  lr=2.08e-06
[06:24:34 INFO] Epoch 49/50  iter 250/743  loss=0.3176  lr=1.99e-06
[06:24:47 INFO] Epoch 49/50  iter 300/743  loss=0.0897  lr=1.91e-06
[06:25:00 INFO] Epoch 49/50  iter 350/743  loss=0.1522  lr=1.83e-06
[06:25:12 INFO] Epoch 49/50  iter 400/743  loss=0.1839  lr=1.75e-06
[06:25:25 INFO] Epoch 49/50  iter 450/743  loss=0.0507  lr=1.67e-06
[06:25:37 INFO] Epoch 49/50  iter 500/743  loss=0.1348  lr=1.59e-06
[06:25:50 INFO] Epoch 49/50  iter 550/743  loss=0.0581  lr=1.51e-06
[06:26:03 INFO] Epoch 49/50  iter 600/743  loss=0.1621  lr=1.43e-06
[06:26:15 INFO] Epoch 49/50  iter 650/743  loss=0.0725  lr=1.35e-06
[06:26:28 INFO] Epoch 49/50  iter 700/743  loss=0.1259  lr=1.27e-06
[06:26:39 INFO] Epoch 49 complete — avg_loss=0.1162  time=187s
[06:26:53 INFO] Epoch 50/50  iter 50/743  loss=0.1430  lr=1.12e-06
[06:27:05 INFO] Epoch 50/50  iter 100/743  loss=0.0647  lr=1.04e-06
[06:27:18 INFO] Epoch 50/50  iter 150/743  loss=0.0848  lr=9.56e-07
[06:27:30 INFO] Epoch 50/50  iter 200/743  loss=0.1512  lr=8.75e-07
[06:27:43 INFO] Epoch 50/50  iter 250/743  loss=0.1137  lr=7.95e-07
[06:27:56 INFO] Epoch 50/50  iter 300/743  loss=0.1243  lr=7.14e-07
[06:28:08 INFO] Epoch 50/50  iter 350/743  loss=0.1342  lr=6.33e-07
[06:28:21 INFO] Epoch 50/50  iter 400/743  loss=0.1234  lr=5.52e-07
[06:28:33 INFO] Epoch 50/50  iter 450/743  loss=0.0719  lr=4.72e-07
[06:28:46 INFO] Epoch 50/50  iter 500/743  loss=0.1017  lr=3.91e-07
[06:28:58 INFO] Epoch 50/50  iter 550/743  loss=0.0960  lr=3.10e-07
[06:29:11 INFO] Epoch 50/50  iter 600/743  loss=0.1267  lr=2.29e-07
[06:29:24 INFO] Epoch 50/50  iter 650/743  loss=0.0978  lr=1.49e-07
[06:29:36 INFO] Epoch 50/50  iter 700/743  loss=0.1141  lr=6.78e-08
[06:29:47 INFO] Epoch 50 complete — avg_loss=0.1176  time=187s
[06:30:41 INFO]   val mIoU = 0.7688
[06:30:42 INFO]   ★ New best val mIoU: 0.7688
[06:30:43 INFO] Training complete. Best val mIoU = 0.7688
>>> Done: configs/baseline.yaml

>>> Training: configs/photometric_low.yaml
[06:30:53 INFO] Device: cuda
/usr/lib64/python3.11/tarfile.py:2303: RuntimeWarning: The default behavior of tarfile extraction has been changed to disallow common exploits (including CVE-2007-4559). By default, absolute/parent paths are disallowed and some mode bits are cleared. See https://access.redhat.com/articles/7004769 for more details.
  warnings.warn(
Model backend: smp
[06:30:58 INFO] Train: 2975 samples  |  Val: 500 samples
[06:31:40 INFO] Epoch 1/50  iter 50/743  loss=1.5550  lr=5.99e-05
[06:32:27 INFO] Epoch 1/50  iter 100/743  loss=1.3726  lr=5.98e-05
[06:33:02 INFO] Epoch 1/50  iter 150/743  loss=0.7121  lr=5.98e-05
[06:33:37 INFO] Epoch 1/50  iter 200/743  loss=0.9093  lr=5.97e-05
[06:34:13 INFO] Epoch 1/50  iter 250/743  loss=1.8473  lr=5.96e-05
[06:34:48 INFO] Epoch 1/50  iter 300/743  loss=1.1412  lr=5.95e-05
[06:35:25 INFO] Epoch 1/50  iter 350/743  loss=0.9640  lr=5.94e-05
[06:36:02 INFO] Epoch 1/50  iter 400/743  loss=0.5258  lr=5.94e-05
[06:36:40 INFO] Epoch 1/50  iter 450/743  loss=0.4695  lr=5.93e-05
[06:37:22 INFO] Epoch 1/50  iter 500/743  loss=0.4717  lr=5.92e-05
[06:38:03 INFO] Epoch 1/50  iter 550/743  loss=0.7135  lr=5.91e-05
[06:38:44 INFO] Epoch 1/50  iter 600/743  loss=0.5051  lr=5.90e-05
[06:39:24 INFO] Epoch 1/50  iter 650/743  loss=0.3969  lr=5.89e-05
[06:40:05 INFO] Epoch 1/50  iter 700/743  loss=1.1571  lr=5.89e-05
[06:40:39 INFO] Epoch 1 complete — avg_loss=0.8935  time=581s
[06:41:22 INFO] Epoch 2/50  iter 50/743  loss=0.8425  lr=5.87e-05
[06:42:00 INFO] Epoch 2/50  iter 100/743  loss=0.7134  lr=5.86e-05
[06:42:39 INFO] Epoch 2/50  iter 150/743  loss=0.4580  lr=5.86e-05
[06:43:17 INFO] Epoch 2/50  iter 200/743  loss=0.4476  lr=5.85e-05
[06:43:55 INFO] Epoch 2/50  iter 250/743  loss=0.4117  lr=5.84e-05
[06:44:30 INFO] Epoch 2/50  iter 300/743  loss=0.2819  lr=5.83e-05
[06:45:07 INFO] Epoch 2/50  iter 350/743  loss=0.3921  lr=5.82e-05
[06:45:44 INFO] Epoch 2/50  iter 400/743  loss=0.2556  lr=5.82e-05
[06:46:20 INFO] Epoch 2/50  iter 450/743  loss=0.3318  lr=5.81e-05
[06:46:55 INFO] Epoch 2/50  iter 500/743  loss=0.4224  lr=5.80e-05
[06:47:27 INFO] Epoch 2/50  iter 550/743  loss=0.4401  lr=5.79e-05
[06:48:00 INFO] Epoch 2/50  iter 600/743  loss=0.2725  lr=5.78e-05
[06:48:33 INFO] Epoch 2/50  iter 650/743  loss=0.4804  lr=5.77e-05
[06:49:05 INFO] Epoch 2/50  iter 700/743  loss=0.2883  lr=5.77e-05
[06:49:33 INFO] Epoch 2 complete — avg_loss=0.4990  time=533s
[06:50:18 INFO] Epoch 3/50  iter 50/743  loss=0.4089  lr=5.75e-05
[06:50:51 INFO] Epoch 3/50  iter 100/743  loss=0.4478  lr=5.74e-05
[06:51:28 INFO] Epoch 3/50  iter 150/743  loss=0.2480  lr=5.74e-05
[06:52:04 INFO] Epoch 3/50  iter 200/743  loss=0.2338  lr=5.73e-05
[06:52:39 INFO] Epoch 3/50  iter 250/743  loss=0.5030  lr=5.72e-05
[06:53:13 INFO] Epoch 3/50  iter 300/743  loss=0.8114  lr=5.71e-05
[06:53:47 INFO] Epoch 3/50  iter 350/743  loss=0.3924  lr=5.70e-05
[06:54:20 INFO] Epoch 3/50  iter 400/743  loss=0.4158  lr=5.70e-05
[06:54:53 INFO] Epoch 3/50  iter 450/743  loss=0.4602  lr=5.69e-05
[06:55:25 INFO] Epoch 3/50  iter 500/743  loss=0.2582  lr=5.68e-05
[06:55:57 INFO] Epoch 3/50  iter 550/743  loss=0.2796  lr=5.67e-05
[06:56:30 INFO] Epoch 3/50  iter 600/743  loss=0.3763  lr=5.66e-05
[06:57:03 INFO] Epoch 3/50  iter 650/743  loss=0.4581  lr=5.65e-05
[06:57:36 INFO] Epoch 3/50  iter 700/743  loss=0.3349  lr=5.65e-05
[06:58:03 INFO] Epoch 3 complete — avg_loss=0.4304  time=509s
[06:58:39 INFO] Epoch 4/50  iter 50/743  loss=0.2403  lr=5.63e-05
[06:59:11 INFO] Epoch 4/50  iter 100/743  loss=0.2773  lr=5.62e-05
[06:59:46 INFO] Epoch 4/50  iter 150/743  loss=0.2599  lr=5.62e-05
[07:00:18 INFO] Epoch 4/50  iter 200/743  loss=0.2552  lr=5.61e-05
[07:00:53 INFO] Epoch 4/50  iter 250/743  loss=0.3600  lr=5.60e-05
[07:01:26 INFO] Epoch 4/50  iter 300/743  loss=0.2381  lr=5.59e-05
[07:01:59 INFO] Epoch 4/50  iter 350/743  loss=0.1738  lr=5.58e-05
[07:02:32 INFO] Epoch 4/50  iter 400/743  loss=0.2013  lr=5.58e-05
[07:03:05 INFO] Epoch 4/50  iter 450/743  loss=0.3912  lr=5.57e-05
[07:03:36 INFO] Epoch 4/50  iter 500/743  loss=0.4630  lr=5.56e-05
[07:04:09 INFO] Epoch 4/50  iter 550/743  loss=0.3484  lr=5.55e-05
[07:04:47 INFO] Epoch 4/50  iter 600/743  loss=0.3514  lr=5.54e-05
[07:05:21 INFO] Epoch 4/50  iter 650/743  loss=0.2060  lr=5.53e-05
[07:05:56 INFO] Epoch 4/50  iter 700/743  loss=0.1817  lr=5.53e-05
[07:06:24 INFO] Epoch 4 complete — avg_loss=0.3771  time=500s
[07:07:05 INFO] Epoch 5/50  iter 50/743  loss=0.2163  lr=5.51e-05
[07:07:37 INFO] Epoch 5/50  iter 100/743  loss=0.3747  lr=5.50e-05
[07:08:12 INFO] Epoch 5/50  iter 150/743  loss=0.3755  lr=5.50e-05
[07:08:43 INFO] Epoch 5/50  iter 200/743  loss=0.1324  lr=5.49e-05
[07:09:16 INFO] Epoch 5/50  iter 250/743  loss=0.4757  lr=5.48e-05
[07:09:48 INFO] Epoch 5/50  iter 300/743  loss=0.3934  lr=5.47e-05
[07:10:21 INFO] Epoch 5/50  iter 350/743  loss=0.2399  lr=5.46e-05
[07:10:55 INFO] Epoch 5/50  iter 400/743  loss=0.2368  lr=5.46e-05
[07:11:29 INFO] Epoch 5/50  iter 450/743  loss=0.2820  lr=5.45e-05
[07:12:01 INFO] Epoch 5/50  iter 500/743  loss=0.1502  lr=5.44e-05
[07:12:35 INFO] Epoch 5/50  iter 550/743  loss=0.6357  lr=5.43e-05
[07:13:06 INFO] Epoch 5/50  iter 600/743  loss=1.3597  lr=5.42e-05
[07:13:40 INFO] Epoch 5/50  iter 650/743  loss=0.5039  lr=5.41e-05
[07:14:11 INFO] Epoch 5/50  iter 700/743  loss=0.3378  lr=5.41e-05
[07:14:40 INFO] Epoch 5 complete — avg_loss=0.3630  time=495s
[07:15:33 INFO]   val mIoU = 0.4859
[07:15:34 INFO]   ★ New best val mIoU: 0.4859
[07:16:12 INFO] Epoch 6/50  iter 50/743  loss=0.1475  lr=5.39e-05
[07:16:47 INFO] Epoch 6/50  iter 100/743  loss=1.2084  lr=5.38e-05
[07:17:20 INFO] Epoch 6/50  iter 150/743  loss=0.5914  lr=5.38e-05
[07:17:55 INFO] Epoch 6/50  iter 200/743  loss=0.5436  lr=5.37e-05
[07:18:29 INFO] Epoch 6/50  iter 250/743  loss=0.3743  lr=5.36e-05
[07:19:04 INFO] Epoch 6/50  iter 300/743  loss=0.1272  lr=5.35e-05
[07:19:39 INFO] Epoch 6/50  iter 350/743  loss=0.5428  lr=5.34e-05
[07:20:15 INFO] Epoch 6/50  iter 400/743  loss=0.2927  lr=5.34e-05
[07:20:49 INFO] Epoch 6/50  iter 450/743  loss=0.2025  lr=5.33e-05
[07:21:25 INFO] Epoch 6/50  iter 500/743  loss=0.3546  lr=5.32e-05
[07:21:59 INFO] Epoch 6/50  iter 550/743  loss=0.5706  lr=5.31e-05
[07:22:35 INFO] Epoch 6/50  iter 600/743  loss=0.3026  lr=5.30e-05
[07:23:08 INFO] Epoch 6/50  iter 650/743  loss=0.4978  lr=5.29e-05
[07:23:50 INFO] Epoch 6/50  iter 700/743  loss=0.6195  lr=5.29e-05
[07:24:22 INFO] Epoch 6 complete — avg_loss=0.3302  time=526s
[07:25:04 INFO] Epoch 7/50  iter 50/743  loss=0.4965  lr=5.27e-05
[07:25:43 INFO] Epoch 7/50  iter 100/743  loss=0.1859  lr=5.26e-05
[07:26:18 INFO] Epoch 7/50  iter 150/743  loss=0.1122  lr=5.26e-05
[07:26:54 INFO] Epoch 7/50  iter 200/743  loss=0.4203  lr=5.25e-05
[07:27:27 INFO] Epoch 7/50  iter 250/743  loss=0.3091  lr=5.24e-05
[07:28:02 INFO] Epoch 7/50  iter 300/743  loss=0.2406  lr=5.23e-05
[07:28:37 INFO] Epoch 7/50  iter 350/743  loss=0.2105  lr=5.22e-05
[07:29:16 INFO] Epoch 7/50  iter 400/743  loss=0.3313  lr=5.22e-05
[07:29:53 INFO] Epoch 7/50  iter 450/743  loss=0.3406  lr=5.21e-05
[07:30:31 INFO] Epoch 7/50  iter 500/743  loss=0.2412  lr=5.20e-05
[07:31:08 INFO] Epoch 7/50  iter 550/743  loss=0.2511  lr=5.19e-05
[07:31:46 INFO] Epoch 7/50  iter 600/743  loss=0.1685  lr=5.18e-05
[07:32:22 INFO] Epoch 7/50  iter 650/743  loss=0.1672  lr=5.17e-05
[07:33:01 INFO] Epoch 7/50  iter 700/743  loss=0.2454  lr=5.17e-05
[07:33:33 INFO] Epoch 7 complete — avg_loss=0.3083  time=550s
[07:34:13 INFO] Epoch 8/50  iter 50/743  loss=0.2532  lr=5.15e-05
[07:34:49 INFO] Epoch 8/50  iter 100/743  loss=0.2382  lr=5.14e-05
[07:35:24 INFO] Epoch 8/50  iter 150/743  loss=0.2563  lr=5.14e-05
[07:36:00 INFO] Epoch 8/50  iter 200/743  loss=0.1939  lr=5.13e-05
[07:36:34 INFO] Epoch 8/50  iter 250/743  loss=0.2634  lr=5.12e-05
[07:37:10 INFO] Epoch 8/50  iter 300/743  loss=0.4883  lr=5.11e-05
[07:37:43 INFO] Epoch 8/50  iter 350/743  loss=0.7197  lr=5.10e-05
[07:38:19 INFO] Epoch 8/50  iter 400/743  loss=0.3175  lr=5.10e-05
[07:38:51 INFO] Epoch 8/50  iter 450/743  loss=0.3003  lr=5.09e-05
[07:39:26 INFO] Epoch 8/50  iter 500/743  loss=0.1933  lr=5.08e-05
[07:39:58 INFO] Epoch 8/50  iter 550/743  loss=0.1653  lr=5.07e-05
[07:40:34 INFO] Epoch 8/50  iter 600/743  loss=0.7636  lr=5.06e-05
[07:41:07 INFO] Epoch 8/50  iter 650/743  loss=0.2405  lr=5.05e-05
[07:41:40 INFO] Epoch 8/50  iter 700/743  loss=0.1546  lr=5.05e-05
[07:42:08 INFO] Epoch 8 complete — avg_loss=0.3092  time=515s
[07:42:48 INFO] Epoch 9/50  iter 50/743  loss=0.2210  lr=5.03e-05
[07:43:24 INFO] Epoch 9/50  iter 100/743  loss=0.2259  lr=5.02e-05
[07:43:58 INFO] Epoch 9/50  iter 150/743  loss=0.3016  lr=5.02e-05
[07:44:33 INFO] Epoch 9/50  iter 200/743  loss=0.1823  lr=5.01e-05
[07:45:09 INFO] Epoch 9/50  iter 250/743  loss=0.1378  lr=5.00e-05
[07:45:42 INFO] Epoch 9/50  iter 300/743  loss=0.1160  lr=4.99e-05
[07:46:15 INFO] Epoch 9/50  iter 350/743  loss=0.2654  lr=4.98e-05
[07:46:51 INFO] Epoch 9/50  iter 400/743  loss=0.3165  lr=4.98e-05
[07:47:25 INFO] Epoch 9/50  iter 450/743  loss=0.5281  lr=4.97e-05
[07:47:59 INFO] Epoch 9/50  iter 500/743  loss=0.3834  lr=4.96e-05
[07:48:37 INFO] Epoch 9/50  iter 550/743  loss=0.1374  lr=4.95e-05
[07:49:13 INFO] Epoch 9/50  iter 600/743  loss=0.3103  lr=4.94e-05
[07:49:45 INFO] Epoch 9/50  iter 650/743  loss=0.2643  lr=4.93e-05
[07:50:22 INFO] Epoch 9/50  iter 700/743  loss=0.1525  lr=4.93e-05
[07:50:51 INFO] Epoch 9 complete — avg_loss=0.2916  time=522s
[07:51:31 INFO] Epoch 10/50  iter 50/743  loss=0.1624  lr=4.91e-05
[07:52:09 INFO] Epoch 10/50  iter 100/743  loss=0.4233  lr=4.90e-05
[07:52:49 INFO] Epoch 10/50  iter 150/743  loss=0.2211  lr=4.90e-05
[07:53:25 INFO] Epoch 10/50  iter 200/743  loss=0.1429  lr=4.89e-05
[07:54:05 INFO] Epoch 10/50  iter 250/743  loss=0.1482  lr=4.88e-05
[07:54:39 INFO] Epoch 10/50  iter 300/743  loss=0.1201  lr=4.87e-05
[07:55:15 INFO] Epoch 10/50  iter 350/743  loss=1.1497  lr=4.86e-05
[07:55:53 INFO] Epoch 10/50  iter 400/743  loss=0.2452  lr=4.86e-05
[07:56:32 INFO] Epoch 10/50  iter 450/743  loss=0.1800  lr=4.85e-05
[07:57:05 INFO] Epoch 10/50  iter 500/743  loss=0.2203  lr=4.84e-05
[07:57:40 INFO] Epoch 10/50  iter 550/743  loss=0.2757  lr=4.83e-05
[07:58:13 INFO] Epoch 10/50  iter 600/743  loss=0.3894  lr=4.82e-05
[07:58:51 INFO] Epoch 10/50  iter 650/743  loss=0.2842  lr=4.81e-05
[07:59:29 INFO] Epoch 10/50  iter 700/743  loss=0.6448  lr=4.81e-05
[08:00:02 INFO] Epoch 10 complete — avg_loss=0.2862  time=551s
[08:00:57 INFO]   val mIoU = 0.5463
[08:00:58 INFO]   ★ New best val mIoU: 0.5463
[08:01:38 INFO] Epoch 11/50  iter 50/743  loss=0.1644  lr=4.79e-05
[08:02:13 INFO] Epoch 11/50  iter 100/743  loss=0.2307  lr=4.78e-05
[08:02:49 INFO] Epoch 11/50  iter 150/743  loss=0.2568  lr=4.78e-05
[08:03:24 INFO] Epoch 11/50  iter 200/743  loss=0.2589  lr=4.77e-05
[08:04:00 INFO] Epoch 11/50  iter 250/743  loss=0.1258  lr=4.76e-05
[08:04:34 INFO] Epoch 11/50  iter 300/743  loss=0.2312  lr=4.75e-05
[08:05:11 INFO] Epoch 11/50  iter 350/743  loss=0.2940  lr=4.74e-05
[08:05:44 INFO] Epoch 11/50  iter 400/743  loss=0.2308  lr=4.74e-05
[08:06:21 INFO] Epoch 11/50  iter 450/743  loss=0.2395  lr=4.73e-05
[08:06:56 INFO] Epoch 11/50  iter 500/743  loss=0.1463  lr=4.72e-05
[08:07:33 INFO] Epoch 11/50  iter 550/743  loss=0.3935  lr=4.71e-05
[08:08:07 INFO] Epoch 11/50  iter 600/743  loss=0.2819  lr=4.70e-05
[08:08:44 INFO] Epoch 11/50  iter 650/743  loss=0.4980  lr=4.69e-05
[08:09:18 INFO] Epoch 11/50  iter 700/743  loss=0.2376  lr=4.69e-05
[08:09:47 INFO] Epoch 11 complete — avg_loss=0.2716  time=528s
[08:10:23 INFO] Epoch 12/50  iter 50/743  loss=0.2857  lr=4.67e-05
[08:10:59 INFO] Epoch 12/50  iter 100/743  loss=0.1036  lr=4.66e-05
[08:11:32 INFO] Epoch 12/50  iter 150/743  loss=0.4655  lr=4.66e-05
[08:12:07 INFO] Epoch 12/50  iter 200/743  loss=0.6817  lr=4.65e-05
[08:12:39 INFO] Epoch 12/50  iter 250/743  loss=0.3802  lr=4.64e-05
[08:13:13 INFO] Epoch 12/50  iter 300/743  loss=0.4491  lr=4.63e-05
[08:13:46 INFO] Epoch 12/50  iter 350/743  loss=0.1923  lr=4.62e-05
[08:14:20 INFO] Epoch 12/50  iter 400/743  loss=0.3937  lr=4.62e-05
[08:14:52 INFO] Epoch 12/50  iter 450/743  loss=0.2494  lr=4.61e-05
[08:15:27 INFO] Epoch 12/50  iter 500/743  loss=0.2143  lr=4.60e-05
[08:16:01 INFO] Epoch 12/50  iter 550/743  loss=0.1729  lr=4.59e-05
[08:16:35 INFO] Epoch 12/50  iter 600/743  loss=0.1700  lr=4.58e-05
[08:17:10 INFO] Epoch 12/50  iter 650/743  loss=0.3721  lr=4.57e-05
[08:17:43 INFO] Epoch 12/50  iter 700/743  loss=0.1549  lr=4.57e-05
[08:18:13 INFO] Epoch 12 complete — avg_loss=0.2660  time=505s
[08:18:54 INFO] Epoch 13/50  iter 50/743  loss=0.2871  lr=4.55e-05
[08:19:29 INFO] Epoch 13/50  iter 100/743  loss=0.1587  lr=4.54e-05
[08:20:03 INFO] Epoch 13/50  iter 150/743  loss=0.4186  lr=4.54e-05
[08:20:38 INFO] Epoch 13/50  iter 200/743  loss=0.2057  lr=4.53e-05
[08:21:13 INFO] Epoch 13/50  iter 250/743  loss=0.2005  lr=4.52e-05
[08:21:51 INFO] Epoch 13/50  iter 300/743  loss=0.2537  lr=4.51e-05
[08:22:28 INFO] Epoch 13/50  iter 350/743  loss=0.1045  lr=4.50e-05
[08:23:10 INFO] Epoch 13/50  iter 400/743  loss=0.2800  lr=4.50e-05
[08:23:46 INFO] Epoch 13/50  iter 450/743  loss=0.3194  lr=4.49e-05
[08:24:24 INFO] Epoch 13/50  iter 500/743  loss=0.1375  lr=4.48e-05
[08:25:01 INFO] Epoch 13/50  iter 550/743  loss=0.2393  lr=4.47e-05
[08:25:35 INFO] Epoch 13/50  iter 600/743  loss=0.1435  lr=4.46e-05
[08:26:08 INFO] Epoch 13/50  iter 650/743  loss=0.2281  lr=4.45e-05
[08:26:42 INFO] Epoch 13/50  iter 700/743  loss=0.1945  lr=4.45e-05
[08:27:10 INFO] Epoch 13 complete — avg_loss=0.2668  time=536s
[08:27:48 INFO] Epoch 14/50  iter 50/743  loss=0.1030  lr=4.43e-05
[08:28:23 INFO] Epoch 14/50  iter 100/743  loss=0.1036  lr=4.42e-05
[08:28:58 INFO] Epoch 14/50  iter 150/743  loss=0.2508  lr=4.42e-05
[08:29:35 INFO] Epoch 14/50  iter 200/743  loss=0.1980  lr=4.41e-05
[08:30:09 INFO] Epoch 14/50  iter 250/743  loss=0.2545  lr=4.40e-05
[08:30:44 INFO] Epoch 14/50  iter 300/743  loss=0.3897  lr=4.39e-05
[08:31:18 INFO] Epoch 14/50  iter 350/743  loss=0.6578  lr=4.38e-05
[08:31:53 INFO] Epoch 14/50  iter 400/743  loss=0.2791  lr=4.38e-05
[08:32:27 INFO] Epoch 14/50  iter 450/743  loss=0.1838  lr=4.37e-05
[08:33:02 INFO] Epoch 14/50  iter 500/743  loss=0.1214  lr=4.36e-05
[08:33:35 INFO] Epoch 14/50  iter 550/743  loss=0.3144  lr=4.35e-05
[08:34:10 INFO] Epoch 14/50  iter 600/743  loss=0.2114  lr=4.34e-05
[08:34:44 INFO] Epoch 14/50  iter 650/743  loss=0.2707  lr=4.33e-05
[08:35:19 INFO] Epoch 14/50  iter 700/743  loss=0.2157  lr=4.33e-05
[08:35:47 INFO] Epoch 14 complete — avg_loss=0.2511  time=516s
[08:36:22 INFO] Epoch 15/50  iter 50/743  loss=0.4851  lr=4.31e-05
[08:36:56 INFO] Epoch 15/50  iter 100/743  loss=0.2666  lr=4.30e-05
[08:37:30 INFO] Epoch 15/50  iter 150/743  loss=0.1578  lr=4.30e-05
[08:38:07 INFO] Epoch 15/50  iter 200/743  loss=0.2004  lr=4.29e-05
[08:38:46 INFO] Epoch 15/50  iter 250/743  loss=0.1918  lr=4.28e-05
[08:39:21 INFO] Epoch 15/50  iter 300/743  loss=0.3528  lr=4.27e-05
[08:39:55 INFO] Epoch 15/50  iter 350/743  loss=0.1477  lr=4.26e-05
[08:40:28 INFO] Epoch 15/50  iter 400/743  loss=0.1446  lr=4.26e-05
[08:41:09 INFO] Epoch 15/50  iter 450/743  loss=0.1908  lr=4.25e-05
[08:41:49 INFO] Epoch 15/50  iter 500/743  loss=0.2624  lr=4.24e-05
[08:42:30 INFO] Epoch 15/50  iter 550/743  loss=0.6271  lr=4.23e-05
[08:43:08 INFO] Epoch 15/50  iter 600/743  loss=0.1411  lr=4.22e-05
[08:43:49 INFO] Epoch 15/50  iter 650/743  loss=0.1413  lr=4.21e-05
[08:44:26 INFO] Epoch 15/50  iter 700/743  loss=0.0601  lr=4.21e-05
[08:44:54 INFO] Epoch 15 complete — avg_loss=0.2482  time=546s
[08:45:53 INFO]   val mIoU = 0.5935
[08:45:54 INFO]   ★ New best val mIoU: 0.5935
[08:46:37 INFO] Epoch 16/50  iter 50/743  loss=0.1935  lr=4.19e-05
[08:47:15 INFO] Epoch 16/50  iter 100/743  loss=0.9864  lr=4.18e-05
[08:47:48 INFO] Epoch 16/50  iter 150/743  loss=0.2134  lr=4.18e-05
[08:48:23 INFO] Epoch 16/50  iter 200/743  loss=0.1183  lr=4.17e-05
[08:48:55 INFO] Epoch 16/50  iter 250/743  loss=0.2117  lr=4.16e-05
[08:49:30 INFO] Epoch 16/50  iter 300/743  loss=0.3186  lr=4.15e-05
[08:50:04 INFO] Epoch 16/50  iter 350/743  loss=0.1807  lr=4.14e-05
[08:50:39 INFO] Epoch 16/50  iter 400/743  loss=0.2450  lr=4.14e-05
[08:51:14 INFO] Epoch 16/50  iter 450/743  loss=0.1690  lr=4.13e-05
[08:51:50 INFO] Epoch 16/50  iter 500/743  loss=0.2829  lr=4.12e-05
[08:52:23 INFO] Epoch 16/50  iter 550/743  loss=0.1430  lr=4.11e-05
[08:52:59 INFO] Epoch 16/50  iter 600/743  loss=0.2854  lr=4.10e-05
[08:53:33 INFO] Epoch 16/50  iter 650/743  loss=0.2027  lr=4.09e-05
[08:54:08 INFO] Epoch 16/50  iter 700/743  loss=0.2058  lr=4.09e-05
[08:54:37 INFO] Epoch 16 complete — avg_loss=0.2456  time=522s
[08:55:15 INFO] Epoch 17/50  iter 50/743  loss=1.2303  lr=4.07e-05
[08:55:49 INFO] Epoch 17/50  iter 100/743  loss=0.2272  lr=4.06e-05
[08:56:24 INFO] Epoch 17/50  iter 150/743  loss=0.1185  lr=4.06e-05
[08:56:59 INFO] Epoch 17/50  iter 200/743  loss=0.1727  lr=4.05e-05
[08:57:33 INFO] Epoch 17/50  iter 250/743  loss=0.1804  lr=4.04e-05
[08:58:09 INFO] Epoch 17/50  iter 300/743  loss=0.2224  lr=4.03e-05
[08:58:43 INFO] Epoch 17/50  iter 350/743  loss=0.2192  lr=4.02e-05
[08:59:19 INFO] Epoch 17/50  iter 400/743  loss=0.1474  lr=4.02e-05
[08:59:53 INFO] Epoch 17/50  iter 450/743  loss=0.1154  lr=4.01e-05
[09:00:29 INFO] Epoch 17/50  iter 500/743  loss=0.4287  lr=4.00e-05
[09:01:05 INFO] Epoch 17/50  iter 550/743  loss=0.6794  lr=3.99e-05
[09:01:43 INFO] Epoch 17/50  iter 600/743  loss=0.1698  lr=3.98e-05
[09:02:23 INFO] Epoch 17/50  iter 650/743  loss=0.1430  lr=3.97e-05
[09:03:02 INFO] Epoch 17/50  iter 700/743  loss=0.0954  lr=3.97e-05
[09:03:35 INFO] Epoch 17 complete — avg_loss=0.2412  time=537s
[09:04:12 INFO] Epoch 18/50  iter 50/743  loss=0.1624  lr=3.95e-05
[09:04:51 INFO] Epoch 18/50  iter 100/743  loss=0.2165  lr=3.94e-05
[09:05:29 INFO] Epoch 18/50  iter 150/743  loss=0.4345  lr=3.94e-05
[09:06:08 INFO] Epoch 18/50  iter 200/743  loss=0.1816  lr=3.93e-05
[09:06:46 INFO] Epoch 18/50  iter 250/743  loss=0.2533  lr=3.92e-05
[09:07:24 INFO] Epoch 18/50  iter 300/743  loss=0.1177  lr=3.91e-05
[09:08:06 INFO] Epoch 18/50  iter 350/743  loss=0.2930  lr=3.90e-05
[09:08:44 INFO] Epoch 18/50  iter 400/743  loss=0.4128  lr=3.90e-05
[09:09:23 INFO] Epoch 18/50  iter 450/743  loss=0.1355  lr=3.89e-05
[09:10:05 INFO] Epoch 18/50  iter 500/743  loss=0.2983  lr=3.88e-05
[09:10:46 INFO] Epoch 18/50  iter 550/743  loss=0.2342  lr=3.87e-05
[09:11:29 INFO] Epoch 18/50  iter 600/743  loss=0.2855  lr=3.86e-05
[09:12:08 INFO] Epoch 18/50  iter 650/743  loss=0.1203  lr=3.85e-05
[09:12:46 INFO] Epoch 18/50  iter 700/743  loss=0.1570  lr=3.85e-05
[09:13:20 INFO] Epoch 18 complete — avg_loss=0.2321  time=584s
[09:14:03 INFO] Epoch 19/50  iter 50/743  loss=0.2178  lr=3.83e-05
[09:14:38 INFO] Epoch 19/50  iter 100/743  loss=0.1391  lr=3.82e-05
[09:15:12 INFO] Epoch 19/50  iter 150/743  loss=0.1707  lr=3.82e-05
[09:15:53 INFO] Epoch 19/50  iter 200/743  loss=0.2491  lr=3.81e-05
[09:16:29 INFO] Epoch 19/50  iter 250/743  loss=0.1684  lr=3.80e-05
[09:17:10 INFO] Epoch 19/50  iter 300/743  loss=0.1879  lr=3.79e-05
[09:17:48 INFO] Epoch 19/50  iter 350/743  loss=0.2951  lr=3.78e-05
[09:18:27 INFO] Epoch 19/50  iter 400/743  loss=0.2861  lr=3.78e-05
[09:19:03 INFO] Epoch 19/50  iter 450/743  loss=0.1689  lr=3.77e-05
[09:19:37 INFO] Epoch 19/50  iter 500/743  loss=0.2246  lr=3.76e-05
[09:20:09 INFO] Epoch 19/50  iter 550/743  loss=0.1705  lr=3.75e-05
[09:20:43 INFO] Epoch 19/50  iter 600/743  loss=0.2197  lr=3.74e-05
[09:21:16 INFO] Epoch 19/50  iter 650/743  loss=0.1889  lr=3.73e-05
[09:21:51 INFO] Epoch 19/50  iter 700/743  loss=0.1645  lr=3.73e-05
[09:22:23 INFO] Epoch 19 complete — avg_loss=0.2323  time=542s
[09:23:03 INFO] Epoch 20/50  iter 50/743  loss=0.2031  lr=3.71e-05
[09:23:39 INFO] Epoch 20/50  iter 100/743  loss=0.2459  lr=3.70e-05
[09:24:14 INFO] Epoch 20/50  iter 150/743  loss=0.2385  lr=3.70e-05
[09:24:49 INFO] Epoch 20/50  iter 200/743  loss=0.1205  lr=3.69e-05
[09:25:24 INFO] Epoch 20/50  iter 250/743  loss=0.2633  lr=3.68e-05
[09:25:58 INFO] Epoch 20/50  iter 300/743  loss=0.2733  lr=3.67e-05
[09:26:31 INFO] Epoch 20/50  iter 350/743  loss=0.3169  lr=3.66e-05
[09:27:05 INFO] Epoch 20/50  iter 400/743  loss=0.1183  lr=3.66e-05
[09:27:38 INFO] Epoch 20/50  iter 450/743  loss=0.4450  lr=3.65e-05
[09:28:11 INFO] Epoch 20/50  iter 500/743  loss=0.1556  lr=3.64e-05
[09:28:45 INFO] Epoch 20/50  iter 550/743  loss=0.0925  lr=3.63e-05
[09:29:19 INFO] Epoch 20/50  iter 600/743  loss=0.1324  lr=3.62e-05
[09:29:53 INFO] Epoch 20/50  iter 650/743  loss=0.1458  lr=3.61e-05
[09:30:26 INFO] Epoch 20/50  iter 700/743  loss=0.2187  lr=3.61e-05
[09:30:57 INFO] Epoch 20 complete — avg_loss=0.2192  time=513s
[09:31:50 INFO]   val mIoU = 0.6095
[09:31:51 INFO]   ★ New best val mIoU: 0.6095
[09:32:29 INFO] Epoch 21/50  iter 50/743  loss=0.1367  lr=3.59e-05
[09:33:04 INFO] Epoch 21/50  iter 100/743  loss=0.1132  lr=3.58e-05
[09:33:38 INFO] Epoch 21/50  iter 150/743  loss=0.1479  lr=3.58e-05
[09:34:12 INFO] Epoch 21/50  iter 200/743  loss=0.2867  lr=3.57e-05
[09:34:47 INFO] Epoch 21/50  iter 250/743  loss=0.2276  lr=3.56e-05
[09:35:22 INFO] Epoch 21/50  iter 300/743  loss=0.1678  lr=3.55e-05
[09:35:54 INFO] Epoch 21/50  iter 350/743  loss=0.1922  lr=3.54e-05
[09:36:29 INFO] Epoch 21/50  iter 400/743  loss=0.1703  lr=3.54e-05
[09:37:03 INFO] Epoch 21/50  iter 450/743  loss=0.0975  lr=3.53e-05
[09:37:37 INFO] Epoch 21/50  iter 500/743  loss=0.2879  lr=3.52e-05
[09:38:10 INFO] Epoch 21/50  iter 550/743  loss=0.1042  lr=3.51e-05
[09:38:47 INFO] Epoch 21/50  iter 600/743  loss=0.2103  lr=3.50e-05
[09:39:26 INFO] Epoch 21/50  iter 650/743  loss=0.1656  lr=3.49e-05
[09:40:00 INFO] Epoch 21/50  iter 700/743  loss=0.1925  lr=3.49e-05
[09:40:31 INFO] Epoch 21 complete — avg_loss=0.2223  time=519s
[09:41:08 INFO] Epoch 22/50  iter 50/743  loss=0.1153  lr=3.47e-05
[09:41:42 INFO] Epoch 22/50  iter 100/743  loss=0.1671  lr=3.46e-05
[09:42:16 INFO] Epoch 22/50  iter 150/743  loss=0.1661  lr=3.46e-05
[09:42:52 INFO] Epoch 22/50  iter 200/743  loss=0.1682  lr=3.45e-05
[09:43:27 INFO] Epoch 22/50  iter 250/743  loss=0.3151  lr=3.44e-05
[09:44:02 INFO] Epoch 22/50  iter 300/743  loss=0.3189  lr=3.43e-05
[09:44:37 INFO] Epoch 22/50  iter 350/743  loss=0.2086  lr=3.42e-05
[09:45:13 INFO] Epoch 22/50  iter 400/743  loss=0.1985  lr=3.42e-05
[09:45:47 INFO] Epoch 22/50  iter 450/743  loss=0.2595  lr=3.41e-05
[09:46:23 INFO] Epoch 22/50  iter 500/743  loss=0.1534  lr=3.40e-05
[09:46:56 INFO] Epoch 22/50  iter 550/743  loss=0.1537  lr=3.39e-05
[09:47:33 INFO] Epoch 22/50  iter 600/743  loss=0.1066  lr=3.38e-05
[09:48:08 INFO] Epoch 22/50  iter 650/743  loss=0.2258  lr=3.37e-05
[09:48:42 INFO] Epoch 22/50  iter 700/743  loss=0.1554  lr=3.37e-05
[09:49:10 INFO] Epoch 22 complete — avg_loss=0.2188  time=518s
[09:49:47 INFO] Epoch 23/50  iter 50/743  loss=0.0969  lr=3.35e-05
[09:50:23 INFO] Epoch 23/50  iter 100/743  loss=0.1496  lr=3.34e-05
[09:50:57 INFO] Epoch 23/50  iter 150/743  loss=0.8874  lr=3.34e-05
[09:51:33 INFO] Epoch 23/50  iter 200/743  loss=0.1815  lr=3.33e-05
[09:52:07 INFO] Epoch 23/50  iter 250/743  loss=0.1885  lr=3.32e-05
[09:52:45 INFO] Epoch 23/50  iter 300/743  loss=0.2396  lr=3.31e-05
[09:53:19 INFO] Epoch 23/50  iter 350/743  loss=0.2260  lr=3.30e-05
[09:53:54 INFO] Epoch 23/50  iter 400/743  loss=0.1920  lr=3.30e-05
[09:54:29 INFO] Epoch 23/50  iter 450/743  loss=0.1285  lr=3.29e-05
[09:55:09 INFO] Epoch 23/50  iter 500/743  loss=0.0902  lr=3.28e-05
[09:55:43 INFO] Epoch 23/50  iter 550/743  loss=0.1193  lr=3.27e-05
[09:56:16 INFO] Epoch 23/50  iter 600/743  loss=0.1932  lr=3.26e-05
[09:56:55 INFO] Epoch 23/50  iter 650/743  loss=0.2921  lr=3.25e-05
[09:57:35 INFO] Epoch 23/50  iter 700/743  loss=0.2249  lr=3.25e-05
[09:58:08 INFO] Epoch 23 complete — avg_loss=0.2188  time=537s
[09:58:44 INFO] Epoch 24/50  iter 50/743  loss=0.1445  lr=3.23e-05
[09:59:17 INFO] Epoch 24/50  iter 100/743  loss=0.1976  lr=3.22e-05
[09:59:53 INFO] Epoch 24/50  iter 150/743  loss=0.2721  lr=3.22e-05
[10:00:28 INFO] Epoch 24/50  iter 200/743  loss=0.1247  lr=3.21e-05
[10:01:02 INFO] Epoch 24/50  iter 250/743  loss=0.0708  lr=3.20e-05
[10:01:38 INFO] Epoch 24/50  iter 300/743  loss=0.2527  lr=3.19e-05
[10:02:12 INFO] Epoch 24/50  iter 350/743  loss=0.3422  lr=3.18e-05
[10:02:46 INFO] Epoch 24/50  iter 400/743  loss=0.1827  lr=3.18e-05
[10:03:20 INFO] Epoch 24/50  iter 450/743  loss=0.3079  lr=3.17e-05
[10:03:56 INFO] Epoch 24/50  iter 500/743  loss=0.1908  lr=3.16e-05
[10:04:31 INFO] Epoch 24/50  iter 550/743  loss=0.1749  lr=3.15e-05
[10:05:08 INFO] Epoch 24/50  iter 600/743  loss=0.1480  lr=3.14e-05
[10:05:43 INFO] Epoch 24/50  iter 650/743  loss=0.2184  lr=3.13e-05
[10:06:19 INFO] Epoch 24/50  iter 700/743  loss=0.1615  lr=3.13e-05
[10:06:47 INFO] Epoch 24 complete — avg_loss=0.2045  time=519s
[10:07:28 INFO] Epoch 25/50  iter 50/743  loss=0.1965  lr=3.11e-05
[10:08:06 INFO] Epoch 25/50  iter 100/743  loss=0.1085  lr=3.10e-05
[10:08:46 INFO] Epoch 25/50  iter 150/743  loss=0.2172  lr=3.10e-05
[10:09:22 INFO] Epoch 25/50  iter 200/743  loss=0.1259  lr=3.09e-05
[10:09:58 INFO] Epoch 25/50  iter 250/743  loss=0.2317  lr=3.08e-05
[10:10:35 INFO] Epoch 25/50  iter 300/743  loss=0.0985  lr=3.07e-05
[10:11:11 INFO] Epoch 25/50  iter 350/743  loss=0.2635  lr=3.06e-05
[10:11:47 INFO] Epoch 25/50  iter 400/743  loss=0.0816  lr=3.06e-05
[10:12:22 INFO] Epoch 25/50  iter 450/743  loss=0.3747  lr=3.05e-05
[10:12:58 INFO] Epoch 25/50  iter 500/743  loss=0.1657  lr=3.04e-05
[10:13:34 INFO] Epoch 25/50  iter 550/743  loss=0.3354  lr=3.03e-05
[10:14:07 INFO] Epoch 25/50  iter 600/743  loss=0.1035  lr=3.02e-05
[10:14:41 INFO] Epoch 25/50  iter 650/743  loss=0.1448  lr=3.01e-05
[10:15:14 INFO] Epoch 25/50  iter 700/743  loss=0.2207  lr=3.01e-05
[10:15:44 INFO] Epoch 25 complete — avg_loss=0.1995  time=536s
[10:16:37 INFO]   val mIoU = 0.6127
[10:16:38 INFO]   ★ New best val mIoU: 0.6127
[10:17:19 INFO] Epoch 26/50  iter 50/743  loss=0.2462  lr=2.99e-05
[10:17:56 INFO] Epoch 26/50  iter 100/743  loss=0.2130  lr=2.98e-05
[10:18:30 INFO] Epoch 26/50  iter 150/743  loss=0.2075  lr=2.98e-05
[10:19:06 INFO] Epoch 26/50  iter 200/743  loss=0.1144  lr=2.97e-05
[10:19:42 INFO] Epoch 26/50  iter 250/743  loss=0.1289  lr=2.96e-05
[10:20:21 INFO] Epoch 26/50  iter 300/743  loss=0.1300  lr=2.95e-05
[10:20:58 INFO] Epoch 26/50  iter 350/743  loss=0.1018  lr=2.94e-05
[10:21:38 INFO] Epoch 26/50  iter 400/743  loss=0.1732  lr=2.94e-05
[10:22:15 INFO] Epoch 26/50  iter 450/743  loss=0.1194  lr=2.93e-05
[10:22:54 INFO] Epoch 26/50  iter 500/743  loss=0.3593  lr=2.92e-05
[10:23:27 INFO] Epoch 26/50  iter 550/743  loss=0.1619  lr=2.91e-05
[10:24:02 INFO] Epoch 26/50  iter 600/743  loss=0.1862  lr=2.90e-05
[10:24:38 INFO] Epoch 26/50  iter 650/743  loss=0.1059  lr=2.89e-05
[10:25:13 INFO] Epoch 26/50  iter 700/743  loss=0.1429  lr=2.89e-05
[10:25:41 INFO] Epoch 26 complete — avg_loss=0.2141  time=542s
[10:26:17 INFO] Epoch 27/50  iter 50/743  loss=0.2467  lr=2.87e-05
[10:26:49 INFO] Epoch 27/50  iter 100/743  loss=0.5967  lr=2.86e-05
[10:27:23 INFO] Epoch 27/50  iter 150/743  loss=0.0939  lr=2.86e-05
[10:27:56 INFO] Epoch 27/50  iter 200/743  loss=0.1292  lr=2.85e-05
[10:28:29 INFO] Epoch 27/50  iter 250/743  loss=0.2258  lr=2.84e-05
[10:29:02 INFO] Epoch 27/50  iter 300/743  loss=0.1774  lr=2.83e-05
[10:29:37 INFO] Epoch 27/50  iter 350/743  loss=0.0862  lr=2.82e-05
[10:30:09 INFO] Epoch 27/50  iter 400/743  loss=0.1852  lr=2.82e-05
[10:30:43 INFO] Epoch 27/50  iter 450/743  loss=0.1533  lr=2.81e-05
[10:31:19 INFO] Epoch 27/50  iter 500/743  loss=0.1361  lr=2.80e-05
[10:31:57 INFO] Epoch 27/50  iter 550/743  loss=0.0887  lr=2.79e-05
[10:32:30 INFO] Epoch 27/50  iter 600/743  loss=0.4913  lr=2.78e-05
[10:33:05 INFO] Epoch 27/50  iter 650/743  loss=0.1597  lr=2.77e-05
[10:33:40 INFO] Epoch 27/50  iter 700/743  loss=0.1765  lr=2.77e-05
[10:34:08 INFO] Epoch 27 complete — avg_loss=0.2066  time=506s
[10:34:50 INFO] Epoch 28/50  iter 50/743  loss=0.2100  lr=2.75e-05
[10:35:29 INFO] Epoch 28/50  iter 100/743  loss=0.0864  lr=2.74e-05
[10:36:02 INFO] Epoch 28/50  iter 150/743  loss=0.2183  lr=2.74e-05
[10:36:36 INFO] Epoch 28/50  iter 200/743  loss=0.0750  lr=2.73e-05
[10:37:08 INFO] Epoch 28/50  iter 250/743  loss=0.2590  lr=2.72e-05
[10:37:42 INFO] Epoch 28/50  iter 300/743  loss=0.1043  lr=2.71e-05
[10:38:14 INFO] Epoch 28/50  iter 350/743  loss=0.1291  lr=2.70e-05
[10:38:47 INFO] Epoch 28/50  iter 400/743  loss=0.4740  lr=2.70e-05
[10:39:20 INFO] Epoch 28/50  iter 450/743  loss=0.1790  lr=2.69e-05
[10:39:54 INFO] Epoch 28/50  iter 500/743  loss=0.2747  lr=2.68e-05
[10:40:25 INFO] Epoch 28/50  iter 550/743  loss=0.1051  lr=2.67e-05
[10:40:59 INFO] Epoch 28/50  iter 600/743  loss=0.1261  lr=2.66e-05
[10:41:33 INFO] Epoch 28/50  iter 650/743  loss=0.2944  lr=2.65e-05
[10:42:08 INFO] Epoch 28/50  iter 700/743  loss=0.1655  lr=2.65e-05
[10:42:36 INFO] Epoch 28 complete — avg_loss=0.2047  time=507s
[10:43:14 INFO] Epoch 29/50  iter 50/743  loss=0.6214  lr=2.63e-05
[10:43:50 INFO] Epoch 29/50  iter 100/743  loss=0.1210  lr=2.62e-05
[10:44:25 INFO] Epoch 29/50  iter 150/743  loss=0.2173  lr=2.62e-05
[10:45:00 INFO] Epoch 29/50  iter 200/743  loss=0.1133  lr=2.61e-05
[10:45:35 INFO] Epoch 29/50  iter 250/743  loss=0.1634  lr=2.60e-05
[10:46:11 INFO] Epoch 29/50  iter 300/743  loss=0.1700  lr=2.59e-05
[10:46:45 INFO] Epoch 29/50  iter 350/743  loss=0.1419  lr=2.58e-05
[10:47:21 INFO] Epoch 29/50  iter 400/743  loss=0.1868  lr=2.58e-05
[10:47:54 INFO] Epoch 29/50  iter 450/743  loss=0.2368  lr=2.57e-05
[10:48:30 INFO] Epoch 29/50  iter 500/743  loss=0.1008  lr=2.56e-05
[10:49:04 INFO] Epoch 29/50  iter 550/743  loss=0.1216  lr=2.55e-05
[10:49:41 INFO] Epoch 29/50  iter 600/743  loss=0.1033  lr=2.54e-05
[10:50:17 INFO] Epoch 29/50  iter 650/743  loss=0.0761  lr=2.53e-05
[10:50:55 INFO] Epoch 29/50  iter 700/743  loss=0.0658  lr=2.53e-05
[10:51:23 INFO] Epoch 29 complete — avg_loss=0.1970  time=526s
[10:52:05 INFO] Epoch 30/50  iter 50/743  loss=0.1364  lr=2.51e-05
[10:52:44 INFO] Epoch 30/50  iter 100/743  loss=0.1995  lr=2.50e-05
[10:53:19 INFO] Epoch 30/50  iter 150/743  loss=0.1388  lr=2.50e-05
[10:53:54 INFO] Epoch 30/50  iter 200/743  loss=0.1093  lr=2.49e-05
[10:54:26 INFO] Epoch 30/50  iter 250/743  loss=0.1285  lr=2.48e-05
[10:55:01 INFO] Epoch 30/50  iter 300/743  loss=0.1576  lr=2.47e-05
[10:55:35 INFO] Epoch 30/50  iter 350/743  loss=0.2589  lr=2.46e-05
[10:56:10 INFO] Epoch 30/50  iter 400/743  loss=0.1097  lr=2.46e-05
[10:56:43 INFO] Epoch 30/50  iter 450/743  loss=0.3127  lr=2.45e-05
[10:57:19 INFO] Epoch 30/50  iter 500/743  loss=0.1125  lr=2.44e-05
[10:57:53 INFO] Epoch 30/50  iter 550/743  loss=0.2670  lr=2.43e-05
[10:58:29 INFO] Epoch 30/50  iter 600/743  loss=0.1637  lr=2.42e-05
[10:59:04 INFO] Epoch 30/50  iter 650/743  loss=0.0760  lr=2.41e-05
[10:59:39 INFO] Epoch 30/50  iter 700/743  loss=0.1367  lr=2.41e-05
[11:00:08 INFO] Epoch 30 complete — avg_loss=0.2030  time=524s
[11:01:01 INFO]   val mIoU = 0.5713
[11:01:39 INFO] Epoch 31/50  iter 50/743  loss=0.0625  lr=2.39e-05
[11:02:14 INFO] Epoch 31/50  iter 100/743  loss=0.0984  lr=2.38e-05
[11:02:55 INFO] Epoch 31/50  iter 150/743  loss=0.1848  lr=2.38e-05
[11:03:32 INFO] Epoch 31/50  iter 200/743  loss=0.2012  lr=2.37e-05
[11:04:13 INFO] Epoch 31/50  iter 250/743  loss=0.1946  lr=2.36e-05
[11:04:51 INFO] Epoch 31/50  iter 300/743  loss=0.1955  lr=2.35e-05
[11:05:33 INFO] Epoch 31/50  iter 350/743  loss=0.1143  lr=2.34e-05
[11:06:13 INFO] Epoch 31/50  iter 400/743  loss=0.5003  lr=2.34e-05
[11:06:56 INFO] Epoch 31/50  iter 450/743  loss=0.1753  lr=2.33e-05
[11:07:36 INFO] Epoch 31/50  iter 500/743  loss=0.3596  lr=2.32e-05
[11:08:14 INFO] Epoch 31/50  iter 550/743  loss=0.1520  lr=2.31e-05
[11:08:49 INFO] Epoch 31/50  iter 600/743  loss=0.2284  lr=2.30e-05
[11:09:29 INFO] Epoch 31/50  iter 650/743  loss=0.1516  lr=2.29e-05
[11:10:09 INFO] Epoch 31/50  iter 700/743  loss=0.1519  lr=2.29e-05
[11:10:40 INFO] Epoch 31 complete — avg_loss=0.1899  time=578s
[11:11:17 INFO] Epoch 32/50  iter 50/743  loss=0.1133  lr=2.27e-05
[11:11:53 INFO] Epoch 32/50  iter 100/743  loss=0.2250  lr=2.26e-05
[11:12:25 INFO] Epoch 32/50  iter 150/743  loss=0.1565  lr=2.26e-05
[11:12:59 INFO] Epoch 32/50  iter 200/743  loss=0.2198  lr=2.25e-05
[11:13:32 INFO] Epoch 32/50  iter 250/743  loss=0.1611  lr=2.24e-05
[11:14:07 INFO] Epoch 32/50  iter 300/743  loss=0.1696  lr=2.23e-05
[11:14:40 INFO] Epoch 32/50  iter 350/743  loss=0.1179  lr=2.22e-05
[11:15:15 INFO] Epoch 32/50  iter 400/743  loss=0.1533  lr=2.22e-05
[11:15:48 INFO] Epoch 32/50  iter 450/743  loss=0.1574  lr=2.21e-05
[11:16:23 INFO] Epoch 32/50  iter 500/743  loss=0.1238  lr=2.20e-05
[11:16:57 INFO] Epoch 32/50  iter 550/743  loss=0.1646  lr=2.19e-05
[11:17:32 INFO] Epoch 32/50  iter 600/743  loss=0.2135  lr=2.18e-05
[11:18:08 INFO] Epoch 32/50  iter 650/743  loss=0.1501  lr=2.17e-05
[11:18:45 INFO] Epoch 32/50  iter 700/743  loss=0.1085  lr=2.17e-05
[11:19:14 INFO] Epoch 32 complete — avg_loss=0.1868  time=513s
[11:19:52 INFO] Epoch 33/50  iter 50/743  loss=0.1424  lr=2.15e-05
[11:20:25 INFO] Epoch 33/50  iter 100/743  loss=0.0955  lr=2.14e-05
[11:21:00 INFO] Epoch 33/50  iter 150/743  loss=0.2097  lr=2.14e-05
[11:21:34 INFO] Epoch 33/50  iter 200/743  loss=0.1287  lr=2.13e-05
[11:22:07 INFO] Epoch 33/50  iter 250/743  loss=0.0815  lr=2.12e-05
[11:22:42 INFO] Epoch 33/50  iter 300/743  loss=0.1779  lr=2.11e-05
[11:23:15 INFO] Epoch 33/50  iter 350/743  loss=0.1144  lr=2.10e-05
[11:23:50 INFO] Epoch 33/50  iter 400/743  loss=0.1703  lr=2.10e-05
[11:24:24 INFO] Epoch 33/50  iter 450/743  loss=0.1894  lr=2.09e-05
[11:25:00 INFO] Epoch 33/50  iter 500/743  loss=0.1573  lr=2.08e-05
[11:25:32 INFO] Epoch 33/50  iter 550/743  loss=0.2393  lr=2.07e-05
[11:26:08 INFO] Epoch 33/50  iter 600/743  loss=0.1270  lr=2.06e-05
[11:26:41 INFO] Epoch 33/50  iter 650/743  loss=0.2757  lr=2.05e-05
[11:27:17 INFO] Epoch 33/50  iter 700/743  loss=0.1119  lr=2.05e-05
[11:27:45 INFO] Epoch 33 complete — avg_loss=0.1874  time=511s
[11:28:22 INFO] Epoch 34/50  iter 50/743  loss=0.1755  lr=2.03e-05
[11:28:55 INFO] Epoch 34/50  iter 100/743  loss=0.3604  lr=2.02e-05
[11:29:30 INFO] Epoch 34/50  iter 150/743  loss=0.1724  lr=2.02e-05
[11:30:06 INFO] Epoch 34/50  iter 200/743  loss=0.1056  lr=2.01e-05
[11:30:40 INFO] Epoch 34/50  iter 250/743  loss=0.1599  lr=2.00e-05
[11:31:14 INFO] Epoch 34/50  iter 300/743  loss=0.1769  lr=1.99e-05
[11:31:47 INFO] Epoch 34/50  iter 350/743  loss=0.1634  lr=1.98e-05
[11:32:23 INFO] Epoch 34/50  iter 400/743  loss=0.1477  lr=1.98e-05
[11:32:56 INFO] Epoch 34/50  iter 450/743  loss=0.1277  lr=1.97e-05
[11:33:31 INFO] Epoch 34/50  iter 500/743  loss=0.0894  lr=1.96e-05
[11:34:04 INFO] Epoch 34/50  iter 550/743  loss=0.3000  lr=1.95e-05
[11:34:39 INFO] Epoch 34/50  iter 600/743  loss=0.1095  lr=1.94e-05
[11:35:12 INFO] Epoch 34/50  iter 650/743  loss=0.1035  lr=1.93e-05
[11:35:47 INFO] Epoch 34/50  iter 700/743  loss=0.1414  lr=1.93e-05
[11:36:15 INFO] Epoch 34 complete — avg_loss=0.1891  time=509s
[11:36:58 INFO] Epoch 35/50  iter 50/743  loss=0.1406  lr=1.91e-05
[11:37:34 INFO] Epoch 35/50  iter 100/743  loss=0.2018  lr=1.90e-05
[11:38:12 INFO] Epoch 35/50  iter 150/743  loss=0.1319  lr=1.90e-05
[11:38:51 INFO] Epoch 35/50  iter 200/743  loss=0.1899  lr=1.89e-05
[11:39:26 INFO] Epoch 35/50  iter 250/743  loss=0.1301  lr=1.88e-05
[11:40:05 INFO] Epoch 35/50  iter 300/743  loss=0.1536  lr=1.87e-05
[11:40:41 INFO] Epoch 35/50  iter 350/743  loss=0.1674  lr=1.86e-05
[11:41:16 INFO] Epoch 35/50  iter 400/743  loss=0.2202  lr=1.86e-05
[11:41:49 INFO] Epoch 35/50  iter 450/743  loss=0.1482  lr=1.85e-05
[11:42:24 INFO] Epoch 35/50  iter 500/743  loss=0.2071  lr=1.84e-05
[11:42:59 INFO] Epoch 35/50  iter 550/743  loss=0.0914  lr=1.83e-05
[11:43:34 INFO] Epoch 35/50  iter 600/743  loss=0.1475  lr=1.82e-05
[11:44:10 INFO] Epoch 35/50  iter 650/743  loss=0.2053  lr=1.81e-05
[11:44:43 INFO] Epoch 35/50  iter 700/743  loss=0.1632  lr=1.81e-05
[11:45:13 INFO] Epoch 35 complete — avg_loss=0.1839  time=536s
[11:46:06 INFO]   val mIoU = 0.6544
[11:46:07 INFO]   ★ New best val mIoU: 0.6544
[11:46:45 INFO] Epoch 36/50  iter 50/743  loss=0.0902  lr=1.79e-05
[11:47:19 INFO] Epoch 36/50  iter 100/743  loss=0.2319  lr=1.78e-05
[11:47:53 INFO] Epoch 36/50  iter 150/743  loss=0.1910  lr=1.78e-05
[11:48:28 INFO] Epoch 36/50  iter 200/743  loss=0.0929  lr=1.77e-05
[11:49:02 INFO] Epoch 36/50  iter 250/743  loss=0.0728  lr=1.76e-05
[11:49:36 INFO] Epoch 36/50  iter 300/743  loss=0.2498  lr=1.75e-05
[11:50:08 INFO] Epoch 36/50  iter 350/743  loss=0.2516  lr=1.74e-05
[11:50:42 INFO] Epoch 36/50  iter 400/743  loss=0.1890  lr=1.74e-05
[11:51:16 INFO] Epoch 36/50  iter 450/743  loss=0.1422  lr=1.73e-05
[11:51:50 INFO] Epoch 36/50  iter 500/743  loss=0.2133  lr=1.72e-05
[11:52:24 INFO] Epoch 36/50  iter 550/743  loss=0.1470  lr=1.71e-05
[11:52:57 INFO] Epoch 36/50  iter 600/743  loss=0.2025  lr=1.70e-05
[11:53:30 INFO] Epoch 36/50  iter 650/743  loss=0.1440  lr=1.69e-05
[11:54:02 INFO] Epoch 36/50  iter 700/743  loss=0.2986  lr=1.69e-05
[11:54:34 INFO] Epoch 36 complete — avg_loss=0.1782  time=507s
[11:55:18 INFO] Epoch 37/50  iter 50/743  loss=0.1347  lr=1.67e-05
[11:55:56 INFO] Epoch 37/50  iter 100/743  loss=0.1951  lr=1.66e-05
[11:56:31 INFO] Epoch 37/50  iter 150/743  loss=0.2154  lr=1.66e-05
[11:57:11 INFO] Epoch 37/50  iter 200/743  loss=0.1844  lr=1.65e-05
[11:57:47 INFO] Epoch 37/50  iter 250/743  loss=0.2035  lr=1.64e-05
[11:58:24 INFO] Epoch 37/50  iter 300/743  loss=0.1010  lr=1.63e-05
[11:58:57 INFO] Epoch 37/50  iter 350/743  loss=0.0989  lr=1.62e-05
[11:59:34 INFO] Epoch 37/50  iter 400/743  loss=0.1200  lr=1.62e-05
[12:00:06 INFO] Epoch 37/50  iter 450/743  loss=0.1231  lr=1.61e-05
[12:00:43 INFO] Epoch 37/50  iter 500/743  loss=0.2148  lr=1.60e-05
[12:01:16 INFO] Epoch 37/50  iter 550/743  loss=0.1277  lr=1.59e-05
[12:01:52 INFO] Epoch 37/50  iter 600/743  loss=0.0840  lr=1.58e-05
[12:02:25 INFO] Epoch 37/50  iter 650/743  loss=0.2830  lr=1.57e-05
[12:03:00 INFO] Epoch 37/50  iter 700/743  loss=0.2359  lr=1.57e-05
[12:03:30 INFO] Epoch 37 complete — avg_loss=0.1798  time=535s
[12:04:09 INFO] Epoch 38/50  iter 50/743  loss=0.1312  lr=1.55e-05
[12:04:44 INFO] Epoch 38/50  iter 100/743  loss=0.2029  lr=1.54e-05
[12:05:18 INFO] Epoch 38/50  iter 150/743  loss=0.1603  lr=1.54e-05
[12:05:52 INFO] Epoch 38/50  iter 200/743  loss=0.1337  lr=1.53e-05
[12:06:25 INFO] Epoch 38/50  iter 250/743  loss=0.2932  lr=1.52e-05
[12:06:59 INFO] Epoch 38/50  iter 300/743  loss=0.1073  lr=1.51e-05
[12:07:32 INFO] Epoch 38/50  iter 350/743  loss=0.2298  lr=1.50e-05
[12:08:07 INFO] Epoch 38/50  iter 400/743  loss=0.2050  lr=1.50e-05
[12:08:40 INFO] Epoch 38/50  iter 450/743  loss=0.1481  lr=1.49e-05
[12:09:15 INFO] Epoch 38/50  iter 500/743  loss=0.2133  lr=1.48e-05
[12:09:48 INFO] Epoch 38/50  iter 550/743  loss=0.0923  lr=1.47e-05
[12:10:22 INFO] Epoch 38/50  iter 600/743  loss=0.1327  lr=1.46e-05
[12:10:55 INFO] Epoch 38/50  iter 650/743  loss=0.2141  lr=1.45e-05
[12:11:31 INFO] Epoch 38/50  iter 700/743  loss=0.0733  lr=1.45e-05
[12:11:59 INFO] Epoch 38 complete — avg_loss=0.1740  time=508s
[12:12:38 INFO] Epoch 39/50  iter 50/743  loss=0.3024  lr=1.43e-05
[12:13:12 INFO] Epoch 39/50  iter 100/743  loss=0.0792  lr=1.42e-05
[12:13:47 INFO] Epoch 39/50  iter 150/743  loss=0.1661  lr=1.42e-05
[12:14:22 INFO] Epoch 39/50  iter 200/743  loss=0.2478  lr=1.41e-05
[12:14:55 INFO] Epoch 39/50  iter 250/743  loss=0.1209  lr=1.40e-05
[12:15:30 INFO] Epoch 39/50  iter 300/743  loss=0.1052  lr=1.39e-05
[12:16:04 INFO] Epoch 39/50  iter 350/743  loss=0.1329  lr=1.38e-05
[12:16:40 INFO] Epoch 39/50  iter 400/743  loss=0.0868  lr=1.38e-05
[12:17:13 INFO] Epoch 39/50  iter 450/743  loss=0.0995  lr=1.37e-05
[12:17:48 INFO] Epoch 39/50  iter 500/743  loss=0.2546  lr=1.36e-05
[12:18:22 INFO] Epoch 39/50  iter 550/743  loss=0.1310  lr=1.35e-05
[12:18:56 INFO] Epoch 39/50  iter 600/743  loss=0.1506  lr=1.34e-05
[12:19:28 INFO] Epoch 39/50  iter 650/743  loss=0.1406  lr=1.33e-05
[12:20:02 INFO] Epoch 39/50  iter 700/743  loss=0.1933  lr=1.33e-05
[12:20:30 INFO] Epoch 39 complete — avg_loss=0.1756  time=510s
[12:21:06 INFO] Epoch 40/50  iter 50/743  loss=0.1395  lr=1.31e-05
[12:21:43 INFO] Epoch 40/50  iter 100/743  loss=0.0927  lr=1.30e-05
[12:22:21 INFO] Epoch 40/50  iter 150/743  loss=0.1291  lr=1.30e-05
[12:22:55 INFO] Epoch 40/50  iter 200/743  loss=0.0617  lr=1.29e-05
[12:23:33 INFO] Epoch 40/50  iter 250/743  loss=0.2265  lr=1.28e-05
[12:24:08 INFO] Epoch 40/50  iter 300/743  loss=0.0889  lr=1.27e-05
[12:24:41 INFO] Epoch 40/50  iter 350/743  loss=0.2498  lr=1.26e-05
[12:25:19 INFO] Epoch 40/50  iter 400/743  loss=0.1471  lr=1.26e-05
[12:25:56 INFO] Epoch 40/50  iter 450/743  loss=0.0721  lr=1.25e-05
[12:26:38 INFO] Epoch 40/50  iter 500/743  loss=0.3384  lr=1.24e-05
[12:27:16 INFO] Epoch 40/50  iter 550/743  loss=0.0978  lr=1.23e-05
[12:27:56 INFO] Epoch 40/50  iter 600/743  loss=0.1181  lr=1.22e-05
[12:28:35 INFO] Epoch 40/50  iter 650/743  loss=0.1645  lr=1.21e-05
[12:29:14 INFO] Epoch 40/50  iter 700/743  loss=0.0924  lr=1.21e-05
[12:29:47 INFO] Epoch 40 complete — avg_loss=0.1716  time=556s
[12:30:40 INFO]   val mIoU = 0.6419
[12:31:22 INFO] Epoch 41/50  iter 50/743  loss=0.1761  lr=1.19e-05
[12:31:56 INFO] Epoch 41/50  iter 100/743  loss=0.3556  lr=1.18e-05
[12:32:33 INFO] Epoch 41/50  iter 150/743  loss=0.1017  lr=1.18e-05
[12:33:07 INFO] Epoch 41/50  iter 200/743  loss=0.1504  lr=1.17e-05
[12:33:45 INFO] Epoch 41/50  iter 250/743  loss=0.1683  lr=1.16e-05
[12:34:21 INFO] Epoch 41/50  iter 300/743  loss=0.0720  lr=1.15e-05
[12:34:58 INFO] Epoch 41/50  iter 350/743  loss=0.1336  lr=1.14e-05
[12:35:32 INFO] Epoch 41/50  iter 400/743  loss=0.1669  lr=1.14e-05
[12:36:09 INFO] Epoch 41/50  iter 450/743  loss=0.1021  lr=1.13e-05
[12:36:44 INFO] Epoch 41/50  iter 500/743  loss=0.1133  lr=1.12e-05
[12:37:19 INFO] Epoch 41/50  iter 550/743  loss=0.1229  lr=1.11e-05
[12:37:55 INFO] Epoch 41/50  iter 600/743  loss=0.1193  lr=1.10e-05
[12:38:32 INFO] Epoch 41/50  iter 650/743  loss=0.1773  lr=1.09e-05
[12:39:07 INFO] Epoch 41/50  iter 700/743  loss=0.1983  lr=1.09e-05
[12:39:38 INFO] Epoch 41 complete — avg_loss=0.1730  time=537s
[12:40:21 INFO] Epoch 42/50  iter 50/743  loss=0.0723  lr=1.07e-05
[12:40:57 INFO] Epoch 42/50  iter 100/743  loss=0.1634  lr=1.06e-05
[12:41:28 INFO] Epoch 42/50  iter 150/743  loss=0.1325  lr=1.06e-05
[12:42:03 INFO] Epoch 42/50  iter 200/743  loss=0.5130  lr=1.05e-05
[12:42:37 INFO] Epoch 42/50  iter 250/743  loss=0.2099  lr=1.04e-05
[12:43:12 INFO] Epoch 42/50  iter 300/743  loss=0.1554  lr=1.03e-05
[12:43:47 INFO] Epoch 42/50  iter 350/743  loss=0.2540  lr=1.02e-05
[12:44:19 INFO] Epoch 42/50  iter 400/743  loss=0.0822  lr=1.02e-05
[12:44:53 INFO] Epoch 42/50  iter 450/743  loss=0.1486  lr=1.01e-05
[12:45:28 INFO] Epoch 42/50  iter 500/743  loss=0.1389  lr=9.99e-06
[12:46:03 INFO] Epoch 42/50  iter 550/743  loss=0.1309  lr=9.91e-06
[12:46:35 INFO] Epoch 42/50  iter 600/743  loss=0.1175  lr=9.83e-06
[12:47:09 INFO] Epoch 42/50  iter 650/743  loss=0.3486  lr=9.75e-06
[12:47:41 INFO] Epoch 42/50  iter 700/743  loss=0.2157  lr=9.67e-06
[12:48:10 INFO] Epoch 42 complete — avg_loss=0.1715  time=511s
[12:48:49 INFO] Epoch 43/50  iter 50/743  loss=0.1373  lr=9.52e-06
[12:49:23 INFO] Epoch 43/50  iter 100/743  loss=0.1853  lr=9.44e-06
[12:49:58 INFO] Epoch 43/50  iter 150/743  loss=0.1406  lr=9.36e-06
[12:50:32 INFO] Epoch 43/50  iter 200/743  loss=0.2034  lr=9.28e-06
[12:51:06 INFO] Epoch 43/50  iter 250/743  loss=0.1348  lr=9.19e-06
[12:51:39 INFO] Epoch 43/50  iter 300/743  loss=0.1519  lr=9.11e-06
[12:52:13 INFO] Epoch 43/50  iter 350/743  loss=0.1767  lr=9.03e-06
[12:52:46 INFO] Epoch 43/50  iter 400/743  loss=0.1184  lr=8.95e-06
[12:53:20 INFO] Epoch 43/50  iter 450/743  loss=0.2249  lr=8.87e-06
[12:53:52 INFO] Epoch 43/50  iter 500/743  loss=0.1482  lr=8.79e-06
[12:54:27 INFO] Epoch 43/50  iter 550/743  loss=0.1081  lr=8.71e-06
[12:55:00 INFO] Epoch 43/50  iter 600/743  loss=0.1622  lr=8.63e-06
[12:55:37 INFO] Epoch 43/50  iter 650/743  loss=0.2240  lr=8.55e-06
[12:56:11 INFO] Epoch 43/50  iter 700/743  loss=0.1874  lr=8.47e-06
[12:56:40 INFO] Epoch 43 complete — avg_loss=0.1697  time=509s
[12:57:21 INFO] Epoch 44/50  iter 50/743  loss=0.1497  lr=8.32e-06
[12:57:57 INFO] Epoch 44/50  iter 100/743  loss=0.1308  lr=8.24e-06
[12:58:36 INFO] Epoch 44/50  iter 150/743  loss=0.1328  lr=8.16e-06
[12:59:15 INFO] Epoch 44/50  iter 200/743  loss=0.2570  lr=8.08e-06
[12:59:53 INFO] Epoch 44/50  iter 250/743  loss=0.2824  lr=7.99e-06
[13:00:27 INFO] Epoch 44/50  iter 300/743  loss=0.1290  lr=7.91e-06
[13:01:02 INFO] Epoch 44/50  iter 350/743  loss=0.1344  lr=7.83e-06
[13:01:39 INFO] Epoch 44/50  iter 400/743  loss=0.2294  lr=7.75e-06
[13:02:14 INFO] Epoch 44/50  iter 450/743  loss=0.0692  lr=7.67e-06
[13:02:50 INFO] Epoch 44/50  iter 500/743  loss=0.1012  lr=7.59e-06
[13:03:26 INFO] Epoch 44/50  iter 550/743  loss=0.0866  lr=7.51e-06
[13:04:01 INFO] Epoch 44/50  iter 600/743  loss=0.1595  lr=7.43e-06
[13:04:36 INFO] Epoch 44/50  iter 650/743  loss=0.2245  lr=7.35e-06
[13:05:17 INFO] Epoch 44/50  iter 700/743  loss=0.1506  lr=7.27e-06
[13:05:48 INFO] Epoch 44 complete — avg_loss=0.1632  time=548s
[13:06:25 INFO] Epoch 45/50  iter 50/743  loss=0.1087  lr=7.12e-06
[13:06:57 INFO] Epoch 45/50  iter 100/743  loss=0.1991  lr=7.04e-06
[13:07:33 INFO] Epoch 45/50  iter 150/743  loss=0.0992  lr=6.96e-06
[13:08:05 INFO] Epoch 45/50  iter 200/743  loss=0.2216  lr=6.88e-06
[13:08:39 INFO] Epoch 45/50  iter 250/743  loss=0.1366  lr=6.79e-06
[13:09:11 INFO] Epoch 45/50  iter 300/743  loss=0.2329  lr=6.71e-06
[13:09:44 INFO] Epoch 45/50  iter 350/743  loss=0.1002  lr=6.63e-06
[13:10:18 INFO] Epoch 45/50  iter 400/743  loss=0.1761  lr=6.55e-06
[13:10:50 INFO] Epoch 45/50  iter 450/743  loss=0.1215  lr=6.47e-06
[13:11:22 INFO] Epoch 45/50  iter 500/743  loss=0.1405  lr=6.39e-06
[13:11:55 INFO] Epoch 45/50  iter 550/743  loss=0.1266  lr=6.31e-06
[13:12:30 INFO] Epoch 45/50  iter 600/743  loss=0.1056  lr=6.23e-06
[13:13:04 INFO] Epoch 45/50  iter 650/743  loss=0.1193  lr=6.15e-06
[13:13:39 INFO] Epoch 45/50  iter 700/743  loss=0.1016  lr=6.07e-06
[13:14:10 INFO] Epoch 45 complete — avg_loss=0.1709  time=500s
[13:15:09 INFO]   val mIoU = 0.6741
[13:15:09 INFO]   ★ New best val mIoU: 0.6741
[13:15:51 INFO] Epoch 46/50  iter 50/743  loss=0.1305  lr=5.92e-06
[13:16:30 INFO] Epoch 46/50  iter 100/743  loss=0.0950  lr=5.84e-06
[13:17:07 INFO] Epoch 46/50  iter 150/743  loss=0.1394  lr=5.76e-06
[13:17:47 INFO] Epoch 46/50  iter 200/743  loss=0.0969  lr=5.68e-06
[13:18:23 INFO] Epoch 46/50  iter 250/743  loss=0.0385  lr=5.59e-06
[13:19:00 INFO] Epoch 46/50  iter 300/743  loss=0.2426  lr=5.51e-06
[13:19:37 INFO] Epoch 46/50  iter 350/743  loss=0.3429  lr=5.43e-06
[13:20:13 INFO] Epoch 46/50  iter 400/743  loss=0.0633  lr=5.35e-06
[13:20:49 INFO] Epoch 46/50  iter 450/743  loss=0.1333  lr=5.27e-06
[13:21:24 INFO] Epoch 46/50  iter 500/743  loss=0.1120  lr=5.19e-06
[13:21:57 INFO] Epoch 46/50  iter 550/743  loss=0.0753  lr=5.11e-06
[13:22:31 INFO] Epoch 46/50  iter 600/743  loss=0.2007  lr=5.03e-06
[13:23:06 INFO] Epoch 46/50  iter 650/743  loss=0.2205  lr=4.95e-06
[13:23:46 INFO] Epoch 46/50  iter 700/743  loss=0.1398  lr=4.87e-06
[13:24:18 INFO] Epoch 46 complete — avg_loss=0.1585  time=547s
[13:24:59 INFO] Epoch 47/50  iter 50/743  loss=0.1695  lr=4.72e-06
[13:25:41 INFO] Epoch 47/50  iter 100/743  loss=0.0942  lr=4.64e-06
[13:26:16 INFO] Epoch 47/50  iter 150/743  loss=0.0625  lr=4.56e-06
[13:26:53 INFO] Epoch 47/50  iter 200/743  loss=0.1130  lr=4.48e-06
[13:27:31 INFO] Epoch 47/50  iter 250/743  loss=0.0796  lr=4.39e-06
[13:28:06 INFO] Epoch 47/50  iter 300/743  loss=0.1531  lr=4.31e-06
[13:28:41 INFO] Epoch 47/50  iter 350/743  loss=0.1726  lr=4.23e-06
[13:29:16 INFO] Epoch 47/50  iter 400/743  loss=0.1823  lr=4.15e-06
[13:29:53 INFO] Epoch 47/50  iter 450/743  loss=0.1153  lr=4.07e-06
[13:30:28 INFO] Epoch 47/50  iter 500/743  loss=0.1494  lr=3.99e-06
[13:31:01 INFO] Epoch 47/50  iter 550/743  loss=0.1182  lr=3.91e-06
[13:31:36 INFO] Epoch 47/50  iter 600/743  loss=0.1547  lr=3.83e-06
[13:32:13 INFO] Epoch 47/50  iter 650/743  loss=0.0954  lr=3.75e-06
[13:32:51 INFO] Epoch 47/50  iter 700/743  loss=0.0509  lr=3.67e-06
[13:33:23 INFO] Epoch 47 complete — avg_loss=0.1565  time=545s
[13:34:07 INFO] Epoch 48/50  iter 50/743  loss=0.1339  lr=3.52e-06
[13:34:45 INFO] Epoch 48/50  iter 100/743  loss=0.0769  lr=3.44e-06
[13:35:22 INFO] Epoch 48/50  iter 150/743  loss=0.1444  lr=3.36e-06
[13:35:55 INFO] Epoch 48/50  iter 200/743  loss=0.1312  lr=3.28e-06
[13:36:31 INFO] Epoch 48/50  iter 250/743  loss=0.0890  lr=3.19e-06
[13:37:06 INFO] Epoch 48/50  iter 300/743  loss=0.1242  lr=3.11e-06
[13:37:40 INFO] Epoch 48/50  iter 350/743  loss=0.1633  lr=3.03e-06
[13:38:16 INFO] Epoch 48/50  iter 400/743  loss=0.1339  lr=2.95e-06
[13:38:51 INFO] Epoch 48/50  iter 450/743  loss=0.1056  lr=2.87e-06
[13:39:26 INFO] Epoch 48/50  iter 500/743  loss=0.0928  lr=2.79e-06
[13:39:59 INFO] Epoch 48/50  iter 550/743  loss=0.1179  lr=2.71e-06
[13:40:35 INFO] Epoch 48/50  iter 600/743  loss=0.0927  lr=2.63e-06
[13:41:08 INFO] Epoch 48/50  iter 650/743  loss=0.1383  lr=2.55e-06
[13:41:43 INFO] Epoch 48/50  iter 700/743  loss=0.1877  lr=2.47e-06
[13:42:14 INFO] Epoch 48 complete — avg_loss=0.1651  time=530s
[13:42:57 INFO] Epoch 49/50  iter 50/743  loss=0.1630  lr=2.32e-06
[13:43:37 INFO] Epoch 49/50  iter 100/743  loss=0.2255  lr=2.24e-06
[13:44:14 INFO] Epoch 49/50  iter 150/743  loss=0.1594  lr=2.16e-06
[13:44:53 INFO] Epoch 49/50  iter 200/743  loss=0.1469  lr=2.08e-06
[13:45:31 INFO] Epoch 49/50  iter 250/743  loss=0.1717  lr=1.99e-06
[13:46:10 INFO] Epoch 49/50  iter 300/743  loss=0.1754  lr=1.91e-06
[13:46:48 INFO] Epoch 49/50  iter 350/743  loss=0.1882  lr=1.83e-06
[13:47:24 INFO] Epoch 49/50  iter 400/743  loss=0.2664  lr=1.75e-06
[13:47:57 INFO] Epoch 49/50  iter 450/743  loss=0.1188  lr=1.67e-06
[13:48:30 INFO] Epoch 49/50  iter 500/743  loss=0.2136  lr=1.59e-06
[13:49:03 INFO] Epoch 49/50  iter 550/743  loss=0.1161  lr=1.51e-06
[13:49:36 INFO] Epoch 49/50  iter 600/743  loss=0.1546  lr=1.43e-06
[13:50:11 INFO] Epoch 49/50  iter 650/743  loss=0.1051  lr=1.35e-06
[13:50:46 INFO] Epoch 49/50  iter 700/743  loss=0.1650  lr=1.27e-06
[13:51:16 INFO] Epoch 49 complete — avg_loss=0.1562  time=541s
[13:51:54 INFO] Epoch 50/50  iter 50/743  loss=0.0909  lr=1.12e-06
[13:52:31 INFO] Epoch 50/50  iter 100/743  loss=0.1850  lr=1.04e-06
[13:53:13 INFO] Epoch 50/50  iter 150/743  loss=0.1213  lr=9.56e-07
[13:53:48 INFO] Epoch 50/50  iter 200/743  loss=0.2092  lr=8.75e-07
[13:54:22 INFO] Epoch 50/50  iter 250/743  loss=0.1089  lr=7.95e-07
[13:54:57 INFO] Epoch 50/50  iter 300/743  loss=0.3022  lr=7.14e-07
[13:55:30 INFO] Epoch 50/50  iter 350/743  loss=0.1811  lr=6.33e-07
[13:56:04 INFO] Epoch 50/50  iter 400/743  loss=0.5959  lr=5.52e-07
[13:56:37 INFO] Epoch 50/50  iter 450/743  loss=0.0952  lr=4.72e-07
[13:57:13 INFO] Epoch 50/50  iter 500/743  loss=0.1707  lr=3.91e-07
[13:57:47 INFO] Epoch 50/50  iter 550/743  loss=0.1372  lr=3.10e-07
[13:58:22 INFO] Epoch 50/50  iter 600/743  loss=0.2957  lr=2.29e-07
[13:58:55 INFO] Epoch 50/50  iter 650/743  loss=0.1154  lr=1.49e-07
[13:59:29 INFO] Epoch 50/50  iter 700/743  loss=0.1213  lr=6.78e-08
[13:59:57 INFO] Epoch 50 complete — avg_loss=0.1614  time=520s
[14:00:51 INFO]   val mIoU = 0.6660
[14:00:52 INFO] Training complete. Best val mIoU = 0.6741
>>> Done: configs/photometric_low.yaml

>>> Training: configs/photometric_med.yaml
[14:01:01 INFO] Device: cuda
/usr/lib64/python3.11/tarfile.py:2303: RuntimeWarning: The default behavior of tarfile extraction has been changed to disallow common exploits (including CVE-2007-4559). By default, absolute/parent paths are disallowed and some mode bits are cleared. See https://access.redhat.com/articles/7004769 for more details.
  warnings.warn(
Model backend: smp
[14:01:08 INFO] Train: 2975 samples  |  Val: 500 samples
[14:01:33 INFO] Epoch 1/50  iter 50/743  loss=1.5371  lr=5.99e-05
[14:01:57 INFO] Epoch 1/50  iter 100/743  loss=1.3784  lr=5.98e-05
[14:02:20 INFO] Epoch 1/50  iter 150/743  loss=1.2763  lr=5.98e-05
[14:02:42 INFO] Epoch 1/50  iter 200/743  loss=0.8447  lr=5.97e-05
[14:03:06 INFO] Epoch 1/50  iter 250/743  loss=1.0637  lr=5.96e-05
[14:03:31 INFO] Epoch 1/50  iter 300/743  loss=0.9119  lr=5.95e-05
[14:03:58 INFO] Epoch 1/50  iter 350/743  loss=1.1980  lr=5.94e-05
[14:04:28 INFO] Epoch 1/50  iter 400/743  loss=0.8508  lr=5.94e-05
[14:04:54 INFO] Epoch 1/50  iter 450/743  loss=0.6083  lr=5.93e-05
[14:05:19 INFO] Epoch 1/50  iter 500/743  loss=1.0746  lr=5.92e-05
[14:05:41 INFO] Epoch 1/50  iter 550/743  loss=0.5679  lr=5.91e-05
[14:06:03 INFO] Epoch 1/50  iter 600/743  loss=0.7892  lr=5.90e-05
[14:06:26 INFO] Epoch 1/50  iter 650/743  loss=0.6890  lr=5.89e-05
[14:06:52 INFO] Epoch 1/50  iter 700/743  loss=0.9855  lr=5.89e-05
[14:07:14 INFO] Epoch 1 complete — avg_loss=0.9971  time=366s
[14:07:42 INFO] Epoch 2/50  iter 50/743  loss=0.5810  lr=5.87e-05
[14:08:07 INFO] Epoch 2/50  iter 100/743  loss=0.4883  lr=5.86e-05
[14:08:30 INFO] Epoch 2/50  iter 150/743  loss=0.5412  lr=5.86e-05
[14:08:52 INFO] Epoch 2/50  iter 200/743  loss=0.8588  lr=5.85e-05
[14:09:13 INFO] Epoch 2/50  iter 250/743  loss=0.4400  lr=5.84e-05
[14:09:36 INFO] Epoch 2/50  iter 300/743  loss=1.0117  lr=5.83e-05
[14:09:58 INFO] Epoch 2/50  iter 350/743  loss=0.5195  lr=5.82e-05
[14:10:21 INFO] Epoch 2/50  iter 400/743  loss=1.0302  lr=5.82e-05
[14:10:43 INFO] Epoch 2/50  iter 450/743  loss=0.4415  lr=5.81e-05
[14:11:06 INFO] Epoch 2/50  iter 500/743  loss=0.6077  lr=5.80e-05
[14:11:28 INFO] Epoch 2/50  iter 550/743  loss=1.1376  lr=5.79e-05
[14:11:51 INFO] Epoch 2/50  iter 600/743  loss=0.6950  lr=5.78e-05
[14:12:14 INFO] Epoch 2/50  iter 650/743  loss=0.6850  lr=5.77e-05
[14:12:37 INFO] Epoch 2/50  iter 700/743  loss=0.2997  lr=5.77e-05
[14:12:56 INFO] Epoch 2 complete — avg_loss=0.6326  time=341s
[14:13:21 INFO] Epoch 3/50  iter 50/743  loss=0.8463  lr=5.75e-05
[14:13:47 INFO] Epoch 3/50  iter 100/743  loss=0.6558  lr=5.74e-05
[14:14:11 INFO] Epoch 3/50  iter 150/743  loss=0.3030  lr=5.74e-05
[14:14:34 INFO] Epoch 3/50  iter 200/743  loss=0.3413  lr=5.73e-05
[14:14:55 INFO] Epoch 3/50  iter 250/743  loss=0.5354  lr=5.72e-05
[14:15:17 INFO] Epoch 3/50  iter 300/743  loss=0.2999  lr=5.71e-05
[14:15:40 INFO] Epoch 3/50  iter 350/743  loss=0.3410  lr=5.70e-05
[14:16:05 INFO] Epoch 3/50  iter 400/743  loss=0.3068  lr=5.70e-05
[14:16:26 INFO] Epoch 3/50  iter 450/743  loss=0.5437  lr=5.69e-05
[14:16:48 INFO] Epoch 3/50  iter 500/743  loss=0.3237  lr=5.68e-05
[14:17:10 INFO] Epoch 3/50  iter 550/743  loss=0.4637  lr=5.67e-05
[14:17:33 INFO] Epoch 3/50  iter 600/743  loss=0.4006  lr=5.66e-05
[14:17:57 INFO] Epoch 3/50  iter 650/743  loss=0.3552  lr=5.65e-05
[14:18:19 INFO] Epoch 3/50  iter 700/743  loss=0.4711  lr=5.65e-05
[14:18:38 INFO] Epoch 3 complete — avg_loss=0.5431  time=341s
[14:19:03 INFO] Epoch 4/50  iter 50/743  loss=0.2725  lr=5.63e-05
[14:19:25 INFO] Epoch 4/50  iter 100/743  loss=0.2548  lr=5.62e-05
[14:19:48 INFO] Epoch 4/50  iter 150/743  loss=0.4628  lr=5.62e-05
[14:20:10 INFO] Epoch 4/50  iter 200/743  loss=0.2469  lr=5.61e-05
[14:20:34 INFO] Epoch 4/50  iter 250/743  loss=0.3879  lr=5.60e-05
[14:20:58 INFO] Epoch 4/50  iter 300/743  loss=0.8235  lr=5.59e-05
[14:21:24 INFO] Epoch 4/50  iter 350/743  loss=0.2518  lr=5.58e-05
[14:21:48 INFO] Epoch 4/50  iter 400/743  loss=0.3802  lr=5.58e-05
[14:22:13 INFO] Epoch 4/50  iter 450/743  loss=0.2462  lr=5.57e-05
[14:22:36 INFO] Epoch 4/50  iter 500/743  loss=0.2231  lr=5.56e-05
[14:22:58 INFO] Epoch 4/50  iter 550/743  loss=0.9368  lr=5.55e-05
[14:23:21 INFO] Epoch 4/50  iter 600/743  loss=0.4303  lr=5.54e-05
[14:23:45 INFO] Epoch 4/50  iter 650/743  loss=0.3296  lr=5.53e-05
[14:24:10 INFO] Epoch 4/50  iter 700/743  loss=0.7587  lr=5.53e-05
[14:24:30 INFO] Epoch 4 complete — avg_loss=0.4968  time=351s
[14:24:56 INFO] Epoch 5/50  iter 50/743  loss=0.2687  lr=5.51e-05
[14:25:20 INFO] Epoch 5/50  iter 100/743  loss=0.3116  lr=5.50e-05
[14:25:46 INFO] Epoch 5/50  iter 150/743  loss=0.3995  lr=5.50e-05
[14:26:10 INFO] Epoch 5/50  iter 200/743  loss=0.3122  lr=5.49e-05
[14:26:34 INFO] Epoch 5/50  iter 250/743  loss=0.2308  lr=5.48e-05
[14:26:57 INFO] Epoch 5/50  iter 300/743  loss=0.2900  lr=5.47e-05
[14:27:21 INFO] Epoch 5/50  iter 350/743  loss=0.4454  lr=5.46e-05
[14:27:44 INFO] Epoch 5/50  iter 400/743  loss=0.3684  lr=5.46e-05
[14:28:07 INFO] Epoch 5/50  iter 450/743  loss=0.3342  lr=5.45e-05
[14:28:28 INFO] Epoch 5/50  iter 500/743  loss=0.3434  lr=5.44e-05
[14:28:51 INFO] Epoch 5/50  iter 550/743  loss=0.7091  lr=5.43e-05
[14:29:13 INFO] Epoch 5/50  iter 600/743  loss=0.4411  lr=5.42e-05
[14:29:35 INFO] Epoch 5/50  iter 650/743  loss=0.3950  lr=5.41e-05
[14:29:58 INFO] Epoch 5/50  iter 700/743  loss=0.6135  lr=5.41e-05
[14:30:17 INFO] Epoch 5 complete — avg_loss=0.4684  time=346s
[14:31:10 INFO]   val mIoU = 0.2987
[14:31:11 INFO]   ★ New best val mIoU: 0.2987
[14:31:40 INFO] Epoch 6/50  iter 50/743  loss=0.3508  lr=5.39e-05
[14:32:04 INFO] Epoch 6/50  iter 100/743  loss=0.5783  lr=5.38e-05
[14:32:30 INFO] Epoch 6/50  iter 150/743  loss=0.5975  lr=5.38e-05
[14:32:53 INFO] Epoch 6/50  iter 200/743  loss=0.5668  lr=5.37e-05
[14:33:17 INFO] Epoch 6/50  iter 250/743  loss=0.3382  lr=5.36e-05
[14:33:40 INFO] Epoch 6/50  iter 300/743  loss=0.4269  lr=5.35e-05
[14:34:02 INFO] Epoch 6/50  iter 350/743  loss=0.3595  lr=5.34e-05
[14:34:25 INFO] Epoch 6/50  iter 400/743  loss=0.7436  lr=5.34e-05
[14:34:47 INFO] Epoch 6/50  iter 450/743  loss=0.4119  lr=5.33e-05
[14:35:09 INFO] Epoch 6/50  iter 500/743  loss=0.4392  lr=5.32e-05
[14:35:32 INFO] Epoch 6/50  iter 550/743  loss=0.4524  lr=5.31e-05
[14:35:54 INFO] Epoch 6/50  iter 600/743  loss=0.4463  lr=5.30e-05
[14:36:16 INFO] Epoch 6/50  iter 650/743  loss=1.9664  lr=5.29e-05
[14:36:38 INFO] Epoch 6/50  iter 700/743  loss=0.3467  lr=5.29e-05
[14:36:57 INFO] Epoch 6 complete — avg_loss=0.4282  time=345s
[14:37:23 INFO] Epoch 7/50  iter 50/743  loss=0.5313  lr=5.27e-05
[14:37:45 INFO] Epoch 7/50  iter 100/743  loss=0.2490  lr=5.26e-05
[14:38:08 INFO] Epoch 7/50  iter 150/743  loss=0.5554  lr=5.26e-05
[14:38:30 INFO] Epoch 7/50  iter 200/743  loss=0.4070  lr=5.25e-05
[14:38:55 INFO] Epoch 7/50  iter 250/743  loss=0.4182  lr=5.24e-05
[14:39:21 INFO] Epoch 7/50  iter 300/743  loss=0.8169  lr=5.23e-05
[14:39:44 INFO] Epoch 7/50  iter 350/743  loss=0.4392  lr=5.22e-05
[14:40:06 INFO] Epoch 7/50  iter 400/743  loss=0.7056  lr=5.22e-05
[14:40:31 INFO] Epoch 7/50  iter 450/743  loss=0.7243  lr=5.21e-05
[14:40:55 INFO] Epoch 7/50  iter 500/743  loss=0.4827  lr=5.20e-05
[14:41:17 INFO] Epoch 7/50  iter 550/743  loss=0.3372  lr=5.19e-05
[14:41:40 INFO] Epoch 7/50  iter 600/743  loss=0.3117  lr=5.18e-05
[14:42:03 INFO] Epoch 7/50  iter 650/743  loss=0.9073  lr=5.17e-05
[14:42:27 INFO] Epoch 7/50  iter 700/743  loss=0.3724  lr=5.17e-05
[14:42:46 INFO] Epoch 7 complete — avg_loss=0.4278  time=347s
[14:43:14 INFO] Epoch 8/50  iter 50/743  loss=0.1996  lr=5.15e-05
[14:43:40 INFO] Epoch 8/50  iter 100/743  loss=0.3657  lr=5.14e-05
[14:44:04 INFO] Epoch 8/50  iter 150/743  loss=0.4515  lr=5.14e-05
[14:44:29 INFO] Epoch 8/50  iter 200/743  loss=0.3535  lr=5.13e-05
[14:44:54 INFO] Epoch 8/50  iter 250/743  loss=0.3349  lr=5.12e-05
[14:45:20 INFO] Epoch 8/50  iter 300/743  loss=0.8864  lr=5.11e-05
[14:45:45 INFO] Epoch 8/50  iter 350/743  loss=0.7822  lr=5.10e-05
[14:46:10 INFO] Epoch 8/50  iter 400/743  loss=0.7836  lr=5.10e-05
[14:46:34 INFO] Epoch 8/50  iter 450/743  loss=0.3381  lr=5.09e-05
[14:47:00 INFO] Epoch 8/50  iter 500/743  loss=0.2233  lr=5.08e-05
[14:47:24 INFO] Epoch 8/50  iter 550/743  loss=0.3956  lr=5.07e-05
[14:47:50 INFO] Epoch 8/50  iter 600/743  loss=0.6442  lr=5.06e-05
[14:48:15 INFO] Epoch 8/50  iter 650/743  loss=0.2134  lr=5.05e-05
[14:48:41 INFO] Epoch 8/50  iter 700/743  loss=0.4044  lr=5.05e-05
[14:49:02 INFO] Epoch 8 complete — avg_loss=0.4022  time=376s
[14:49:27 INFO] Epoch 9/50  iter 50/743  loss=0.7353  lr=5.03e-05
[14:49:50 INFO] Epoch 9/50  iter 100/743  loss=0.6244  lr=5.02e-05
[14:50:12 INFO] Epoch 9/50  iter 150/743  loss=0.1938  lr=5.02e-05
[14:50:36 INFO] Epoch 9/50  iter 200/743  loss=0.3654  lr=5.01e-05
[14:50:59 INFO] Epoch 9/50  iter 250/743  loss=0.2611  lr=5.00e-05
[14:51:22 INFO] Epoch 9/50  iter 300/743  loss=0.1646  lr=4.99e-05
[14:51:45 INFO] Epoch 9/50  iter 350/743  loss=0.4582  lr=4.98e-05
[14:52:07 INFO] Epoch 9/50  iter 400/743  loss=0.4187  lr=4.98e-05
[14:52:30 INFO] Epoch 9/50  iter 450/743  loss=0.6973  lr=4.97e-05
[14:52:53 INFO] Epoch 9/50  iter 500/743  loss=0.3375  lr=4.96e-05
[14:53:15 INFO] Epoch 9/50  iter 550/743  loss=0.2580  lr=4.95e-05
[14:53:38 INFO] Epoch 9/50  iter 600/743  loss=0.2432  lr=4.94e-05
[14:54:01 INFO] Epoch 9/50  iter 650/743  loss=0.3317  lr=4.93e-05
[14:54:23 INFO] Epoch 9/50  iter 700/743  loss=0.4572  lr=4.93e-05
[14:54:43 INFO] Epoch 9 complete — avg_loss=0.3896  time=340s
[14:55:09 INFO] Epoch 10/50  iter 50/743  loss=0.3029  lr=4.91e-05
[14:55:34 INFO] Epoch 10/50  iter 100/743  loss=0.3174  lr=4.90e-05
[14:56:00 INFO] Epoch 10/50  iter 150/743  loss=0.1768  lr=4.90e-05
[14:56:25 INFO] Epoch 10/50  iter 200/743  loss=0.3065  lr=4.89e-05
[14:56:47 INFO] Epoch 10/50  iter 250/743  loss=0.2992  lr=4.88e-05
[14:57:11 INFO] Epoch 10/50  iter 300/743  loss=0.3176  lr=4.87e-05
[14:57:34 INFO] Epoch 10/50  iter 350/743  loss=0.4128  lr=4.86e-05
[14:57:56 INFO] Epoch 10/50  iter 400/743  loss=0.2881  lr=4.86e-05
[14:58:19 INFO] Epoch 10/50  iter 450/743  loss=0.2628  lr=4.85e-05
[14:58:41 INFO] Epoch 10/50  iter 500/743  loss=0.2490  lr=4.84e-05
[14:59:04 INFO] Epoch 10/50  iter 550/743  loss=0.1780  lr=4.83e-05
[14:59:26 INFO] Epoch 10/50  iter 600/743  loss=0.2724  lr=4.82e-05
[14:59:49 INFO] Epoch 10/50  iter 650/743  loss=0.2471  lr=4.81e-05
[15:00:11 INFO] Epoch 10/50  iter 700/743  loss=0.1563  lr=4.81e-05
[15:00:31 INFO] Epoch 10 complete — avg_loss=0.3836  time=347s
[15:01:32 INFO]   val mIoU = 0.3093
[15:01:32 INFO]   ★ New best val mIoU: 0.3093
[15:01:57 INFO] Epoch 11/50  iter 50/743  loss=0.3863  lr=4.79e-05
[15:02:20 INFO] Epoch 11/50  iter 100/743  loss=0.2217  lr=4.78e-05
[15:02:43 INFO] Epoch 11/50  iter 150/743  loss=0.1417  lr=4.78e-05
[15:03:05 INFO] Epoch 11/50  iter 200/743  loss=0.6137  lr=4.77e-05
[15:03:28 INFO] Epoch 11/50  iter 250/743  loss=0.1390  lr=4.76e-05
[15:03:55 INFO] Epoch 11/50  iter 300/743  loss=0.5139  lr=4.75e-05
[15:04:18 INFO] Epoch 11/50  iter 350/743  loss=0.2702  lr=4.74e-05
[15:04:42 INFO] Epoch 11/50  iter 400/743  loss=0.5596  lr=4.74e-05
[15:05:06 INFO] Epoch 11/50  iter 450/743  loss=1.0681  lr=4.73e-05
[15:05:29 INFO] Epoch 11/50  iter 500/743  loss=0.1502  lr=4.72e-05
[15:05:52 INFO] Epoch 11/50  iter 550/743  loss=0.3434  lr=4.71e-05
[15:06:14 INFO] Epoch 11/50  iter 600/743  loss=0.2499  lr=4.70e-05
[15:06:37 INFO] Epoch 11/50  iter 650/743  loss=0.2072  lr=4.69e-05
[15:06:59 INFO] Epoch 11/50  iter 700/743  loss=0.3815  lr=4.69e-05
[15:07:19 INFO] Epoch 11 complete — avg_loss=0.3738  time=346s
[15:07:49 INFO] Epoch 12/50  iter 50/743  loss=0.2730  lr=4.67e-05
[15:08:13 INFO] Epoch 12/50  iter 100/743  loss=0.2355  lr=4.66e-05
[15:08:37 INFO] Epoch 12/50  iter 150/743  loss=0.3831  lr=4.66e-05
[15:09:03 INFO] Epoch 12/50  iter 200/743  loss=0.5314  lr=4.65e-05
[15:09:25 INFO] Epoch 12/50  iter 250/743  loss=0.4386  lr=4.64e-05
[15:09:49 INFO] Epoch 12/50  iter 300/743  loss=0.3913  lr=4.63e-05
[15:10:13 INFO] Epoch 12/50  iter 350/743  loss=0.4822  lr=4.62e-05
[15:10:39 INFO] Epoch 12/50  iter 400/743  loss=2.7287  lr=4.62e-05
[15:11:03 INFO] Epoch 12/50  iter 450/743  loss=0.1235  lr=4.61e-05
[15:11:27 INFO] Epoch 12/50  iter 500/743  loss=0.2554  lr=4.60e-05
[15:11:52 INFO] Epoch 12/50  iter 550/743  loss=0.2275  lr=4.59e-05
[15:12:16 INFO] Epoch 12/50  iter 600/743  loss=0.2080  lr=4.58e-05
[15:12:41 INFO] Epoch 12/50  iter 650/743  loss=0.3018  lr=4.57e-05
[15:13:06 INFO] Epoch 12/50  iter 700/743  loss=0.2295  lr=4.57e-05
[15:13:27 INFO] Epoch 12 complete — avg_loss=0.3645  time=367s
[15:13:54 INFO] Epoch 13/50  iter 50/743  loss=0.6155  lr=4.55e-05
[15:14:20 INFO] Epoch 13/50  iter 100/743  loss=0.1156  lr=4.54e-05
[15:14:47 INFO] Epoch 13/50  iter 150/743  loss=0.4383  lr=4.54e-05
[15:15:11 INFO] Epoch 13/50  iter 200/743  loss=0.3189  lr=4.53e-05
[15:15:38 INFO] Epoch 13/50  iter 250/743  loss=0.1751  lr=4.52e-05
[15:16:03 INFO] Epoch 13/50  iter 300/743  loss=0.1666  lr=4.51e-05
[15:16:30 INFO] Epoch 13/50  iter 350/743  loss=0.2291  lr=4.50e-05
[15:16:53 INFO] Epoch 13/50  iter 400/743  loss=0.0762  lr=4.50e-05
[15:17:16 INFO] Epoch 13/50  iter 450/743  loss=0.4409  lr=4.49e-05
[15:17:40 INFO] Epoch 13/50  iter 500/743  loss=0.1965  lr=4.48e-05
[15:18:02 INFO] Epoch 13/50  iter 550/743  loss=0.2620  lr=4.47e-05
[15:18:25 INFO] Epoch 13/50  iter 600/743  loss=0.1578  lr=4.46e-05
[15:18:48 INFO] Epoch 13/50  iter 650/743  loss=0.3058  lr=4.45e-05
[15:19:11 INFO] Epoch 13/50  iter 700/743  loss=0.4578  lr=4.45e-05
[15:19:29 INFO] Epoch 13 complete — avg_loss=0.3531  time=361s
[15:19:57 INFO] Epoch 14/50  iter 50/743  loss=0.3550  lr=4.43e-05
[15:20:22 INFO] Epoch 14/50  iter 100/743  loss=0.1689  lr=4.42e-05
[15:20:46 INFO] Epoch 14/50  iter 150/743  loss=0.3993  lr=4.42e-05
[15:21:11 INFO] Epoch 14/50  iter 200/743  loss=0.3683  lr=4.41e-05
[15:21:35 INFO] Epoch 14/50  iter 250/743  loss=0.3675  lr=4.40e-05
[15:22:00 INFO] Epoch 14/50  iter 300/743  loss=0.4002  lr=4.39e-05
[15:22:24 INFO] Epoch 14/50  iter 350/743  loss=0.3860  lr=4.38e-05
[15:22:47 INFO] Epoch 14/50  iter 400/743  loss=0.7314  lr=4.38e-05
[15:23:12 INFO] Epoch 14/50  iter 450/743  loss=0.2462  lr=4.37e-05
[15:23:36 INFO] Epoch 14/50  iter 500/743  loss=0.1419  lr=4.36e-05
[15:23:59 INFO] Epoch 14/50  iter 550/743  loss=0.4494  lr=4.35e-05
[15:24:21 INFO] Epoch 14/50  iter 600/743  loss=0.5384  lr=4.34e-05
[15:24:43 INFO] Epoch 14/50  iter 650/743  loss=0.1392  lr=4.33e-05
[15:25:05 INFO] Epoch 14/50  iter 700/743  loss=0.2653  lr=4.33e-05
[15:25:24 INFO] Epoch 14 complete — avg_loss=0.3427  time=353s
[15:25:50 INFO] Epoch 15/50  iter 50/743  loss=0.2108  lr=4.31e-05
[15:26:13 INFO] Epoch 15/50  iter 100/743  loss=0.1636  lr=4.30e-05
[15:26:37 INFO] Epoch 15/50  iter 150/743  loss=0.2147  lr=4.30e-05
[15:26:59 INFO] Epoch 15/50  iter 200/743  loss=0.4243  lr=4.29e-05
[15:27:21 INFO] Epoch 15/50  iter 250/743  loss=0.4538  lr=4.28e-05
[15:27:43 INFO] Epoch 15/50  iter 300/743  loss=0.3985  lr=4.27e-05
[15:28:07 INFO] Epoch 15/50  iter 350/743  loss=0.2906  lr=4.26e-05
[15:28:28 INFO] Epoch 15/50  iter 400/743  loss=0.2972  lr=4.26e-05
[15:28:51 INFO] Epoch 15/50  iter 450/743  loss=0.4280  lr=4.25e-05
[15:29:12 INFO] Epoch 15/50  iter 500/743  loss=0.2022  lr=4.24e-05
[15:29:34 INFO] Epoch 15/50  iter 550/743  loss=0.6406  lr=4.23e-05
[15:29:57 INFO] Epoch 15/50  iter 600/743  loss=0.2458  lr=4.22e-05
[15:30:19 INFO] Epoch 15/50  iter 650/743  loss=0.3019  lr=4.21e-05
[15:30:44 INFO] Epoch 15/50  iter 700/743  loss=0.1400  lr=4.21e-05
[15:31:06 INFO] Epoch 15 complete — avg_loss=0.3383  time=341s
[15:31:59 INFO]   val mIoU = 0.1664
[15:32:28 INFO] Epoch 16/50  iter 50/743  loss=0.1441  lr=4.19e-05
[15:32:53 INFO] Epoch 16/50  iter 100/743  loss=1.4004  lr=4.18e-05
[15:33:19 INFO] Epoch 16/50  iter 150/743  loss=0.2842  lr=4.18e-05
[15:33:42 INFO] Epoch 16/50  iter 200/743  loss=0.2731  lr=4.17e-05
[15:34:06 INFO] Epoch 16/50  iter 250/743  loss=0.1651  lr=4.16e-05
[15:34:28 INFO] Epoch 16/50  iter 300/743  loss=0.4132  lr=4.15e-05
[15:34:51 INFO] Epoch 16/50  iter 350/743  loss=0.2233  lr=4.14e-05
[15:35:15 INFO] Epoch 16/50  iter 400/743  loss=0.1174  lr=4.14e-05
[15:35:38 INFO] Epoch 16/50  iter 450/743  loss=0.1638  lr=4.13e-05
[15:36:01 INFO] Epoch 16/50  iter 500/743  loss=0.2357  lr=4.12e-05
[15:36:25 INFO] Epoch 16/50  iter 550/743  loss=0.1954  lr=4.11e-05
[15:36:48 INFO] Epoch 16/50  iter 600/743  loss=0.6041  lr=4.10e-05
[15:37:12 INFO] Epoch 16/50  iter 650/743  loss=0.1906  lr=4.09e-05
[15:37:36 INFO] Epoch 16/50  iter 700/743  loss=0.3315  lr=4.09e-05
[15:37:55 INFO] Epoch 16 complete — avg_loss=0.3284  time=355s
[15:38:19 INFO] Epoch 17/50  iter 50/743  loss=0.1759  lr=4.07e-05
[15:38:43 INFO] Epoch 17/50  iter 100/743  loss=0.2974  lr=4.06e-05
[15:39:05 INFO] Epoch 17/50  iter 150/743  loss=0.1829  lr=4.06e-05
[15:39:28 INFO] Epoch 17/50  iter 200/743  loss=0.2634  lr=4.05e-05
[15:39:50 INFO] Epoch 17/50  iter 250/743  loss=0.2844  lr=4.04e-05
[15:40:17 INFO] Epoch 17/50  iter 300/743  loss=0.1859  lr=4.03e-05
[15:40:43 INFO] Epoch 17/50  iter 350/743  loss=0.2029  lr=4.02e-05
[15:41:09 INFO] Epoch 17/50  iter 400/743  loss=0.1016  lr=4.02e-05
[15:41:34 INFO] Epoch 17/50  iter 450/743  loss=0.1799  lr=4.01e-05
[15:42:00 INFO] Epoch 17/50  iter 500/743  loss=0.1336  lr=4.00e-05
[15:42:22 INFO] Epoch 17/50  iter 550/743  loss=0.3015  lr=3.99e-05
[15:42:45 INFO] Epoch 17/50  iter 600/743  loss=0.3359  lr=3.98e-05
[15:43:08 INFO] Epoch 17/50  iter 650/743  loss=0.2675  lr=3.97e-05
[15:43:33 INFO] Epoch 17/50  iter 700/743  loss=0.1915  lr=3.97e-05
[15:43:52 INFO] Epoch 17 complete — avg_loss=0.3379  time=356s
[15:44:21 INFO] Epoch 18/50  iter 50/743  loss=0.2918  lr=3.95e-05
[15:44:46 INFO] Epoch 18/50  iter 100/743  loss=0.2020  lr=3.94e-05
[15:45:10 INFO] Epoch 18/50  iter 150/743  loss=0.4246  lr=3.94e-05
[15:45:36 INFO] Epoch 18/50  iter 200/743  loss=0.4030  lr=3.93e-05
[15:46:00 INFO] Epoch 18/50  iter 250/743  loss=0.2999  lr=3.92e-05
[15:46:26 INFO] Epoch 18/50  iter 300/743  loss=0.1747  lr=3.91e-05
[15:46:51 INFO] Epoch 18/50  iter 350/743  loss=0.4344  lr=3.90e-05
[15:47:16 INFO] Epoch 18/50  iter 400/743  loss=1.0449  lr=3.90e-05
[15:47:40 INFO] Epoch 18/50  iter 450/743  loss=0.2940  lr=3.89e-05
[15:48:05 INFO] Epoch 18/50  iter 500/743  loss=0.2254  lr=3.88e-05
[15:48:30 INFO] Epoch 18/50  iter 550/743  loss=0.3335  lr=3.87e-05
[15:48:56 INFO] Epoch 18/50  iter 600/743  loss=0.2634  lr=3.86e-05
[15:49:19 INFO] Epoch 18/50  iter 650/743  loss=0.1251  lr=3.85e-05
[15:49:43 INFO] Epoch 18/50  iter 700/743  loss=0.3757  lr=3.85e-05
[15:50:03 INFO] Epoch 18 complete — avg_loss=0.3237  time=370s
[15:50:30 INFO] Epoch 19/50  iter 50/743  loss=0.2046  lr=3.83e-05
[15:50:53 INFO] Epoch 19/50  iter 100/743  loss=0.2650  lr=3.82e-05
[15:51:18 INFO] Epoch 19/50  iter 150/743  loss=0.2143  lr=3.82e-05
[15:51:41 INFO] Epoch 19/50  iter 200/743  loss=0.1819  lr=3.81e-05
[15:52:06 INFO] Epoch 19/50  iter 250/743  loss=0.5275  lr=3.80e-05
[15:52:32 INFO] Epoch 19/50  iter 300/743  loss=0.1451  lr=3.79e-05
[15:52:58 INFO] Epoch 19/50  iter 350/743  loss=0.3974  lr=3.78e-05
[15:53:22 INFO] Epoch 19/50  iter 400/743  loss=0.6377  lr=3.78e-05
[15:53:48 INFO] Epoch 19/50  iter 450/743  loss=0.2236  lr=3.77e-05
[15:54:16 INFO] Epoch 19/50  iter 500/743  loss=0.1340  lr=3.76e-05
[15:54:41 INFO] Epoch 19/50  iter 550/743  loss=0.6335  lr=3.75e-05
[15:55:05 INFO] Epoch 19/50  iter 600/743  loss=0.1732  lr=3.74e-05
[15:55:30 INFO] Epoch 19/50  iter 650/743  loss=0.3016  lr=3.73e-05
[15:55:56 INFO] Epoch 19/50  iter 700/743  loss=0.3163  lr=3.73e-05
[15:56:17 INFO] Epoch 19 complete — avg_loss=0.3146  time=373s
[15:56:44 INFO] Epoch 20/50  iter 50/743  loss=0.3542  lr=3.71e-05
[15:57:10 INFO] Epoch 20/50  iter 100/743  loss=0.2385  lr=3.70e-05
[15:57:36 INFO] Epoch 20/50  iter 150/743  loss=0.2005  lr=3.70e-05
[15:57:58 INFO] Epoch 20/50  iter 200/743  loss=0.2453  lr=3.69e-05
[15:58:21 INFO] Epoch 20/50  iter 250/743  loss=0.3843  lr=3.68e-05
[15:58:43 INFO] Epoch 20/50  iter 300/743  loss=0.1792  lr=3.67e-05
[15:59:05 INFO] Epoch 20/50  iter 350/743  loss=0.3126  lr=3.66e-05
[15:59:29 INFO] Epoch 20/50  iter 400/743  loss=0.1354  lr=3.66e-05
[15:59:50 INFO] Epoch 20/50  iter 450/743  loss=0.3867  lr=3.65e-05
[16:00:12 INFO] Epoch 20/50  iter 500/743  loss=0.1419  lr=3.64e-05
[16:00:35 INFO] Epoch 20/50  iter 550/743  loss=0.0964  lr=3.63e-05
[16:00:57 INFO] Epoch 20/50  iter 600/743  loss=0.1363  lr=3.62e-05
[16:01:19 INFO] Epoch 20/50  iter 650/743  loss=0.7474  lr=3.61e-05
[16:01:42 INFO] Epoch 20/50  iter 700/743  loss=0.4718  lr=3.61e-05
[16:02:02 INFO] Epoch 20 complete — avg_loss=0.3258  time=344s
[16:02:57 INFO]   val mIoU = 0.1363
[16:03:23 INFO] Epoch 21/50  iter 50/743  loss=0.0656  lr=3.59e-05
[16:03:49 INFO] Epoch 21/50  iter 100/743  loss=0.1987  lr=3.58e-05
[16:04:15 INFO] Epoch 21/50  iter 150/743  loss=0.8099  lr=3.58e-05
[16:04:40 INFO] Epoch 21/50  iter 200/743  loss=1.1843  lr=3.57e-05
[16:05:06 INFO] Epoch 21/50  iter 250/743  loss=0.3521  lr=3.56e-05
[16:05:31 INFO] Epoch 21/50  iter 300/743  loss=0.3483  lr=3.55e-05
[16:05:54 INFO] Epoch 21/50  iter 350/743  loss=0.2466  lr=3.54e-05
[16:06:18 INFO] Epoch 21/50  iter 400/743  loss=0.4200  lr=3.54e-05
[16:06:41 INFO] Epoch 21/50  iter 450/743  loss=0.4989  lr=3.53e-05
[16:07:05 INFO] Epoch 21/50  iter 500/743  loss=0.1370  lr=3.52e-05
[16:07:27 INFO] Epoch 21/50  iter 550/743  loss=0.2477  lr=3.51e-05
[16:07:49 INFO] Epoch 21/50  iter 600/743  loss=0.3177  lr=3.50e-05
[16:08:12 INFO] Epoch 21/50  iter 650/743  loss=0.2789  lr=3.49e-05
[16:08:36 INFO] Epoch 21/50  iter 700/743  loss=0.2425  lr=3.49e-05
[16:08:56 INFO] Epoch 21 complete — avg_loss=0.3009  time=359s
[16:09:25 INFO] Epoch 22/50  iter 50/743  loss=0.1896  lr=3.47e-05
[16:09:50 INFO] Epoch 22/50  iter 100/743  loss=0.3142  lr=3.46e-05
[16:10:14 INFO] Epoch 22/50  iter 150/743  loss=0.3179  lr=3.46e-05
[16:10:38 INFO] Epoch 22/50  iter 200/743  loss=0.7127  lr=3.45e-05
[16:11:02 INFO] Epoch 22/50  iter 250/743  loss=0.8051  lr=3.44e-05
[16:11:28 INFO] Epoch 22/50  iter 300/743  loss=0.9311  lr=3.43e-05
[16:11:51 INFO] Epoch 22/50  iter 350/743  loss=0.2575  lr=3.42e-05
[16:12:16 INFO] Epoch 22/50  iter 400/743  loss=0.1965  lr=3.42e-05
[16:12:40 INFO] Epoch 22/50  iter 450/743  loss=0.2814  lr=3.41e-05
[16:13:04 INFO] Epoch 22/50  iter 500/743  loss=0.1581  lr=3.40e-05
[16:13:28 INFO] Epoch 22/50  iter 550/743  loss=0.2119  lr=3.39e-05
[16:13:54 INFO] Epoch 22/50  iter 600/743  loss=0.2494  lr=3.38e-05
[16:14:16 INFO] Epoch 22/50  iter 650/743  loss=0.2500  lr=3.37e-05
[16:14:41 INFO] Epoch 22/50  iter 700/743  loss=0.2052  lr=3.37e-05
[16:15:00 INFO] Epoch 22 complete — avg_loss=0.3248  time=362s
[16:15:26 INFO] Epoch 23/50  iter 50/743  loss=0.0984  lr=3.35e-05
[16:15:48 INFO] Epoch 23/50  iter 100/743  loss=0.5472  lr=3.34e-05
[16:16:09 INFO] Epoch 23/50  iter 150/743  loss=0.4682  lr=3.34e-05
[16:16:32 INFO] Epoch 23/50  iter 200/743  loss=0.4194  lr=3.33e-05
[16:16:56 INFO] Epoch 23/50  iter 250/743  loss=0.1915  lr=3.32e-05
[16:17:22 INFO] Epoch 23/50  iter 300/743  loss=0.1278  lr=3.31e-05
[16:17:46 INFO] Epoch 23/50  iter 350/743  loss=0.3800  lr=3.30e-05
[16:18:12 INFO] Epoch 23/50  iter 400/743  loss=0.1569  lr=3.30e-05
[16:18:37 INFO] Epoch 23/50  iter 450/743  loss=0.1443  lr=3.29e-05
[16:19:00 INFO] Epoch 23/50  iter 500/743  loss=0.7063  lr=3.28e-05
[16:19:21 INFO] Epoch 23/50  iter 550/743  loss=0.2071  lr=3.27e-05
[16:19:45 INFO] Epoch 23/50  iter 600/743  loss=0.2187  lr=3.26e-05
[16:20:07 INFO] Epoch 23/50  iter 650/743  loss=0.3016  lr=3.25e-05
[16:20:29 INFO] Epoch 23/50  iter 700/743  loss=0.4130  lr=3.25e-05
[16:20:48 INFO] Epoch 23 complete — avg_loss=0.3003  time=347s
[16:21:16 INFO] Epoch 24/50  iter 50/743  loss=0.1676  lr=3.23e-05
[16:21:40 INFO] Epoch 24/50  iter 100/743  loss=0.3036  lr=3.22e-05
[16:22:04 INFO] Epoch 24/50  iter 150/743  loss=0.2704  lr=3.22e-05
[16:22:28 INFO] Epoch 24/50  iter 200/743  loss=0.1619  lr=3.21e-05
[16:22:51 INFO] Epoch 24/50  iter 250/743  loss=0.1171  lr=3.20e-05
[16:23:13 INFO] Epoch 24/50  iter 300/743  loss=0.1279  lr=3.19e-05
[16:23:37 INFO] Epoch 24/50  iter 350/743  loss=0.1982  lr=3.18e-05
[16:24:00 INFO] Epoch 24/50  iter 400/743  loss=0.5985  lr=3.18e-05
[16:24:24 INFO] Epoch 24/50  iter 450/743  loss=0.2788  lr=3.17e-05
[16:24:51 INFO] Epoch 24/50  iter 500/743  loss=0.4526  lr=3.16e-05
[16:25:13 INFO] Epoch 24/50  iter 550/743  loss=0.2466  lr=3.15e-05
[16:25:39 INFO] Epoch 24/50  iter 600/743  loss=0.3884  lr=3.14e-05
[16:26:06 INFO] Epoch 24/50  iter 650/743  loss=0.3397  lr=3.13e-05
[16:26:33 INFO] Epoch 24/50  iter 700/743  loss=0.0913  lr=3.13e-05
[16:26:54 INFO] Epoch 24 complete — avg_loss=0.2934  time=366s
[16:27:19 INFO] Epoch 25/50  iter 50/743  loss=0.1936  lr=3.11e-05
[16:27:44 INFO] Epoch 25/50  iter 100/743  loss=0.3063  lr=3.10e-05
[16:28:10 INFO] Epoch 25/50  iter 150/743  loss=0.3096  lr=3.10e-05
[16:28:35 INFO] Epoch 25/50  iter 200/743  loss=0.1807  lr=3.09e-05
[16:28:59 INFO] Epoch 25/50  iter 250/743  loss=0.2901  lr=3.08e-05
[16:29:22 INFO] Epoch 25/50  iter 300/743  loss=0.1157  lr=3.07e-05
[16:29:45 INFO] Epoch 25/50  iter 350/743  loss=1.3594  lr=3.06e-05
[16:30:08 INFO] Epoch 25/50  iter 400/743  loss=0.1287  lr=3.06e-05
[16:30:31 INFO] Epoch 25/50  iter 450/743  loss=0.4925  lr=3.05e-05
[16:30:53 INFO] Epoch 25/50  iter 500/743  loss=0.1764  lr=3.04e-05
[16:31:16 INFO] Epoch 25/50  iter 550/743  loss=0.1925  lr=3.03e-05
[16:31:39 INFO] Epoch 25/50  iter 600/743  loss=0.1845  lr=3.02e-05
[16:32:03 INFO] Epoch 25/50  iter 650/743  loss=0.1898  lr=3.01e-05
[16:32:26 INFO] Epoch 25/50  iter 700/743  loss=0.2383  lr=3.01e-05
[16:32:46 INFO] Epoch 25 complete — avg_loss=0.2865  time=350s
[16:33:41 INFO]   val mIoU = 0.2754
[16:34:07 INFO] Epoch 26/50  iter 50/743  loss=0.2832  lr=2.99e-05
[16:34:31 INFO] Epoch 26/50  iter 100/743  loss=0.1930  lr=2.98e-05
[16:34:55 INFO] Epoch 26/50  iter 150/743  loss=0.1942  lr=2.98e-05
[16:35:20 INFO] Epoch 26/50  iter 200/743  loss=0.2202  lr=2.97e-05
[16:35:43 INFO] Epoch 26/50  iter 250/743  loss=0.0981  lr=2.96e-05
[16:36:08 INFO] Epoch 26/50  iter 300/743  loss=0.2859  lr=2.95e-05
[16:36:30 INFO] Epoch 26/50  iter 350/743  loss=0.2137  lr=2.94e-05
[16:36:55 INFO] Epoch 26/50  iter 400/743  loss=0.2694  lr=2.94e-05
[16:37:18 INFO] Epoch 26/50  iter 450/743  loss=0.1287  lr=2.93e-05
[16:37:42 INFO] Epoch 26/50  iter 500/743  loss=0.2640  lr=2.92e-05
[16:38:07 INFO] Epoch 26/50  iter 550/743  loss=0.4076  lr=2.91e-05
[16:38:30 INFO] Epoch 26/50  iter 600/743  loss=0.1524  lr=2.90e-05
[16:38:55 INFO] Epoch 26/50  iter 650/743  loss=0.4349  lr=2.89e-05
[16:39:18 INFO] Epoch 26/50  iter 700/743  loss=0.3003  lr=2.89e-05
[16:39:39 INFO] Epoch 26 complete — avg_loss=0.2825  time=357s
[16:40:06 INFO] Epoch 27/50  iter 50/743  loss=0.2983  lr=2.87e-05
[16:40:33 INFO] Epoch 27/50  iter 100/743  loss=0.2094  lr=2.86e-05
[16:40:57 INFO] Epoch 27/50  iter 150/743  loss=0.2441  lr=2.86e-05
[16:41:22 INFO] Epoch 27/50  iter 200/743  loss=0.4688  lr=2.85e-05
[16:41:48 INFO] Epoch 27/50  iter 250/743  loss=0.1623  lr=2.84e-05
[16:42:13 INFO] Epoch 27/50  iter 300/743  loss=0.1103  lr=2.83e-05
[16:42:38 INFO] Epoch 27/50  iter 350/743  loss=0.1529  lr=2.82e-05
[16:43:01 INFO] Epoch 27/50  iter 400/743  loss=0.1810  lr=2.82e-05
[16:43:24 INFO] Epoch 27/50  iter 450/743  loss=0.1810  lr=2.81e-05
[16:43:47 INFO] Epoch 27/50  iter 500/743  loss=0.3763  lr=2.80e-05
[16:44:11 INFO] Epoch 27/50  iter 550/743  loss=0.1954  lr=2.79e-05
[16:44:34 INFO] Epoch 27/50  iter 600/743  loss=0.3316  lr=2.78e-05
[16:44:56 INFO] Epoch 27/50  iter 650/743  loss=0.4974  lr=2.77e-05
[16:45:19 INFO] Epoch 27/50  iter 700/743  loss=0.1895  lr=2.77e-05
[16:45:38 INFO] Epoch 27 complete — avg_loss=0.2839  time=359s
[16:46:05 INFO] Epoch 28/50  iter 50/743  loss=0.3149  lr=2.75e-05
[16:46:27 INFO] Epoch 28/50  iter 100/743  loss=0.5679  lr=2.74e-05
[16:46:51 INFO] Epoch 28/50  iter 150/743  loss=0.0957  lr=2.74e-05
[16:47:14 INFO] Epoch 28/50  iter 200/743  loss=0.1867  lr=2.73e-05
[16:47:40 INFO] Epoch 28/50  iter 250/743  loss=0.5901  lr=2.72e-05
[16:48:05 INFO] Epoch 28/50  iter 300/743  loss=0.0893  lr=2.71e-05
[16:48:29 INFO] Epoch 28/50  iter 350/743  loss=0.3677  lr=2.70e-05
[16:48:51 INFO] Epoch 28/50  iter 400/743  loss=0.3870  lr=2.70e-05
[16:49:13 INFO] Epoch 28/50  iter 450/743  loss=0.2635  lr=2.69e-05
[16:49:37 INFO] Epoch 28/50  iter 500/743  loss=0.6375  lr=2.68e-05
[16:50:00 INFO] Epoch 28/50  iter 550/743  loss=0.1364  lr=2.67e-05
[16:50:24 INFO] Epoch 28/50  iter 600/743  loss=0.2191  lr=2.66e-05
[16:50:47 INFO] Epoch 28/50  iter 650/743  loss=0.8293  lr=2.65e-05
[16:51:11 INFO] Epoch 28/50  iter 700/743  loss=0.3499  lr=2.65e-05
[16:51:29 INFO] Epoch 28 complete — avg_loss=0.2817  time=350s
[16:51:55 INFO] Epoch 29/50  iter 50/743  loss=0.1710  lr=2.63e-05
[16:52:18 INFO] Epoch 29/50  iter 100/743  loss=0.4125  lr=2.62e-05
[16:52:40 INFO] Epoch 29/50  iter 150/743  loss=0.1521  lr=2.62e-05
[16:53:04 INFO] Epoch 29/50  iter 200/743  loss=0.1714  lr=2.61e-05
[16:53:26 INFO] Epoch 29/50  iter 250/743  loss=0.2731  lr=2.60e-05
[16:53:50 INFO] Epoch 29/50  iter 300/743  loss=0.3656  lr=2.59e-05
[16:54:12 INFO] Epoch 29/50  iter 350/743  loss=0.5854  lr=2.58e-05
[16:54:36 INFO] Epoch 29/50  iter 400/743  loss=0.2631  lr=2.58e-05
[16:54:59 INFO] Epoch 29/50  iter 450/743  loss=0.4016  lr=2.57e-05
[16:55:22 INFO] Epoch 29/50  iter 500/743  loss=0.1067  lr=2.56e-05
[16:55:47 INFO] Epoch 29/50  iter 550/743  loss=0.1360  lr=2.55e-05
[16:56:12 INFO] Epoch 29/50  iter 600/743  loss=0.3611  lr=2.54e-05
[16:56:35 INFO] Epoch 29/50  iter 650/743  loss=0.1834  lr=2.53e-05
[16:57:01 INFO] Epoch 29/50  iter 700/743  loss=0.3775  lr=2.53e-05
[16:57:21 INFO] Epoch 29 complete — avg_loss=0.2705  time=351s
[16:57:47 INFO] Epoch 30/50  iter 50/743  loss=0.1770  lr=2.51e-05
[16:58:09 INFO] Epoch 30/50  iter 100/743  loss=0.2022  lr=2.50e-05
[16:58:32 INFO] Epoch 30/50  iter 150/743  loss=0.2178  lr=2.50e-05
[16:58:56 INFO] Epoch 30/50  iter 200/743  loss=0.1477  lr=2.49e-05
[16:59:19 INFO] Epoch 30/50  iter 250/743  loss=0.1232  lr=2.48e-05
[16:59:43 INFO] Epoch 30/50  iter 300/743  loss=0.2169  lr=2.47e-05
[17:00:04 INFO] Epoch 30/50  iter 350/743  loss=0.4645  lr=2.46e-05
[17:00:27 INFO] Epoch 30/50  iter 400/743  loss=0.1632  lr=2.46e-05
[17:00:49 INFO] Epoch 30/50  iter 450/743  loss=0.2335  lr=2.45e-05
[17:01:10 INFO] Epoch 30/50  iter 500/743  loss=0.3164  lr=2.44e-05
[17:01:34 INFO] Epoch 30/50  iter 550/743  loss=0.2581  lr=2.43e-05
[17:01:57 INFO] Epoch 30/50  iter 600/743  loss=0.1938  lr=2.42e-05
[17:02:20 INFO] Epoch 30/50  iter 650/743  loss=0.2824  lr=2.41e-05
[17:02:46 INFO] Epoch 30/50  iter 700/743  loss=0.2512  lr=2.41e-05
[17:03:07 INFO] Epoch 30 complete — avg_loss=0.2778  time=345s
[17:04:02 INFO]   val mIoU = 0.1365
[17:04:30 INFO] Epoch 31/50  iter 50/743  loss=0.2790  lr=2.39e-05
[17:04:53 INFO] Epoch 31/50  iter 100/743  loss=0.4015  lr=2.38e-05
[17:05:15 INFO] Epoch 31/50  iter 150/743  loss=0.2517  lr=2.38e-05
[17:05:38 INFO] Epoch 31/50  iter 200/743  loss=0.3353  lr=2.37e-05
[17:06:00 INFO] Epoch 31/50  iter 250/743  loss=0.3785  lr=2.36e-05
[17:06:24 INFO] Epoch 31/50  iter 300/743  loss=0.3511  lr=2.35e-05
[17:06:46 INFO] Epoch 31/50  iter 350/743  loss=0.0528  lr=2.34e-05
[17:07:08 INFO] Epoch 31/50  iter 400/743  loss=0.2303  lr=2.34e-05
[17:07:31 INFO] Epoch 31/50  iter 450/743  loss=0.2844  lr=2.33e-05
[17:07:55 INFO] Epoch 31/50  iter 500/743  loss=0.3968  lr=2.32e-05
[17:08:17 INFO] Epoch 31/50  iter 550/743  loss=0.2119  lr=2.31e-05
[17:08:40 INFO] Epoch 31/50  iter 600/743  loss=0.2459  lr=2.30e-05
[17:09:02 INFO] Epoch 31/50  iter 650/743  loss=0.1014  lr=2.29e-05
[17:09:26 INFO] Epoch 31/50  iter 700/743  loss=0.2248  lr=2.29e-05
[17:09:46 INFO] Epoch 31 complete — avg_loss=0.2684  time=343s
[17:10:13 INFO] Epoch 32/50  iter 50/743  loss=0.1976  lr=2.27e-05
[17:10:37 INFO] Epoch 32/50  iter 100/743  loss=0.2284  lr=2.26e-05
[17:11:02 INFO] Epoch 32/50  iter 150/743  loss=0.1557  lr=2.26e-05
[17:11:27 INFO] Epoch 32/50  iter 200/743  loss=0.2500  lr=2.25e-05
[17:11:49 INFO] Epoch 32/50  iter 250/743  loss=0.3148  lr=2.24e-05
[17:12:12 INFO] Epoch 32/50  iter 300/743  loss=0.1163  lr=2.23e-05
[17:12:35 INFO] Epoch 32/50  iter 350/743  loss=0.4121  lr=2.22e-05
[17:13:02 INFO] Epoch 32/50  iter 400/743  loss=0.2077  lr=2.22e-05
[17:13:27 INFO] Epoch 32/50  iter 450/743  loss=0.4327  lr=2.21e-05
[17:13:52 INFO] Epoch 32/50  iter 500/743  loss=0.2321  lr=2.20e-05
[17:14:14 INFO] Epoch 32/50  iter 550/743  loss=0.3093  lr=2.19e-05
[17:14:37 INFO] Epoch 32/50  iter 600/743  loss=0.6415  lr=2.18e-05
[17:15:02 INFO] Epoch 32/50  iter 650/743  loss=0.3131  lr=2.17e-05
[17:15:27 INFO] Epoch 32/50  iter 700/743  loss=0.3638  lr=2.17e-05
[17:15:47 INFO] Epoch 32 complete — avg_loss=0.2767  time=360s
[17:16:15 INFO] Epoch 33/50  iter 50/743  loss=0.2122  lr=2.15e-05
[17:16:42 INFO] Epoch 33/50  iter 100/743  loss=0.3155  lr=2.14e-05
[17:17:05 INFO] Epoch 33/50  iter 150/743  loss=0.1951  lr=2.14e-05
[17:17:30 INFO] Epoch 33/50  iter 200/743  loss=0.1684  lr=2.13e-05
[17:17:54 INFO] Epoch 33/50  iter 250/743  loss=0.1877  lr=2.12e-05
[17:18:15 INFO] Epoch 33/50  iter 300/743  loss=0.3261  lr=2.11e-05
[17:18:37 INFO] Epoch 33/50  iter 350/743  loss=0.3915  lr=2.10e-05
[17:19:00 INFO] Epoch 33/50  iter 400/743  loss=0.3362  lr=2.10e-05
[17:19:22 INFO] Epoch 33/50  iter 450/743  loss=0.0677  lr=2.09e-05
[17:19:45 INFO] Epoch 33/50  iter 500/743  loss=0.1956  lr=2.08e-05
[17:20:06 INFO] Epoch 33/50  iter 550/743  loss=0.2938  lr=2.07e-05
[17:20:28 INFO] Epoch 33/50  iter 600/743  loss=0.1310  lr=2.06e-05
[17:20:51 INFO] Epoch 33/50  iter 650/743  loss=0.3321  lr=2.05e-05
[17:21:15 INFO] Epoch 33/50  iter 700/743  loss=0.3298  lr=2.05e-05
[17:21:35 INFO] Epoch 33 complete — avg_loss=0.2575  time=346s
[17:22:02 INFO] Epoch 34/50  iter 50/743  loss=0.3390  lr=2.03e-05
[17:22:27 INFO] Epoch 34/50  iter 100/743  loss=0.2706  lr=2.02e-05
[17:22:51 INFO] Epoch 34/50  iter 150/743  loss=0.1573  lr=2.02e-05
[17:23:17 INFO] Epoch 34/50  iter 200/743  loss=0.2023  lr=2.01e-05
[17:23:42 INFO] Epoch 34/50  iter 250/743  loss=0.2148  lr=2.00e-05
[17:24:07 INFO] Epoch 34/50  iter 300/743  loss=0.1564  lr=1.99e-05
[17:24:32 INFO] Epoch 34/50  iter 350/743  loss=0.1493  lr=1.98e-05
[17:24:57 INFO] Epoch 34/50  iter 400/743  loss=0.1685  lr=1.98e-05
[17:25:19 INFO] Epoch 34/50  iter 450/743  loss=0.1427  lr=1.97e-05
[17:25:41 INFO] Epoch 34/50  iter 500/743  loss=0.2178  lr=1.96e-05
[17:26:03 INFO] Epoch 34/50  iter 550/743  loss=0.3540  lr=1.95e-05
[17:26:27 INFO] Epoch 34/50  iter 600/743  loss=0.3206  lr=1.94e-05
[17:26:49 INFO] Epoch 34/50  iter 650/743  loss=0.1549  lr=1.93e-05
[17:27:12 INFO] Epoch 34/50  iter 700/743  loss=0.3074  lr=1.93e-05
[17:27:31 INFO] Epoch 34 complete — avg_loss=0.2595  time=355s
[17:27:57 INFO] Epoch 35/50  iter 50/743  loss=0.1062  lr=1.91e-05
[17:28:20 INFO] Epoch 35/50  iter 100/743  loss=0.1856  lr=1.90e-05
[17:28:42 INFO] Epoch 35/50  iter 150/743  loss=0.1325  lr=1.90e-05
[17:29:05 INFO] Epoch 35/50  iter 200/743  loss=0.2917  lr=1.89e-05
[17:29:29 INFO] Epoch 35/50  iter 250/743  loss=0.1531  lr=1.88e-05
[17:29:52 INFO] Epoch 35/50  iter 300/743  loss=0.1661  lr=1.87e-05
[17:30:15 INFO] Epoch 35/50  iter 350/743  loss=0.1763  lr=1.86e-05
[17:30:38 INFO] Epoch 35/50  iter 400/743  loss=0.3390  lr=1.86e-05
[17:31:03 INFO] Epoch 35/50  iter 450/743  loss=0.2293  lr=1.85e-05
[17:31:27 INFO] Epoch 35/50  iter 500/743  loss=0.2077  lr=1.84e-05
[17:31:50 INFO] Epoch 35/50  iter 550/743  loss=0.3166  lr=1.83e-05
[17:32:13 INFO] Epoch 35/50  iter 600/743  loss=0.2251  lr=1.82e-05
[17:32:37 INFO] Epoch 35/50  iter 650/743  loss=0.2665  lr=1.81e-05
[17:33:03 INFO] Epoch 35/50  iter 700/743  loss=0.2415  lr=1.81e-05
[17:33:22 INFO] Epoch 35 complete — avg_loss=0.2598  time=350s
[17:34:16 INFO]   val mIoU = 0.3432
[17:34:16 INFO]   ★ New best val mIoU: 0.3432
[17:34:44 INFO] Epoch 36/50  iter 50/743  loss=0.2572  lr=1.79e-05
[17:35:09 INFO] Epoch 36/50  iter 100/743  loss=0.0573  lr=1.78e-05
[17:35:31 INFO] Epoch 36/50  iter 150/743  loss=0.3555  lr=1.78e-05
[17:35:55 INFO] Epoch 36/50  iter 200/743  loss=0.0622  lr=1.77e-05
[17:36:18 INFO] Epoch 36/50  iter 250/743  loss=0.2366  lr=1.76e-05
[17:36:42 INFO] Epoch 36/50  iter 300/743  loss=0.4262  lr=1.75e-05
[17:37:04 INFO] Epoch 36/50  iter 350/743  loss=0.1447  lr=1.74e-05
[17:37:26 INFO] Epoch 36/50  iter 400/743  loss=0.1203  lr=1.74e-05
[17:37:49 INFO] Epoch 36/50  iter 450/743  loss=0.3710  lr=1.73e-05
[17:38:11 INFO] Epoch 36/50  iter 500/743  loss=0.1676  lr=1.72e-05
[17:38:34 INFO] Epoch 36/50  iter 550/743  loss=0.1725  lr=1.71e-05
[17:38:57 INFO] Epoch 36/50  iter 600/743  loss=0.3329  lr=1.70e-05
[17:39:20 INFO] Epoch 36/50  iter 650/743  loss=0.2549  lr=1.69e-05
[17:39:43 INFO] Epoch 36/50  iter 700/743  loss=0.2187  lr=1.69e-05
[17:40:03 INFO] Epoch 36 complete — avg_loss=0.2513  time=345s
[17:40:27 INFO] Epoch 37/50  iter 50/743  loss=0.4374  lr=1.67e-05
[17:40:49 INFO] Epoch 37/50  iter 100/743  loss=0.2841  lr=1.66e-05
[17:41:10 INFO] Epoch 37/50  iter 150/743  loss=0.4318  lr=1.66e-05
[17:41:34 INFO] Epoch 37/50  iter 200/743  loss=0.2263  lr=1.65e-05
[17:41:56 INFO] Epoch 37/50  iter 250/743  loss=0.1896  lr=1.64e-05
[17:42:20 INFO] Epoch 37/50  iter 300/743  loss=0.1806  lr=1.63e-05
[17:42:45 INFO] Epoch 37/50  iter 350/743  loss=0.3032  lr=1.62e-05
[17:43:10 INFO] Epoch 37/50  iter 400/743  loss=0.1326  lr=1.62e-05
[17:43:35 INFO] Epoch 37/50  iter 450/743  loss=0.2185  lr=1.61e-05
[17:43:57 INFO] Epoch 37/50  iter 500/743  loss=0.2981  lr=1.60e-05
[17:44:20 INFO] Epoch 37/50  iter 550/743  loss=0.2585  lr=1.59e-05
[17:44:42 INFO] Epoch 37/50  iter 600/743  loss=0.1024  lr=1.58e-05
[17:45:06 INFO] Epoch 37/50  iter 650/743  loss=1.1109  lr=1.57e-05
[17:45:29 INFO] Epoch 37/50  iter 700/743  loss=0.2823  lr=1.57e-05
[17:45:49 INFO] Epoch 37 complete — avg_loss=0.2519  time=346s
[17:46:16 INFO] Epoch 38/50  iter 50/743  loss=0.2921  lr=1.55e-05
[17:46:40 INFO] Epoch 38/50  iter 100/743  loss=0.2084  lr=1.54e-05
[17:47:04 INFO] Epoch 38/50  iter 150/743  loss=0.1207  lr=1.54e-05
[17:47:29 INFO] Epoch 38/50  iter 200/743  loss=0.1589  lr=1.53e-05
[17:47:54 INFO] Epoch 38/50  iter 250/743  loss=0.1873  lr=1.52e-05
[17:48:18 INFO] Epoch 38/50  iter 300/743  loss=0.2018  lr=1.51e-05
[17:48:43 INFO] Epoch 38/50  iter 350/743  loss=0.2529  lr=1.50e-05
[17:49:07 INFO] Epoch 38/50  iter 400/743  loss=0.2635  lr=1.50e-05
[17:49:30 INFO] Epoch 38/50  iter 450/743  loss=0.1729  lr=1.49e-05
[17:49:56 INFO] Epoch 38/50  iter 500/743  loss=0.0828  lr=1.48e-05
[17:50:20 INFO] Epoch 38/50  iter 550/743  loss=0.3080  lr=1.47e-05
[17:50:46 INFO] Epoch 38/50  iter 600/743  loss=0.2486  lr=1.46e-05
[17:51:09 INFO] Epoch 38/50  iter 650/743  loss=0.2429  lr=1.45e-05
[17:51:33 INFO] Epoch 38/50  iter 700/743  loss=0.2353  lr=1.45e-05
[17:51:53 INFO] Epoch 38 complete — avg_loss=0.2485  time=363s
[17:52:18 INFO] Epoch 39/50  iter 50/743  loss=0.1563  lr=1.43e-05
[17:52:42 INFO] Epoch 39/50  iter 100/743  loss=0.1717  lr=1.42e-05
[17:53:03 INFO] Epoch 39/50  iter 150/743  loss=0.0932  lr=1.42e-05
[17:53:26 INFO] Epoch 39/50  iter 200/743  loss=0.2062  lr=1.41e-05
[17:53:48 INFO] Epoch 39/50  iter 250/743  loss=0.4276  lr=1.40e-05
[17:54:12 INFO] Epoch 39/50  iter 300/743  loss=0.1931  lr=1.39e-05
[17:54:35 INFO] Epoch 39/50  iter 350/743  loss=0.1503  lr=1.38e-05
[17:54:58 INFO] Epoch 39/50  iter 400/743  loss=0.2716  lr=1.38e-05
[17:55:19 INFO] Epoch 39/50  iter 450/743  loss=0.1550  lr=1.37e-05
[17:55:42 INFO] Epoch 39/50  iter 500/743  loss=0.1229  lr=1.36e-05
[17:56:03 INFO] Epoch 39/50  iter 550/743  loss=0.1864  lr=1.35e-05
[17:56:26 INFO] Epoch 39/50  iter 600/743  loss=0.6069  lr=1.34e-05
[17:56:51 INFO] Epoch 39/50  iter 650/743  loss=0.1205  lr=1.33e-05
[17:57:14 INFO] Epoch 39/50  iter 700/743  loss=0.2825  lr=1.33e-05
[17:57:34 INFO] Epoch 39 complete — avg_loss=0.2492  time=339s
[17:58:02 INFO] Epoch 40/50  iter 50/743  loss=0.1234  lr=1.31e-05
[17:58:28 INFO] Epoch 40/50  iter 100/743  loss=0.0741  lr=1.30e-05
[17:58:52 INFO] Epoch 40/50  iter 150/743  loss=0.2256  lr=1.30e-05
[17:59:15 INFO] Epoch 40/50  iter 200/743  loss=0.1154  lr=1.29e-05
[17:59:39 INFO] Epoch 40/50  iter 250/743  loss=0.2194  lr=1.28e-05
[18:00:04 INFO] Epoch 40/50  iter 300/743  loss=0.1030  lr=1.27e-05
[18:00:28 INFO] Epoch 40/50  iter 350/743  loss=0.1925  lr=1.26e-05
[18:00:52 INFO] Epoch 40/50  iter 400/743  loss=0.1880  lr=1.26e-05
[18:01:14 INFO] Epoch 40/50  iter 450/743  loss=0.1532  lr=1.25e-05
[18:01:36 INFO] Epoch 40/50  iter 500/743  loss=0.1896  lr=1.24e-05
[18:01:58 INFO] Epoch 40/50  iter 550/743  loss=0.1248  lr=1.23e-05
[18:02:21 INFO] Epoch 40/50  iter 600/743  loss=0.1740  lr=1.22e-05
[18:02:44 INFO] Epoch 40/50  iter 650/743  loss=0.2046  lr=1.21e-05
[18:03:08 INFO] Epoch 40/50  iter 700/743  loss=0.2439  lr=1.21e-05
[18:03:29 INFO] Epoch 40 complete — avg_loss=0.2516  time=355s
[18:04:23 INFO]   val mIoU = 0.2983
[18:04:50 INFO] Epoch 41/50  iter 50/743  loss=0.1654  lr=1.19e-05
[18:05:12 INFO] Epoch 41/50  iter 100/743  loss=0.3486  lr=1.18e-05
[18:05:35 INFO] Epoch 41/50  iter 150/743  loss=0.2066  lr=1.18e-05
[18:05:58 INFO] Epoch 41/50  iter 200/743  loss=0.1587  lr=1.17e-05
[18:06:19 INFO] Epoch 41/50  iter 250/743  loss=0.2918  lr=1.16e-05
[18:06:45 INFO] Epoch 41/50  iter 300/743  loss=0.2261  lr=1.15e-05
[18:07:11 INFO] Epoch 41/50  iter 350/743  loss=0.1021  lr=1.14e-05
[18:07:38 INFO] Epoch 41/50  iter 400/743  loss=0.2649  lr=1.14e-05
[18:08:01 INFO] Epoch 41/50  iter 450/743  loss=0.1198  lr=1.13e-05
[18:08:23 INFO] Epoch 41/50  iter 500/743  loss=0.4146  lr=1.12e-05
[18:08:47 INFO] Epoch 41/50  iter 550/743  loss=0.2402  lr=1.11e-05
[18:09:10 INFO] Epoch 41/50  iter 600/743  loss=0.1714  lr=1.10e-05
[18:09:36 INFO] Epoch 41/50  iter 650/743  loss=0.2616  lr=1.09e-05
[18:10:01 INFO] Epoch 41/50  iter 700/743  loss=0.1881  lr=1.09e-05
[18:10:22 INFO] Epoch 41 complete — avg_loss=0.2405  time=359s
[18:10:49 INFO] Epoch 42/50  iter 50/743  loss=0.1169  lr=1.07e-05
[18:11:13 INFO] Epoch 42/50  iter 100/743  loss=0.3470  lr=1.06e-05
[18:11:37 INFO] Epoch 42/50  iter 150/743  loss=0.0726  lr=1.06e-05
[18:12:00 INFO] Epoch 42/50  iter 200/743  loss=0.1810  lr=1.05e-05
[18:12:23 INFO] Epoch 42/50  iter 250/743  loss=0.3104  lr=1.04e-05
[18:12:49 INFO] Epoch 42/50  iter 300/743  loss=0.0712  lr=1.03e-05
[18:13:14 INFO] Epoch 42/50  iter 350/743  loss=0.3579  lr=1.02e-05
[18:13:40 INFO] Epoch 42/50  iter 400/743  loss=0.3698  lr=1.02e-05
[18:14:06 INFO] Epoch 42/50  iter 450/743  loss=0.1666  lr=1.01e-05
[18:14:34 INFO] Epoch 42/50  iter 500/743  loss=0.1622  lr=9.99e-06
[18:15:00 INFO] Epoch 42/50  iter 550/743  loss=0.1946  lr=9.91e-06
[18:15:24 INFO] Epoch 42/50  iter 600/743  loss=0.0891  lr=9.83e-06
[18:15:46 INFO] Epoch 42/50  iter 650/743  loss=0.2627  lr=9.75e-06
[18:16:09 INFO] Epoch 42/50  iter 700/743  loss=0.3448  lr=9.67e-06
[18:16:28 INFO] Epoch 42 complete — avg_loss=0.2383  time=364s
[18:16:53 INFO] Epoch 43/50  iter 50/743  loss=0.3198  lr=9.52e-06
[18:17:17 INFO] Epoch 43/50  iter 100/743  loss=0.2388  lr=9.44e-06
[18:17:39 INFO] Epoch 43/50  iter 150/743  loss=0.3061  lr=9.36e-06
[18:18:03 INFO] Epoch 43/50  iter 200/743  loss=0.1358  lr=9.28e-06
[18:18:26 INFO] Epoch 43/50  iter 250/743  loss=0.2759  lr=9.19e-06
[18:18:49 INFO] Epoch 43/50  iter 300/743  loss=0.1445  lr=9.11e-06
[18:19:12 INFO] Epoch 43/50  iter 350/743  loss=0.1227  lr=9.03e-06
[18:19:36 INFO] Epoch 43/50  iter 400/743  loss=0.1563  lr=8.95e-06
[18:19:59 INFO] Epoch 43/50  iter 450/743  loss=0.5867  lr=8.87e-06
[18:20:22 INFO] Epoch 43/50  iter 500/743  loss=0.3876  lr=8.79e-06
[18:20:45 INFO] Epoch 43/50  iter 550/743  loss=0.2129  lr=8.71e-06
[18:21:07 INFO] Epoch 43/50  iter 600/743  loss=0.1766  lr=8.63e-06
[18:21:30 INFO] Epoch 43/50  iter 650/743  loss=0.1876  lr=8.55e-06
[18:21:52 INFO] Epoch 43/50  iter 700/743  loss=0.1548  lr=8.47e-06
[18:22:12 INFO] Epoch 43 complete — avg_loss=0.2399  time=343s
[18:22:36 INFO] Epoch 44/50  iter 50/743  loss=0.1661  lr=8.32e-06
[18:22:58 INFO] Epoch 44/50  iter 100/743  loss=0.1990  lr=8.24e-06
[18:23:21 INFO] Epoch 44/50  iter 150/743  loss=0.3110  lr=8.16e-06
[18:23:44 INFO] Epoch 44/50  iter 200/743  loss=0.0807  lr=8.08e-06
[18:24:09 INFO] Epoch 44/50  iter 250/743  loss=0.2989  lr=7.99e-06
[18:24:33 INFO] Epoch 44/50  iter 300/743  loss=0.1047  lr=7.91e-06
[18:24:58 INFO] Epoch 44/50  iter 350/743  loss=0.1182  lr=7.83e-06
[18:25:23 INFO] Epoch 44/50  iter 400/743  loss=0.8109  lr=7.75e-06
[18:25:49 INFO] Epoch 44/50  iter 450/743  loss=0.1655  lr=7.67e-06
[18:26:11 INFO] Epoch 44/50  iter 500/743  loss=0.2985  lr=7.59e-06
[18:26:34 INFO] Epoch 44/50  iter 550/743  loss=0.2462  lr=7.51e-06
[18:26:57 INFO] Epoch 44/50  iter 600/743  loss=0.1054  lr=7.43e-06
[18:27:23 INFO] Epoch 44/50  iter 650/743  loss=0.2520  lr=7.35e-06
[18:27:45 INFO] Epoch 44/50  iter 700/743  loss=0.2641  lr=7.27e-06
[18:28:05 INFO] Epoch 44 complete — avg_loss=0.2320  time=353s
[18:28:31 INFO] Epoch 45/50  iter 50/743  loss=0.2353  lr=7.12e-06
[18:28:55 INFO] Epoch 45/50  iter 100/743  loss=0.2194  lr=7.04e-06
[18:29:22 INFO] Epoch 45/50  iter 150/743  loss=0.1239  lr=6.96e-06
[18:29:48 INFO] Epoch 45/50  iter 200/743  loss=0.3377  lr=6.88e-06
[18:30:13 INFO] Epoch 45/50  iter 250/743  loss=0.2474  lr=6.79e-06
[18:30:39 INFO] Epoch 45/50  iter 300/743  loss=0.1332  lr=6.71e-06
[18:31:02 INFO] Epoch 45/50  iter 350/743  loss=0.1126  lr=6.63e-06
[18:31:26 INFO] Epoch 45/50  iter 400/743  loss=0.1499  lr=6.55e-06
[18:31:48 INFO] Epoch 45/50  iter 450/743  loss=0.2057  lr=6.47e-06
[18:32:10 INFO] Epoch 45/50  iter 500/743  loss=0.2181  lr=6.39e-06
[18:32:33 INFO] Epoch 45/50  iter 550/743  loss=0.2150  lr=6.31e-06
[18:32:58 INFO] Epoch 45/50  iter 600/743  loss=0.2331  lr=6.23e-06
[18:33:24 INFO] Epoch 45/50  iter 650/743  loss=0.2415  lr=6.15e-06
[18:33:50 INFO] Epoch 45/50  iter 700/743  loss=0.2123  lr=6.07e-06
[18:34:12 INFO] Epoch 45 complete — avg_loss=0.2351  time=366s
[18:35:06 INFO]   val mIoU = 0.2163
[18:35:32 INFO] Epoch 46/50  iter 50/743  loss=0.1547  lr=5.92e-06
[18:35:55 INFO] Epoch 46/50  iter 100/743  loss=0.2110  lr=5.84e-06
[18:36:19 INFO] Epoch 46/50  iter 150/743  loss=0.1166  lr=5.76e-06
[18:36:42 INFO] Epoch 46/50  iter 200/743  loss=0.1693  lr=5.68e-06
[18:37:08 INFO] Epoch 46/50  iter 250/743  loss=0.1741  lr=5.59e-06
[18:37:31 INFO] Epoch 46/50  iter 300/743  loss=0.1269  lr=5.51e-06
[18:37:53 INFO] Epoch 46/50  iter 350/743  loss=0.2541  lr=5.43e-06
[18:38:15 INFO] Epoch 46/50  iter 400/743  loss=0.2249  lr=5.35e-06
[18:38:39 INFO] Epoch 46/50  iter 450/743  loss=0.1351  lr=5.27e-06
[18:39:01 INFO] Epoch 46/50  iter 500/743  loss=0.2303  lr=5.19e-06
[18:39:23 INFO] Epoch 46/50  iter 550/743  loss=0.1496  lr=5.11e-06
[18:39:47 INFO] Epoch 46/50  iter 600/743  loss=0.2031  lr=5.03e-06
[18:40:08 INFO] Epoch 46/50  iter 650/743  loss=0.1573  lr=4.95e-06
[18:40:30 INFO] Epoch 46/50  iter 700/743  loss=0.2491  lr=4.87e-06
[18:40:49 INFO] Epoch 46 complete — avg_loss=0.2299  time=343s
[18:41:15 INFO] Epoch 47/50  iter 50/743  loss=0.2260  lr=4.72e-06
[18:41:38 INFO] Epoch 47/50  iter 100/743  loss=0.1973  lr=4.64e-06
[18:42:02 INFO] Epoch 47/50  iter 150/743  loss=0.1993  lr=4.56e-06
[18:42:24 INFO] Epoch 47/50  iter 200/743  loss=0.2582  lr=4.48e-06
[18:42:48 INFO] Epoch 47/50  iter 250/743  loss=0.1428  lr=4.39e-06
[18:43:11 INFO] Epoch 47/50  iter 300/743  loss=0.3705  lr=4.31e-06
[18:43:34 INFO] Epoch 47/50  iter 350/743  loss=0.1607  lr=4.23e-06
[18:43:56 INFO] Epoch 47/50  iter 400/743  loss=0.2145  lr=4.15e-06
[18:44:19 INFO] Epoch 47/50  iter 450/743  loss=0.8123  lr=4.07e-06
[18:44:42 INFO] Epoch 47/50  iter 500/743  loss=0.1950  lr=3.99e-06
[18:45:08 INFO] Epoch 47/50  iter 550/743  loss=0.1110  lr=3.91e-06
[18:45:31 INFO] Epoch 47/50  iter 600/743  loss=0.2770  lr=3.83e-06
[18:45:54 INFO] Epoch 47/50  iter 650/743  loss=0.2750  lr=3.75e-06
[18:46:18 INFO] Epoch 47/50  iter 700/743  loss=0.0784  lr=3.67e-06
[18:46:38 INFO] Epoch 47 complete — avg_loss=0.2276  time=348s
[18:47:03 INFO] Epoch 48/50  iter 50/743  loss=0.3389  lr=3.52e-06
[18:47:25 INFO] Epoch 48/50  iter 100/743  loss=0.1319  lr=3.44e-06
[18:47:47 INFO] Epoch 48/50  iter 150/743  loss=0.3343  lr=3.36e-06
[18:48:12 INFO] Epoch 48/50  iter 200/743  loss=0.2669  lr=3.28e-06
[18:48:34 INFO] Epoch 48/50  iter 250/743  loss=0.2453  lr=3.19e-06
[18:48:57 INFO] Epoch 48/50  iter 300/743  loss=0.2281  lr=3.11e-06
[18:49:19 INFO] Epoch 48/50  iter 350/743  loss=0.1557  lr=3.03e-06
[18:49:42 INFO] Epoch 48/50  iter 400/743  loss=0.3772  lr=2.95e-06
[18:50:05 INFO] Epoch 48/50  iter 450/743  loss=0.2501  lr=2.87e-06
[18:50:32 INFO] Epoch 48/50  iter 500/743  loss=0.2555  lr=2.79e-06
[18:50:55 INFO] Epoch 48/50  iter 550/743  loss=0.1156  lr=2.71e-06
[18:51:20 INFO] Epoch 48/50  iter 600/743  loss=0.0914  lr=2.63e-06
[18:51:42 INFO] Epoch 48/50  iter 650/743  loss=0.1487  lr=2.55e-06
[18:52:05 INFO] Epoch 48/50  iter 700/743  loss=0.0820  lr=2.47e-06
[18:52:27 INFO] Epoch 48 complete — avg_loss=0.2309  time=348s
[18:52:55 INFO] Epoch 49/50  iter 50/743  loss=0.2100  lr=2.32e-06
[18:53:21 INFO] Epoch 49/50  iter 100/743  loss=0.0849  lr=2.24e-06
[18:53:47 INFO] Epoch 49/50  iter 150/743  loss=0.1856  lr=2.16e-06
[18:54:10 INFO] Epoch 49/50  iter 200/743  loss=0.1795  lr=2.08e-06
[18:54:35 INFO] Epoch 49/50  iter 250/743  loss=0.1718  lr=1.99e-06
[18:54:59 INFO] Epoch 49/50  iter 300/743  loss=0.1240  lr=1.91e-06
[18:55:23 INFO] Epoch 49/50  iter 350/743  loss=0.2892  lr=1.83e-06
[18:55:47 INFO] Epoch 49/50  iter 400/743  loss=0.2092  lr=1.75e-06
[18:56:12 INFO] Epoch 49/50  iter 450/743  loss=0.1984  lr=1.67e-06
[18:56:36 INFO] Epoch 49/50  iter 500/743  loss=0.2676  lr=1.59e-06
[18:56:58 INFO] Epoch 49/50  iter 550/743  loss=0.1110  lr=1.51e-06
[18:57:22 INFO] Epoch 49/50  iter 600/743  loss=0.2263  lr=1.43e-06
[18:57:45 INFO] Epoch 49/50  iter 650/743  loss=0.1605  lr=1.35e-06
[18:58:08 INFO] Epoch 49/50  iter 700/743  loss=0.1972  lr=1.27e-06
[18:58:28 INFO] Epoch 49 complete — avg_loss=0.2215  time=360s
[18:58:56 INFO] Epoch 50/50  iter 50/743  loss=0.1620  lr=1.12e-06
[18:59:19 INFO] Epoch 50/50  iter 100/743  loss=0.3215  lr=1.04e-06
[18:59:44 INFO] Epoch 50/50  iter 150/743  loss=0.1702  lr=9.56e-07
[19:00:09 INFO] Epoch 50/50  iter 200/743  loss=0.2332  lr=8.75e-07
[19:00:34 INFO] Epoch 50/50  iter 250/743  loss=0.3128  lr=7.95e-07
[19:00:58 INFO] Epoch 50/50  iter 300/743  loss=0.2093  lr=7.14e-07
[19:01:23 INFO] Epoch 50/50  iter 350/743  loss=0.1602  lr=6.33e-07
[19:01:48 INFO] Epoch 50/50  iter 400/743  loss=0.3069  lr=5.52e-07
[19:02:11 INFO] Epoch 50/50  iter 450/743  loss=0.1892  lr=4.72e-07
[19:02:34 INFO] Epoch 50/50  iter 500/743  loss=0.2177  lr=3.91e-07
[19:02:57 INFO] Epoch 50/50  iter 550/743  loss=0.3239  lr=3.10e-07
[19:03:20 INFO] Epoch 50/50  iter 600/743  loss=0.2372  lr=2.29e-07
[19:03:44 INFO] Epoch 50/50  iter 650/743  loss=0.1881  lr=1.49e-07
[19:04:08 INFO] Epoch 50/50  iter 700/743  loss=0.1737  lr=6.78e-08
[19:04:28 INFO] Epoch 50 complete — avg_loss=0.2217  time=359s
[19:05:22 INFO]   val mIoU = 0.3255
[19:05:23 INFO] Training complete. Best val mIoU = 0.3432
>>> Done: configs/photometric_med.yaml

>>> Training: configs/photometric_high.yaml
[19:05:35 INFO] Device: cuda
/usr/lib64/python3.11/tarfile.py:2303: RuntimeWarning: The default behavior of tarfile extraction has been changed to disallow common exploits (including CVE-2007-4559). By default, absolute/parent paths are disallowed and some mode bits are cleared. See https://access.redhat.com/articles/7004769 for more details.
  warnings.warn(
Model backend: smp
[19:05:40 INFO] Train: 2975 samples  |  Val: 500 samples
[19:06:12 INFO] Epoch 1/50  iter 50/743  loss=1.8865  lr=5.99e-05
[19:06:47 INFO] Epoch 1/50  iter 100/743  loss=1.4623  lr=5.98e-05
[19:07:17 INFO] Epoch 1/50  iter 150/743  loss=0.9848  lr=5.98e-05
[19:07:47 INFO] Epoch 1/50  iter 200/743  loss=1.0219  lr=5.97e-05
[19:08:16 INFO] Epoch 1/50  iter 250/743  loss=1.1047  lr=5.96e-05
[19:08:49 INFO] Epoch 1/50  iter 300/743  loss=1.1485  lr=5.95e-05
[19:09:20 INFO] Epoch 1/50  iter 350/743  loss=1.2811  lr=5.94e-05
[19:09:53 INFO] Epoch 1/50  iter 400/743  loss=0.7807  lr=5.94e-05
[19:10:25 INFO] Epoch 1/50  iter 450/743  loss=0.7499  lr=5.93e-05
[19:10:59 INFO] Epoch 1/50  iter 500/743  loss=0.7660  lr=5.92e-05
[19:11:30 INFO] Epoch 1/50  iter 550/743  loss=0.6503  lr=5.91e-05
[19:12:03 INFO] Epoch 1/50  iter 600/743  loss=0.7020  lr=5.90e-05
[19:12:35 INFO] Epoch 1/50  iter 650/743  loss=1.1446  lr=5.89e-05
[19:13:07 INFO] Epoch 1/50  iter 700/743  loss=1.1945  lr=5.89e-05
[19:13:34 INFO] Epoch 1 complete — avg_loss=1.1260  time=474s
[19:14:05 INFO] Epoch 2/50  iter 50/743  loss=1.4061  lr=5.87e-05
[19:14:31 INFO] Epoch 2/50  iter 100/743  loss=1.2526  lr=5.86e-05
[19:14:59 INFO] Epoch 2/50  iter 150/743  loss=0.6293  lr=5.86e-05
[19:15:26 INFO] Epoch 2/50  iter 200/743  loss=0.4862  lr=5.85e-05
[19:15:53 INFO] Epoch 2/50  iter 250/743  loss=0.5466  lr=5.84e-05
[19:16:19 INFO] Epoch 2/50  iter 300/743  loss=0.6956  lr=5.83e-05
[19:16:46 INFO] Epoch 2/50  iter 350/743  loss=0.4490  lr=5.82e-05
[19:17:12 INFO] Epoch 2/50  iter 400/743  loss=0.4386  lr=5.82e-05
[19:17:39 INFO] Epoch 2/50  iter 450/743  loss=0.7350  lr=5.81e-05
[19:18:05 INFO] Epoch 2/50  iter 500/743  loss=0.7888  lr=5.80e-05
[19:18:32 INFO] Epoch 2/50  iter 550/743  loss=0.7894  lr=5.79e-05
[19:18:58 INFO] Epoch 2/50  iter 600/743  loss=0.8623  lr=5.78e-05
[19:19:25 INFO] Epoch 2/50  iter 650/743  loss=0.9061  lr=5.77e-05
[19:19:51 INFO] Epoch 2/50  iter 700/743  loss=0.5209  lr=5.77e-05
[19:20:14 INFO] Epoch 2 complete — avg_loss=0.7524  time=399s
[19:20:46 INFO] Epoch 3/50  iter 50/743  loss=0.7574  lr=5.75e-05
[19:21:16 INFO] Epoch 3/50  iter 100/743  loss=0.5667  lr=5.74e-05
[19:21:46 INFO] Epoch 3/50  iter 150/743  loss=0.5169  lr=5.74e-05
[19:22:15 INFO] Epoch 3/50  iter 200/743  loss=0.6881  lr=5.73e-05
[19:22:45 INFO] Epoch 3/50  iter 250/743  loss=0.5493  lr=5.72e-05
[19:23:14 INFO] Epoch 3/50  iter 300/743  loss=0.6054  lr=5.71e-05
[19:23:44 INFO] Epoch 3/50  iter 350/743  loss=0.6031  lr=5.70e-05
[19:24:13 INFO] Epoch 3/50  iter 400/743  loss=1.6400  lr=5.70e-05
[19:24:42 INFO] Epoch 3/50  iter 450/743  loss=0.7505  lr=5.69e-05
[19:25:09 INFO] Epoch 3/50  iter 500/743  loss=0.7512  lr=5.68e-05
[19:25:37 INFO] Epoch 3/50  iter 550/743  loss=0.5704  lr=5.67e-05
[19:26:03 INFO] Epoch 3/50  iter 600/743  loss=0.9706  lr=5.66e-05
[19:26:30 INFO] Epoch 3/50  iter 650/743  loss=0.7439  lr=5.65e-05
[19:26:59 INFO] Epoch 3/50  iter 700/743  loss=1.0797  lr=5.65e-05
[19:27:21 INFO] Epoch 3 complete — avg_loss=0.6717  time=426s
[19:27:51 INFO] Epoch 4/50  iter 50/743  loss=0.3502  lr=5.63e-05
[19:28:18 INFO] Epoch 4/50  iter 100/743  loss=0.4905  lr=5.62e-05
[19:28:46 INFO] Epoch 4/50  iter 150/743  loss=0.5763  lr=5.62e-05
[19:29:15 INFO] Epoch 4/50  iter 200/743  loss=0.7829  lr=5.61e-05
[19:29:48 INFO] Epoch 4/50  iter 250/743  loss=0.7641  lr=5.60e-05
[19:30:19 INFO] Epoch 4/50  iter 300/743  loss=0.4070  lr=5.59e-05
[19:30:51 INFO] Epoch 4/50  iter 350/743  loss=0.5010  lr=5.58e-05
[19:31:22 INFO] Epoch 4/50  iter 400/743  loss=0.3155  lr=5.58e-05
[19:31:55 INFO] Epoch 4/50  iter 450/743  loss=0.4653  lr=5.57e-05
[19:32:24 INFO] Epoch 4/50  iter 500/743  loss=0.3112  lr=5.56e-05
[19:32:52 INFO] Epoch 4/50  iter 550/743  loss=0.5688  lr=5.55e-05
[19:33:19 INFO] Epoch 4/50  iter 600/743  loss=0.5806  lr=5.54e-05
[19:33:50 INFO] Epoch 4/50  iter 650/743  loss=0.3692  lr=5.53e-05
[19:34:20 INFO] Epoch 4/50  iter 700/743  loss=0.4699  lr=5.53e-05
[19:34:44 INFO] Epoch 4 complete — avg_loss=0.6242  time=442s
[19:35:18 INFO] Epoch 5/50  iter 50/743  loss=0.4028  lr=5.51e-05
[19:35:49 INFO] Epoch 5/50  iter 100/743  loss=0.3319  lr=5.50e-05
[19:36:21 INFO] Epoch 5/50  iter 150/743  loss=0.5052  lr=5.50e-05
[19:36:50 INFO] Epoch 5/50  iter 200/743  loss=0.7943  lr=5.49e-05
[19:37:20 INFO] Epoch 5/50  iter 250/743  loss=0.3352  lr=5.48e-05
[19:37:49 INFO] Epoch 5/50  iter 300/743  loss=0.6497  lr=5.47e-05
[19:38:19 INFO] Epoch 5/50  iter 350/743  loss=0.4332  lr=5.46e-05
[19:38:46 INFO] Epoch 5/50  iter 400/743  loss=0.9741  lr=5.46e-05
[19:39:19 INFO] Epoch 5/50  iter 450/743  loss=1.2397  lr=5.45e-05
[19:39:48 INFO] Epoch 5/50  iter 500/743  loss=0.4410  lr=5.44e-05
[19:40:21 INFO] Epoch 5/50  iter 550/743  loss=1.0504  lr=5.43e-05
[19:40:52 INFO] Epoch 5/50  iter 600/743  loss=1.2708  lr=5.42e-05
[19:41:24 INFO] Epoch 5/50  iter 650/743  loss=0.6057  lr=5.41e-05
[19:41:53 INFO] Epoch 5/50  iter 700/743  loss=0.9155  lr=5.41e-05
[19:42:17 INFO] Epoch 5 complete — avg_loss=0.5867  time=453s
[19:43:10 INFO]   val mIoU = 0.1783
[19:43:11 INFO]   ★ New best val mIoU: 0.1783
[19:43:46 INFO] Epoch 6/50  iter 50/743  loss=0.5891  lr=5.39e-05
[19:44:17 INFO] Epoch 6/50  iter 100/743  loss=0.6913  lr=5.38e-05
[19:44:47 INFO] Epoch 6/50  iter 150/743  loss=0.5987  lr=5.38e-05
[19:45:16 INFO] Epoch 6/50  iter 200/743  loss=0.5694  lr=5.37e-05
[19:45:43 INFO] Epoch 6/50  iter 250/743  loss=0.4130  lr=5.36e-05
[19:46:13 INFO] Epoch 6/50  iter 300/743  loss=0.3037  lr=5.35e-05
[19:46:40 INFO] Epoch 6/50  iter 350/743  loss=0.4139  lr=5.34e-05
[19:47:09 INFO] Epoch 6/50  iter 400/743  loss=0.7318  lr=5.34e-05
[19:47:37 INFO] Epoch 6/50  iter 450/743  loss=0.8557  lr=5.33e-05
[19:48:06 INFO] Epoch 6/50  iter 500/743  loss=1.0157  lr=5.32e-05
[19:48:33 INFO] Epoch 6/50  iter 550/743  loss=0.8696  lr=5.31e-05
[19:49:04 INFO] Epoch 6/50  iter 600/743  loss=0.3822  lr=5.30e-05
[19:49:32 INFO] Epoch 6/50  iter 650/743  loss=0.6152  lr=5.29e-05
[19:49:59 INFO] Epoch 6/50  iter 700/743  loss=0.4022  lr=5.29e-05
[19:50:22 INFO] Epoch 6 complete — avg_loss=0.5718  time=430s
[19:50:55 INFO] Epoch 7/50  iter 50/743  loss=0.9370  lr=5.27e-05
[19:51:29 INFO] Epoch 7/50  iter 100/743  loss=0.4019  lr=5.26e-05
[19:52:00 INFO] Epoch 7/50  iter 150/743  loss=0.3550  lr=5.26e-05
[19:52:29 INFO] Epoch 7/50  iter 200/743  loss=0.3349  lr=5.25e-05
[19:52:55 INFO] Epoch 7/50  iter 250/743  loss=0.7061  lr=5.24e-05
[19:53:25 INFO] Epoch 7/50  iter 300/743  loss=0.4156  lr=5.23e-05
[19:53:53 INFO] Epoch 7/50  iter 350/743  loss=0.3264  lr=5.22e-05
[19:54:23 INFO] Epoch 7/50  iter 400/743  loss=0.5332  lr=5.22e-05
[19:54:50 INFO] Epoch 7/50  iter 450/743  loss=0.5310  lr=5.21e-05
[19:55:19 INFO] Epoch 7/50  iter 500/743  loss=0.6157  lr=5.20e-05
[19:55:47 INFO] Epoch 7/50  iter 550/743  loss=0.5881  lr=5.19e-05
[19:56:13 INFO] Epoch 7/50  iter 600/743  loss=0.3204  lr=5.18e-05
[19:56:43 INFO] Epoch 7/50  iter 650/743  loss=0.2345  lr=5.17e-05
[19:57:13 INFO] Epoch 7/50  iter 700/743  loss=0.5952  lr=5.17e-05
[19:57:39 INFO] Epoch 7 complete — avg_loss=0.5403  time=436s
[19:58:10 INFO] Epoch 8/50  iter 50/743  loss=0.4056  lr=5.15e-05
[19:58:39 INFO] Epoch 8/50  iter 100/743  loss=0.3842  lr=5.14e-05
[19:59:09 INFO] Epoch 8/50  iter 150/743  loss=0.6681  lr=5.14e-05
[19:59:41 INFO] Epoch 8/50  iter 200/743  loss=0.3047  lr=5.13e-05
[20:00:14 INFO] Epoch 8/50  iter 250/743  loss=0.3281  lr=5.12e-05
[20:00:46 INFO] Epoch 8/50  iter 300/743  loss=0.8157  lr=5.11e-05
[20:01:19 INFO] Epoch 8/50  iter 350/743  loss=0.4292  lr=5.10e-05
[20:01:51 INFO] Epoch 8/50  iter 400/743  loss=0.4154  lr=5.10e-05
[20:02:24 INFO] Epoch 8/50  iter 450/743  loss=0.6481  lr=5.09e-05
[20:02:55 INFO] Epoch 8/50  iter 500/743  loss=0.2242  lr=5.08e-05
[20:03:28 INFO] Epoch 8/50  iter 550/743  loss=0.2978  lr=5.07e-05
[20:04:00 INFO] Epoch 8/50  iter 600/743  loss=1.0922  lr=5.06e-05
[20:04:33 INFO] Epoch 8/50  iter 650/743  loss=0.5039  lr=5.05e-05
[20:05:03 INFO] Epoch 8/50  iter 700/743  loss=0.4170  lr=5.05e-05
[20:05:26 INFO] Epoch 8 complete — avg_loss=0.5156  time=467s
[20:06:00 INFO] Epoch 9/50  iter 50/743  loss=0.3365  lr=5.03e-05
[20:06:32 INFO] Epoch 9/50  iter 100/743  loss=0.5568  lr=5.02e-05
[20:07:02 INFO] Epoch 9/50  iter 150/743  loss=0.5576  lr=5.02e-05
[20:07:32 INFO] Epoch 9/50  iter 200/743  loss=0.2517  lr=5.01e-05
[20:08:03 INFO] Epoch 9/50  iter 250/743  loss=0.4466  lr=5.00e-05
[20:08:34 INFO] Epoch 9/50  iter 300/743  loss=0.2644  lr=4.99e-05
[20:09:05 INFO] Epoch 9/50  iter 350/743  loss=0.6730  lr=4.98e-05
[20:09:36 INFO] Epoch 9/50  iter 400/743  loss=0.6236  lr=4.98e-05
[20:10:06 INFO] Epoch 9/50  iter 450/743  loss=0.4742  lr=4.97e-05
[20:10:36 INFO] Epoch 9/50  iter 500/743  loss=0.4800  lr=4.96e-05
[20:11:04 INFO] Epoch 9/50  iter 550/743  loss=0.6676  lr=4.95e-05
[20:11:32 INFO] Epoch 9/50  iter 600/743  loss=0.7384  lr=4.94e-05
[20:12:00 INFO] Epoch 9/50  iter 650/743  loss=0.4279  lr=4.93e-05
[20:12:28 INFO] Epoch 9/50  iter 700/743  loss=0.7043  lr=4.93e-05
[20:12:52 INFO] Epoch 9 complete — avg_loss=0.4965  time=445s
[20:13:25 INFO] Epoch 10/50  iter 50/743  loss=0.7302  lr=4.91e-05
[20:13:54 INFO] Epoch 10/50  iter 100/743  loss=0.4238  lr=4.90e-05
[20:14:24 INFO] Epoch 10/50  iter 150/743  loss=0.3577  lr=4.90e-05
[20:14:58 INFO] Epoch 10/50  iter 200/743  loss=0.2553  lr=4.89e-05
[20:15:25 INFO] Epoch 10/50  iter 250/743  loss=0.3180  lr=4.88e-05
[20:15:55 INFO] Epoch 10/50  iter 300/743  loss=0.2449  lr=4.87e-05
[20:16:25 INFO] Epoch 10/50  iter 350/743  loss=0.8060  lr=4.86e-05
[20:16:54 INFO] Epoch 10/50  iter 400/743  loss=0.9599  lr=4.86e-05
[20:17:25 INFO] Epoch 10/50  iter 450/743  loss=0.3186  lr=4.85e-05
[20:17:53 INFO] Epoch 10/50  iter 500/743  loss=0.4060  lr=4.84e-05
[20:18:23 INFO] Epoch 10/50  iter 550/743  loss=0.6214  lr=4.83e-05
[20:18:52 INFO] Epoch 10/50  iter 600/743  loss=0.5819  lr=4.82e-05
[20:19:19 INFO] Epoch 10/50  iter 650/743  loss=0.6306  lr=4.81e-05
[20:19:48 INFO] Epoch 10/50  iter 700/743  loss=0.1436  lr=4.81e-05
[20:20:13 INFO] Epoch 10 complete — avg_loss=0.4966  time=439s
[20:21:06 INFO]   val mIoU = 0.2854
[20:21:07 INFO]   ★ New best val mIoU: 0.2854
[20:21:37 INFO] Epoch 11/50  iter 50/743  loss=0.7725  lr=4.79e-05
[20:22:10 INFO] Epoch 11/50  iter 100/743  loss=0.5039  lr=4.78e-05
[20:22:39 INFO] Epoch 11/50  iter 150/743  loss=0.3996  lr=4.78e-05
[20:23:06 INFO] Epoch 11/50  iter 200/743  loss=0.8808  lr=4.77e-05
[20:23:35 INFO] Epoch 11/50  iter 250/743  loss=0.3297  lr=4.76e-05
[20:24:08 INFO] Epoch 11/50  iter 300/743  loss=0.6340  lr=4.75e-05
[20:24:42 INFO] Epoch 11/50  iter 350/743  loss=0.2344  lr=4.74e-05
[20:25:14 INFO] Epoch 11/50  iter 400/743  loss=0.5808  lr=4.74e-05
[20:25:48 INFO] Epoch 11/50  iter 450/743  loss=0.4280  lr=4.73e-05
[20:26:21 INFO] Epoch 11/50  iter 500/743  loss=0.2579  lr=4.72e-05
[20:26:55 INFO] Epoch 11/50  iter 550/743  loss=0.6320  lr=4.71e-05
[20:27:27 INFO] Epoch 11/50  iter 600/743  loss=0.5199  lr=4.70e-05
[20:28:01 INFO] Epoch 11/50  iter 650/743  loss=0.6385  lr=4.69e-05
[20:28:33 INFO] Epoch 11/50  iter 700/743  loss=0.4881  lr=4.69e-05
[20:29:01 INFO] Epoch 11 complete — avg_loss=0.4843  time=473s
[20:29:31 INFO] Epoch 12/50  iter 50/743  loss=0.4775  lr=4.67e-05
[20:30:00 INFO] Epoch 12/50  iter 100/743  loss=0.2536  lr=4.66e-05
[20:30:29 INFO] Epoch 12/50  iter 150/743  loss=0.2988  lr=4.66e-05
[20:30:59 INFO] Epoch 12/50  iter 200/743  loss=0.6495  lr=4.65e-05
[20:31:26 INFO] Epoch 12/50  iter 250/743  loss=0.3663  lr=4.64e-05
[20:31:55 INFO] Epoch 12/50  iter 300/743  loss=0.7469  lr=4.63e-05
[20:32:22 INFO] Epoch 12/50  iter 350/743  loss=0.3414  lr=4.62e-05
[20:32:52 INFO] Epoch 12/50  iter 400/743  loss=0.5283  lr=4.62e-05
[20:33:20 INFO] Epoch 12/50  iter 450/743  loss=0.5056  lr=4.61e-05
[20:33:51 INFO] Epoch 12/50  iter 500/743  loss=0.8610  lr=4.60e-05
[20:34:22 INFO] Epoch 12/50  iter 550/743  loss=0.2805  lr=4.59e-05
[20:34:55 INFO] Epoch 12/50  iter 600/743  loss=0.5251  lr=4.58e-05
[20:35:24 INFO] Epoch 12/50  iter 650/743  loss=0.3655  lr=4.57e-05
[20:35:53 INFO] Epoch 12/50  iter 700/743  loss=0.4868  lr=4.57e-05
[20:36:18 INFO] Epoch 12 complete — avg_loss=0.4810  time=436s
[20:36:52 INFO] Epoch 13/50  iter 50/743  loss=0.4592  lr=4.55e-05
[20:37:22 INFO] Epoch 13/50  iter 100/743  loss=0.3236  lr=4.54e-05
[20:37:53 INFO] Epoch 13/50  iter 150/743  loss=0.4006  lr=4.54e-05
[20:38:24 INFO] Epoch 13/50  iter 200/743  loss=0.3394  lr=4.53e-05
[20:38:53 INFO] Epoch 13/50  iter 250/743  loss=0.4245  lr=4.52e-05
[20:39:23 INFO] Epoch 13/50  iter 300/743  loss=0.3903  lr=4.51e-05
[20:39:51 INFO] Epoch 13/50  iter 350/743  loss=0.1751  lr=4.50e-05
[20:40:19 INFO] Epoch 13/50  iter 400/743  loss=0.7521  lr=4.50e-05
[20:40:46 INFO] Epoch 13/50  iter 450/743  loss=0.5710  lr=4.49e-05
[20:41:16 INFO] Epoch 13/50  iter 500/743  loss=0.4289  lr=4.48e-05
[20:41:46 INFO] Epoch 13/50  iter 550/743  loss=0.7553  lr=4.47e-05
[20:42:19 INFO] Epoch 13/50  iter 600/743  loss=0.4631  lr=4.46e-05
[20:42:50 INFO] Epoch 13/50  iter 650/743  loss=0.6028  lr=4.45e-05
[20:43:21 INFO] Epoch 13/50  iter 700/743  loss=0.5442  lr=4.45e-05
[20:43:46 INFO] Epoch 13 complete — avg_loss=0.4640  time=448s
[20:44:18 INFO] Epoch 14/50  iter 50/743  loss=0.3676  lr=4.43e-05
[20:44:47 INFO] Epoch 14/50  iter 100/743  loss=0.3494  lr=4.42e-05
[20:45:16 INFO] Epoch 14/50  iter 150/743  loss=0.3251  lr=4.42e-05
[20:45:43 INFO] Epoch 14/50  iter 200/743  loss=0.4796  lr=4.41e-05
[20:46:11 INFO] Epoch 14/50  iter 250/743  loss=0.5387  lr=4.40e-05
[20:46:40 INFO] Epoch 14/50  iter 300/743  loss=0.4125  lr=4.39e-05
[20:47:07 INFO] Epoch 14/50  iter 350/743  loss=0.5697  lr=4.38e-05
[20:47:35 INFO] Epoch 14/50  iter 400/743  loss=0.3270  lr=4.38e-05
[20:48:03 INFO] Epoch 14/50  iter 450/743  loss=0.5194  lr=4.37e-05
[20:48:31 INFO] Epoch 14/50  iter 500/743  loss=0.2813  lr=4.36e-05
=== Fog Augmentation Experiment Sweep ===
Timestamp: Mon Jun 22 00:07:32 CEST 2026
Configs: 11
(idempotent: already-complete experiments are skipped, partial ones resume from latest.pth)

>>> Skipping (already complete): configs/baseline.yaml

>>> Skipping (already complete): configs/photometric_low.yaml

>>> Skipping (already complete): configs/photometric_med.yaml

>>> Resuming: configs/photometric_high.yaml (from results/photometric_high/latest.pth)
[00:07:44 INFO] Device: cuda
/usr/lib64/python3.11/tarfile.py:2303: RuntimeWarning: The default behavior of tarfile extraction has been changed to disallow common exploits (including CVE-2007-4559). By default, absolute/parent paths are disallowed and some mode bits are cleared. See https://access.redhat.com/articles/7004769 for more details.
  warnings.warn(
Model backend: smp
[00:07:51 INFO] Train: 2975 samples  |  Val: 500 samples
/home/taah3149/Documents/Group_Studies/fog-augmentation/src/train.py:280: FutureWarning: You are using `torch.load` with `weights_only=False` (the current default value), which uses the default pickle module implicitly. It is possible to construct malicious pickle data which will execute arbitrary code during unpickling (See https://github.com/pytorch/pytorch/blob/main/SECURITY.md#untrusted-models for more details). In a future release, the default value for `weights_only` will be flipped to `True`. This limits the functions that could be executed during unpickling. Arbitrary objects will no longer be allowed to be loaded via this mode unless they are explicitly allowlisted by the user via `torch.serialization.add_safe_globals`. We recommend you start setting `weights_only=True` for any use case where you don't have full control of the loaded file. Please open an issue on GitHub for any issues related to this experimental feature.
  ckpt = torch.load(cfg["training"]["resume"], map_location=device)
[00:07:52 INFO] Resumed from epoch 13  best_mIoU=0.2854
[00:08:25 INFO] Epoch 14/50  iter 50/743  loss=0.3427  lr=4.43e-05
[00:08:57 INFO] Epoch 14/50  iter 100/743  loss=0.6901  lr=4.42e-05
[00:09:29 INFO] Epoch 14/50  iter 150/743  loss=0.4472  lr=4.42e-05
[00:09:56 INFO] Epoch 14/50  iter 200/743  loss=0.3730  lr=4.41e-05
[00:10:23 INFO] Epoch 14/50  iter 250/743  loss=0.5047  lr=4.40e-05
[00:10:51 INFO] Epoch 14/50  iter 300/743  loss=0.5012  lr=4.39e-05
[00:11:19 INFO] Epoch 14/50  iter 350/743  loss=0.8502  lr=4.38e-05
[00:11:46 INFO] Epoch 14/50  iter 400/743  loss=0.3978  lr=4.38e-05
[00:12:14 INFO] Epoch 14/50  iter 450/743  loss=0.3555  lr=4.37e-05
[00:12:42 INFO] Epoch 14/50  iter 500/743  loss=0.3449  lr=4.36e-05
[00:13:09 INFO] Epoch 14/50  iter 550/743  loss=0.2371  lr=4.35e-05
[00:13:37 INFO] Epoch 14/50  iter 600/743  loss=0.3109  lr=4.34e-05
[00:14:05 INFO] Epoch 14/50  iter 650/743  loss=0.3770  lr=4.33e-05
[00:14:33 INFO] Epoch 14/50  iter 700/743  loss=0.5430  lr=4.33e-05
[00:14:57 INFO] Epoch 14 complete — avg_loss=0.4324  time=425s
[00:15:29 INFO] Epoch 15/50  iter 50/743  loss=0.5474  lr=4.31e-05
[00:16:00 INFO] Epoch 15/50  iter 100/743  loss=0.8382  lr=4.30e-05
[00:16:29 INFO] Epoch 15/50  iter 150/743  loss=0.3266  lr=4.30e-05
[00:16:59 INFO] Epoch 15/50  iter 200/743  loss=0.2897  lr=4.29e-05
[00:17:29 INFO] Epoch 15/50  iter 250/743  loss=0.3188  lr=4.28e-05
[00:17:59 INFO] Epoch 15/50  iter 300/743  loss=0.3690  lr=4.27e-05
[00:18:28 INFO] Epoch 15/50  iter 350/743  loss=0.1709  lr=4.26e-05
[00:18:59 INFO] Epoch 15/50  iter 400/743  loss=0.1837  lr=4.26e-05
[00:19:28 INFO] Epoch 15/50  iter 450/743  loss=0.5101  lr=4.25e-05
[00:19:58 INFO] Epoch 15/50  iter 500/743  loss=0.5071  lr=4.24e-05
[00:20:28 INFO] Epoch 15/50  iter 550/743  loss=0.4412  lr=4.23e-05
[00:20:59 INFO] Epoch 15/50  iter 600/743  loss=0.3941  lr=4.22e-05
[00:21:29 INFO] Epoch 15/50  iter 650/743  loss=0.5140  lr=4.21e-05
[00:21:59 INFO] Epoch 15/50  iter 700/743  loss=0.3067  lr=4.21e-05
[00:22:23 INFO] Epoch 15 complete — avg_loss=0.4305  time=446s
[00:23:16 INFO]   val mIoU = 0.2266
[00:23:49 INFO] Epoch 16/50  iter 50/743  loss=0.3153  lr=4.19e-05
[00:24:21 INFO] Epoch 16/50  iter 100/743  loss=0.3383  lr=4.18e-05
[00:24:52 INFO] Epoch 16/50  iter 150/743  loss=0.3396  lr=4.18e-05
[00:25:20 INFO] Epoch 16/50  iter 200/743  loss=0.6073  lr=4.17e-05
[00:25:50 INFO] Epoch 16/50  iter 250/743  loss=0.3946  lr=4.16e-05
[00:26:19 INFO] Epoch 16/50  iter 300/743  loss=0.2753  lr=4.15e-05
[00:26:48 INFO] Epoch 16/50  iter 350/743  loss=0.5366  lr=4.14e-05
[00:27:16 INFO] Epoch 16/50  iter 400/743  loss=0.3584  lr=4.14e-05
[00:27:46 INFO] Epoch 16/50  iter 450/743  loss=0.3084  lr=4.13e-05
[00:28:14 INFO] Epoch 16/50  iter 500/743  loss=0.6528  lr=4.12e-05
[00:28:45 INFO] Epoch 16/50  iter 550/743  loss=0.3972  lr=4.11e-05
[00:29:14 INFO] Epoch 16/50  iter 600/743  loss=0.7212  lr=4.10e-05
[00:29:43 INFO] Epoch 16/50  iter 650/743  loss=0.4254  lr=4.09e-05
[00:30:12 INFO] Epoch 16/50  iter 700/743  loss=0.4484  lr=4.09e-05
[00:30:37 INFO] Epoch 16 complete — avg_loss=0.4375  time=439s
[00:31:07 INFO] Epoch 17/50  iter 50/743  loss=0.4667  lr=4.07e-05
[00:31:34 INFO] Epoch 17/50  iter 100/743  loss=0.4170  lr=4.06e-05
[00:32:02 INFO] Epoch 17/50  iter 150/743  loss=0.2660  lr=4.06e-05
[00:32:30 INFO] Epoch 17/50  iter 200/743  loss=0.3560  lr=4.05e-05
[00:32:59 INFO] Epoch 17/50  iter 250/743  loss=0.3325  lr=4.04e-05
[00:33:26 INFO] Epoch 17/50  iter 300/743  loss=0.2452  lr=4.03e-05
[00:33:54 INFO] Epoch 17/50  iter 350/743  loss=0.4759  lr=4.02e-05
[00:34:21 INFO] Epoch 17/50  iter 400/743  loss=0.3519  lr=4.02e-05
[00:34:49 INFO] Epoch 17/50  iter 450/743  loss=0.9852  lr=4.01e-05
[00:35:16 INFO] Epoch 17/50  iter 500/743  loss=0.3377  lr=4.00e-05
[00:35:45 INFO] Epoch 17/50  iter 550/743  loss=0.9134  lr=3.99e-05
[00:36:11 INFO] Epoch 17/50  iter 600/743  loss=0.3221  lr=3.98e-05
[00:36:39 INFO] Epoch 17/50  iter 650/743  loss=0.3211  lr=3.97e-05
[00:37:06 INFO] Epoch 17/50  iter 700/743  loss=0.3914  lr=3.97e-05
[00:37:29 INFO] Epoch 17 complete — avg_loss=0.4210  time=412s
[00:38:00 INFO] Epoch 18/50  iter 50/743  loss=0.3545  lr=3.95e-05
[00:38:26 INFO] Epoch 18/50  iter 100/743  loss=0.4164  lr=3.94e-05
[00:38:55 INFO] Epoch 18/50  iter 150/743  loss=0.4081  lr=3.94e-05
[00:39:21 INFO] Epoch 18/50  iter 200/743  loss=0.4233  lr=3.93e-05
[00:39:49 INFO] Epoch 18/50  iter 250/743  loss=0.3566  lr=3.92e-05
[00:40:16 INFO] Epoch 18/50  iter 300/743  loss=0.2656  lr=3.91e-05
[00:40:45 INFO] Epoch 18/50  iter 350/743  loss=0.2710  lr=3.90e-05
[00:41:12 INFO] Epoch 18/50  iter 400/743  loss=0.3079  lr=3.90e-05
[00:41:39 INFO] Epoch 18/50  iter 450/743  loss=0.4009  lr=3.89e-05
[00:42:07 INFO] Epoch 18/50  iter 500/743  loss=0.5629  lr=3.88e-05
[00:42:35 INFO] Epoch 18/50  iter 550/743  loss=0.5802  lr=3.87e-05
[00:43:02 INFO] Epoch 18/50  iter 600/743  loss=0.2390  lr=3.86e-05
[00:43:30 INFO] Epoch 18/50  iter 650/743  loss=0.6650  lr=3.85e-05
[00:43:57 INFO] Epoch 18/50  iter 700/743  loss=0.4137  lr=3.85e-05
[00:44:21 INFO] Epoch 18 complete — avg_loss=0.4317  time=412s
[00:44:56 INFO] Epoch 19/50  iter 50/743  loss=0.3510  lr=3.83e-05
[00:45:27 INFO] Epoch 19/50  iter 100/743  loss=0.4055  lr=3.82e-05
[00:46:00 INFO] Epoch 19/50  iter 150/743  loss=0.4577  lr=3.82e-05
[00:46:33 INFO] Epoch 19/50  iter 200/743  loss=0.4689  lr=3.81e-05
[00:47:03 INFO] Epoch 19/50  iter 250/743  loss=0.2782  lr=3.80e-05
[00:47:34 INFO] Epoch 19/50  iter 300/743  loss=0.1983  lr=3.79e-05
[00:48:03 INFO] Epoch 19/50  iter 350/743  loss=0.3317  lr=3.78e-05
[00:48:34 INFO] Epoch 19/50  iter 400/743  loss=0.5715  lr=3.78e-05
[00:49:04 INFO] Epoch 19/50  iter 450/743  loss=0.4734  lr=3.77e-05
[00:49:35 INFO] Epoch 19/50  iter 500/743  loss=0.6196  lr=3.76e-05
[00:50:04 INFO] Epoch 19/50  iter 550/743  loss=0.2289  lr=3.75e-05
[00:50:34 INFO] Epoch 19/50  iter 600/743  loss=0.3106  lr=3.74e-05
[00:51:04 INFO] Epoch 19/50  iter 650/743  loss=0.4807  lr=3.73e-05
[00:51:35 INFO] Epoch 19/50  iter 700/743  loss=0.2615  lr=3.73e-05
[00:52:00 INFO] Epoch 19 complete — avg_loss=0.3995  time=458s
[00:52:30 INFO] Epoch 20/50  iter 50/743  loss=0.6127  lr=3.71e-05
[00:53:00 INFO] Epoch 20/50  iter 100/743  loss=0.3155  lr=3.70e-05
[00:53:27 INFO] Epoch 20/50  iter 150/743  loss=0.2331  lr=3.70e-05
[00:53:56 INFO] Epoch 20/50  iter 200/743  loss=0.2814  lr=3.69e-05
[00:54:22 INFO] Epoch 20/50  iter 250/743  loss=0.4940  lr=3.68e-05
[00:54:51 INFO] Epoch 20/50  iter 300/743  loss=0.3031  lr=3.67e-05
[00:55:18 INFO] Epoch 20/50  iter 350/743  loss=0.2385  lr=3.66e-05
[00:55:47 INFO] Epoch 20/50  iter 400/743  loss=0.3470  lr=3.66e-05
[00:56:14 INFO] Epoch 20/50  iter 450/743  loss=0.3807  lr=3.65e-05
[00:56:43 INFO] Epoch 20/50  iter 500/743  loss=0.4742  lr=3.64e-05
[00:57:12 INFO] Epoch 20/50  iter 550/743  loss=0.5153  lr=3.63e-05
[00:57:44 INFO] Epoch 20/50  iter 600/743  loss=0.2236  lr=3.62e-05
[00:58:14 INFO] Epoch 20/50  iter 650/743  loss=0.1480  lr=3.61e-05
[00:58:45 INFO] Epoch 20/50  iter 700/743  loss=0.3458  lr=3.61e-05
[00:59:07 INFO] Epoch 20 complete — avg_loss=0.3867  time=426s
[01:00:07 INFO]   val mIoU = 0.0961
[01:00:40 INFO] Epoch 21/50  iter 50/743  loss=0.6552  lr=3.59e-05
[01:01:11 INFO] Epoch 21/50  iter 100/743  loss=0.5541  lr=3.58e-05
[01:01:45 INFO] Epoch 21/50  iter 150/743  loss=0.4660  lr=3.58e-05
[01:02:17 INFO] Epoch 21/50  iter 200/743  loss=0.1890  lr=3.57e-05
[01:02:50 INFO] Epoch 21/50  iter 250/743  loss=0.3169  lr=3.56e-05
[01:03:21 INFO] Epoch 21/50  iter 300/743  loss=0.8131  lr=3.55e-05
[01:03:53 INFO] Epoch 21/50  iter 350/743  loss=0.2117  lr=3.54e-05
[01:04:21 INFO] Epoch 21/50  iter 400/743  loss=1.2154  lr=3.54e-05
[01:04:51 INFO] Epoch 21/50  iter 450/743  loss=0.6073  lr=3.53e-05
[01:05:21 INFO] Epoch 21/50  iter 500/743  loss=0.2454  lr=3.52e-05
[01:05:51 INFO] Epoch 21/50  iter 550/743  loss=0.3457  lr=3.51e-05
[01:06:21 INFO] Epoch 21/50  iter 600/743  loss=0.6715  lr=3.50e-05
[01:06:50 INFO] Epoch 21/50  iter 650/743  loss=0.5409  lr=3.49e-05
[01:07:21 INFO] Epoch 21/50  iter 700/743  loss=0.1959  lr=3.49e-05
[01:07:45 INFO] Epoch 21 complete — avg_loss=0.4044  time=457s
[01:08:20 INFO] Epoch 22/50  iter 50/743  loss=0.3794  lr=3.47e-05
[01:08:50 INFO] Epoch 22/50  iter 100/743  loss=0.2853  lr=3.46e-05
[01:09:21 INFO] Epoch 22/50  iter 150/743  loss=0.1894  lr=3.46e-05
[01:09:50 INFO] Epoch 22/50  iter 200/743  loss=0.3117  lr=3.45e-05
[01:10:20 INFO] Epoch 22/50  iter 250/743  loss=0.2174  lr=3.44e-05
[01:10:50 INFO] Epoch 22/50  iter 300/743  loss=0.2781  lr=3.43e-05
[01:11:20 INFO] Epoch 22/50  iter 350/743  loss=0.5037  lr=3.42e-05
[01:11:50 INFO] Epoch 22/50  iter 400/743  loss=0.3146  lr=3.42e-05
[01:12:20 INFO] Epoch 22/50  iter 450/743  loss=0.4550  lr=3.41e-05
[01:12:49 INFO] Epoch 22/50  iter 500/743  loss=0.3029  lr=3.40e-05
[01:13:19 INFO] Epoch 22/50  iter 550/743  loss=0.3475  lr=3.39e-05
[01:13:49 INFO] Epoch 22/50  iter 600/743  loss=0.3182  lr=3.38e-05
[01:14:18 INFO] Epoch 22/50  iter 650/743  loss=0.4618  lr=3.37e-05
[01:14:47 INFO] Epoch 22/50  iter 700/743  loss=0.3986  lr=3.37e-05
[01:15:13 INFO] Epoch 22 complete — avg_loss=0.4015  time=447s
[01:15:48 INFO] Epoch 23/50  iter 50/743  loss=0.4756  lr=3.35e-05
[01:16:22 INFO] Epoch 23/50  iter 100/743  loss=0.4597  lr=3.34e-05
[01:16:55 INFO] Epoch 23/50  iter 150/743  loss=0.6321  lr=3.34e-05
[01:17:25 INFO] Epoch 23/50  iter 200/743  loss=0.3331  lr=3.33e-05
[01:17:57 INFO] Epoch 23/50  iter 250/743  loss=0.8069  lr=3.32e-05
[01:18:31 INFO] Epoch 23/50  iter 300/743  loss=0.2750  lr=3.31e-05
[01:19:02 INFO] Epoch 23/50  iter 350/743  loss=0.2986  lr=3.30e-05
[01:19:37 INFO] Epoch 23/50  iter 400/743  loss=0.3955  lr=3.30e-05
[01:20:10 INFO] Epoch 23/50  iter 450/743  loss=0.2299  lr=3.29e-05
[01:20:43 INFO] Epoch 23/50  iter 500/743  loss=0.2191  lr=3.28e-05
[01:21:15 INFO] Epoch 23/50  iter 550/743  loss=0.2588  lr=3.27e-05
[01:21:49 INFO] Epoch 23/50  iter 600/743  loss=0.2301  lr=3.26e-05
[01:22:22 INFO] Epoch 23/50  iter 650/743  loss=0.3310  lr=3.25e-05
[01:22:57 INFO] Epoch 23/50  iter 700/743  loss=0.2843  lr=3.25e-05
[01:23:24 INFO] Epoch 23 complete — avg_loss=0.3965  time=491s
[01:23:59 INFO] Epoch 24/50  iter 50/743  loss=0.4783  lr=3.23e-05
[01:24:31 INFO] Epoch 24/50  iter 100/743  loss=0.3619  lr=3.22e-05
[01:25:00 INFO] Epoch 24/50  iter 150/743  loss=0.3252  lr=3.22e-05
[01:25:30 INFO] Epoch 24/50  iter 200/743  loss=0.7353  lr=3.21e-05
[01:25:59 INFO] Epoch 24/50  iter 250/743  loss=0.2728  lr=3.20e-05
[01:26:29 INFO] Epoch 24/50  iter 300/743  loss=0.5244  lr=3.19e-05
[01:26:58 INFO] Epoch 24/50  iter 350/743  loss=0.1717  lr=3.18e-05
[01:27:28 INFO] Epoch 24/50  iter 400/743  loss=0.4687  lr=3.18e-05
[01:27:57 INFO] Epoch 24/50  iter 450/743  loss=0.3140  lr=3.17e-05
[01:28:27 INFO] Epoch 24/50  iter 500/743  loss=0.2152  lr=3.16e-05
[01:28:56 INFO] Epoch 24/50  iter 550/743  loss=0.5191  lr=3.15e-05
[01:29:25 INFO] Epoch 24/50  iter 600/743  loss=0.3953  lr=3.14e-05
[01:29:52 INFO] Epoch 24/50  iter 650/743  loss=0.4385  lr=3.13e-05
[01:30:21 INFO] Epoch 24/50  iter 700/743  loss=0.3647  lr=3.13e-05
[01:30:47 INFO] Epoch 24 complete — avg_loss=0.3615  time=441s
[01:31:17 INFO] Epoch 25/50  iter 50/743  loss=0.4466  lr=3.11e-05
[01:31:44 INFO] Epoch 25/50  iter 100/743  loss=0.1855  lr=3.10e-05
[01:32:12 INFO] Epoch 25/50  iter 150/743  loss=0.2369  lr=3.10e-05
[01:32:39 INFO] Epoch 25/50  iter 200/743  loss=0.4320  lr=3.09e-05
[01:33:07 INFO] Epoch 25/50  iter 250/743  loss=0.2692  lr=3.08e-05
[01:33:34 INFO] Epoch 25/50  iter 300/743  loss=0.6239  lr=3.07e-05
[01:34:02 INFO] Epoch 25/50  iter 350/743  loss=0.2505  lr=3.06e-05
[01:34:31 INFO] Epoch 25/50  iter 400/743  loss=0.5878  lr=3.06e-05
[01:34:58 INFO] Epoch 25/50  iter 450/743  loss=0.3787  lr=3.05e-05
[01:35:25 INFO] Epoch 25/50  iter 500/743  loss=0.7010  lr=3.04e-05
[01:35:53 INFO] Epoch 25/50  iter 550/743  loss=0.1826  lr=3.03e-05
[01:36:20 INFO] Epoch 25/50  iter 600/743  loss=0.3747  lr=3.02e-05
[01:36:48 INFO] Epoch 25/50  iter 650/743  loss=0.2863  lr=3.01e-05
[01:37:17 INFO] Epoch 25/50  iter 700/743  loss=0.3638  lr=3.01e-05
[01:37:40 INFO] Epoch 25 complete — avg_loss=0.3570  time=413s
[01:38:34 INFO]   val mIoU = 0.1751
[01:39:05 INFO] Epoch 26/50  iter 50/743  loss=0.3418  lr=2.99e-05
[01:39:33 INFO] Epoch 26/50  iter 100/743  loss=0.3685  lr=2.98e-05
[01:40:02 INFO] Epoch 26/50  iter 150/743  loss=0.2577  lr=2.98e-05
[01:40:30 INFO] Epoch 26/50  iter 200/743  loss=0.6981  lr=2.97e-05
[01:40:59 INFO] Epoch 26/50  iter 250/743  loss=0.2411  lr=2.96e-05
[01:41:26 INFO] Epoch 26/50  iter 300/743  loss=0.3035  lr=2.95e-05
[01:41:55 INFO] Epoch 26/50  iter 350/743  loss=0.5527  lr=2.94e-05
[01:42:23 INFO] Epoch 26/50  iter 400/743  loss=0.3936  lr=2.94e-05
[01:42:51 INFO] Epoch 26/50  iter 450/743  loss=0.3827  lr=2.93e-05
[01:43:19 INFO] Epoch 26/50  iter 500/743  loss=0.3880  lr=2.92e-05
[01:43:48 INFO] Epoch 26/50  iter 550/743  loss=0.6470  lr=2.91e-05
[01:44:15 INFO] Epoch 26/50  iter 600/743  loss=0.2962  lr=2.90e-05
[01:44:43 INFO] Epoch 26/50  iter 650/743  loss=0.2522  lr=2.89e-05
[01:45:11 INFO] Epoch 26/50  iter 700/743  loss=0.1443  lr=2.89e-05
[01:45:35 INFO] Epoch 26 complete — avg_loss=0.3837  time=420s
[01:46:09 INFO] Epoch 27/50  iter 50/743  loss=0.3189  lr=2.87e-05
[01:46:40 INFO] Epoch 27/50  iter 100/743  loss=0.5453  lr=2.86e-05
[01:47:13 INFO] Epoch 27/50  iter 150/743  loss=0.3891  lr=2.86e-05
[01:47:43 INFO] Epoch 27/50  iter 200/743  loss=0.4922  lr=2.85e-05
[01:48:16 INFO] Epoch 27/50  iter 250/743  loss=0.2496  lr=2.84e-05
[01:48:45 INFO] Epoch 27/50  iter 300/743  loss=0.4655  lr=2.83e-05
[01:49:16 INFO] Epoch 27/50  iter 350/743  loss=0.4423  lr=2.82e-05
[01:49:45 INFO] Epoch 27/50  iter 400/743  loss=0.9259  lr=2.82e-05
[01:50:15 INFO] Epoch 27/50  iter 450/743  loss=0.1683  lr=2.81e-05
[01:50:43 INFO] Epoch 27/50  iter 500/743  loss=0.2973  lr=2.80e-05
[01:51:13 INFO] Epoch 27/50  iter 550/743  loss=0.5489  lr=2.79e-05
[01:51:41 INFO] Epoch 27/50  iter 600/743  loss=0.2648  lr=2.78e-05
[01:52:11 INFO] Epoch 27/50  iter 650/743  loss=0.4558  lr=2.77e-05
[01:52:40 INFO] Epoch 27/50  iter 700/743  loss=0.4831  lr=2.77e-05
[01:53:05 INFO] Epoch 27 complete — avg_loss=0.3772  time=450s
[01:53:37 INFO] Epoch 28/50  iter 50/743  loss=0.4454  lr=2.75e-05
[01:54:05 INFO] Epoch 28/50  iter 100/743  loss=0.6377  lr=2.74e-05
[01:54:33 INFO] Epoch 28/50  iter 150/743  loss=0.4267  lr=2.74e-05
[01:55:00 INFO] Epoch 28/50  iter 200/743  loss=0.1766  lr=2.73e-05
[01:55:27 INFO] Epoch 28/50  iter 250/743  loss=0.6731  lr=2.72e-05
[01:55:53 INFO] Epoch 28/50  iter 300/743  loss=0.8560  lr=2.71e-05
[01:56:20 INFO] Epoch 28/50  iter 350/743  loss=0.7738  lr=2.70e-05
[01:56:47 INFO] Epoch 28/50  iter 400/743  loss=0.2843  lr=2.70e-05
[01:57:16 INFO] Epoch 28/50  iter 450/743  loss=0.5408  lr=2.69e-05
[01:57:48 INFO] Epoch 28/50  iter 500/743  loss=0.1012  lr=2.68e-05
[01:58:17 INFO] Epoch 28/50  iter 550/743  loss=0.3200  lr=2.67e-05
[01:58:50 INFO] Epoch 28/50  iter 600/743  loss=0.2027  lr=2.66e-05
[01:59:20 INFO] Epoch 28/50  iter 650/743  loss=0.2066  lr=2.65e-05
[01:59:50 INFO] Epoch 28/50  iter 700/743  loss=0.2306  lr=2.65e-05
[02:00:14 INFO] Epoch 28 complete — avg_loss=0.3626  time=428s
[02:00:45 INFO] Epoch 29/50  iter 50/743  loss=0.1912  lr=2.63e-05
[02:01:14 INFO] Epoch 29/50  iter 100/743  loss=0.6790  lr=2.62e-05
[02:01:42 INFO] Epoch 29/50  iter 150/743  loss=0.3435  lr=2.62e-05
[02:02:10 INFO] Epoch 29/50  iter 200/743  loss=0.2114  lr=2.61e-05
[02:02:39 INFO] Epoch 29/50  iter 250/743  loss=0.6220  lr=2.60e-05
[02:03:06 INFO] Epoch 29/50  iter 300/743  loss=0.3708  lr=2.59e-05
[02:03:35 INFO] Epoch 29/50  iter 350/743  loss=0.5012  lr=2.58e-05
[02:04:02 INFO] Epoch 29/50  iter 400/743  loss=0.2399  lr=2.58e-05
[02:04:30 INFO] Epoch 29/50  iter 450/743  loss=0.2460  lr=2.57e-05
[02:04:58 INFO] Epoch 29/50  iter 500/743  loss=0.4796  lr=2.56e-05
[02:05:28 INFO] Epoch 29/50  iter 550/743  loss=0.3289  lr=2.55e-05
[02:06:00 INFO] Epoch 29/50  iter 600/743  loss=0.4347  lr=2.54e-05
[02:06:34 INFO] Epoch 29/50  iter 650/743  loss=0.2842  lr=2.53e-05
[02:07:07 INFO] Epoch 29/50  iter 700/743  loss=0.2348  lr=2.53e-05
[02:07:35 INFO] Epoch 29 complete — avg_loss=0.3653  time=441s
[02:08:08 INFO] Epoch 30/50  iter 50/743  loss=0.3658  lr=2.51e-05
[02:08:40 INFO] Epoch 30/50  iter 100/743  loss=0.3727  lr=2.50e-05
[02:09:12 INFO] Epoch 30/50  iter 150/743  loss=0.4046  lr=2.50e-05
[02:09:42 INFO] Epoch 30/50  iter 200/743  loss=0.2633  lr=2.49e-05
[02:10:12 INFO] Epoch 30/50  iter 250/743  loss=0.3317  lr=2.48e-05
[02:10:42 INFO] Epoch 30/50  iter 300/743  loss=0.3343  lr=2.47e-05
[02:11:13 INFO] Epoch 30/50  iter 350/743  loss=0.1987  lr=2.46e-05
[02:11:43 INFO] Epoch 30/50  iter 400/743  loss=0.1867  lr=2.46e-05
[02:12:14 INFO] Epoch 30/50  iter 450/743  loss=0.1902  lr=2.45e-05
[02:12:43 INFO] Epoch 30/50  iter 500/743  loss=0.3846  lr=2.44e-05
[02:13:13 INFO] Epoch 30/50  iter 550/743  loss=0.3369  lr=2.43e-05
[02:13:43 INFO] Epoch 30/50  iter 600/743  loss=0.2363  lr=2.42e-05
[02:14:10 INFO] Epoch 30/50  iter 650/743  loss=0.4730  lr=2.41e-05
[02:14:37 INFO] Epoch 30/50  iter 700/743  loss=0.3497  lr=2.41e-05
[02:15:00 INFO] Epoch 30 complete — avg_loss=0.3821  time=445s
[02:16:00 INFO]   val mIoU = 0.1511
[02:16:33 INFO] Epoch 31/50  iter 50/743  loss=0.3772  lr=2.39e-05
[02:17:06 INFO] Epoch 31/50  iter 100/743  loss=0.2973  lr=2.38e-05
[02:17:36 INFO] Epoch 31/50  iter 150/743  loss=0.2747  lr=2.38e-05
[02:18:08 INFO] Epoch 31/50  iter 200/743  loss=0.3792  lr=2.37e-05
[02:18:38 INFO] Epoch 31/50  iter 250/743  loss=0.2957  lr=2.36e-05
[02:19:10 INFO] Epoch 31/50  iter 300/743  loss=0.1753  lr=2.35e-05
[02:19:40 INFO] Epoch 31/50  iter 350/743  loss=0.3022  lr=2.34e-05
[02:20:08 INFO] Epoch 31/50  iter 400/743  loss=0.6218  lr=2.34e-05
[02:20:34 INFO] Epoch 31/50  iter 450/743  loss=0.4031  lr=2.33e-05
[02:21:01 INFO] Epoch 31/50  iter 500/743  loss=0.4237  lr=2.32e-05
[02:21:28 INFO] Epoch 31/50  iter 550/743  loss=0.2767  lr=2.31e-05
[02:21:55 INFO] Epoch 31/50  iter 600/743  loss=0.2594  lr=2.30e-05
[02:22:20 INFO] Epoch 31/50  iter 650/743  loss=0.3693  lr=2.29e-05
[02:22:51 INFO] Epoch 31/50  iter 700/743  loss=0.4299  lr=2.29e-05
[02:23:15 INFO] Epoch 31 complete — avg_loss=0.3570  time=434s
[02:23:47 INFO] Epoch 32/50  iter 50/743  loss=0.5709  lr=2.27e-05
[02:24:18 INFO] Epoch 32/50  iter 100/743  loss=0.2614  lr=2.26e-05
[02:24:48 INFO] Epoch 32/50  iter 150/743  loss=0.3279  lr=2.26e-05
[02:25:20 INFO] Epoch 32/50  iter 200/743  loss=0.4115  lr=2.25e-05
[02:25:49 INFO] Epoch 32/50  iter 250/743  loss=0.3619  lr=2.24e-05
[02:26:20 INFO] Epoch 32/50  iter 300/743  loss=0.3543  lr=2.23e-05
[02:26:49 INFO] Epoch 32/50  iter 350/743  loss=0.3944  lr=2.22e-05
[02:27:20 INFO] Epoch 32/50  iter 400/743  loss=0.5695  lr=2.22e-05
[02:27:49 INFO] Epoch 32/50  iter 450/743  loss=0.2817  lr=2.21e-05
[02:28:20 INFO] Epoch 32/50  iter 500/743  loss=0.3095  lr=2.20e-05
[02:28:50 INFO] Epoch 32/50  iter 550/743  loss=0.4458  lr=2.19e-05
[02:29:20 INFO] Epoch 32/50  iter 600/743  loss=0.3176  lr=2.18e-05
[02:29:47 INFO] Epoch 32/50  iter 650/743  loss=0.2465  lr=2.17e-05
[02:30:14 INFO] Epoch 32/50  iter 700/743  loss=0.1897  lr=2.17e-05
[02:30:37 INFO] Epoch 32 complete — avg_loss=0.3644  time=441s
[02:31:11 INFO] Epoch 33/50  iter 50/743  loss=0.5645  lr=2.15e-05
[02:31:43 INFO] Epoch 33/50  iter 100/743  loss=0.1757  lr=2.14e-05
[02:32:14 INFO] Epoch 33/50  iter 150/743  loss=0.3523  lr=2.14e-05
[02:32:47 INFO] Epoch 33/50  iter 200/743  loss=0.1942  lr=2.13e-05
[02:33:19 INFO] Epoch 33/50  iter 250/743  loss=0.0927  lr=2.12e-05
[02:33:51 INFO] Epoch 33/50  iter 300/743  loss=0.4040  lr=2.11e-05
[02:34:22 INFO] Epoch 33/50  iter 350/743  loss=0.4340  lr=2.10e-05
[02:34:51 INFO] Epoch 33/50  iter 400/743  loss=0.2211  lr=2.10e-05
[02:35:18 INFO] Epoch 33/50  iter 450/743  loss=0.2352  lr=2.09e-05
[02:35:48 INFO] Epoch 33/50  iter 500/743  loss=0.2620  lr=2.08e-05
[02:36:16 INFO] Epoch 33/50  iter 550/743  loss=0.2084  lr=2.07e-05
[02:36:44 INFO] Epoch 33/50  iter 600/743  loss=0.4890  lr=2.06e-05
[02:37:11 INFO] Epoch 33/50  iter 650/743  loss=0.2493  lr=2.05e-05
[02:37:42 INFO] Epoch 33/50  iter 700/743  loss=0.1610  lr=2.05e-05
[02:38:06 INFO] Epoch 33 complete — avg_loss=0.3495  time=448s
[02:38:38 INFO] Epoch 34/50  iter 50/743  loss=0.3275  lr=2.03e-05
[02:39:09 INFO] Epoch 34/50  iter 100/743  loss=0.2038  lr=2.02e-05
[02:39:40 INFO] Epoch 34/50  iter 150/743  loss=0.3917  lr=2.02e-05
[02:40:11 INFO] Epoch 34/50  iter 200/743  loss=0.2529  lr=2.01e-05
[02:40:36 INFO] Epoch 34/50  iter 250/743  loss=0.3329  lr=2.00e-05
[02:41:05 INFO] Epoch 34/50  iter 300/743  loss=0.3316  lr=1.99e-05
[02:41:34 INFO] Epoch 34/50  iter 350/743  loss=0.3927  lr=1.98e-05
[02:42:03 INFO] Epoch 34/50  iter 400/743  loss=0.2609  lr=1.98e-05
[02:42:31 INFO] Epoch 34/50  iter 450/743  loss=0.3217  lr=1.97e-05
[02:43:05 INFO] Epoch 34/50  iter 500/743  loss=0.3314  lr=1.96e-05
[02:43:33 INFO] Epoch 34/50  iter 550/743  loss=0.4535  lr=1.95e-05
[02:44:00 INFO] Epoch 34/50  iter 600/743  loss=0.3981  lr=1.94e-05
[02:44:27 INFO] Epoch 34/50  iter 650/743  loss=0.3271  lr=1.93e-05
[02:44:56 INFO] Epoch 34/50  iter 700/743  loss=0.2889  lr=1.93e-05
[02:45:23 INFO] Epoch 34 complete — avg_loss=0.3491  time=436s
[02:45:55 INFO] Epoch 35/50  iter 50/743  loss=0.2535  lr=1.91e-05
[02:46:24 INFO] Epoch 35/50  iter 100/743  loss=0.2983  lr=1.90e-05
[02:46:54 INFO] Epoch 35/50  iter 150/743  loss=0.2804  lr=1.90e-05
[02:47:24 INFO] Epoch 35/50  iter 200/743  loss=0.2960  lr=1.89e-05
[02:47:53 INFO] Epoch 35/50  iter 250/743  loss=0.3556  lr=1.88e-05
[02:48:23 INFO] Epoch 35/50  iter 300/743  loss=0.9517  lr=1.87e-05
[02:48:53 INFO] Epoch 35/50  iter 350/743  loss=0.4526  lr=1.86e-05
[02:49:23 INFO] Epoch 35/50  iter 400/743  loss=0.2952  lr=1.86e-05
[02:49:52 INFO] Epoch 35/50  iter 450/743  loss=0.2884  lr=1.85e-05
[02:50:25 INFO] Epoch 35/50  iter 500/743  loss=0.1340  lr=1.84e-05
[02:50:59 INFO] Epoch 35/50  iter 550/743  loss=0.3730  lr=1.83e-05
[02:51:32 INFO] Epoch 35/50  iter 600/743  loss=0.3405  lr=1.82e-05
[02:52:04 INFO] Epoch 35/50  iter 650/743  loss=0.5739  lr=1.81e-05
[02:52:38 INFO] Epoch 35/50  iter 700/743  loss=0.3726  lr=1.81e-05
[02:53:05 INFO] Epoch 35 complete — avg_loss=0.3465  time=462s
[02:53:58 INFO]   val mIoU = 0.0771
[02:54:32 INFO] Epoch 36/50  iter 50/743  loss=0.4253  lr=1.79e-05
[02:55:03 INFO] Epoch 36/50  iter 100/743  loss=0.1962  lr=1.78e-05
[02:55:34 INFO] Epoch 36/50  iter 150/743  loss=0.1468  lr=1.78e-05
[02:56:08 INFO] Epoch 36/50  iter 200/743  loss=0.7170  lr=1.77e-05
[02:56:39 INFO] Epoch 36/50  iter 250/743  loss=0.2864  lr=1.76e-05
[02:57:12 INFO] Epoch 36/50  iter 300/743  loss=0.6310  lr=1.75e-05
[02:57:43 INFO] Epoch 36/50  iter 350/743  loss=0.3566  lr=1.74e-05
[02:58:10 INFO] Epoch 36/50  iter 400/743  loss=0.3780  lr=1.74e-05
[02:58:41 INFO] Epoch 36/50  iter 450/743  loss=0.3115  lr=1.73e-05
[02:59:13 INFO] Epoch 36/50  iter 500/743  loss=0.2140  lr=1.72e-05
[02:59:46 INFO] Epoch 36/50  iter 550/743  loss=0.2845  lr=1.71e-05
[03:00:18 INFO] Epoch 36/50  iter 600/743  loss=0.2893  lr=1.70e-05
[03:00:49 INFO] Epoch 36/50  iter 650/743  loss=0.1979  lr=1.69e-05
[03:01:21 INFO] Epoch 36/50  iter 700/743  loss=0.3904  lr=1.69e-05
[03:01:49 INFO] Epoch 36 complete — avg_loss=0.3426  time=470s
[03:02:18 INFO] Epoch 37/50  iter 50/743  loss=0.3423  lr=1.67e-05
[03:02:43 INFO] Epoch 37/50  iter 100/743  loss=0.3023  lr=1.66e-05
[03:03:09 INFO] Epoch 37/50  iter 150/743  loss=0.3490  lr=1.66e-05
[03:03:35 INFO] Epoch 37/50  iter 200/743  loss=0.4162  lr=1.65e-05
[03:04:02 INFO] Epoch 37/50  iter 250/743  loss=0.3146  lr=1.64e-05
[03:04:27 INFO] Epoch 37/50  iter 300/743  loss=0.1988  lr=1.63e-05
[03:04:54 INFO] Epoch 37/50  iter 350/743  loss=0.4203  lr=1.62e-05
[03:05:21 INFO] Epoch 37/50  iter 400/743  loss=0.5339  lr=1.62e-05
[03:05:49 INFO] Epoch 37/50  iter 450/743  loss=0.2473  lr=1.61e-05
[03:06:15 INFO] Epoch 37/50  iter 500/743  loss=0.1834  lr=1.60e-05
[03:06:43 INFO] Epoch 37/50  iter 550/743  loss=0.1877  lr=1.59e-05
[03:07:09 INFO] Epoch 37/50  iter 600/743  loss=0.3219  lr=1.58e-05
[03:07:38 INFO] Epoch 37/50  iter 650/743  loss=0.2189  lr=1.57e-05
[03:08:08 INFO] Epoch 37/50  iter 700/743  loss=0.2991  lr=1.57e-05
[03:08:34 INFO] Epoch 37 complete — avg_loss=0.3443  time=405s
[03:09:04 INFO] Epoch 38/50  iter 50/743  loss=0.2024  lr=1.55e-05
[03:09:30 INFO] Epoch 38/50  iter 100/743  loss=0.4060  lr=1.54e-05
[03:09:58 INFO] Epoch 38/50  iter 150/743  loss=0.2245  lr=1.54e-05
[03:10:26 INFO] Epoch 38/50  iter 200/743  loss=0.3909  lr=1.53e-05
[03:10:52 INFO] Epoch 38/50  iter 250/743  loss=0.3964  lr=1.52e-05
[03:11:21 INFO] Epoch 38/50  iter 300/743  loss=0.2309  lr=1.51e-05
[03:11:48 INFO] Epoch 38/50  iter 350/743  loss=0.3654  lr=1.50e-05
[03:12:15 INFO] Epoch 38/50  iter 400/743  loss=0.4181  lr=1.50e-05
[03:12:41 INFO] Epoch 38/50  iter 450/743  loss=0.3001  lr=1.49e-05
[03:13:10 INFO] Epoch 38/50  iter 500/743  loss=0.3839  lr=1.48e-05
[03:13:37 INFO] Epoch 38/50  iter 550/743  loss=0.4197  lr=1.47e-05
[03:14:04 INFO] Epoch 38/50  iter 600/743  loss=0.5147  lr=1.46e-05
[03:14:31 INFO] Epoch 38/50  iter 650/743  loss=0.5756  lr=1.45e-05
[03:14:59 INFO] Epoch 38/50  iter 700/743  loss=0.4084  lr=1.45e-05
[03:15:22 INFO] Epoch 38 complete — avg_loss=0.3386  time=407s
[03:15:51 INFO] Epoch 39/50  iter 50/743  loss=0.2755  lr=1.43e-05
[03:16:17 INFO] Epoch 39/50  iter 100/743  loss=0.3587  lr=1.42e-05
[03:16:44 INFO] Epoch 39/50  iter 150/743  loss=0.2910  lr=1.42e-05
[03:17:10 INFO] Epoch 39/50  iter 200/743  loss=0.3731  lr=1.41e-05
[03:17:36 INFO] Epoch 39/50  iter 250/743  loss=0.3194  lr=1.40e-05
[03:18:02 INFO] Epoch 39/50  iter 300/743  loss=0.0929  lr=1.39e-05
[03:18:29 INFO] Epoch 39/50  iter 350/743  loss=0.2787  lr=1.38e-05
[03:18:55 INFO] Epoch 39/50  iter 400/743  loss=0.3610  lr=1.38e-05
[03:19:23 INFO] Epoch 39/50  iter 450/743  loss=0.3079  lr=1.37e-05
[03:19:49 INFO] Epoch 39/50  iter 500/743  loss=0.3111  lr=1.36e-05
[03:20:16 INFO] Epoch 39/50  iter 550/743  loss=0.4023  lr=1.35e-05
[03:20:42 INFO] Epoch 39/50  iter 600/743  loss=0.2001  lr=1.34e-05
[03:21:10 INFO] Epoch 39/50  iter 650/743  loss=0.1653  lr=1.33e-05
[03:21:37 INFO] Epoch 39/50  iter 700/743  loss=0.4494  lr=1.33e-05
[03:22:01 INFO] Epoch 39 complete — avg_loss=0.3335  time=398s
[03:22:31 INFO] Epoch 40/50  iter 50/743  loss=0.5532  lr=1.31e-05
[03:23:02 INFO] Epoch 40/50  iter 100/743  loss=0.5368  lr=1.30e-05
[03:23:32 INFO] Epoch 40/50  iter 150/743  loss=0.2617  lr=1.30e-05
[03:24:02 INFO] Epoch 40/50  iter 200/743  loss=0.1611  lr=1.29e-05
[03:24:34 INFO] Epoch 40/50  iter 250/743  loss=0.4408  lr=1.28e-05
[03:25:05 INFO] Epoch 40/50  iter 300/743  loss=0.4186  lr=1.27e-05
[03:25:36 INFO] Epoch 40/50  iter 350/743  loss=0.1162  lr=1.26e-05
[03:26:03 INFO] Epoch 40/50  iter 400/743  loss=0.2630  lr=1.26e-05
[03:26:32 INFO] Epoch 40/50  iter 450/743  loss=0.3994  lr=1.25e-05
[03:27:03 INFO] Epoch 40/50  iter 500/743  loss=0.2764  lr=1.24e-05
[03:27:33 INFO] Epoch 40/50  iter 550/743  loss=0.1935  lr=1.23e-05
[03:28:00 INFO] Epoch 40/50  iter 600/743  loss=0.4875  lr=1.22e-05
[03:28:33 INFO] Epoch 40/50  iter 650/743  loss=0.4630  lr=1.21e-05
[03:29:03 INFO] Epoch 40/50  iter 700/743  loss=0.3725  lr=1.21e-05
[03:29:31 INFO] Epoch 40 complete — avg_loss=0.3357  time=449s
[03:30:24 INFO]   val mIoU = 0.2059
[03:30:53 INFO] Epoch 41/50  iter 50/743  loss=0.2123  lr=1.19e-05
[03:31:19 INFO] Epoch 41/50  iter 100/743  loss=0.1739  lr=1.18e-05
[03:31:52 INFO] Epoch 41/50  iter 150/743  loss=0.5826  lr=1.18e-05
[03:32:25 INFO] Epoch 41/50  iter 200/743  loss=0.4932  lr=1.17e-05
[03:32:56 INFO] Epoch 41/50  iter 250/743  loss=0.2435  lr=1.16e-05
[03:33:29 INFO] Epoch 41/50  iter 300/743  loss=0.1921  lr=1.15e-05
[03:34:00 INFO] Epoch 41/50  iter 350/743  loss=0.3482  lr=1.14e-05
[03:34:32 INFO] Epoch 41/50  iter 400/743  loss=0.3005  lr=1.14e-05
[03:35:04 INFO] Epoch 41/50  iter 450/743  loss=0.2576  lr=1.13e-05
[03:35:37 INFO] Epoch 41/50  iter 500/743  loss=0.2972  lr=1.12e-05
[03:36:08 INFO] Epoch 41/50  iter 550/743  loss=0.4928  lr=1.11e-05
[03:36:41 INFO] Epoch 41/50  iter 600/743  loss=0.3310  lr=1.10e-05
[03:37:13 INFO] Epoch 41/50  iter 650/743  loss=0.2707  lr=1.09e-05
[03:37:45 INFO] Epoch 41/50  iter 700/743  loss=0.5951  lr=1.09e-05
[03:38:12 INFO] Epoch 41 complete — avg_loss=0.3275  time=467s
[03:38:44 INFO] Epoch 42/50  iter 50/743  loss=0.2698  lr=1.07e-05
[03:39:14 INFO] Epoch 42/50  iter 100/743  loss=0.3776  lr=1.06e-05
[03:39:44 INFO] Epoch 42/50  iter 150/743  loss=0.2652  lr=1.06e-05
[03:40:15 INFO] Epoch 42/50  iter 200/743  loss=0.3813  lr=1.05e-05
[03:40:43 INFO] Epoch 42/50  iter 250/743  loss=0.5030  lr=1.04e-05
[03:41:12 INFO] Epoch 42/50  iter 300/743  loss=0.3062  lr=1.03e-05
[03:41:42 INFO] Epoch 42/50  iter 350/743  loss=0.4602  lr=1.02e-05
[03:42:14 INFO] Epoch 42/50  iter 400/743  loss=0.5232  lr=1.02e-05
[03:42:44 INFO] Epoch 42/50  iter 450/743  loss=0.2237  lr=1.01e-05
[03:43:14 INFO] Epoch 42/50  iter 500/743  loss=0.2193  lr=9.99e-06
[03:43:41 INFO] Epoch 42/50  iter 550/743  loss=0.0565  lr=9.91e-06
[03:44:09 INFO] Epoch 42/50  iter 600/743  loss=0.2617  lr=9.83e-06
[03:44:36 INFO] Epoch 42/50  iter 650/743  loss=0.2116  lr=9.75e-06
[03:45:08 INFO] Epoch 42/50  iter 700/743  loss=0.3285  lr=9.67e-06
[03:45:37 INFO] Epoch 42 complete — avg_loss=0.3300  time=444s
[03:46:12 INFO] Epoch 43/50  iter 50/743  loss=0.1835  lr=9.52e-06
[03:46:39 INFO] Epoch 43/50  iter 100/743  loss=0.2492  lr=9.44e-06
[03:47:05 INFO] Epoch 43/50  iter 150/743  loss=0.1468  lr=9.36e-06
[03:47:33 INFO] Epoch 43/50  iter 200/743  loss=0.2189  lr=9.28e-06
[03:48:01 INFO] Epoch 43/50  iter 250/743  loss=0.2538  lr=9.19e-06
[03:48:28 INFO] Epoch 43/50  iter 300/743  loss=0.2818  lr=9.11e-06
[03:48:56 INFO] Epoch 43/50  iter 350/743  loss=0.2902  lr=9.03e-06
[03:49:23 INFO] Epoch 43/50  iter 400/743  loss=0.3339  lr=8.95e-06
[03:49:53 INFO] Epoch 43/50  iter 450/743  loss=0.2883  lr=8.87e-06
[03:50:23 INFO] Epoch 43/50  iter 500/743  loss=0.2871  lr=8.79e-06
[03:50:55 INFO] Epoch 43/50  iter 550/743  loss=0.2171  lr=8.71e-06
[03:51:25 INFO] Epoch 43/50  iter 600/743  loss=0.2634  lr=8.63e-06
[03:51:57 INFO] Epoch 43/50  iter 650/743  loss=0.1981  lr=8.55e-06
[03:52:27 INFO] Epoch 43/50  iter 700/743  loss=0.2961  lr=8.47e-06
[03:52:53 INFO] Epoch 43 complete — avg_loss=0.3213  time=436s
[03:53:29 INFO] Epoch 44/50  iter 50/743  loss=0.2603  lr=8.32e-06
[03:53:58 INFO] Epoch 44/50  iter 100/743  loss=0.3399  lr=8.24e-06
[03:54:30 INFO] Epoch 44/50  iter 150/743  loss=0.3151  lr=8.16e-06
[03:54:59 INFO] Epoch 44/50  iter 200/743  loss=0.3754  lr=8.08e-06
[03:55:31 INFO] Epoch 44/50  iter 250/743  loss=0.3828  lr=7.99e-06
[03:56:01 INFO] Epoch 44/50  iter 300/743  loss=0.2899  lr=7.91e-06
[03:56:32 INFO] Epoch 44/50  iter 350/743  loss=0.2511  lr=7.83e-06
[03:57:02 INFO] Epoch 44/50  iter 400/743  loss=0.3828  lr=7.75e-06
[03:57:33 INFO] Epoch 44/50  iter 450/743  loss=0.3567  lr=7.67e-06
[03:58:03 INFO] Epoch 44/50  iter 500/743  loss=0.2478  lr=7.59e-06
[03:58:33 INFO] Epoch 44/50  iter 550/743  loss=0.2312  lr=7.51e-06
[03:59:01 INFO] Epoch 44/50  iter 600/743  loss=0.1530  lr=7.43e-06
[03:59:29 INFO] Epoch 44/50  iter 650/743  loss=0.1758  lr=7.35e-06
[03:59:57 INFO] Epoch 44/50  iter 700/743  loss=0.2483  lr=7.27e-06
[04:00:21 INFO] Epoch 44 complete — avg_loss=0.3295  time=447s
[04:00:50 INFO] Epoch 45/50  iter 50/743  loss=0.2565  lr=7.12e-06
[04:01:18 INFO] Epoch 45/50  iter 100/743  loss=0.1961  lr=7.04e-06
[04:01:46 INFO] Epoch 45/50  iter 150/743  loss=0.2864  lr=6.96e-06
[04:02:14 INFO] Epoch 45/50  iter 200/743  loss=0.2310  lr=6.88e-06
[04:02:42 INFO] Epoch 45/50  iter 250/743  loss=0.4561  lr=6.79e-06
[04:03:11 INFO] Epoch 45/50  iter 300/743  loss=0.3794  lr=6.71e-06
[04:03:38 INFO] Epoch 45/50  iter 350/743  loss=0.1710  lr=6.63e-06
[04:04:07 INFO] Epoch 45/50  iter 400/743  loss=0.2369  lr=6.55e-06
[04:04:34 INFO] Epoch 45/50  iter 450/743  loss=0.5981  lr=6.47e-06
[04:05:03 INFO] Epoch 45/50  iter 500/743  loss=0.2144  lr=6.39e-06
[04:05:33 INFO] Epoch 45/50  iter 550/743  loss=0.3664  lr=6.31e-06
[04:06:06 INFO] Epoch 45/50  iter 600/743  loss=1.1739  lr=6.23e-06
[04:06:36 INFO] Epoch 45/50  iter 650/743  loss=0.1746  lr=6.15e-06
[04:07:07 INFO] Epoch 45/50  iter 700/743  loss=0.2062  lr=6.07e-06
[04:07:34 INFO] Epoch 45 complete — avg_loss=0.3176  time=433s
[04:08:33 INFO]   val mIoU = 0.0661
[04:09:05 INFO] Epoch 46/50  iter 50/743  loss=0.2583  lr=5.92e-06
[04:09:36 INFO] Epoch 46/50  iter 100/743  loss=0.2336  lr=5.84e-06
[04:10:07 INFO] Epoch 46/50  iter 150/743  loss=0.4311  lr=5.76e-06
[04:10:37 INFO] Epoch 46/50  iter 200/743  loss=0.4521  lr=5.68e-06
[04:11:09 INFO] Epoch 46/50  iter 250/743  loss=0.3295  lr=5.59e-06
[04:11:38 INFO] Epoch 46/50  iter 300/743  loss=0.2516  lr=5.51e-06
[04:12:09 INFO] Epoch 46/50  iter 350/743  loss=0.5141  lr=5.43e-06
[04:12:39 INFO] Epoch 46/50  iter 400/743  loss=0.3653  lr=5.35e-06
[04:13:10 INFO] Epoch 46/50  iter 450/743  loss=0.2888  lr=5.27e-06
[04:13:40 INFO] Epoch 46/50  iter 500/743  loss=0.5080  lr=5.19e-06
[04:14:11 INFO] Epoch 46/50  iter 550/743  loss=0.7487  lr=5.11e-06
[04:14:41 INFO] Epoch 46/50  iter 600/743  loss=0.1735  lr=5.03e-06
[04:15:12 INFO] Epoch 46/50  iter 650/743  loss=0.2688  lr=4.95e-06
[04:15:43 INFO] Epoch 46/50  iter 700/743  loss=0.1806  lr=4.87e-06
[04:16:08 INFO] Epoch 46 complete — avg_loss=0.3177  time=454s
[04:16:44 INFO] Epoch 47/50  iter 50/743  loss=0.4020  lr=4.72e-06
[04:17:15 INFO] Epoch 47/50  iter 100/743  loss=0.3431  lr=4.64e-06
[04:17:46 INFO] Epoch 47/50  iter 150/743  loss=0.2288  lr=4.56e-06
[04:18:17 INFO] Epoch 47/50  iter 200/743  loss=0.3538  lr=4.48e-06
[04:18:48 INFO] Epoch 47/50  iter 250/743  loss=0.2922  lr=4.39e-06
[04:19:19 INFO] Epoch 47/50  iter 300/743  loss=0.2003  lr=4.31e-06
[04:19:51 INFO] Epoch 47/50  iter 350/743  loss=0.3786  lr=4.23e-06
[04:20:21 INFO] Epoch 47/50  iter 400/743  loss=0.3820  lr=4.15e-06
[04:20:53 INFO] Epoch 47/50  iter 450/743  loss=0.4134  lr=4.07e-06
[04:21:23 INFO] Epoch 47/50  iter 500/743  loss=0.3744  lr=3.99e-06
[04:21:54 INFO] Epoch 47/50  iter 550/743  loss=0.3036  lr=3.91e-06
[04:22:21 INFO] Epoch 47/50  iter 600/743  loss=0.4601  lr=3.83e-06
[04:22:48 INFO] Epoch 47/50  iter 650/743  loss=0.3010  lr=3.75e-06
[04:23:19 INFO] Epoch 47/50  iter 700/743  loss=0.2302  lr=3.67e-06
[04:23:43 INFO] Epoch 47 complete — avg_loss=0.3073  time=454s
[04:24:16 INFO] Epoch 48/50  iter 50/743  loss=0.2636  lr=3.52e-06
[04:24:47 INFO] Epoch 48/50  iter 100/743  loss=0.2857  lr=3.44e-06
[04:25:19 INFO] Epoch 48/50  iter 150/743  loss=0.2088  lr=3.36e-06
[04:25:49 INFO] Epoch 48/50  iter 200/743  loss=0.2687  lr=3.28e-06
[04:26:18 INFO] Epoch 48/50  iter 250/743  loss=0.4349  lr=3.19e-06
[04:26:45 INFO] Epoch 48/50  iter 300/743  loss=0.3533  lr=3.11e-06
[04:27:12 INFO] Epoch 48/50  iter 350/743  loss=0.2004  lr=3.03e-06
[04:27:40 INFO] Epoch 48/50  iter 400/743  loss=0.4547  lr=2.95e-06
[04:28:07 INFO] Epoch 48/50  iter 450/743  loss=0.3640  lr=2.87e-06
[04:28:35 INFO] Epoch 48/50  iter 500/743  loss=0.3658  lr=2.79e-06
[04:29:02 INFO] Epoch 48/50  iter 550/743  loss=0.2705  lr=2.71e-06
[04:29:34 INFO] Epoch 48/50  iter 600/743  loss=0.1838  lr=2.63e-06
[04:30:04 INFO] Epoch 48/50  iter 650/743  loss=0.3383  lr=2.55e-06
[04:30:35 INFO] Epoch 48/50  iter 700/743  loss=0.5388  lr=2.47e-06
[04:31:00 INFO] Epoch 48 complete — avg_loss=0.3105  time=436s
[04:31:35 INFO] Epoch 49/50  iter 50/743  loss=0.2302  lr=2.32e-06
[04:32:07 INFO] Epoch 49/50  iter 100/743  loss=1.1199  lr=2.24e-06
[04:32:41 INFO] Epoch 49/50  iter 150/743  loss=0.4417  lr=2.16e-06
[04:33:10 INFO] Epoch 49/50  iter 200/743  loss=0.3664  lr=2.08e-06
[04:33:41 INFO] Epoch 49/50  iter 250/743  loss=0.3634  lr=1.99e-06
[04:34:07 INFO] Epoch 49/50  iter 300/743  loss=0.3098  lr=1.91e-06
[04:34:35 INFO] Epoch 49/50  iter 350/743  loss=0.2692  lr=1.83e-06
[04:35:02 INFO] Epoch 49/50  iter 400/743  loss=0.1213  lr=1.75e-06
[04:35:31 INFO] Epoch 49/50  iter 450/743  loss=0.4321  lr=1.67e-06
[04:35:59 INFO] Epoch 49/50  iter 500/743  loss=0.3894  lr=1.59e-06
[04:36:27 INFO] Epoch 49/50  iter 550/743  loss=0.2604  lr=1.51e-06
[04:36:54 INFO] Epoch 49/50  iter 600/743  loss=0.2674  lr=1.43e-06
[04:37:23 INFO] Epoch 49/50  iter 650/743  loss=0.2115  lr=1.35e-06
[04:37:50 INFO] Epoch 49/50  iter 700/743  loss=0.3156  lr=1.27e-06
[04:38:14 INFO] Epoch 49 complete — avg_loss=0.3086  time=433s
[04:38:43 INFO] Epoch 50/50  iter 50/743  loss=0.2376  lr=1.12e-06
[04:39:09 INFO] Epoch 50/50  iter 100/743  loss=0.3537  lr=1.04e-06
[04:39:37 INFO] Epoch 50/50  iter 150/743  loss=0.5092  lr=9.56e-07
[04:40:06 INFO] Epoch 50/50  iter 200/743  loss=0.2540  lr=8.75e-07
[04:40:33 INFO] Epoch 50/50  iter 250/743  loss=0.4499  lr=7.95e-07
[04:41:02 INFO] Epoch 50/50  iter 300/743  loss=0.2616  lr=7.14e-07
[04:41:29 INFO] Epoch 50/50  iter 350/743  loss=0.1899  lr=6.33e-07
[04:41:58 INFO] Epoch 50/50  iter 400/743  loss=0.1765  lr=5.52e-07
[04:42:25 INFO] Epoch 50/50  iter 450/743  loss=0.3373  lr=4.72e-07
[04:42:54 INFO] Epoch 50/50  iter 500/743  loss=0.3246  lr=3.91e-07
[04:43:21 INFO] Epoch 50/50  iter 550/743  loss=0.2666  lr=3.10e-07
[04:43:50 INFO] Epoch 50/50  iter 600/743  loss=0.2291  lr=2.29e-07
[04:44:16 INFO] Epoch 50/50  iter 650/743  loss=0.7478  lr=1.49e-07
[04:44:44 INFO] Epoch 50/50  iter 700/743  loss=0.3474  lr=6.78e-08
[04:45:07 INFO] Epoch 50 complete — avg_loss=0.3082  time=412s
[04:46:07 INFO]   val mIoU = 0.0782
[04:46:07 INFO] Training complete. Best val mIoU = 0.2854
>>> Done: configs/photometric_high.yaml

>>> Training (fresh start): configs/depthaware_b0005.yaml
[04:46:16 INFO] Device: cuda
/usr/lib64/python3.11/tarfile.py:2303: RuntimeWarning: The default behavior of tarfile extraction has been changed to disallow common exploits (including CVE-2007-4559). By default, absolute/parent paths are disallowed and some mode bits are cleared. See https://access.redhat.com/articles/7004769 for more details.
  warnings.warn(
Model backend: smp
[04:46:19 INFO] Using fog cache: data/fog_cache/depthaware_b0005
[04:46:20 INFO] Train: 2975 samples  |  Val: 500 samples
[04:46:34 INFO] Epoch 1/50  iter 50/743  loss=1.5704  lr=5.99e-05
[04:46:46 INFO] Epoch 1/50  iter 100/743  loss=1.1133  lr=5.98e-05
[04:46:58 INFO] Epoch 1/50  iter 150/743  loss=1.0902  lr=5.98e-05
[04:47:11 INFO] Epoch 1/50  iter 200/743  loss=0.6623  lr=5.97e-05
[04:47:23 INFO] Epoch 1/50  iter 250/743  loss=1.1822  lr=5.96e-05
[04:47:36 INFO] Epoch 1/50  iter 300/743  loss=0.5957  lr=5.95e-05
[04:47:48 INFO] Epoch 1/50  iter 350/743  loss=1.4195  lr=5.94e-05
[04:48:00 INFO] Epoch 1/50  iter 400/743  loss=0.4216  lr=5.94e-05
[04:48:13 INFO] Epoch 1/50  iter 450/743  loss=0.5975  lr=5.93e-05
[04:48:25 INFO] Epoch 1/50  iter 500/743  loss=0.5147  lr=5.92e-05
[04:48:38 INFO] Epoch 1/50  iter 550/743  loss=0.3110  lr=5.91e-05
[04:48:50 INFO] Epoch 1/50  iter 600/743  loss=0.4640  lr=5.90e-05
[04:49:03 INFO] Epoch 1/50  iter 650/743  loss=0.8267  lr=5.89e-05
[04:49:15 INFO] Epoch 1/50  iter 700/743  loss=0.5777  lr=5.89e-05
[04:49:26 INFO] Epoch 1 complete — avg_loss=0.8277  time=186s
[04:49:39 INFO] Epoch 2/50  iter 50/743  loss=0.8718  lr=5.87e-05
[04:49:52 INFO] Epoch 2/50  iter 100/743  loss=0.2814  lr=5.86e-05
[04:50:04 INFO] Epoch 2/50  iter 150/743  loss=0.2463  lr=5.86e-05
[04:50:17 INFO] Epoch 2/50  iter 200/743  loss=0.3845  lr=5.85e-05
[04:50:29 INFO] Epoch 2/50  iter 250/743  loss=0.5257  lr=5.84e-05
[04:50:41 INFO] Epoch 2/50  iter 300/743  loss=0.4194  lr=5.83e-05
[04:50:54 INFO] Epoch 2/50  iter 350/743  loss=0.3103  lr=5.82e-05
[04:51:06 INFO] Epoch 2/50  iter 400/743  loss=0.4224  lr=5.82e-05
[04:51:18 INFO] Epoch 2/50  iter 450/743  loss=0.3017  lr=5.81e-05
[04:51:31 INFO] Epoch 2/50  iter 500/743  loss=1.0418  lr=5.80e-05
[04:51:43 INFO] Epoch 2/50  iter 550/743  loss=0.3555  lr=5.79e-05
[04:51:56 INFO] Epoch 2/50  iter 600/743  loss=0.2763  lr=5.78e-05
[04:52:08 INFO] Epoch 2/50  iter 650/743  loss=0.6135  lr=5.77e-05
[04:52:20 INFO] Epoch 2/50  iter 700/743  loss=0.2114  lr=5.77e-05
[04:52:31 INFO] Epoch 2 complete — avg_loss=0.4370  time=185s
[04:52:45 INFO] Epoch 3/50  iter 50/743  loss=0.3042  lr=5.75e-05
[04:52:57 INFO] Epoch 3/50  iter 100/743  loss=0.3325  lr=5.74e-05
[04:53:10 INFO] Epoch 3/50  iter 150/743  loss=0.2972  lr=5.74e-05
[04:53:22 INFO] Epoch 3/50  iter 200/743  loss=0.2905  lr=5.73e-05
[04:53:34 INFO] Epoch 3/50  iter 250/743  loss=0.2994  lr=5.72e-05
[04:53:47 INFO] Epoch 3/50  iter 300/743  loss=0.3428  lr=5.71e-05
[04:53:59 INFO] Epoch 3/50  iter 350/743  loss=0.2610  lr=5.70e-05
[04:54:11 INFO] Epoch 3/50  iter 400/743  loss=0.2650  lr=5.70e-05
[04:54:24 INFO] Epoch 3/50  iter 450/743  loss=0.2893  lr=5.69e-05
[04:54:36 INFO] Epoch 3/50  iter 500/743  loss=0.2574  lr=5.68e-05
[04:54:49 INFO] Epoch 3/50  iter 550/743  loss=0.3881  lr=5.67e-05
[04:55:01 INFO] Epoch 3/50  iter 600/743  loss=0.4477  lr=5.66e-05
[04:55:13 INFO] Epoch 3/50  iter 650/743  loss=0.3133  lr=5.65e-05
[04:55:26 INFO] Epoch 3/50  iter 700/743  loss=0.4799  lr=5.65e-05
[04:55:36 INFO] Epoch 3 complete — avg_loss=0.3634  time=185s
[04:55:50 INFO] Epoch 4/50  iter 50/743  loss=0.2307  lr=5.63e-05
[04:56:02 INFO] Epoch 4/50  iter 100/743  loss=0.2317  lr=5.62e-05
[04:56:15 INFO] Epoch 4/50  iter 150/743  loss=0.2278  lr=5.62e-05
[04:56:27 INFO] Epoch 4/50  iter 200/743  loss=0.2566  lr=5.61e-05
[04:56:39 INFO] Epoch 4/50  iter 250/743  loss=0.3658  lr=5.60e-05
[04:56:52 INFO] Epoch 4/50  iter 300/743  loss=0.2698  lr=5.59e-05
[04:57:04 INFO] Epoch 4/50  iter 350/743  loss=0.2753  lr=5.58e-05
[04:57:17 INFO] Epoch 4/50  iter 400/743  loss=0.3485  lr=5.58e-05
[04:57:29 INFO] Epoch 4/50  iter 450/743  loss=0.1905  lr=5.57e-05
[04:57:41 INFO] Epoch 4/50  iter 500/743  loss=0.2144  lr=5.56e-05
[04:57:54 INFO] Epoch 4/50  iter 550/743  loss=0.6356  lr=5.55e-05
[04:58:06 INFO] Epoch 4/50  iter 600/743  loss=0.2164  lr=5.54e-05
[04:58:19 INFO] Epoch 4/50  iter 650/743  loss=0.2487  lr=5.53e-05
[04:58:31 INFO] Epoch 4/50  iter 700/743  loss=0.3455  lr=5.53e-05
[04:58:42 INFO] Epoch 4 complete — avg_loss=0.3245  time=185s
[04:58:55 INFO] Epoch 5/50  iter 50/743  loss=0.2076  lr=5.51e-05
[04:59:07 INFO] Epoch 5/50  iter 100/743  loss=0.2365  lr=5.50e-05
[04:59:20 INFO] Epoch 5/50  iter 150/743  loss=0.1379  lr=5.50e-05
[04:59:32 INFO] Epoch 5/50  iter 200/743  loss=0.1671  lr=5.49e-05
[04:59:45 INFO] Epoch 5/50  iter 250/743  loss=0.3388  lr=5.48e-05
[04:59:57 INFO] Epoch 5/50  iter 300/743  loss=0.3308  lr=5.47e-05
[05:00:09 INFO] Epoch 5/50  iter 350/743  loss=0.1472  lr=5.46e-05
[05:00:22 INFO] Epoch 5/50  iter 400/743  loss=0.3777  lr=5.46e-05
[05:00:34 INFO] Epoch 5/50  iter 450/743  loss=0.6359  lr=5.45e-05
[05:00:47 INFO] Epoch 5/50  iter 500/743  loss=0.3130  lr=5.44e-05
[05:00:59 INFO] Epoch 5/50  iter 550/743  loss=1.4457  lr=5.43e-05
[05:01:11 INFO] Epoch 5/50  iter 600/743  loss=0.3105  lr=5.42e-05
[05:01:24 INFO] Epoch 5/50  iter 650/743  loss=0.2422  lr=5.41e-05
[05:01:36 INFO] Epoch 5/50  iter 700/743  loss=0.2109  lr=5.41e-05
[05:01:47 INFO] Epoch 5 complete — avg_loss=0.2916  time=184s
[05:02:40 INFO]   val mIoU = 0.5215
[05:02:40 INFO]   ★ New best val mIoU: 0.5215
[05:02:54 INFO] Epoch 6/50  iter 50/743  loss=0.2383  lr=5.39e-05
[05:03:06 INFO] Epoch 6/50  iter 100/743  loss=0.4236  lr=5.38e-05
[05:03:18 INFO] Epoch 6/50  iter 150/743  loss=0.3069  lr=5.38e-05
[05:03:31 INFO] Epoch 6/50  iter 200/743  loss=0.3301  lr=5.37e-05
[05:03:43 INFO] Epoch 6/50  iter 250/743  loss=0.1934  lr=5.36e-05
[05:03:56 INFO] Epoch 6/50  iter 300/743  loss=0.2144  lr=5.35e-05
[05:04:08 INFO] Epoch 6/50  iter 350/743  loss=0.1446  lr=5.34e-05
[05:04:20 INFO] Epoch 6/50  iter 400/743  loss=0.3309  lr=5.34e-05
[05:04:33 INFO] Epoch 6/50  iter 450/743  loss=0.1640  lr=5.33e-05
[05:04:45 INFO] Epoch 6/50  iter 500/743  loss=0.4478  lr=5.32e-05
[05:04:58 INFO] Epoch 6/50  iter 550/743  loss=0.3645  lr=5.31e-05
[05:05:10 INFO] Epoch 6/50  iter 600/743  loss=0.1806  lr=5.30e-05
[05:05:22 INFO] Epoch 6/50  iter 650/743  loss=0.2866  lr=5.29e-05
[05:05:35 INFO] Epoch 6/50  iter 700/743  loss=0.2085  lr=5.29e-05
[05:05:45 INFO] Epoch 6 complete — avg_loss=0.2792  time=184s
[05:05:59 INFO] Epoch 7/50  iter 50/743  loss=0.2920  lr=5.27e-05
[05:06:11 INFO] Epoch 7/50  iter 100/743  loss=0.2885  lr=5.26e-05
[05:06:24 INFO] Epoch 7/50  iter 150/743  loss=0.2566  lr=5.26e-05
[05:06:36 INFO] Epoch 7/50  iter 200/743  loss=0.3582  lr=5.25e-05
[05:06:48 INFO] Epoch 7/50  iter 250/743  loss=0.2616  lr=5.24e-05
[05:07:01 INFO] Epoch 7/50  iter 300/743  loss=0.2842  lr=5.23e-05
[05:07:13 INFO] Epoch 7/50  iter 350/743  loss=0.2330  lr=5.22e-05
[05:07:25 INFO] Epoch 7/50  iter 400/743  loss=0.4090  lr=5.22e-05
[05:07:38 INFO] Epoch 7/50  iter 450/743  loss=0.2063  lr=5.21e-05
[05:07:50 INFO] Epoch 7/50  iter 500/743  loss=0.1890  lr=5.20e-05
[05:08:03 INFO] Epoch 7/50  iter 550/743  loss=0.1201  lr=5.19e-05
[05:08:15 INFO] Epoch 7/50  iter 600/743  loss=0.0949  lr=5.18e-05
[05:08:27 INFO] Epoch 7/50  iter 650/743  loss=0.1100  lr=5.17e-05
[05:08:40 INFO] Epoch 7/50  iter 700/743  loss=0.2161  lr=5.17e-05
[05:08:50 INFO] Epoch 7 complete — avg_loss=0.2578  time=185s
[05:09:04 INFO] Epoch 8/50  iter 50/743  loss=0.3814  lr=5.15e-05
[05:09:16 INFO] Epoch 8/50  iter 100/743  loss=0.1764  lr=5.14e-05
[05:09:29 INFO] Epoch 8/50  iter 150/743  loss=0.4953  lr=5.14e-05
[05:09:41 INFO] Epoch 8/50  iter 200/743  loss=0.1085  lr=5.13e-05
[05:09:53 INFO] Epoch 8/50  iter 250/743  loss=0.4454  lr=5.12e-05
[05:10:06 INFO] Epoch 8/50  iter 300/743  loss=0.2357  lr=5.11e-05
[05:10:18 INFO] Epoch 8/50  iter 350/743  loss=0.1171  lr=5.10e-05
[05:10:31 INFO] Epoch 8/50  iter 400/743  loss=0.1593  lr=5.10e-05
[05:10:43 INFO] Epoch 8/50  iter 450/743  loss=0.1527  lr=5.09e-05
[05:10:55 INFO] Epoch 8/50  iter 500/743  loss=0.1835  lr=5.08e-05
[05:11:08 INFO] Epoch 8/50  iter 550/743  loss=0.1184  lr=5.07e-05
[05:11:20 INFO] Epoch 8/50  iter 600/743  loss=0.7303  lr=5.06e-05
[05:11:33 INFO] Epoch 8/50  iter 650/743  loss=0.1384  lr=5.05e-05
[05:11:45 INFO] Epoch 8/50  iter 700/743  loss=0.1934  lr=5.05e-05
[05:11:56 INFO] Epoch 8 complete — avg_loss=0.2504  time=185s
[05:12:09 INFO] Epoch 9/50  iter 50/743  loss=0.1825  lr=5.03e-05
[05:12:22 INFO] Epoch 9/50  iter 100/743  loss=0.2164  lr=5.02e-05
[05:12:34 INFO] Epoch 9/50  iter 150/743  loss=0.1641  lr=5.02e-05
[05:12:46 INFO] Epoch 9/50  iter 200/743  loss=0.1847  lr=5.01e-05
[05:12:59 INFO] Epoch 9/50  iter 250/743  loss=0.2149  lr=5.00e-05
[05:13:11 INFO] Epoch 9/50  iter 300/743  loss=0.1452  lr=4.99e-05
[05:13:23 INFO] Epoch 9/50  iter 350/743  loss=0.2514  lr=4.98e-05
[05:13:36 INFO] Epoch 9/50  iter 400/743  loss=0.2954  lr=4.98e-05
[05:13:48 INFO] Epoch 9/50  iter 450/743  loss=0.4569  lr=4.97e-05
[05:14:01 INFO] Epoch 9/50  iter 500/743  loss=0.2603  lr=4.96e-05
[05:14:13 INFO] Epoch 9/50  iter 550/743  loss=0.4503  lr=4.95e-05
[05:14:25 INFO] Epoch 9/50  iter 600/743  loss=0.1953  lr=4.94e-05
[05:14:38 INFO] Epoch 9/50  iter 650/743  loss=0.2082  lr=4.93e-05
[05:14:50 INFO] Epoch 9/50  iter 700/743  loss=0.2470  lr=4.93e-05
[05:15:01 INFO] Epoch 9 complete — avg_loss=0.2511  time=185s
[05:15:14 INFO] Epoch 10/50  iter 50/743  loss=0.1231  lr=4.91e-05
[05:15:27 INFO] Epoch 10/50  iter 100/743  loss=0.1826  lr=4.90e-05
[05:15:39 INFO] Epoch 10/50  iter 150/743  loss=0.2021  lr=4.90e-05
[05:15:51 INFO] Epoch 10/50  iter 200/743  loss=0.0477  lr=4.89e-05
[05:16:04 INFO] Epoch 10/50  iter 250/743  loss=0.3242  lr=4.88e-05
[05:16:16 INFO] Epoch 10/50  iter 300/743  loss=0.0907  lr=4.87e-05
[05:16:29 INFO] Epoch 10/50  iter 350/743  loss=0.4676  lr=4.86e-05
[05:16:41 INFO] Epoch 10/50  iter 400/743  loss=0.2107  lr=4.86e-05
[05:16:53 INFO] Epoch 10/50  iter 450/743  loss=0.1693  lr=4.85e-05
[05:17:06 INFO] Epoch 10/50  iter 500/743  loss=0.0999  lr=4.84e-05
[05:17:18 INFO] Epoch 10/50  iter 550/743  loss=0.1855  lr=4.83e-05
[05:17:30 INFO] Epoch 10/50  iter 600/743  loss=0.4410  lr=4.82e-05
[05:17:43 INFO] Epoch 10/50  iter 650/743  loss=0.3950  lr=4.81e-05
[05:17:55 INFO] Epoch 10/50  iter 700/743  loss=0.1981  lr=4.81e-05
[05:18:06 INFO] Epoch 10 complete — avg_loss=0.2346  time=184s
[05:19:01 INFO]   val mIoU = 0.6057
[05:19:02 INFO]   ★ New best val mIoU: 0.6057
[05:19:15 INFO] Epoch 11/50  iter 50/743  loss=0.4275  lr=4.79e-05
[05:19:27 INFO] Epoch 11/50  iter 100/743  loss=0.2085  lr=4.78e-05
[05:19:40 INFO] Epoch 11/50  iter 150/743  loss=0.4092  lr=4.78e-05
[05:19:52 INFO] Epoch 11/50  iter 200/743  loss=0.4328  lr=4.77e-05
[05:20:05 INFO] Epoch 11/50  iter 250/743  loss=0.3376  lr=4.76e-05
[05:20:17 INFO] Epoch 11/50  iter 300/743  loss=0.4407  lr=4.75e-05
[05:20:29 INFO] Epoch 11/50  iter 350/743  loss=0.1115  lr=4.74e-05
[05:20:42 INFO] Epoch 11/50  iter 400/743  loss=0.1549  lr=4.74e-05
[05:20:54 INFO] Epoch 11/50  iter 450/743  loss=0.2269  lr=4.73e-05
[05:21:06 INFO] Epoch 11/50  iter 500/743  loss=0.1473  lr=4.72e-05
[05:21:19 INFO] Epoch 11/50  iter 550/743  loss=0.5072  lr=4.71e-05
[05:21:31 INFO] Epoch 11/50  iter 600/743  loss=0.2704  lr=4.70e-05
[05:21:44 INFO] Epoch 11/50  iter 650/743  loss=0.2926  lr=4.69e-05
[05:21:56 INFO] Epoch 11/50  iter 700/743  loss=0.1260  lr=4.69e-05
[05:22:07 INFO] Epoch 11 complete — avg_loss=0.2242  time=184s
[05:22:20 INFO] Epoch 12/50  iter 50/743  loss=0.2635  lr=4.67e-05
[05:22:33 INFO] Epoch 12/50  iter 100/743  loss=0.1309  lr=4.66e-05
[05:22:45 INFO] Epoch 12/50  iter 150/743  loss=0.2606  lr=4.66e-05
[05:22:58 INFO] Epoch 12/50  iter 200/743  loss=0.2631  lr=4.65e-05
[05:23:10 INFO] Epoch 12/50  iter 250/743  loss=0.3612  lr=4.64e-05
[05:23:22 INFO] Epoch 12/50  iter 300/743  loss=0.1909  lr=4.63e-05
[05:23:35 INFO] Epoch 12/50  iter 350/743  loss=0.3125  lr=4.62e-05
[05:23:47 INFO] Epoch 12/50  iter 400/743  loss=0.4045  lr=4.62e-05
[05:23:59 INFO] Epoch 12/50  iter 450/743  loss=0.0731  lr=4.61e-05
[05:24:12 INFO] Epoch 12/50  iter 500/743  loss=0.1515  lr=4.60e-05
[05:24:24 INFO] Epoch 12/50  iter 550/743  loss=0.1778  lr=4.59e-05
[05:24:37 INFO] Epoch 12/50  iter 600/743  loss=0.1849  lr=4.58e-05
[05:24:49 INFO] Epoch 12/50  iter 650/743  loss=0.1331  lr=4.57e-05
[05:25:01 INFO] Epoch 12/50  iter 700/743  loss=0.1458  lr=4.57e-05
[05:25:12 INFO] Epoch 12 complete — avg_loss=0.2215  time=185s
[05:25:25 INFO] Epoch 13/50  iter 50/743  loss=0.1770  lr=4.55e-05
[05:25:38 INFO] Epoch 13/50  iter 100/743  loss=0.0624  lr=4.54e-05
[05:25:50 INFO] Epoch 13/50  iter 150/743  loss=0.2487  lr=4.54e-05
[05:26:03 INFO] Epoch 13/50  iter 200/743  loss=0.1203  lr=4.53e-05
[05:26:15 INFO] Epoch 13/50  iter 250/743  loss=0.1692  lr=4.52e-05
[05:26:27 INFO] Epoch 13/50  iter 300/743  loss=0.1826  lr=4.51e-05
[05:26:40 INFO] Epoch 13/50  iter 350/743  loss=0.1193  lr=4.50e-05
[05:26:52 INFO] Epoch 13/50  iter 400/743  loss=0.1403  lr=4.50e-05
[05:27:04 INFO] Epoch 13/50  iter 450/743  loss=0.4038  lr=4.49e-05
[05:27:17 INFO] Epoch 13/50  iter 500/743  loss=0.1293  lr=4.48e-05
[05:27:29 INFO] Epoch 13/50  iter 550/743  loss=0.1628  lr=4.47e-05
[05:27:42 INFO] Epoch 13/50  iter 600/743  loss=0.1484  lr=4.46e-05
[05:27:54 INFO] Epoch 13/50  iter 650/743  loss=0.1173  lr=4.45e-05
[05:28:06 INFO] Epoch 13/50  iter 700/743  loss=0.1492  lr=4.45e-05
[05:28:17 INFO] Epoch 13 complete — avg_loss=0.2228  time=184s
[05:28:31 INFO] Epoch 14/50  iter 50/743  loss=0.1128  lr=4.43e-05
[05:28:43 INFO] Epoch 14/50  iter 100/743  loss=0.2121  lr=4.42e-05
[05:28:56 INFO] Epoch 14/50  iter 150/743  loss=0.1382  lr=4.42e-05
[05:29:08 INFO] Epoch 14/50  iter 200/743  loss=0.1646  lr=4.41e-05
[05:29:20 INFO] Epoch 14/50  iter 250/743  loss=0.1848  lr=4.40e-05
[05:29:33 INFO] Epoch 14/50  iter 300/743  loss=0.2317  lr=4.39e-05
[05:29:45 INFO] Epoch 14/50  iter 350/743  loss=0.1460  lr=4.38e-05
[05:29:57 INFO] Epoch 14/50  iter 400/743  loss=0.6586  lr=4.38e-05
[05:30:10 INFO] Epoch 14/50  iter 450/743  loss=0.2288  lr=4.37e-05
[05:30:22 INFO] Epoch 14/50  iter 500/743  loss=0.1314  lr=4.36e-05
[05:30:35 INFO] Epoch 14/50  iter 550/743  loss=0.2636  lr=4.35e-05
[05:30:47 INFO] Epoch 14/50  iter 600/743  loss=0.2788  lr=4.34e-05
[05:30:59 INFO] Epoch 14/50  iter 650/743  loss=0.1587  lr=4.33e-05
[05:31:12 INFO] Epoch 14/50  iter 700/743  loss=0.2138  lr=4.33e-05
[05:31:22 INFO] Epoch 14 complete — avg_loss=0.2121  time=184s
[05:31:36 INFO] Epoch 15/50  iter 50/743  loss=0.2580  lr=4.31e-05
[05:31:48 INFO] Epoch 15/50  iter 100/743  loss=0.1690  lr=4.30e-05
[05:32:01 INFO] Epoch 15/50  iter 150/743  loss=0.2821  lr=4.30e-05
[05:32:13 INFO] Epoch 15/50  iter 200/743  loss=0.1568  lr=4.29e-05
[05:32:26 INFO] Epoch 15/50  iter 250/743  loss=0.2138  lr=4.28e-05
[05:32:38 INFO] Epoch 15/50  iter 300/743  loss=0.3101  lr=4.27e-05
[05:32:50 INFO] Epoch 15/50  iter 350/743  loss=0.1476  lr=4.26e-05
[05:33:03 INFO] Epoch 15/50  iter 400/743  loss=0.2807  lr=4.26e-05
[05:33:15 INFO] Epoch 15/50  iter 450/743  loss=0.1332  lr=4.25e-05
[05:33:27 INFO] Epoch 15/50  iter 500/743  loss=0.2307  lr=4.24e-05
[05:33:40 INFO] Epoch 15/50  iter 550/743  loss=0.2247  lr=4.23e-05
[05:33:52 INFO] Epoch 15/50  iter 600/743  loss=0.1687  lr=4.22e-05
[05:34:05 INFO] Epoch 15/50  iter 650/743  loss=0.1532  lr=4.21e-05
[05:34:17 INFO] Epoch 15/50  iter 700/743  loss=0.1026  lr=4.21e-05
[05:34:28 INFO] Epoch 15 complete — avg_loss=0.2153  time=185s
[05:35:22 INFO]   val mIoU = 0.6467
[05:35:23 INFO]   ★ New best val mIoU: 0.6467
[05:35:37 INFO] Epoch 16/50  iter 50/743  loss=0.1167  lr=4.19e-05
[05:35:49 INFO] Epoch 16/50  iter 100/743  loss=0.2173  lr=4.18e-05
[05:36:01 INFO] Epoch 16/50  iter 150/743  loss=0.1380  lr=4.18e-05
[05:36:14 INFO] Epoch 16/50  iter 200/743  loss=0.0981  lr=4.17e-05
[05:36:26 INFO] Epoch 16/50  iter 250/743  loss=0.1535  lr=4.16e-05
[05:36:39 INFO] Epoch 16/50  iter 300/743  loss=0.1274  lr=4.15e-05
[05:36:51 INFO] Epoch 16/50  iter 350/743  loss=0.3216  lr=4.14e-05
[05:37:03 INFO] Epoch 16/50  iter 400/743  loss=0.0777  lr=4.14e-05
[05:37:16 INFO] Epoch 16/50  iter 450/743  loss=0.1513  lr=4.13e-05
[05:37:28 INFO] Epoch 16/50  iter 500/743  loss=0.2216  lr=4.12e-05
[05:37:41 INFO] Epoch 16/50  iter 550/743  loss=0.1813  lr=4.11e-05
[05:37:53 INFO] Epoch 16/50  iter 600/743  loss=0.1964  lr=4.10e-05
[05:38:05 INFO] Epoch 16/50  iter 650/743  loss=0.1314  lr=4.09e-05
[05:38:18 INFO] Epoch 16/50  iter 700/743  loss=0.1687  lr=4.09e-05
[05:38:28 INFO] Epoch 16 complete — avg_loss=0.1990  time=185s
[05:38:42 INFO] Epoch 17/50  iter 50/743  loss=0.1067  lr=4.07e-05
[05:38:54 INFO] Epoch 17/50  iter 100/743  loss=0.1213  lr=4.06e-05
[05:39:07 INFO] Epoch 17/50  iter 150/743  loss=0.1495  lr=4.06e-05
[05:39:19 INFO] Epoch 17/50  iter 200/743  loss=0.0715  lr=4.05e-05
[05:39:32 INFO] Epoch 17/50  iter 250/743  loss=0.1194  lr=4.04e-05
[05:39:44 INFO] Epoch 17/50  iter 300/743  loss=0.1779  lr=4.03e-05
[05:39:56 INFO] Epoch 17/50  iter 350/743  loss=0.1195  lr=4.02e-05
[05:40:09 INFO] Epoch 17/50  iter 400/743  loss=0.1592  lr=4.02e-05
[05:40:21 INFO] Epoch 17/50  iter 450/743  loss=0.1879  lr=4.01e-05
[05:40:34 INFO] Epoch 17/50  iter 500/743  loss=0.1287  lr=4.00e-05
[05:40:46 INFO] Epoch 17/50  iter 550/743  loss=0.2731  lr=3.99e-05
[05:40:58 INFO] Epoch 17/50  iter 600/743  loss=0.1123  lr=3.98e-05
[05:41:11 INFO] Epoch 17/50  iter 650/743  loss=0.1045  lr=3.97e-05
[05:41:23 INFO] Epoch 17/50  iter 700/743  loss=0.0827  lr=3.97e-05
[05:41:34 INFO] Epoch 17 complete — avg_loss=0.1954  time=185s
[05:41:47 INFO] Epoch 18/50  iter 50/743  loss=0.1699  lr=3.95e-05
[05:42:00 INFO] Epoch 18/50  iter 100/743  loss=0.4817  lr=3.94e-05
[05:42:12 INFO] Epoch 18/50  iter 150/743  loss=0.2341  lr=3.94e-05
[05:42:24 INFO] Epoch 18/50  iter 200/743  loss=0.1966  lr=3.93e-05
[05:42:37 INFO] Epoch 18/50  iter 250/743  loss=0.1858  lr=3.92e-05
[05:42:49 INFO] Epoch 18/50  iter 300/743  loss=0.1958  lr=3.91e-05
[05:43:02 INFO] Epoch 18/50  iter 350/743  loss=0.2345  lr=3.90e-05
[05:43:14 INFO] Epoch 18/50  iter 400/743  loss=0.1926  lr=3.90e-05
[05:43:26 INFO] Epoch 18/50  iter 450/743  loss=0.0812  lr=3.89e-05
[05:43:39 INFO] Epoch 18/50  iter 500/743  loss=0.0820  lr=3.88e-05
[05:43:51 INFO] Epoch 18/50  iter 550/743  loss=0.0968  lr=3.87e-05
[05:44:03 INFO] Epoch 18/50  iter 600/743  loss=0.2535  lr=3.86e-05
[05:44:16 INFO] Epoch 18/50  iter 650/743  loss=0.1735  lr=3.85e-05
[05:44:28 INFO] Epoch 18/50  iter 700/743  loss=0.2569  lr=3.85e-05
[05:44:39 INFO] Epoch 18 complete — avg_loss=0.1893  time=185s
[05:44:53 INFO] Epoch 19/50  iter 50/743  loss=0.2436  lr=3.83e-05
[05:45:05 INFO] Epoch 19/50  iter 100/743  loss=0.1452  lr=3.82e-05
[05:45:17 INFO] Epoch 19/50  iter 150/743  loss=0.1422  lr=3.82e-05
[05:45:30 INFO] Epoch 19/50  iter 200/743  loss=0.1313  lr=3.81e-05
[05:45:42 INFO] Epoch 19/50  iter 250/743  loss=0.1541  lr=3.80e-05
[05:45:55 INFO] Epoch 19/50  iter 300/743  loss=0.0999  lr=3.79e-05
[05:46:07 INFO] Epoch 19/50  iter 350/743  loss=0.1457  lr=3.78e-05
[05:46:19 INFO] Epoch 19/50  iter 400/743  loss=0.1308  lr=3.78e-05
[05:46:32 INFO] Epoch 19/50  iter 450/743  loss=0.1905  lr=3.77e-05
[05:46:44 INFO] Epoch 19/50  iter 500/743  loss=0.0965  lr=3.76e-05
[05:46:56 INFO] Epoch 19/50  iter 550/743  loss=0.2237  lr=3.75e-05
[05:47:09 INFO] Epoch 19/50  iter 600/743  loss=0.3156  lr=3.74e-05
[05:47:21 INFO] Epoch 19/50  iter 650/743  loss=0.1303  lr=3.73e-05
[05:47:34 INFO] Epoch 19/50  iter 700/743  loss=0.1514  lr=3.73e-05
[05:47:44 INFO] Epoch 19 complete — avg_loss=0.1918  time=185s
[05:47:58 INFO] Epoch 20/50  iter 50/743  loss=0.2158  lr=3.71e-05
[05:48:10 INFO] Epoch 20/50  iter 100/743  loss=0.1219  lr=3.70e-05
[05:48:22 INFO] Epoch 20/50  iter 150/743  loss=0.1171  lr=3.70e-05
[05:48:35 INFO] Epoch 20/50  iter 200/743  loss=0.1866  lr=3.69e-05
[05:48:47 INFO] Epoch 20/50  iter 250/743  loss=0.1604  lr=3.68e-05
[05:49:00 INFO] Epoch 20/50  iter 300/743  loss=0.0890  lr=3.67e-05
[05:49:12 INFO] Epoch 20/50  iter 350/743  loss=0.0985  lr=3.66e-05
[05:49:24 INFO] Epoch 20/50  iter 400/743  loss=0.1062  lr=3.66e-05
[05:49:37 INFO] Epoch 20/50  iter 450/743  loss=0.2901  lr=3.65e-05
[05:49:49 INFO] Epoch 20/50  iter 500/743  loss=0.2072  lr=3.64e-05
[05:50:02 INFO] Epoch 20/50  iter 550/743  loss=0.2272  lr=3.63e-05
[05:50:14 INFO] Epoch 20/50  iter 600/743  loss=0.0826  lr=3.62e-05
[05:50:26 INFO] Epoch 20/50  iter 650/743  loss=0.1603  lr=3.61e-05
[05:50:39 INFO] Epoch 20/50  iter 700/743  loss=0.1654  lr=3.61e-05
[05:50:49 INFO] Epoch 20 complete — avg_loss=0.1874  time=185s
[05:51:42 INFO]   val mIoU = 0.6622
[05:51:43 INFO]   ★ New best val mIoU: 0.6622
[05:51:57 INFO] Epoch 21/50  iter 50/743  loss=0.1381  lr=3.59e-05
[05:52:09 INFO] Epoch 21/50  iter 100/743  loss=0.1332  lr=3.58e-05
[05:52:22 INFO] Epoch 21/50  iter 150/743  loss=0.2387  lr=3.58e-05
[05:52:34 INFO] Epoch 21/50  iter 200/743  loss=1.4225  lr=3.57e-05
[05:52:46 INFO] Epoch 21/50  iter 250/743  loss=0.1802  lr=3.56e-05
[05:52:59 INFO] Epoch 21/50  iter 300/743  loss=0.1323  lr=3.55e-05
[05:53:11 INFO] Epoch 21/50  iter 350/743  loss=0.0842  lr=3.54e-05
[05:53:23 INFO] Epoch 21/50  iter 400/743  loss=0.1882  lr=3.54e-05
[05:53:36 INFO] Epoch 21/50  iter 450/743  loss=0.1523  lr=3.53e-05
[05:53:48 INFO] Epoch 21/50  iter 500/743  loss=0.1099  lr=3.52e-05
[05:54:01 INFO] Epoch 21/50  iter 550/743  loss=0.1119  lr=3.51e-05
[05:54:13 INFO] Epoch 21/50  iter 600/743  loss=0.1503  lr=3.50e-05
[05:54:25 INFO] Epoch 21/50  iter 650/743  loss=0.2409  lr=3.49e-05
[05:54:38 INFO] Epoch 21/50  iter 700/743  loss=0.1245  lr=3.49e-05
[05:54:48 INFO] Epoch 21 complete — avg_loss=0.1778  time=184s
[05:55:02 INFO] Epoch 22/50  iter 50/743  loss=0.1401  lr=3.47e-05
[05:55:14 INFO] Epoch 22/50  iter 100/743  loss=0.0997  lr=3.46e-05
[05:55:27 INFO] Epoch 22/50  iter 150/743  loss=0.0898  lr=3.46e-05
[05:55:39 INFO] Epoch 22/50  iter 200/743  loss=0.2412  lr=3.45e-05
[05:55:52 INFO] Epoch 22/50  iter 250/743  loss=0.2030  lr=3.44e-05
[05:56:04 INFO] Epoch 22/50  iter 300/743  loss=0.1699  lr=3.43e-05
[05:56:16 INFO] Epoch 22/50  iter 350/743  loss=0.1715  lr=3.42e-05
[05:56:29 INFO] Epoch 22/50  iter 400/743  loss=0.1514  lr=3.42e-05
[05:56:41 INFO] Epoch 22/50  iter 450/743  loss=0.2103  lr=3.41e-05
[05:56:53 INFO] Epoch 22/50  iter 500/743  loss=0.1480  lr=3.40e-05
[05:57:06 INFO] Epoch 22/50  iter 550/743  loss=0.1288  lr=3.39e-05
[05:57:18 INFO] Epoch 22/50  iter 600/743  loss=0.1222  lr=3.38e-05
[05:57:31 INFO] Epoch 22/50  iter 650/743  loss=0.2215  lr=3.37e-05
[05:57:43 INFO] Epoch 22/50  iter 700/743  loss=0.2166  lr=3.37e-05
[05:57:54 INFO] Epoch 22 complete — avg_loss=0.1760  time=185s
[05:58:07 INFO] Epoch 23/50  iter 50/743  loss=0.1253  lr=3.35e-05
[05:58:20 INFO] Epoch 23/50  iter 100/743  loss=0.1057  lr=3.34e-05
[05:58:32 INFO] Epoch 23/50  iter 150/743  loss=0.3456  lr=3.34e-05
[05:58:44 INFO] Epoch 23/50  iter 200/743  loss=0.1321  lr=3.33e-05
[05:58:57 INFO] Epoch 23/50  iter 250/743  loss=0.2453  lr=3.32e-05
[05:59:09 INFO] Epoch 23/50  iter 300/743  loss=0.1141  lr=3.31e-05
[05:59:21 INFO] Epoch 23/50  iter 350/743  loss=0.0270  lr=3.30e-05
[05:59:34 INFO] Epoch 23/50  iter 400/743  loss=0.1568  lr=3.30e-05
[05:59:46 INFO] Epoch 23/50  iter 450/743  loss=0.1681  lr=3.29e-05
[05:59:59 INFO] Epoch 23/50  iter 500/743  loss=0.1616  lr=3.28e-05
[06:00:11 INFO] Epoch 23/50  iter 550/743  loss=0.1394  lr=3.27e-05
[06:00:23 INFO] Epoch 23/50  iter 600/743  loss=0.1140  lr=3.26e-05
[06:00:36 INFO] Epoch 23/50  iter 650/743  loss=0.1873  lr=3.25e-05
[06:00:48 INFO] Epoch 23/50  iter 700/743  loss=0.0754  lr=3.25e-05
[06:00:59 INFO] Epoch 23 complete — avg_loss=0.1690  time=185s
[06:01:12 INFO] Epoch 24/50  iter 50/743  loss=0.0898  lr=3.23e-05
[06:01:25 INFO] Epoch 24/50  iter 100/743  loss=0.1828  lr=3.22e-05
[06:01:37 INFO] Epoch 24/50  iter 150/743  loss=0.1423  lr=3.22e-05
[06:01:49 INFO] Epoch 24/50  iter 200/743  loss=0.0920  lr=3.21e-05
[06:02:02 INFO] Epoch 24/50  iter 250/743  loss=0.0663  lr=3.20e-05
[06:02:14 INFO] Epoch 24/50  iter 300/743  loss=0.1380  lr=3.19e-05
[06:02:27 INFO] Epoch 24/50  iter 350/743  loss=0.0916  lr=3.18e-05
[06:02:39 INFO] Epoch 24/50  iter 400/743  loss=0.2136  lr=3.18e-05
[06:02:51 INFO] Epoch 24/50  iter 450/743  loss=0.0931  lr=3.17e-05
[06:03:04 INFO] Epoch 24/50  iter 500/743  loss=0.1246  lr=3.16e-05
[06:03:16 INFO] Epoch 24/50  iter 550/743  loss=0.1518  lr=3.15e-05
[06:03:28 INFO] Epoch 24/50  iter 600/743  loss=0.1066  lr=3.14e-05
[06:03:41 INFO] Epoch 24/50  iter 650/743  loss=0.1959  lr=3.13e-05
[06:03:53 INFO] Epoch 24/50  iter 700/743  loss=0.0969  lr=3.13e-05
[06:04:04 INFO] Epoch 24 complete — avg_loss=0.1687  time=184s
[06:04:18 INFO] Epoch 25/50  iter 50/743  loss=0.0907  lr=3.11e-05
[06:04:30 INFO] Epoch 25/50  iter 100/743  loss=0.2036  lr=3.10e-05
[06:04:42 INFO] Epoch 25/50  iter 150/743  loss=0.1170  lr=3.10e-05
[06:04:55 INFO] Epoch 25/50  iter 200/743  loss=0.1105  lr=3.09e-05
[06:05:07 INFO] Epoch 25/50  iter 250/743  loss=0.1606  lr=3.08e-05
[06:05:19 INFO] Epoch 25/50  iter 300/743  loss=0.1342  lr=3.07e-05
[06:05:32 INFO] Epoch 25/50  iter 350/743  loss=0.1949  lr=3.06e-05
[06:05:44 INFO] Epoch 25/50  iter 400/743  loss=0.0636  lr=3.06e-05
[06:05:57 INFO] Epoch 25/50  iter 450/743  loss=0.4174  lr=3.05e-05
[06:06:09 INFO] Epoch 25/50  iter 500/743  loss=0.1496  lr=3.04e-05
[06:06:21 INFO] Epoch 25/50  iter 550/743  loss=0.2777  lr=3.03e-05
[06:06:34 INFO] Epoch 25/50  iter 600/743  loss=0.1588  lr=3.02e-05
[06:06:46 INFO] Epoch 25/50  iter 650/743  loss=0.1199  lr=3.01e-05
[06:06:58 INFO] Epoch 25/50  iter 700/743  loss=0.1367  lr=3.01e-05
[06:07:09 INFO] Epoch 25 complete — avg_loss=0.1685  time=185s
[06:08:03 INFO]   val mIoU = 0.6897
[06:08:04 INFO]   ★ New best val mIoU: 0.6897
[06:08:18 INFO] Epoch 26/50  iter 50/743  loss=0.1638  lr=2.99e-05
[06:08:30 INFO] Epoch 26/50  iter 100/743  loss=0.1065  lr=2.98e-05
[06:08:43 INFO] Epoch 26/50  iter 150/743  loss=0.1849  lr=2.98e-05
[06:08:55 INFO] Epoch 26/50  iter 200/743  loss=0.0906  lr=2.97e-05
[06:09:07 INFO] Epoch 26/50  iter 250/743  loss=0.1270  lr=2.96e-05
[06:09:20 INFO] Epoch 26/50  iter 300/743  loss=0.2177  lr=2.95e-05
[06:09:32 INFO] Epoch 26/50  iter 350/743  loss=0.0878  lr=2.94e-05
[06:09:44 INFO] Epoch 26/50  iter 400/743  loss=0.0866  lr=2.94e-05
[06:09:57 INFO] Epoch 26/50  iter 450/743  loss=0.0895  lr=2.93e-05
[06:10:09 INFO] Epoch 26/50  iter 500/743  loss=0.2004  lr=2.92e-05
[06:10:22 INFO] Epoch 26/50  iter 550/743  loss=0.2026  lr=2.91e-05
[06:10:34 INFO] Epoch 26/50  iter 600/743  loss=0.0811  lr=2.90e-05
[06:10:46 INFO] Epoch 26/50  iter 650/743  loss=0.0988  lr=2.89e-05
[06:10:59 INFO] Epoch 26/50  iter 700/743  loss=0.1649  lr=2.89e-05
[06:11:09 INFO] Epoch 26 complete — avg_loss=0.1655  time=184s
[06:11:23 INFO] Epoch 27/50  iter 50/743  loss=0.0955  lr=2.87e-05
[06:11:35 INFO] Epoch 27/50  iter 100/743  loss=0.1146  lr=2.86e-05
[06:11:48 INFO] Epoch 27/50  iter 150/743  loss=0.0954  lr=2.86e-05
[06:12:00 INFO] Epoch 27/50  iter 200/743  loss=0.0793  lr=2.85e-05
[06:12:13 INFO] Epoch 27/50  iter 250/743  loss=0.1949  lr=2.84e-05
[06:12:25 INFO] Epoch 27/50  iter 300/743  loss=0.1099  lr=2.83e-05
[06:12:37 INFO] Epoch 27/50  iter 350/743  loss=0.1075  lr=2.82e-05
[06:12:50 INFO] Epoch 27/50  iter 400/743  loss=0.1184  lr=2.82e-05
[06:13:02 INFO] Epoch 27/50  iter 450/743  loss=0.1514  lr=2.81e-05
[06:13:14 INFO] Epoch 27/50  iter 500/743  loss=0.0977  lr=2.80e-05
[06:13:27 INFO] Epoch 27/50  iter 550/743  loss=0.1296  lr=2.79e-05
[06:13:39 INFO] Epoch 27/50  iter 600/743  loss=0.1593  lr=2.78e-05
[06:13:52 INFO] Epoch 27/50  iter 650/743  loss=0.0739  lr=2.77e-05
[06:14:04 INFO] Epoch 27/50  iter 700/743  loss=0.1944  lr=2.77e-05
[06:14:15 INFO] Epoch 27 complete — avg_loss=0.1616  time=185s
[06:14:29 INFO] Epoch 28/50  iter 50/743  loss=0.1284  lr=2.75e-05
[06:14:41 INFO] Epoch 28/50  iter 100/743  loss=0.2103  lr=2.74e-05
[06:14:53 INFO] Epoch 28/50  iter 150/743  loss=0.0913  lr=2.74e-05
[06:15:06 INFO] Epoch 28/50  iter 200/743  loss=0.0782  lr=2.73e-05
[06:15:18 INFO] Epoch 28/50  iter 250/743  loss=0.0709  lr=2.72e-05
[06:15:30 INFO] Epoch 28/50  iter 300/743  loss=0.1476  lr=2.71e-05
[06:15:43 INFO] Epoch 28/50  iter 350/743  loss=0.1443  lr=2.70e-05
[06:15:55 INFO] Epoch 28/50  iter 400/743  loss=0.1069  lr=2.70e-05
[06:16:08 INFO] Epoch 28/50  iter 450/743  loss=0.0724  lr=2.69e-05
[06:16:20 INFO] Epoch 28/50  iter 500/743  loss=0.1820  lr=2.68e-05
[06:16:32 INFO] Epoch 28/50  iter 550/743  loss=0.0659  lr=2.67e-05
[06:16:45 INFO] Epoch 28/50  iter 600/743  loss=0.1176  lr=2.66e-05
[06:16:57 INFO] Epoch 28/50  iter 650/743  loss=0.2011  lr=2.65e-05
[06:17:10 INFO] Epoch 28/50  iter 700/743  loss=0.2475  lr=2.65e-05
[06:17:20 INFO] Epoch 28 complete — avg_loss=0.1722  time=185s
[06:17:34 INFO] Epoch 29/50  iter 50/743  loss=0.1332  lr=2.63e-05
[06:17:46 INFO] Epoch 29/50  iter 100/743  loss=0.3997  lr=2.62e-05
[06:17:59 INFO] Epoch 29/50  iter 150/743  loss=0.1652  lr=2.62e-05
[06:18:11 INFO] Epoch 29/50  iter 200/743  loss=0.2198  lr=2.61e-05
[06:18:23 INFO] Epoch 29/50  iter 250/743  loss=0.1016  lr=2.60e-05
[06:18:36 INFO] Epoch 29/50  iter 300/743  loss=0.1183  lr=2.59e-05
[06:18:48 INFO] Epoch 29/50  iter 350/743  loss=0.1590  lr=2.58e-05
[06:19:01 INFO] Epoch 29/50  iter 400/743  loss=0.1363  lr=2.58e-05
[06:19:13 INFO] Epoch 29/50  iter 450/743  loss=0.4604  lr=2.57e-05
[06:19:25 INFO] Epoch 29/50  iter 500/743  loss=0.1571  lr=2.56e-05
[06:19:38 INFO] Epoch 29/50  iter 550/743  loss=0.1134  lr=2.55e-05
[06:19:50 INFO] Epoch 29/50  iter 600/743  loss=0.2456  lr=2.54e-05
[06:20:03 INFO] Epoch 29/50  iter 650/743  loss=0.9526  lr=2.53e-05
[06:20:15 INFO] Epoch 29/50  iter 700/743  loss=0.1798  lr=2.53e-05
[06:20:26 INFO] Epoch 29 complete — avg_loss=0.1590  time=185s
[06:20:39 INFO] Epoch 30/50  iter 50/743  loss=0.0756  lr=2.51e-05
[06:20:52 INFO] Epoch 30/50  iter 100/743  loss=0.1832  lr=2.50e-05
[06:21:04 INFO] Epoch 30/50  iter 150/743  loss=0.1154  lr=2.50e-05
[06:21:16 INFO] Epoch 30/50  iter 200/743  loss=0.2656  lr=2.49e-05
[06:21:29 INFO] Epoch 30/50  iter 250/743  loss=0.1303  lr=2.48e-05
[06:21:41 INFO] Epoch 30/50  iter 300/743  loss=0.2178  lr=2.47e-05
[06:21:54 INFO] Epoch 30/50  iter 350/743  loss=0.1919  lr=2.46e-05
[06:22:06 INFO] Epoch 30/50  iter 400/743  loss=0.1566  lr=2.46e-05
[06:22:18 INFO] Epoch 30/50  iter 450/743  loss=0.2384  lr=2.45e-05
[06:22:31 INFO] Epoch 30/50  iter 500/743  loss=0.1457  lr=2.44e-05
[06:22:43 INFO] Epoch 30/50  iter 550/743  loss=0.1691  lr=2.43e-05
[06:22:56 INFO] Epoch 30/50  iter 600/743  loss=0.1235  lr=2.42e-05
[06:23:08 INFO] Epoch 30/50  iter 650/743  loss=0.2027  lr=2.41e-05
[06:23:20 INFO] Epoch 30/50  iter 700/743  loss=0.1409  lr=2.41e-05
[06:23:31 INFO] Epoch 30 complete — avg_loss=0.1556  time=185s
[06:24:25 INFO]   val mIoU = 0.6914
[06:24:26 INFO]   ★ New best val mIoU: 0.6914
[06:24:39 INFO] Epoch 31/50  iter 50/743  loss=0.0936  lr=2.39e-05
[06:24:52 INFO] Epoch 31/50  iter 100/743  loss=0.1614  lr=2.38e-05
[06:25:04 INFO] Epoch 31/50  iter 150/743  loss=0.1673  lr=2.38e-05
[06:25:16 INFO] Epoch 31/50  iter 200/743  loss=0.2248  lr=2.37e-05
[06:25:29 INFO] Epoch 31/50  iter 250/743  loss=0.1204  lr=2.36e-05
[06:25:41 INFO] Epoch 31/50  iter 300/743  loss=0.4981  lr=2.35e-05
[06:25:54 INFO] Epoch 31/50  iter 350/743  loss=0.0733  lr=2.34e-05
[06:26:06 INFO] Epoch 31/50  iter 400/743  loss=0.1939  lr=2.34e-05
[06:26:18 INFO] Epoch 31/50  iter 450/743  loss=0.1391  lr=2.33e-05
[06:26:31 INFO] Epoch 31/50  iter 500/743  loss=0.1891  lr=2.32e-05
[06:26:43 INFO] Epoch 31/50  iter 550/743  loss=0.1901  lr=2.31e-05
[06:26:56 INFO] Epoch 31/50  iter 600/743  loss=0.0621  lr=2.30e-05
[06:27:08 INFO] Epoch 31/50  iter 650/743  loss=0.1777  lr=2.29e-05
[06:27:20 INFO] Epoch 31/50  iter 700/743  loss=0.0825  lr=2.29e-05
[06:27:31 INFO] Epoch 31 complete — avg_loss=0.1521  time=184s
[06:27:45 INFO] Epoch 32/50  iter 50/743  loss=0.0775  lr=2.27e-05
[06:27:57 INFO] Epoch 32/50  iter 100/743  loss=0.1917  lr=2.26e-05
[06:28:09 INFO] Epoch 32/50  iter 150/743  loss=0.1734  lr=2.26e-05
[06:28:22 INFO] Epoch 32/50  iter 200/743  loss=0.1880  lr=2.25e-05
[06:28:34 INFO] Epoch 32/50  iter 250/743  loss=0.1507  lr=2.24e-05
[06:28:47 INFO] Epoch 32/50  iter 300/743  loss=0.1276  lr=2.23e-05
[06:28:59 INFO] Epoch 32/50  iter 350/743  loss=0.0847  lr=2.22e-05
[06:29:11 INFO] Epoch 32/50  iter 400/743  loss=0.2665  lr=2.22e-05
[06:29:24 INFO] Epoch 32/50  iter 450/743  loss=0.0650  lr=2.21e-05
[06:29:36 INFO] Epoch 32/50  iter 500/743  loss=0.0814  lr=2.20e-05
[06:29:49 INFO] Epoch 32/50  iter 550/743  loss=0.1558  lr=2.19e-05
[06:30:01 INFO] Epoch 32/50  iter 600/743  loss=0.2936  lr=2.18e-05
[06:30:13 INFO] Epoch 32/50  iter 650/743  loss=0.1300  lr=2.17e-05
[06:30:26 INFO] Epoch 32/50  iter 700/743  loss=0.0868  lr=2.17e-05
[06:30:36 INFO] Epoch 32 complete — avg_loss=0.1492  time=185s
[06:30:50 INFO] Epoch 33/50  iter 50/743  loss=0.2009  lr=2.15e-05
[06:31:02 INFO] Epoch 33/50  iter 100/743  loss=0.2258  lr=2.14e-05
[06:31:15 INFO] Epoch 33/50  iter 150/743  loss=0.1187  lr=2.14e-05
[06:31:27 INFO] Epoch 33/50  iter 200/743  loss=0.1036  lr=2.13e-05
[06:31:39 INFO] Epoch 33/50  iter 250/743  loss=0.0867  lr=2.12e-05
[06:31:52 INFO] Epoch 33/50  iter 300/743  loss=0.1442  lr=2.11e-05
[06:32:04 INFO] Epoch 33/50  iter 350/743  loss=0.0893  lr=2.10e-05
[06:32:17 INFO] Epoch 33/50  iter 400/743  loss=0.1424  lr=2.10e-05
[06:32:29 INFO] Epoch 33/50  iter 450/743  loss=0.2773  lr=2.09e-05
[06:32:41 INFO] Epoch 33/50  iter 500/743  loss=0.1721  lr=2.08e-05
[06:32:54 INFO] Epoch 33/50  iter 550/743  loss=0.1392  lr=2.07e-05
[06:33:06 INFO] Epoch 33/50  iter 600/743  loss=0.1711  lr=2.06e-05
[06:33:18 INFO] Epoch 33/50  iter 650/743  loss=0.3052  lr=2.05e-05
[06:33:31 INFO] Epoch 33/50  iter 700/743  loss=0.1890  lr=2.05e-05
[06:33:42 INFO] Epoch 33 complete — avg_loss=0.1483  time=185s
[06:33:55 INFO] Epoch 34/50  iter 50/743  loss=0.1626  lr=2.03e-05
[06:34:07 INFO] Epoch 34/50  iter 100/743  loss=0.1345  lr=2.02e-05
[06:34:20 INFO] Epoch 34/50  iter 150/743  loss=0.6158  lr=2.02e-05
[06:34:32 INFO] Epoch 34/50  iter 200/743  loss=0.1102  lr=2.01e-05
[06:34:45 INFO] Epoch 34/50  iter 250/743  loss=0.0895  lr=2.00e-05
[06:34:57 INFO] Epoch 34/50  iter 300/743  loss=0.0831  lr=1.99e-05
[06:35:09 INFO] Epoch 34/50  iter 350/743  loss=0.1092  lr=1.98e-05
[06:35:22 INFO] Epoch 34/50  iter 400/743  loss=0.0923  lr=1.98e-05
[06:35:34 INFO] Epoch 34/50  iter 450/743  loss=0.1240  lr=1.97e-05
[06:35:46 INFO] Epoch 34/50  iter 500/743  loss=0.1513  lr=1.96e-05
[06:35:59 INFO] Epoch 34/50  iter 550/743  loss=0.1756  lr=1.95e-05
[06:36:11 INFO] Epoch 34/50  iter 600/743  loss=0.2183  lr=1.94e-05
[06:36:24 INFO] Epoch 34/50  iter 650/743  loss=0.2547  lr=1.93e-05
[06:36:36 INFO] Epoch 34/50  iter 700/743  loss=0.1046  lr=1.93e-05
[06:36:47 INFO] Epoch 34 complete — avg_loss=0.1544  time=185s
[06:37:00 INFO] Epoch 35/50  iter 50/743  loss=0.1653  lr=1.91e-05
[06:37:13 INFO] Epoch 35/50  iter 100/743  loss=0.1272  lr=1.90e-05
[06:37:25 INFO] Epoch 35/50  iter 150/743  loss=0.0867  lr=1.90e-05
[06:37:37 INFO] Epoch 35/50  iter 200/743  loss=0.1509  lr=1.89e-05
[06:37:50 INFO] Epoch 35/50  iter 250/743  loss=0.0587  lr=1.88e-05
[06:38:02 INFO] Epoch 35/50  iter 300/743  loss=0.1214  lr=1.87e-05
[06:38:14 INFO] Epoch 35/50  iter 350/743  loss=0.1905  lr=1.86e-05
[06:38:27 INFO] Epoch 35/50  iter 400/743  loss=0.1608  lr=1.86e-05
[06:38:39 INFO] Epoch 35/50  iter 450/743  loss=0.1080  lr=1.85e-05
[06:38:52 INFO] Epoch 35/50  iter 500/743  loss=0.1431  lr=1.84e-05
[06:39:04 INFO] Epoch 35/50  iter 550/743  loss=0.0981  lr=1.83e-05
[06:39:16 INFO] Epoch 35/50  iter 600/743  loss=0.1395  lr=1.82e-05
[06:39:29 INFO] Epoch 35/50  iter 650/743  loss=0.0493  lr=1.81e-05
[06:39:41 INFO] Epoch 35/50  iter 700/743  loss=0.1458  lr=1.81e-05
[06:39:52 INFO] Epoch 35 complete — avg_loss=0.1475  time=185s
[06:40:46 INFO]   val mIoU = 0.6936
[06:40:47 INFO]   ★ New best val mIoU: 0.6936
[06:41:01 INFO] Epoch 36/50  iter 50/743  loss=0.0773  lr=1.79e-05
[06:41:13 INFO] Epoch 36/50  iter 100/743  loss=0.0568  lr=1.78e-05
[06:41:26 INFO] Epoch 36/50  iter 150/743  loss=0.3304  lr=1.78e-05
[06:41:38 INFO] Epoch 36/50  iter 200/743  loss=0.1099  lr=1.77e-05
[06:41:50 INFO] Epoch 36/50  iter 250/743  loss=0.1737  lr=1.76e-05
[06:42:03 INFO] Epoch 36/50  iter 300/743  loss=0.0989  lr=1.75e-05
[06:42:15 INFO] Epoch 36/50  iter 350/743  loss=0.1268  lr=1.74e-05
[06:42:28 INFO] Epoch 36/50  iter 400/743  loss=0.1790  lr=1.74e-05
[06:42:40 INFO] Epoch 36/50  iter 450/743  loss=0.1587  lr=1.73e-05
[06:42:52 INFO] Epoch 36/50  iter 500/743  loss=0.1324  lr=1.72e-05
[06:43:05 INFO] Epoch 36/50  iter 550/743  loss=0.1436  lr=1.71e-05
[06:43:17 INFO] Epoch 36/50  iter 600/743  loss=0.1005  lr=1.70e-05
[06:43:29 INFO] Epoch 36/50  iter 650/743  loss=0.1132  lr=1.69e-05
[06:43:42 INFO] Epoch 36/50  iter 700/743  loss=0.1392  lr=1.69e-05
[06:43:52 INFO] Epoch 36 complete — avg_loss=0.1463  time=184s
[06:44:06 INFO] Epoch 37/50  iter 50/743  loss=0.1809  lr=1.67e-05
[06:44:18 INFO] Epoch 37/50  iter 100/743  loss=0.2150  lr=1.66e-05
[06:44:31 INFO] Epoch 37/50  iter 150/743  loss=0.1206  lr=1.66e-05
[06:44:43 INFO] Epoch 37/50  iter 200/743  loss=0.0950  lr=1.65e-05
[06:44:55 INFO] Epoch 37/50  iter 250/743  loss=0.1263  lr=1.64e-05
[06:45:08 INFO] Epoch 37/50  iter 300/743  loss=0.1147  lr=1.63e-05
[06:45:20 INFO] Epoch 37/50  iter 350/743  loss=0.1657  lr=1.62e-05
[06:45:33 INFO] Epoch 37/50  iter 400/743  loss=0.0928  lr=1.62e-05
[06:45:45 INFO] Epoch 37/50  iter 450/743  loss=0.0887  lr=1.61e-05
[06:45:57 INFO] Epoch 37/50  iter 500/743  loss=0.2907  lr=1.60e-05
[06:46:10 INFO] Epoch 37/50  iter 550/743  loss=0.0771  lr=1.59e-05
[06:46:22 INFO] Epoch 37/50  iter 600/743  loss=0.0721  lr=1.58e-05
[06:46:34 INFO] Epoch 37/50  iter 650/743  loss=0.1895  lr=1.57e-05
[06:46:47 INFO] Epoch 37/50  iter 700/743  loss=0.1514  lr=1.57e-05
[06:46:58 INFO] Epoch 37 complete — avg_loss=0.1431  time=184s
[06:47:11 INFO] Epoch 38/50  iter 50/743  loss=0.1690  lr=1.55e-05
[06:47:23 INFO] Epoch 38/50  iter 100/743  loss=0.2300  lr=1.54e-05
[06:47:36 INFO] Epoch 38/50  iter 150/743  loss=0.1415  lr=1.54e-05
[06:47:48 INFO] Epoch 38/50  iter 200/743  loss=0.0587  lr=1.53e-05
[06:48:01 INFO] Epoch 38/50  iter 250/743  loss=0.1422  lr=1.52e-05
[06:48:13 INFO] Epoch 38/50  iter 300/743  loss=0.1223  lr=1.51e-05
[06:48:25 INFO] Epoch 38/50  iter 350/743  loss=0.1400  lr=1.50e-05
[06:48:38 INFO] Epoch 38/50  iter 400/743  loss=0.1542  lr=1.50e-05
[06:48:50 INFO] Epoch 38/50  iter 450/743  loss=0.1722  lr=1.49e-05
[06:49:02 INFO] Epoch 38/50  iter 500/743  loss=0.0724  lr=1.48e-05
[06:49:15 INFO] Epoch 38/50  iter 550/743  loss=0.0650  lr=1.47e-05
[06:49:27 INFO] Epoch 38/50  iter 600/743  loss=0.1349  lr=1.46e-05
[06:49:40 INFO] Epoch 38/50  iter 650/743  loss=0.1476  lr=1.45e-05
[06:49:52 INFO] Epoch 38/50  iter 700/743  loss=0.0836  lr=1.45e-05
[06:50:03 INFO] Epoch 38 complete — avg_loss=0.1377  time=184s
[06:50:16 INFO] Epoch 39/50  iter 50/743  loss=0.4135  lr=1.43e-05
[06:50:28 INFO] Epoch 39/50  iter 100/743  loss=0.1662  lr=1.42e-05
[06:50:41 INFO] Epoch 39/50  iter 150/743  loss=0.0969  lr=1.42e-05
[06:50:53 INFO] Epoch 39/50  iter 200/743  loss=0.1736  lr=1.41e-05
[06:51:06 INFO] Epoch 39/50  iter 250/743  loss=0.1159  lr=1.40e-05
[06:51:18 INFO] Epoch 39/50  iter 300/743  loss=0.0912  lr=1.39e-05
[06:51:30 INFO] Epoch 39/50  iter 350/743  loss=0.2322  lr=1.38e-05
[06:51:43 INFO] Epoch 39/50  iter 400/743  loss=0.2774  lr=1.38e-05
[06:51:55 INFO] Epoch 39/50  iter 450/743  loss=0.1137  lr=1.37e-05
[06:52:07 INFO] Epoch 39/50  iter 500/743  loss=0.0904  lr=1.36e-05
[06:52:20 INFO] Epoch 39/50  iter 550/743  loss=0.2036  lr=1.35e-05
[06:52:32 INFO] Epoch 39/50  iter 600/743  loss=0.1121  lr=1.34e-05
[06:52:45 INFO] Epoch 39/50  iter 650/743  loss=0.1047  lr=1.33e-05
[06:52:57 INFO] Epoch 39/50  iter 700/743  loss=0.1049  lr=1.33e-05
[06:53:08 INFO] Epoch 39 complete — avg_loss=0.1391  time=184s
[06:53:21 INFO] Epoch 40/50  iter 50/743  loss=0.0629  lr=1.31e-05
[06:53:34 INFO] Epoch 40/50  iter 100/743  loss=0.2387  lr=1.30e-05
[06:53:46 INFO] Epoch 40/50  iter 150/743  loss=0.1611  lr=1.30e-05
[06:53:58 INFO] Epoch 40/50  iter 200/743  loss=0.0566  lr=1.29e-05
[06:54:11 INFO] Epoch 40/50  iter 250/743  loss=0.1685  lr=1.28e-05
[06:54:23 INFO] Epoch 40/50  iter 300/743  loss=0.0869  lr=1.27e-05
[06:54:36 INFO] Epoch 40/50  iter 350/743  loss=0.1298  lr=1.26e-05
[06:54:48 INFO] Epoch 40/50  iter 400/743  loss=0.0850  lr=1.26e-05
[06:55:00 INFO] Epoch 40/50  iter 450/743  loss=0.1445  lr=1.25e-05
[06:55:13 INFO] Epoch 40/50  iter 500/743  loss=0.2045  lr=1.24e-05
[06:55:25 INFO] Epoch 40/50  iter 550/743  loss=0.1370  lr=1.23e-05
[06:55:37 INFO] Epoch 40/50  iter 600/743  loss=0.0561  lr=1.22e-05
[06:55:50 INFO] Epoch 40/50  iter 650/743  loss=0.2429  lr=1.21e-05
[06:56:02 INFO] Epoch 40/50  iter 700/743  loss=0.0892  lr=1.21e-05
[06:56:13 INFO] Epoch 40 complete — avg_loss=0.1408  time=185s
[06:57:05 INFO]   val mIoU = 0.7147
[06:57:06 INFO]   ★ New best val mIoU: 0.7147
[06:57:19 INFO] Epoch 41/50  iter 50/743  loss=0.1408  lr=1.19e-05
[06:57:32 INFO] Epoch 41/50  iter 100/743  loss=0.2391  lr=1.18e-05
[06:57:44 INFO] Epoch 41/50  iter 150/743  loss=0.0953  lr=1.18e-05
[06:57:57 INFO] Epoch 41/50  iter 200/743  loss=0.0761  lr=1.17e-05
[06:58:09 INFO] Epoch 41/50  iter 250/743  loss=0.1092  lr=1.16e-05
[06:58:21 INFO] Epoch 41/50  iter 300/743  loss=0.0641  lr=1.15e-05
[06:58:34 INFO] Epoch 41/50  iter 350/743  loss=0.1099  lr=1.14e-05
[06:58:46 INFO] Epoch 41/50  iter 400/743  loss=0.1481  lr=1.14e-05
[06:58:58 INFO] Epoch 41/50  iter 450/743  loss=0.0983  lr=1.13e-05
[06:59:11 INFO] Epoch 41/50  iter 500/743  loss=0.0902  lr=1.12e-05
[06:59:23 INFO] Epoch 41/50  iter 550/743  loss=0.1042  lr=1.11e-05
[06:59:36 INFO] Epoch 41/50  iter 600/743  loss=0.0475  lr=1.10e-05
[06:59:48 INFO] Epoch 41/50  iter 650/743  loss=0.1118  lr=1.09e-05
[07:00:00 INFO] Epoch 41/50  iter 700/743  loss=0.1595  lr=1.09e-05
[07:00:11 INFO] Epoch 41 complete — avg_loss=0.1342  time=184s
[07:00:25 INFO] Epoch 42/50  iter 50/743  loss=0.1172  lr=1.07e-05
[07:00:37 INFO] Epoch 42/50  iter 100/743  loss=0.2327  lr=1.06e-05
[07:00:49 INFO] Epoch 42/50  iter 150/743  loss=0.1322  lr=1.06e-05
[07:01:02 INFO] Epoch 42/50  iter 200/743  loss=0.5759  lr=1.05e-05
[07:01:14 INFO] Epoch 42/50  iter 250/743  loss=0.1568  lr=1.04e-05
[07:01:27 INFO] Epoch 42/50  iter 300/743  loss=0.1279  lr=1.03e-05
[07:01:39 INFO] Epoch 42/50  iter 350/743  loss=0.1360  lr=1.02e-05
[07:01:51 INFO] Epoch 42/50  iter 400/743  loss=0.1489  lr=1.02e-05
[07:02:04 INFO] Epoch 42/50  iter 450/743  loss=0.1052  lr=1.01e-05
[07:02:16 INFO] Epoch 42/50  iter 500/743  loss=0.1208  lr=9.99e-06
[07:02:29 INFO] Epoch 42/50  iter 550/743  loss=0.0702  lr=9.91e-06
[07:02:41 INFO] Epoch 42/50  iter 600/743  loss=0.1332  lr=9.83e-06
[07:02:53 INFO] Epoch 42/50  iter 650/743  loss=0.0930  lr=9.75e-06
[07:03:06 INFO] Epoch 42/50  iter 700/743  loss=0.1002  lr=9.67e-06
[07:03:16 INFO] Epoch 42 complete — avg_loss=0.1357  time=185s
[07:03:30 INFO] Epoch 43/50  iter 50/743  loss=0.2091  lr=9.52e-06
[07:03:42 INFO] Epoch 43/50  iter 100/743  loss=0.1338  lr=9.44e-06
[07:03:55 INFO] Epoch 43/50  iter 150/743  loss=0.0704  lr=9.36e-06
[07:04:07 INFO] Epoch 43/50  iter 200/743  loss=0.1174  lr=9.28e-06
[07:04:20 INFO] Epoch 43/50  iter 250/743  loss=0.0812  lr=9.19e-06
[07:04:32 INFO] Epoch 43/50  iter 300/743  loss=0.0881  lr=9.11e-06
[07:04:44 INFO] Epoch 43/50  iter 350/743  loss=0.0806  lr=9.03e-06
[07:04:57 INFO] Epoch 43/50  iter 400/743  loss=0.1612  lr=8.95e-06
[07:05:09 INFO] Epoch 43/50  iter 450/743  loss=0.1553  lr=8.87e-06
[07:05:21 INFO] Epoch 43/50  iter 500/743  loss=0.1046  lr=8.79e-06
[07:05:34 INFO] Epoch 43/50  iter 550/743  loss=0.0554  lr=8.71e-06
[07:05:46 INFO] Epoch 43/50  iter 600/743  loss=0.0655  lr=8.63e-06
[07:05:59 INFO] Epoch 43/50  iter 650/743  loss=0.0780  lr=8.55e-06
[07:06:11 INFO] Epoch 43/50  iter 700/743  loss=0.1655  lr=8.47e-06
[07:06:22 INFO] Epoch 43 complete — avg_loss=0.1335  time=184s
[07:06:35 INFO] Epoch 44/50  iter 50/743  loss=0.1926  lr=8.32e-06
[07:06:48 INFO] Epoch 44/50  iter 100/743  loss=0.0718  lr=8.24e-06
[07:07:00 INFO] Epoch 44/50  iter 150/743  loss=0.0604  lr=8.16e-06
[07:07:12 INFO] Epoch 44/50  iter 200/743  loss=0.1507  lr=8.08e-06
[07:07:25 INFO] Epoch 44/50  iter 250/743  loss=0.1259  lr=7.99e-06
[07:07:37 INFO] Epoch 44/50  iter 300/743  loss=0.2968  lr=7.91e-06
[07:07:50 INFO] Epoch 44/50  iter 350/743  loss=0.1216  lr=7.83e-06
[07:08:02 INFO] Epoch 44/50  iter 400/743  loss=0.1494  lr=7.75e-06
[07:08:14 INFO] Epoch 44/50  iter 450/743  loss=0.0852  lr=7.67e-06
[07:08:27 INFO] Epoch 44/50  iter 500/743  loss=0.0536  lr=7.59e-06
[07:08:39 INFO] Epoch 44/50  iter 550/743  loss=0.1030  lr=7.51e-06
[07:08:51 INFO] Epoch 44/50  iter 600/743  loss=0.1078  lr=7.43e-06
[07:09:04 INFO] Epoch 44/50  iter 650/743  loss=0.2896  lr=7.35e-06
[07:09:16 INFO] Epoch 44/50  iter 700/743  loss=0.1162  lr=7.27e-06
[07:09:27 INFO] Epoch 44 complete — avg_loss=0.1301  time=185s
[07:09:40 INFO] Epoch 45/50  iter 50/743  loss=0.0864  lr=7.12e-06
[07:09:53 INFO] Epoch 45/50  iter 100/743  loss=0.0693  lr=7.04e-06
[07:10:05 INFO] Epoch 45/50  iter 150/743  loss=0.0961  lr=6.96e-06
[07:10:17 INFO] Epoch 45/50  iter 200/743  loss=0.0602  lr=6.88e-06
[07:10:30 INFO] Epoch 45/50  iter 250/743  loss=0.1673  lr=6.79e-06
[07:10:42 INFO] Epoch 45/50  iter 300/743  loss=0.1568  lr=6.71e-06
[07:10:55 INFO] Epoch 45/50  iter 350/743  loss=0.0831  lr=6.63e-06
[07:11:07 INFO] Epoch 45/50  iter 400/743  loss=0.0935  lr=6.55e-06
[07:11:19 INFO] Epoch 45/50  iter 450/743  loss=0.0215  lr=6.47e-06
[07:11:32 INFO] Epoch 45/50  iter 500/743  loss=0.1407  lr=6.39e-06
[07:11:44 INFO] Epoch 45/50  iter 550/743  loss=0.0599  lr=6.31e-06
[07:11:57 INFO] Epoch 45/50  iter 600/743  loss=0.1048  lr=6.23e-06
[07:12:09 INFO] Epoch 45/50  iter 650/743  loss=0.0988  lr=6.15e-06
[07:12:21 INFO] Epoch 45/50  iter 700/743  loss=0.1096  lr=6.07e-06
[07:12:32 INFO] Epoch 45 complete — avg_loss=0.1281  time=185s
[07:13:25 INFO]   val mIoU = 0.7230
[07:13:25 INFO]   ★ New best val mIoU: 0.7230
[07:13:39 INFO] Epoch 46/50  iter 50/743  loss=0.0958  lr=5.92e-06
[07:13:51 INFO] Epoch 46/50  iter 100/743  loss=0.1123  lr=5.84e-06
[07:14:04 INFO] Epoch 46/50  iter 150/743  loss=0.0780  lr=5.76e-06
[07:14:16 INFO] Epoch 46/50  iter 200/743  loss=0.0638  lr=5.68e-06
[07:14:28 INFO] Epoch 46/50  iter 250/743  loss=0.1119  lr=5.59e-06
[07:14:41 INFO] Epoch 46/50  iter 300/743  loss=0.0857  lr=5.51e-06
[07:14:53 INFO] Epoch 46/50  iter 350/743  loss=0.3626  lr=5.43e-06
[07:15:06 INFO] Epoch 46/50  iter 400/743  loss=0.1131  lr=5.35e-06
[07:15:18 INFO] Epoch 46/50  iter 450/743  loss=0.1021  lr=5.27e-06
[07:15:30 INFO] Epoch 46/50  iter 500/743  loss=0.1410  lr=5.19e-06
[07:15:43 INFO] Epoch 46/50  iter 550/743  loss=0.0916  lr=5.11e-06
[07:15:55 INFO] Epoch 46/50  iter 600/743  loss=0.1507  lr=5.03e-06
[07:16:08 INFO] Epoch 46/50  iter 650/743  loss=0.1114  lr=4.95e-06
[07:16:20 INFO] Epoch 46/50  iter 700/743  loss=0.2350  lr=4.87e-06
[07:16:31 INFO] Epoch 46 complete — avg_loss=0.1229  time=184s
[07:16:44 INFO] Epoch 47/50  iter 50/743  loss=0.1434  lr=4.72e-06
[07:16:57 INFO] Epoch 47/50  iter 100/743  loss=0.1003  lr=4.64e-06
[07:17:09 INFO] Epoch 47/50  iter 150/743  loss=0.0860  lr=4.56e-06
[07:17:21 INFO] Epoch 47/50  iter 200/743  loss=0.1129  lr=4.48e-06
[07:17:34 INFO] Epoch 47/50  iter 250/743  loss=0.1191  lr=4.39e-06
[07:17:46 INFO] Epoch 47/50  iter 300/743  loss=0.1374  lr=4.31e-06
[07:17:59 INFO] Epoch 47/50  iter 350/743  loss=0.1234  lr=4.23e-06
[07:18:11 INFO] Epoch 47/50  iter 400/743  loss=0.1025  lr=4.15e-06
[07:18:23 INFO] Epoch 47/50  iter 450/743  loss=0.0586  lr=4.07e-06
[07:18:36 INFO] Epoch 47/50  iter 500/743  loss=0.2459  lr=3.99e-06
[07:18:48 INFO] Epoch 47/50  iter 550/743  loss=0.1214  lr=3.91e-06
[07:19:01 INFO] Epoch 47/50  iter 600/743  loss=0.1717  lr=3.83e-06
[07:19:13 INFO] Epoch 47/50  iter 650/743  loss=0.1202  lr=3.75e-06
[07:19:25 INFO] Epoch 47/50  iter 700/743  loss=0.1305  lr=3.67e-06
[07:19:36 INFO] Epoch 47 complete — avg_loss=0.1359  time=185s
[07:19:50 INFO] Epoch 48/50  iter 50/743  loss=0.1053  lr=3.52e-06
[07:20:02 INFO] Epoch 48/50  iter 100/743  loss=0.1437  lr=3.44e-06
[07:20:14 INFO] Epoch 48/50  iter 150/743  loss=0.0647  lr=3.36e-06
[07:20:27 INFO] Epoch 48/50  iter 200/743  loss=0.0954  lr=3.28e-06
[07:20:39 INFO] Epoch 48/50  iter 250/743  loss=0.0805  lr=3.19e-06
[07:20:52 INFO] Epoch 48/50  iter 300/743  loss=0.2063  lr=3.11e-06
[07:21:04 INFO] Epoch 48/50  iter 350/743  loss=0.0715  lr=3.03e-06
[07:21:16 INFO] Epoch 48/50  iter 400/743  loss=0.1231  lr=2.95e-06
[07:21:29 INFO] Epoch 48/50  iter 450/743  loss=0.0461  lr=2.87e-06
[07:21:41 INFO] Epoch 48/50  iter 500/743  loss=0.0684  lr=2.79e-06
[07:21:53 INFO] Epoch 48/50  iter 550/743  loss=0.0927  lr=2.71e-06
[07:22:06 INFO] Epoch 48/50  iter 600/743  loss=0.2068  lr=2.63e-06
[07:22:18 INFO] Epoch 48/50  iter 650/743  loss=0.1183  lr=2.55e-06
[07:22:31 INFO] Epoch 48/50  iter 700/743  loss=0.1093  lr=2.47e-06
[07:22:41 INFO] Epoch 48 complete — avg_loss=0.1302  time=185s
[07:22:55 INFO] Epoch 49/50  iter 50/743  loss=0.0593  lr=2.32e-06
[07:23:07 INFO] Epoch 49/50  iter 100/743  loss=0.1059  lr=2.24e-06
[07:23:20 INFO] Epoch 49/50  iter 150/743  loss=0.1370  lr=2.16e-06
[07:23:32 INFO] Epoch 49/50  iter 200/743  loss=0.0959  lr=2.08e-06
[07:23:44 INFO] Epoch 49/50  iter 250/743  loss=0.1559  lr=1.99e-06
[07:23:57 INFO] Epoch 49/50  iter 300/743  loss=0.0948  lr=1.91e-06
[07:24:09 INFO] Epoch 49/50  iter 350/743  loss=0.2081  lr=1.83e-06
[07:24:22 INFO] Epoch 49/50  iter 400/743  loss=0.2141  lr=1.75e-06
[07:24:34 INFO] Epoch 49/50  iter 450/743  loss=0.0469  lr=1.67e-06
[07:24:46 INFO] Epoch 49/50  iter 500/743  loss=0.1627  lr=1.59e-06
[07:24:59 INFO] Epoch 49/50  iter 550/743  loss=0.0635  lr=1.51e-06
[07:25:11 INFO] Epoch 49/50  iter 600/743  loss=0.1484  lr=1.43e-06
[07:25:24 INFO] Epoch 49/50  iter 650/743  loss=0.0831  lr=1.35e-06
[07:25:36 INFO] Epoch 49/50  iter 700/743  loss=0.1427  lr=1.27e-06
[07:25:47 INFO] Epoch 49 complete — avg_loss=0.1250  time=185s
[07:26:00 INFO] Epoch 50/50  iter 50/743  loss=0.1296  lr=1.12e-06
[07:26:13 INFO] Epoch 50/50  iter 100/743  loss=0.0782  lr=1.04e-06
[07:26:25 INFO] Epoch 50/50  iter 150/743  loss=0.1065  lr=9.56e-07
[07:26:37 INFO] Epoch 50/50  iter 200/743  loss=0.1587  lr=8.75e-07
[07:26:50 INFO] Epoch 50/50  iter 250/743  loss=0.1173  lr=7.95e-07
[07:27:02 INFO] Epoch 50/50  iter 300/743  loss=0.1429  lr=7.14e-07
[07:27:15 INFO] Epoch 50/50  iter 350/743  loss=0.1375  lr=6.33e-07
[07:27:27 INFO] Epoch 50/50  iter 400/743  loss=0.1349  lr=5.52e-07
[07:27:39 INFO] Epoch 50/50  iter 450/743  loss=0.0717  lr=4.72e-07
[07:27:52 INFO] Epoch 50/50  iter 500/743  loss=0.1085  lr=3.91e-07
[07:28:04 INFO] Epoch 50/50  iter 550/743  loss=0.1025  lr=3.10e-07
[07:28:16 INFO] Epoch 50/50  iter 600/743  loss=0.1534  lr=2.29e-07
[07:28:29 INFO] Epoch 50/50  iter 650/743  loss=0.0807  lr=1.49e-07
[07:28:41 INFO] Epoch 50/50  iter 700/743  loss=0.1269  lr=6.78e-08
[07:28:52 INFO] Epoch 50 complete — avg_loss=0.1270  time=185s
[07:29:45 INFO]   val mIoU = 0.7245
[07:29:46 INFO]   ★ New best val mIoU: 0.7245
[07:29:46 INFO] Training complete. Best val mIoU = 0.7245
>>> Done: configs/depthaware_b0005.yaml

>>> Training (fresh start): configs/depthaware_b001.yaml
[07:29:53 INFO] Device: cuda
/usr/lib64/python3.11/tarfile.py:2303: RuntimeWarning: The default behavior of tarfile extraction has been changed to disallow common exploits (including CVE-2007-4559). By default, absolute/parent paths are disallowed and some mode bits are cleared. See https://access.redhat.com/articles/7004769 for more details.
  warnings.warn(
Model backend: smp
[07:29:55 INFO] Using fog cache: data/fog_cache/depthaware_b001
[07:29:57 INFO] Train: 2975 samples  |  Val: 500 samples
[07:30:10 INFO] Epoch 1/50  iter 50/743  loss=1.6128  lr=5.99e-05
[07:30:22 INFO] Epoch 1/50  iter 100/743  loss=1.1072  lr=5.98e-05
[07:30:35 INFO] Epoch 1/50  iter 150/743  loss=1.2107  lr=5.98e-05
[07:30:47 INFO] Epoch 1/50  iter 200/743  loss=0.7438  lr=5.97e-05
[07:30:59 INFO] Epoch 1/50  iter 250/743  loss=1.2504  lr=5.96e-05
[07:31:12 INFO] Epoch 1/50  iter 300/743  loss=0.7126  lr=5.95e-05
[07:31:24 INFO] Epoch 1/50  iter 350/743  loss=1.4136  lr=5.94e-05
[07:31:37 INFO] Epoch 1/50  iter 400/743  loss=0.4362  lr=5.94e-05
[07:31:49 INFO] Epoch 1/50  iter 450/743  loss=0.5922  lr=5.93e-05
[07:32:01 INFO] Epoch 1/50  iter 500/743  loss=0.5337  lr=5.92e-05
[07:32:14 INFO] Epoch 1/50  iter 550/743  loss=0.3236  lr=5.91e-05
[07:32:26 INFO] Epoch 1/50  iter 600/743  loss=0.4945  lr=5.90e-05
[07:32:38 INFO] Epoch 1/50  iter 650/743  loss=0.8139  lr=5.89e-05
[07:32:51 INFO] Epoch 1/50  iter 700/743  loss=0.6075  lr=5.89e-05
[07:33:02 INFO] Epoch 1 complete — avg_loss=0.8524  time=185s
[07:33:15 INFO] Epoch 2/50  iter 50/743  loss=0.8184  lr=5.87e-05
[07:33:28 INFO] Epoch 2/50  iter 100/743  loss=0.2571  lr=5.86e-05
[07:33:40 INFO] Epoch 2/50  iter 150/743  loss=0.2830  lr=5.86e-05
[07:33:52 INFO] Epoch 2/50  iter 200/743  loss=0.4402  lr=5.85e-05
[07:34:05 INFO] Epoch 2/50  iter 250/743  loss=0.5461  lr=5.84e-05
[07:34:17 INFO] Epoch 2/50  iter 300/743  loss=0.4540  lr=5.83e-05
[07:34:29 INFO] Epoch 2/50  iter 350/743  loss=0.3137  lr=5.82e-05
[07:34:42 INFO] Epoch 2/50  iter 400/743  loss=0.4254  lr=5.82e-05
[07:34:54 INFO] Epoch 2/50  iter 450/743  loss=0.3254  lr=5.81e-05
[07:35:07 INFO] Epoch 2/50  iter 500/743  loss=0.9200  lr=5.80e-05
[07:35:19 INFO] Epoch 2/50  iter 550/743  loss=0.3303  lr=5.79e-05
[07:35:31 INFO] Epoch 2/50  iter 600/743  loss=0.3176  lr=5.78e-05
[07:35:44 INFO] Epoch 2/50  iter 650/743  loss=0.6967  lr=5.77e-05
[07:35:56 INFO] Epoch 2/50  iter 700/743  loss=0.2314  lr=5.77e-05
[07:36:07 INFO] Epoch 2 complete — avg_loss=0.4546  time=185s
[07:36:21 INFO] Epoch 3/50  iter 50/743  loss=0.3156  lr=5.75e-05
[07:36:33 INFO] Epoch 3/50  iter 100/743  loss=0.3823  lr=5.74e-05
[07:36:45 INFO] Epoch 3/50  iter 150/743  loss=0.3292  lr=5.74e-05
[07:36:58 INFO] Epoch 3/50  iter 200/743  loss=0.3381  lr=5.73e-05
[07:37:10 INFO] Epoch 3/50  iter 250/743  loss=0.3382  lr=5.72e-05
[07:37:23 INFO] Epoch 3/50  iter 300/743  loss=0.3504  lr=5.71e-05
[07:37:35 INFO] Epoch 3/50  iter 350/743  loss=0.2481  lr=5.70e-05
[07:37:47 INFO] Epoch 3/50  iter 400/743  loss=0.2968  lr=5.70e-05
[07:38:00 INFO] Epoch 3/50  iter 450/743  loss=0.2890  lr=5.69e-05
[07:38:12 INFO] Epoch 3/50  iter 500/743  loss=0.2390  lr=5.68e-05
[07:38:24 INFO] Epoch 3/50  iter 550/743  loss=0.4308  lr=5.67e-05
[07:38:37 INFO] Epoch 3/50  iter 600/743  loss=0.4720  lr=5.66e-05
[07:38:49 INFO] Epoch 3/50  iter 650/743  loss=0.3196  lr=5.65e-05
[07:39:02 INFO] Epoch 3/50  iter 700/743  loss=0.5819  lr=5.65e-05
[07:39:12 INFO] Epoch 3 complete — avg_loss=0.3782  time=185s
[07:39:26 INFO] Epoch 4/50  iter 50/743  loss=0.2592  lr=5.63e-05
[07:39:38 INFO] Epoch 4/50  iter 100/743  loss=0.2288  lr=5.62e-05
[07:39:50 INFO] Epoch 4/50  iter 150/743  loss=0.2611  lr=5.62e-05
[07:40:03 INFO] Epoch 4/50  iter 200/743  loss=0.2754  lr=5.61e-05
[07:40:15 INFO] Epoch 4/50  iter 250/743  loss=0.4219  lr=5.60e-05
[07:40:28 INFO] Epoch 4/50  iter 300/743  loss=0.3006  lr=5.59e-05
[07:40:40 INFO] Epoch 4/50  iter 350/743  loss=0.2610  lr=5.58e-05
[07:40:52 INFO] Epoch 4/50  iter 400/743  loss=0.3556  lr=5.58e-05
[07:41:05 INFO] Epoch 4/50  iter 450/743  loss=0.2101  lr=5.57e-05
[07:41:17 INFO] Epoch 4/50  iter 500/743  loss=0.2339  lr=5.56e-05
[07:41:30 INFO] Epoch 4/50  iter 550/743  loss=0.5672  lr=5.55e-05
[07:41:42 INFO] Epoch 4/50  iter 600/743  loss=0.2070  lr=5.54e-05
[07:41:54 INFO] Epoch 4/50  iter 650/743  loss=0.2972  lr=5.53e-05
[07:42:07 INFO] Epoch 4/50  iter 700/743  loss=0.3082  lr=5.53e-05
[07:42:17 INFO] Epoch 4 complete — avg_loss=0.3390  time=185s
[07:42:31 INFO] Epoch 5/50  iter 50/743  loss=0.2274  lr=5.51e-05
[07:42:43 INFO] Epoch 5/50  iter 100/743  loss=0.2151  lr=5.50e-05
[07:42:56 INFO] Epoch 5/50  iter 150/743  loss=0.1648  lr=5.50e-05
[07:43:08 INFO] Epoch 5/50  iter 200/743  loss=0.1735  lr=5.49e-05
[07:43:21 INFO] Epoch 5/50  iter 250/743  loss=0.2913  lr=5.48e-05
[07:43:33 INFO] Epoch 5/50  iter 300/743  loss=0.3395  lr=5.47e-05
[07:43:45 INFO] Epoch 5/50  iter 350/743  loss=0.2001  lr=5.46e-05
[07:43:58 INFO] Epoch 5/50  iter 400/743  loss=0.3647  lr=5.46e-05
[07:44:10 INFO] Epoch 5/50  iter 450/743  loss=0.6233  lr=5.45e-05
[07:44:22 INFO] Epoch 5/50  iter 500/743  loss=0.3640  lr=5.44e-05
[07:44:35 INFO] Epoch 5/50  iter 550/743  loss=1.4300  lr=5.43e-05
[07:44:47 INFO] Epoch 5/50  iter 600/743  loss=0.2983  lr=5.42e-05
[07:45:00 INFO] Epoch 5/50  iter 650/743  loss=0.2872  lr=5.41e-05
[07:45:12 INFO] Epoch 5/50  iter 700/743  loss=0.2225  lr=5.41e-05
[07:45:23 INFO] Epoch 5 complete — avg_loss=0.3072  time=184s
[07:46:16 INFO]   val mIoU = 0.4668
[07:46:17 INFO]   ★ New best val mIoU: 0.4668
[07:46:30 INFO] Epoch 6/50  iter 50/743  loss=0.2477  lr=5.39e-05
[07:46:43 INFO] Epoch 6/50  iter 100/743  loss=0.4643  lr=5.38e-05
[07:46:55 INFO] Epoch 6/50  iter 150/743  loss=0.3604  lr=5.38e-05
[07:47:07 INFO] Epoch 6/50  iter 200/743  loss=0.2418  lr=5.37e-05
[07:47:20 INFO] Epoch 6/50  iter 250/743  loss=0.1960  lr=5.36e-05
[07:47:32 INFO] Epoch 6/50  iter 300/743  loss=0.2162  lr=5.35e-05
[07:47:44 INFO] Epoch 6/50  iter 350/743  loss=0.1548  lr=5.34e-05
[07:47:57 INFO] Epoch 6/50  iter 400/743  loss=0.3252  lr=5.34e-05
[07:48:09 INFO] Epoch 6/50  iter 450/743  loss=0.1448  lr=5.33e-05
[07:48:22 INFO] Epoch 6/50  iter 500/743  loss=0.4502  lr=5.32e-05
[07:48:34 INFO] Epoch 6/50  iter 550/743  loss=0.3438  lr=5.31e-05
[07:48:46 INFO] Epoch 6/50  iter 600/743  loss=0.2026  lr=5.30e-05
[07:48:59 INFO] Epoch 6/50  iter 650/743  loss=0.2880  lr=5.29e-05
[07:49:11 INFO] Epoch 6/50  iter 700/743  loss=0.1610  lr=5.29e-05
[07:49:22 INFO] Epoch 6 complete — avg_loss=0.2909  time=185s
[07:49:36 INFO] Epoch 7/50  iter 50/743  loss=0.2987  lr=5.27e-05
[07:49:48 INFO] Epoch 7/50  iter 100/743  loss=0.3247  lr=5.26e-05
[07:50:01 INFO] Epoch 7/50  iter 150/743  loss=0.2396  lr=5.26e-05
[07:50:13 INFO] Epoch 7/50  iter 200/743  loss=0.3036  lr=5.25e-05
[07:50:25 INFO] Epoch 7/50  iter 250/743  loss=0.3145  lr=5.24e-05
[07:50:38 INFO] Epoch 7/50  iter 300/743  loss=0.2954  lr=5.23e-05
[07:50:50 INFO] Epoch 7/50  iter 350/743  loss=0.2301  lr=5.22e-05
[07:51:02 INFO] Epoch 7/50  iter 400/743  loss=0.3901  lr=5.22e-05
[07:51:15 INFO] Epoch 7/50  iter 450/743  loss=0.2061  lr=5.21e-05
[07:51:27 INFO] Epoch 7/50  iter 500/743  loss=0.1691  lr=5.20e-05
[07:51:39 INFO] Epoch 7/50  iter 550/743  loss=0.1192  lr=5.19e-05
[07:51:52 INFO] Epoch 7/50  iter 600/743  loss=0.0883  lr=5.18e-05
[07:52:04 INFO] Epoch 7/50  iter 650/743  loss=0.1568  lr=5.17e-05
[07:52:16 INFO] Epoch 7/50  iter 700/743  loss=0.2432  lr=5.17e-05
[07:52:27 INFO] Epoch 7 complete — avg_loss=0.2742  time=184s
[07:52:41 INFO] Epoch 8/50  iter 50/743  loss=0.3908  lr=5.15e-05
[07:52:53 INFO] Epoch 8/50  iter 100/743  loss=0.2291  lr=5.14e-05
[07:53:05 INFO] Epoch 8/50  iter 150/743  loss=0.3940  lr=5.14e-05
[07:53:18 INFO] Epoch 8/50  iter 200/743  loss=0.1229  lr=5.13e-05
[07:53:30 INFO] Epoch 8/50  iter 250/743  loss=0.4985  lr=5.12e-05
[07:53:42 INFO] Epoch 8/50  iter 300/743  loss=0.2257  lr=5.11e-05
[07:53:55 INFO] Epoch 8/50  iter 350/743  loss=0.1202  lr=5.10e-05
[07:54:07 INFO] Epoch 8/50  iter 400/743  loss=0.2450  lr=5.10e-05
[07:54:20 INFO] Epoch 8/50  iter 450/743  loss=0.1564  lr=5.09e-05
[07:54:32 INFO] Epoch 8/50  iter 500/743  loss=0.1915  lr=5.08e-05
[07:54:44 INFO] Epoch 8/50  iter 550/743  loss=0.1266  lr=5.07e-05
[07:54:57 INFO] Epoch 8/50  iter 600/743  loss=0.8218  lr=5.06e-05
[07:55:09 INFO] Epoch 8/50  iter 650/743  loss=0.1721  lr=5.05e-05
[07:55:22 INFO] Epoch 8/50  iter 700/743  loss=0.1821  lr=5.05e-05
[07:55:32 INFO] Epoch 8 complete — avg_loss=0.2636  time=185s
[07:55:46 INFO] Epoch 9/50  iter 50/743  loss=0.2502  lr=5.03e-05
[07:55:58 INFO] Epoch 9/50  iter 100/743  loss=0.1917  lr=5.02e-05
[07:56:10 INFO] Epoch 9/50  iter 150/743  loss=0.1709  lr=5.02e-05
[07:56:23 INFO] Epoch 9/50  iter 200/743  loss=0.1933  lr=5.01e-05
[07:56:35 INFO] Epoch 9/50  iter 250/743  loss=0.2463  lr=5.00e-05
[07:56:48 INFO] Epoch 9/50  iter 300/743  loss=0.3874  lr=4.99e-05
[07:57:00 INFO] Epoch 9/50  iter 350/743  loss=0.2475  lr=4.98e-05
[07:57:12 INFO] Epoch 9/50  iter 400/743  loss=0.3173  lr=4.98e-05
[07:57:25 INFO] Epoch 9/50  iter 450/743  loss=0.5114  lr=4.97e-05
[07:57:37 INFO] Epoch 9/50  iter 500/743  loss=0.2630  lr=4.96e-05
[07:57:49 INFO] Epoch 9/50  iter 550/743  loss=0.4778  lr=4.95e-05
[07:58:02 INFO] Epoch 9/50  iter 600/743  loss=0.1939  lr=4.94e-05
[07:58:14 INFO] Epoch 9/50  iter 650/743  loss=0.2399  lr=4.93e-05
[07:58:27 INFO] Epoch 9/50  iter 700/743  loss=0.2410  lr=4.93e-05
[07:58:37 INFO] Epoch 9 complete — avg_loss=0.2666  time=184s
[07:58:51 INFO] Epoch 10/50  iter 50/743  loss=0.1243  lr=4.91e-05
[07:59:03 INFO] Epoch 10/50  iter 100/743  loss=0.1672  lr=4.90e-05
[07:59:15 INFO] Epoch 10/50  iter 150/743  loss=0.2611  lr=4.90e-05
[07:59:28 INFO] Epoch 10/50  iter 200/743  loss=0.0528  lr=4.89e-05
[07:59:40 INFO] Epoch 10/50  iter 250/743  loss=0.3123  lr=4.88e-05
[07:59:53 INFO] Epoch 10/50  iter 300/743  loss=0.0924  lr=4.87e-05
[08:00:05 INFO] Epoch 10/50  iter 350/743  loss=0.3203  lr=4.86e-05
[08:00:17 INFO] Epoch 10/50  iter 400/743  loss=0.2189  lr=4.86e-05
[08:00:30 INFO] Epoch 10/50  iter 450/743  loss=0.2059  lr=4.85e-05
[08:00:42 INFO] Epoch 10/50  iter 500/743  loss=0.1072  lr=4.84e-05
[08:00:54 INFO] Epoch 10/50  iter 550/743  loss=0.1988  lr=4.83e-05
[08:01:07 INFO] Epoch 10/50  iter 600/743  loss=0.5302  lr=4.82e-05
[08:01:19 INFO] Epoch 10/50  iter 650/743  loss=0.3547  lr=4.81e-05
[08:01:32 INFO] Epoch 10/50  iter 700/743  loss=0.2193  lr=4.81e-05
[08:01:42 INFO] Epoch 10 complete — avg_loss=0.2464  time=184s
[08:02:35 INFO]   val mIoU = 0.5603
[08:02:36 INFO]   ★ New best val mIoU: 0.5603
[08:02:49 INFO] Epoch 11/50  iter 50/743  loss=0.5338  lr=4.79e-05
[08:03:02 INFO] Epoch 11/50  iter 100/743  loss=0.2247  lr=4.78e-05
[08:03:14 INFO] Epoch 11/50  iter 150/743  loss=0.3915  lr=4.78e-05
[08:03:27 INFO] Epoch 11/50  iter 200/743  loss=0.3982  lr=4.77e-05
[08:03:39 INFO] Epoch 11/50  iter 250/743  loss=0.2046  lr=4.76e-05
[08:03:51 INFO] Epoch 11/50  iter 300/743  loss=0.6721  lr=4.75e-05
[08:04:04 INFO] Epoch 11/50  iter 350/743  loss=0.1083  lr=4.74e-05
[08:04:16 INFO] Epoch 11/50  iter 400/743  loss=0.1983  lr=4.74e-05
[08:04:28 INFO] Epoch 11/50  iter 450/743  loss=0.2391  lr=4.73e-05
[08:04:41 INFO] Epoch 11/50  iter 500/743  loss=0.1651  lr=4.72e-05
[08:04:53 INFO] Epoch 11/50  iter 550/743  loss=0.5417  lr=4.71e-05
[08:05:06 INFO] Epoch 11/50  iter 600/743  loss=0.2846  lr=4.70e-05
[08:05:18 INFO] Epoch 11/50  iter 650/743  loss=0.2658  lr=4.69e-05
[08:05:30 INFO] Epoch 11/50  iter 700/743  loss=0.1272  lr=4.69e-05
[08:05:41 INFO] Epoch 11 complete — avg_loss=0.2320  time=185s
[08:05:55 INFO] Epoch 12/50  iter 50/743  loss=0.2170  lr=4.67e-05
[08:06:07 INFO] Epoch 12/50  iter 100/743  loss=0.1437  lr=4.66e-05
[08:06:19 INFO] Epoch 12/50  iter 150/743  loss=0.2724  lr=4.66e-05
[08:06:32 INFO] Epoch 12/50  iter 200/743  loss=0.2471  lr=4.65e-05
[08:06:44 INFO] Epoch 12/50  iter 250/743  loss=0.3945  lr=4.64e-05
[08:06:57 INFO] Epoch 12/50  iter 300/743  loss=0.2058  lr=4.63e-05
[08:07:09 INFO] Epoch 12/50  iter 350/743  loss=0.2583  lr=4.62e-05
[08:07:21 INFO] Epoch 12/50  iter 400/743  loss=0.4155  lr=4.62e-05
[08:07:34 INFO] Epoch 12/50  iter 450/743  loss=0.0831  lr=4.61e-05
[08:07:46 INFO] Epoch 12/50  iter 500/743  loss=0.1615  lr=4.60e-05
[08:07:59 INFO] Epoch 12/50  iter 550/743  loss=0.1831  lr=4.59e-05
[08:08:11 INFO] Epoch 12/50  iter 600/743  loss=0.2031  lr=4.58e-05
[08:08:23 INFO] Epoch 12/50  iter 650/743  loss=0.1549  lr=4.57e-05
[08:08:36 INFO] Epoch 12/50  iter 700/743  loss=0.1480  lr=4.57e-05
[08:08:46 INFO] Epoch 12 complete — avg_loss=0.2297  time=185s
[08:09:00 INFO] Epoch 13/50  iter 50/743  loss=0.1990  lr=4.55e-05
[08:09:12 INFO] Epoch 13/50  iter 100/743  loss=0.0638  lr=4.54e-05
[08:09:25 INFO] Epoch 13/50  iter 150/743  loss=0.2337  lr=4.54e-05
[08:09:37 INFO] Epoch 13/50  iter 200/743  loss=0.1268  lr=4.53e-05
[08:09:49 INFO] Epoch 13/50  iter 250/743  loss=0.1831  lr=4.52e-05
[08:10:02 INFO] Epoch 13/50  iter 300/743  loss=0.1798  lr=4.51e-05
[08:10:14 INFO] Epoch 13/50  iter 350/743  loss=0.1316  lr=4.50e-05
[08:10:27 INFO] Epoch 13/50  iter 400/743  loss=0.1611  lr=4.50e-05
[08:10:39 INFO] Epoch 13/50  iter 450/743  loss=0.3790  lr=4.49e-05
[08:10:51 INFO] Epoch 13/50  iter 500/743  loss=0.1290  lr=4.48e-05
[08:11:04 INFO] Epoch 13/50  iter 550/743  loss=0.1456  lr=4.47e-05
[08:11:16 INFO] Epoch 13/50  iter 600/743  loss=0.1578  lr=4.46e-05
[08:11:28 INFO] Epoch 13/50  iter 650/743  loss=0.1331  lr=4.45e-05
[08:11:41 INFO] Epoch 13/50  iter 700/743  loss=0.1521  lr=4.45e-05
[08:11:52 INFO] Epoch 13 complete — avg_loss=0.2352  time=185s
[08:12:05 INFO] Epoch 14/50  iter 50/743  loss=0.1240  lr=4.43e-05
[08:12:17 INFO] Epoch 14/50  iter 100/743  loss=0.2138  lr=4.42e-05
[08:12:30 INFO] Epoch 14/50  iter 150/743  loss=0.1548  lr=4.42e-05
[08:12:42 INFO] Epoch 14/50  iter 200/743  loss=0.1845  lr=4.41e-05
[08:12:55 INFO] Epoch 14/50  iter 250/743  loss=0.2181  lr=4.40e-05
[08:13:07 INFO] Epoch 14/50  iter 300/743  loss=0.2180  lr=4.39e-05
[08:13:19 INFO] Epoch 14/50  iter 350/743  loss=0.1559  lr=4.38e-05
[08:13:32 INFO] Epoch 14/50  iter 400/743  loss=0.5835  lr=4.38e-05
[08:13:44 INFO] Epoch 14/50  iter 450/743  loss=0.2367  lr=4.37e-05
[08:13:57 INFO] Epoch 14/50  iter 500/743  loss=0.1421  lr=4.36e-05
[08:14:09 INFO] Epoch 14/50  iter 550/743  loss=0.3082  lr=4.35e-05
[08:14:21 INFO] Epoch 14/50  iter 600/743  loss=0.2137  lr=4.34e-05
[08:14:34 INFO] Epoch 14/50  iter 650/743  loss=0.1385  lr=4.33e-05
[08:14:46 INFO] Epoch 14/50  iter 700/743  loss=0.4439  lr=4.33e-05
[08:14:57 INFO] Epoch 14 complete — avg_loss=0.2211  time=185s
[08:15:10 INFO] Epoch 15/50  iter 50/743  loss=0.1715  lr=4.31e-05
[08:15:23 INFO] Epoch 15/50  iter 100/743  loss=0.1897  lr=4.30e-05
[08:15:35 INFO] Epoch 15/50  iter 150/743  loss=0.2999  lr=4.30e-05
[08:15:48 INFO] Epoch 15/50  iter 200/743  loss=0.1848  lr=4.29e-05
[08:16:00 INFO] Epoch 15/50  iter 250/743  loss=0.2176  lr=4.28e-05
[08:16:12 INFO] Epoch 15/50  iter 300/743  loss=0.3180  lr=4.27e-05
[08:16:25 INFO] Epoch 15/50  iter 350/743  loss=0.1566  lr=4.26e-05
[08:16:37 INFO] Epoch 15/50  iter 400/743  loss=0.2416  lr=4.26e-05
[08:16:49 INFO] Epoch 15/50  iter 450/743  loss=0.1373  lr=4.25e-05
[08:17:02 INFO] Epoch 15/50  iter 500/743  loss=0.2336  lr=4.24e-05
[08:17:14 INFO] Epoch 15/50  iter 550/743  loss=0.2304  lr=4.23e-05
[08:17:27 INFO] Epoch 15/50  iter 600/743  loss=0.1857  lr=4.22e-05
[08:17:39 INFO] Epoch 15/50  iter 650/743  loss=0.1638  lr=4.21e-05
[08:17:51 INFO] Epoch 15/50  iter 700/743  loss=0.1055  lr=4.21e-05
[08:18:02 INFO] Epoch 15 complete — avg_loss=0.2250  time=185s
[08:18:56 INFO]   val mIoU = 0.5883
[08:18:57 INFO]   ★ New best val mIoU: 0.5883
[08:19:10 INFO] Epoch 16/50  iter 50/743  loss=0.1259  lr=4.19e-05
[08:19:23 INFO] Epoch 16/50  iter 100/743  loss=0.2501  lr=4.18e-05
[08:19:35 INFO] Epoch 16/50  iter 150/743  loss=0.1341  lr=4.18e-05
[08:19:48 INFO] Epoch 16/50  iter 200/743  loss=0.1000  lr=4.17e-05
[08:20:00 INFO] Epoch 16/50  iter 250/743  loss=0.1604  lr=4.16e-05
[08:20:12 INFO] Epoch 16/50  iter 300/743  loss=0.1494  lr=4.15e-05
[08:20:25 INFO] Epoch 16/50  iter 350/743  loss=0.3097  lr=4.14e-05
[08:20:37 INFO] Epoch 16/50  iter 400/743  loss=0.0779  lr=4.14e-05
[08:20:49 INFO] Epoch 16/50  iter 450/743  loss=0.1669  lr=4.13e-05
[08:21:02 INFO] Epoch 16/50  iter 500/743  loss=0.2260  lr=4.12e-05
[08:21:14 INFO] Epoch 16/50  iter 550/743  loss=0.2184  lr=4.11e-05
[08:21:27 INFO] Epoch 16/50  iter 600/743  loss=0.2345  lr=4.10e-05
[08:21:39 INFO] Epoch 16/50  iter 650/743  loss=0.1393  lr=4.09e-05
[08:21:51 INFO] Epoch 16/50  iter 700/743  loss=0.1799  lr=4.09e-05
[08:22:02 INFO] Epoch 16 complete — avg_loss=0.2089  time=185s
[08:22:16 INFO] Epoch 17/50  iter 50/743  loss=0.1092  lr=4.07e-05
[08:22:28 INFO] Epoch 17/50  iter 100/743  loss=0.1244  lr=4.06e-05
[08:22:40 INFO] Epoch 17/50  iter 150/743  loss=0.1812  lr=4.06e-05
[08:22:53 INFO] Epoch 17/50  iter 200/743  loss=0.0792  lr=4.05e-05
[08:23:05 INFO] Epoch 17/50  iter 250/743  loss=0.1126  lr=4.04e-05
[08:23:18 INFO] Epoch 17/50  iter 300/743  loss=0.1767  lr=4.03e-05
[08:23:30 INFO] Epoch 17/50  iter 350/743  loss=0.1290  lr=4.02e-05
[08:23:42 INFO] Epoch 17/50  iter 400/743  loss=0.1751  lr=4.02e-05
[08:23:55 INFO] Epoch 17/50  iter 450/743  loss=0.2247  lr=4.01e-05
[08:24:07 INFO] Epoch 17/50  iter 500/743  loss=0.2640  lr=4.00e-05
[08:24:20 INFO] Epoch 17/50  iter 550/743  loss=0.2922  lr=3.99e-05
[08:24:32 INFO] Epoch 17/50  iter 600/743  loss=0.1152  lr=3.98e-05
[08:24:44 INFO] Epoch 17/50  iter 650/743  loss=0.1148  lr=3.97e-05
[08:24:57 INFO] Epoch 17/50  iter 700/743  loss=0.0870  lr=3.97e-05
[08:25:07 INFO] Epoch 17 complete — avg_loss=0.2067  time=185s
[08:25:21 INFO] Epoch 18/50  iter 50/743  loss=0.1629  lr=3.95e-05
[08:25:34 INFO] Epoch 18/50  iter 100/743  loss=0.4129  lr=3.94e-05
[08:25:46 INFO] Epoch 18/50  iter 150/743  loss=0.2297  lr=3.94e-05
[08:25:58 INFO] Epoch 18/50  iter 200/743  loss=0.1819  lr=3.93e-05
[08:26:11 INFO] Epoch 18/50  iter 250/743  loss=0.1768  lr=3.92e-05
[08:26:23 INFO] Epoch 18/50  iter 300/743  loss=0.2197  lr=3.91e-05
[08:26:35 INFO] Epoch 18/50  iter 350/743  loss=0.2355  lr=3.90e-05
[08:26:48 INFO] Epoch 18/50  iter 400/743  loss=0.1625  lr=3.90e-05
[08:27:00 INFO] Epoch 18/50  iter 450/743  loss=0.0860  lr=3.89e-05
[08:27:13 INFO] Epoch 18/50  iter 500/743  loss=0.0802  lr=3.88e-05
[08:27:25 INFO] Epoch 18/50  iter 550/743  loss=0.1037  lr=3.87e-05
[08:27:37 INFO] Epoch 18/50  iter 600/743  loss=0.2550  lr=3.86e-05
[08:27:50 INFO] Epoch 18/50  iter 650/743  loss=0.1625  lr=3.85e-05
[08:28:02 INFO] Epoch 18/50  iter 700/743  loss=0.2748  lr=3.85e-05
[08:28:13 INFO] Epoch 18 complete — avg_loss=0.1964  time=185s
[08:28:26 INFO] Epoch 19/50  iter 50/743  loss=0.2373  lr=3.83e-05
[08:28:39 INFO] Epoch 19/50  iter 100/743  loss=0.1467  lr=3.82e-05
[08:28:51 INFO] Epoch 19/50  iter 150/743  loss=0.1614  lr=3.82e-05
[08:29:04 INFO] Epoch 19/50  iter 200/743  loss=0.1388  lr=3.81e-05
[08:29:16 INFO] Epoch 19/50  iter 250/743  loss=0.1711  lr=3.80e-05
[08:29:28 INFO] Epoch 19/50  iter 300/743  loss=0.1021  lr=3.79e-05
[08:29:41 INFO] Epoch 19/50  iter 350/743  loss=0.1613  lr=3.78e-05
[08:29:53 INFO] Epoch 19/50  iter 400/743  loss=0.1499  lr=3.78e-05
[08:30:06 INFO] Epoch 19/50  iter 450/743  loss=0.1912  lr=3.77e-05
[08:30:18 INFO] Epoch 19/50  iter 500/743  loss=0.0925  lr=3.76e-05
[08:30:30 INFO] Epoch 19/50  iter 550/743  loss=0.1784  lr=3.75e-05
[08:30:43 INFO] Epoch 19/50  iter 600/743  loss=0.5342  lr=3.74e-05
[08:30:55 INFO] Epoch 19/50  iter 650/743  loss=0.1239  lr=3.73e-05
[08:31:08 INFO] Epoch 19/50  iter 700/743  loss=0.1773  lr=3.73e-05
[08:31:18 INFO] Epoch 19 complete — avg_loss=0.2008  time=185s
[08:31:32 INFO] Epoch 20/50  iter 50/743  loss=0.2348  lr=3.71e-05
[08:31:44 INFO] Epoch 20/50  iter 100/743  loss=0.1282  lr=3.70e-05
[08:31:56 INFO] Epoch 20/50  iter 150/743  loss=0.1407  lr=3.70e-05
[08:32:09 INFO] Epoch 20/50  iter 200/743  loss=0.2069  lr=3.69e-05
[08:32:21 INFO] Epoch 20/50  iter 250/743  loss=0.1712  lr=3.68e-05
[08:32:34 INFO] Epoch 20/50  iter 300/743  loss=0.0913  lr=3.67e-05
[08:32:46 INFO] Epoch 20/50  iter 350/743  loss=0.1113  lr=3.66e-05
[08:32:58 INFO] Epoch 20/50  iter 400/743  loss=0.1353  lr=3.66e-05
[08:33:11 INFO] Epoch 20/50  iter 450/743  loss=0.3367  lr=3.65e-05
[08:33:23 INFO] Epoch 20/50  iter 500/743  loss=0.2166  lr=3.64e-05
[08:33:35 INFO] Epoch 20/50  iter 550/743  loss=0.1863  lr=3.63e-05
[08:33:48 INFO] Epoch 20/50  iter 600/743  loss=0.0832  lr=3.62e-05
[08:34:00 INFO] Epoch 20/50  iter 650/743  loss=0.1929  lr=3.61e-05
[08:34:13 INFO] Epoch 20/50  iter 700/743  loss=0.1540  lr=3.61e-05
[08:34:23 INFO] Epoch 20 complete — avg_loss=0.1976  time=185s
[08:35:18 INFO]   val mIoU = 0.6239
[08:35:18 INFO]   ★ New best val mIoU: 0.6239
[08:35:32 INFO] Epoch 21/50  iter 50/743  loss=0.1346  lr=3.59e-05
[08:35:44 INFO] Epoch 21/50  iter 100/743  loss=0.1365  lr=3.58e-05
[08:35:57 INFO] Epoch 21/50  iter 150/743  loss=0.0966  lr=3.58e-05
[08:36:09 INFO] Epoch 21/50  iter 200/743  loss=1.6391  lr=3.57e-05
[08:36:22 INFO] Epoch 21/50  iter 250/743  loss=0.1739  lr=3.56e-05
[08:36:34 INFO] Epoch 21/50  iter 300/743  loss=0.1317  lr=3.55e-05
[08:36:46 INFO] Epoch 21/50  iter 350/743  loss=0.0826  lr=3.54e-05
[08:36:59 INFO] Epoch 21/50  iter 400/743  loss=0.2005  lr=3.54e-05
[08:37:11 INFO] Epoch 21/50  iter 450/743  loss=0.1645  lr=3.53e-05
[08:37:23 INFO] Epoch 21/50  iter 500/743  loss=0.1081  lr=3.52e-05
[08:37:36 INFO] Epoch 21/50  iter 550/743  loss=0.1196  lr=3.51e-05
[08:37:48 INFO] Epoch 21/50  iter 600/743  loss=0.1684  lr=3.50e-05
[08:38:01 INFO] Epoch 21/50  iter 650/743  loss=0.2311  lr=3.49e-05
[08:38:13 INFO] Epoch 21/50  iter 700/743  loss=0.1417  lr=3.49e-05
[08:38:24 INFO] Epoch 21 complete — avg_loss=0.1897  time=185s
[08:38:37 INFO] Epoch 22/50  iter 50/743  loss=0.1501  lr=3.47e-05
[08:38:50 INFO] Epoch 22/50  iter 100/743  loss=0.1067  lr=3.46e-05
[08:39:02 INFO] Epoch 22/50  iter 150/743  loss=0.0965  lr=3.46e-05
[08:39:14 INFO] Epoch 22/50  iter 200/743  loss=0.1509  lr=3.45e-05
[08:39:27 INFO] Epoch 22/50  iter 250/743  loss=0.1940  lr=3.44e-05
[08:39:39 INFO] Epoch 22/50  iter 300/743  loss=0.1459  lr=3.43e-05
[08:39:52 INFO] Epoch 22/50  iter 350/743  loss=0.2158  lr=3.42e-05
[08:40:04 INFO] Epoch 22/50  iter 400/743  loss=0.1498  lr=3.42e-05
[08:40:16 INFO] Epoch 22/50  iter 450/743  loss=0.1186  lr=3.41e-05
[08:40:29 INFO] Epoch 22/50  iter 500/743  loss=0.1491  lr=3.40e-05
[08:40:41 INFO] Epoch 22/50  iter 550/743  loss=0.1231  lr=3.39e-05
[08:40:53 INFO] Epoch 22/50  iter 600/743  loss=0.1333  lr=3.38e-05
[08:41:06 INFO] Epoch 22/50  iter 650/743  loss=0.1932  lr=3.37e-05
[08:41:18 INFO] Epoch 22/50  iter 700/743  loss=0.2352  lr=3.37e-05
[08:41:29 INFO] Epoch 22 complete — avg_loss=0.1816  time=185s
[08:41:42 INFO] Epoch 23/50  iter 50/743  loss=0.1482  lr=3.35e-05
[08:41:55 INFO] Epoch 23/50  iter 100/743  loss=0.1041  lr=3.34e-05
[08:42:07 INFO] Epoch 23/50  iter 150/743  loss=0.5948  lr=3.34e-05
[08:42:20 INFO] Epoch 23/50  iter 200/743  loss=0.1301  lr=3.33e-05
[08:42:32 INFO] Epoch 23/50  iter 250/743  loss=0.2455  lr=3.32e-05
[08:42:44 INFO] Epoch 23/50  iter 300/743  loss=0.1209  lr=3.31e-05
[08:42:57 INFO] Epoch 23/50  iter 350/743  loss=0.0477  lr=3.30e-05
[08:43:09 INFO] Epoch 23/50  iter 400/743  loss=0.1651  lr=3.30e-05
[08:43:22 INFO] Epoch 23/50  iter 450/743  loss=0.1893  lr=3.29e-05
[08:43:34 INFO] Epoch 23/50  iter 500/743  loss=0.1679  lr=3.28e-05
[08:43:46 INFO] Epoch 23/50  iter 550/743  loss=0.1534  lr=3.27e-05
[08:43:59 INFO] Epoch 23/50  iter 600/743  loss=0.1185  lr=3.26e-05
[08:44:11 INFO] Epoch 23/50  iter 650/743  loss=0.2039  lr=3.25e-05
[08:44:24 INFO] Epoch 23/50  iter 700/743  loss=0.0735  lr=3.25e-05
[08:44:34 INFO] Epoch 23 complete — avg_loss=0.1770  time=185s
[08:44:48 INFO] Epoch 24/50  iter 50/743  loss=0.0977  lr=3.23e-05
[08:45:00 INFO] Epoch 24/50  iter 100/743  loss=0.2008  lr=3.22e-05
[08:45:13 INFO] Epoch 24/50  iter 150/743  loss=0.1336  lr=3.22e-05
[08:45:25 INFO] Epoch 24/50  iter 200/743  loss=0.0949  lr=3.21e-05
[08:45:37 INFO] Epoch 24/50  iter 250/743  loss=0.0668  lr=3.20e-05
[08:45:50 INFO] Epoch 24/50  iter 300/743  loss=0.1360  lr=3.19e-05
[08:46:02 INFO] Epoch 24/50  iter 350/743  loss=0.1044  lr=3.18e-05
[08:46:15 INFO] Epoch 24/50  iter 400/743  loss=0.2034  lr=3.18e-05
[08:46:27 INFO] Epoch 24/50  iter 450/743  loss=0.1021  lr=3.17e-05
[08:46:39 INFO] Epoch 24/50  iter 500/743  loss=0.1298  lr=3.16e-05
[08:46:52 INFO] Epoch 24/50  iter 550/743  loss=0.1310  lr=3.15e-05
[08:47:04 INFO] Epoch 24/50  iter 600/743  loss=0.0938  lr=3.14e-05
[08:47:17 INFO] Epoch 24/50  iter 650/743  loss=0.1926  lr=3.13e-05
[08:47:29 INFO] Epoch 24/50  iter 700/743  loss=0.1156  lr=3.13e-05
[08:47:40 INFO] Epoch 24 complete — avg_loss=0.1772  time=185s
[08:47:53 INFO] Epoch 25/50  iter 50/743  loss=0.0878  lr=3.11e-05
[08:48:05 INFO] Epoch 25/50  iter 100/743  loss=0.2038  lr=3.10e-05
[08:48:18 INFO] Epoch 25/50  iter 150/743  loss=0.1366  lr=3.10e-05
[08:48:30 INFO] Epoch 25/50  iter 200/743  loss=0.1174  lr=3.09e-05
[08:48:43 INFO] Epoch 25/50  iter 250/743  loss=0.1640  lr=3.08e-05
[08:48:55 INFO] Epoch 25/50  iter 300/743  loss=0.1440  lr=3.07e-05
[08:49:07 INFO] Epoch 25/50  iter 350/743  loss=0.2040  lr=3.06e-05
[08:49:20 INFO] Epoch 25/50  iter 400/743  loss=0.0659  lr=3.06e-05
[08:49:32 INFO] Epoch 25/50  iter 450/743  loss=0.4364  lr=3.05e-05
[08:49:45 INFO] Epoch 25/50  iter 500/743  loss=0.1834  lr=3.04e-05
[08:49:57 INFO] Epoch 25/50  iter 550/743  loss=0.2947  lr=3.03e-05
[08:50:09 INFO] Epoch 25/50  iter 600/743  loss=0.1647  lr=3.02e-05
[08:50:22 INFO] Epoch 25/50  iter 650/743  loss=0.1252  lr=3.01e-05
[08:50:34 INFO] Epoch 25/50  iter 700/743  loss=0.1509  lr=3.01e-05
[08:50:45 INFO] Epoch 25 complete — avg_loss=0.1772  time=185s
[08:51:41 INFO]   val mIoU = 0.6123
[08:51:55 INFO] Epoch 26/50  iter 50/743  loss=0.1676  lr=2.99e-05
[08:52:08 INFO] Epoch 26/50  iter 100/743  loss=0.1020  lr=2.98e-05
[08:52:20 INFO] Epoch 26/50  iter 150/743  loss=0.1559  lr=2.98e-05
[08:52:33 INFO] Epoch 26/50  iter 200/743  loss=0.0800  lr=2.97e-05
[08:52:45 INFO] Epoch 26/50  iter 250/743  loss=0.1251  lr=2.96e-05
[08:52:57 INFO] Epoch 26/50  iter 300/743  loss=0.2129  lr=2.95e-05
[08:53:10 INFO] Epoch 26/50  iter 350/743  loss=0.0919  lr=2.94e-05
[08:53:22 INFO] Epoch 26/50  iter 400/743  loss=0.0951  lr=2.94e-05
[08:53:35 INFO] Epoch 26/50  iter 450/743  loss=0.1004  lr=2.93e-05
[08:53:47 INFO] Epoch 26/50  iter 500/743  loss=0.2050  lr=2.92e-05
[08:53:59 INFO] Epoch 26/50  iter 550/743  loss=0.2073  lr=2.91e-05
[08:54:12 INFO] Epoch 26/50  iter 600/743  loss=0.0789  lr=2.90e-05
[08:54:24 INFO] Epoch 26/50  iter 650/743  loss=0.1011  lr=2.89e-05
[08:54:36 INFO] Epoch 26/50  iter 700/743  loss=0.1627  lr=2.89e-05
[08:54:47 INFO] Epoch 26 complete — avg_loss=0.1743  time=185s
[08:55:01 INFO] Epoch 27/50  iter 50/743  loss=0.0938  lr=2.87e-05
[08:55:13 INFO] Epoch 27/50  iter 100/743  loss=0.1214  lr=2.86e-05
[08:55:26 INFO] Epoch 27/50  iter 150/743  loss=0.0954  lr=2.86e-05
[08:55:38 INFO] Epoch 27/50  iter 200/743  loss=0.0811  lr=2.85e-05
[08:55:50 INFO] Epoch 27/50  iter 250/743  loss=0.2215  lr=2.84e-05
[08:56:03 INFO] Epoch 27/50  iter 300/743  loss=0.1143  lr=2.83e-05
[08:56:15 INFO] Epoch 27/50  iter 350/743  loss=0.1297  lr=2.82e-05
[08:56:28 INFO] Epoch 27/50  iter 400/743  loss=0.1263  lr=2.82e-05
[08:56:40 INFO] Epoch 27/50  iter 450/743  loss=0.1133  lr=2.81e-05
[08:56:52 INFO] Epoch 27/50  iter 500/743  loss=0.1047  lr=2.80e-05
[08:57:05 INFO] Epoch 27/50  iter 550/743  loss=0.1056  lr=2.79e-05
[08:57:17 INFO] Epoch 27/50  iter 600/743  loss=0.1898  lr=2.78e-05
[08:57:29 INFO] Epoch 27/50  iter 650/743  loss=0.0812  lr=2.77e-05
[08:57:42 INFO] Epoch 27/50  iter 700/743  loss=0.2063  lr=2.77e-05
[08:57:53 INFO] Epoch 27 complete — avg_loss=0.1712  time=185s
[08:58:06 INFO] Epoch 28/50  iter 50/743  loss=0.1918  lr=2.75e-05
[08:58:19 INFO] Epoch 28/50  iter 100/743  loss=0.2048  lr=2.74e-05
[08:58:31 INFO] Epoch 28/50  iter 150/743  loss=0.0973  lr=2.74e-05
[08:58:43 INFO] Epoch 28/50  iter 200/743  loss=0.0873  lr=2.73e-05
[08:58:56 INFO] Epoch 28/50  iter 250/743  loss=0.0982  lr=2.72e-05
[08:59:08 INFO] Epoch 28/50  iter 300/743  loss=0.1671  lr=2.71e-05
[08:59:21 INFO] Epoch 28/50  iter 350/743  loss=0.1382  lr=2.70e-05
[08:59:33 INFO] Epoch 28/50  iter 400/743  loss=0.1101  lr=2.70e-05
[08:59:45 INFO] Epoch 28/50  iter 450/743  loss=0.0704  lr=2.69e-05
[08:59:58 INFO] Epoch 28/50  iter 500/743  loss=0.1902  lr=2.68e-05
[09:00:10 INFO] Epoch 28/50  iter 550/743  loss=0.0641  lr=2.67e-05
[09:00:22 INFO] Epoch 28/50  iter 600/743  loss=0.1267  lr=2.66e-05
[09:00:35 INFO] Epoch 28/50  iter 650/743  loss=0.2268  lr=2.65e-05
[09:00:47 INFO] Epoch 28/50  iter 700/743  loss=0.2343  lr=2.65e-05
[09:00:58 INFO] Epoch 28 complete — avg_loss=0.1809  time=185s
[09:01:12 INFO] Epoch 29/50  iter 50/743  loss=0.1345  lr=2.63e-05
[09:01:24 INFO] Epoch 29/50  iter 100/743  loss=0.4397  lr=2.62e-05
[09:01:36 INFO] Epoch 29/50  iter 150/743  loss=0.1446  lr=2.62e-05
[09:01:49 INFO] Epoch 29/50  iter 200/743  loss=0.1949  lr=2.61e-05
[09:02:01 INFO] Epoch 29/50  iter 250/743  loss=0.1082  lr=2.60e-05
[09:02:14 INFO] Epoch 29/50  iter 300/743  loss=0.1095  lr=2.59e-05
[09:02:26 INFO] Epoch 29/50  iter 350/743  loss=0.1843  lr=2.58e-05
[09:02:38 INFO] Epoch 29/50  iter 400/743  loss=0.1468  lr=2.58e-05
[09:02:51 INFO] Epoch 29/50  iter 450/743  loss=0.5293  lr=2.57e-05
[09:03:03 INFO] Epoch 29/50  iter 500/743  loss=0.1793  lr=2.56e-05
[09:03:16 INFO] Epoch 29/50  iter 550/743  loss=0.1177  lr=2.55e-05
[09:03:28 INFO] Epoch 29/50  iter 600/743  loss=0.3044  lr=2.54e-05
[09:03:40 INFO] Epoch 29/50  iter 650/743  loss=0.9133  lr=2.53e-05
[09:03:53 INFO] Epoch 29/50  iter 700/743  loss=0.1819  lr=2.53e-05
[09:04:03 INFO] Epoch 29 complete — avg_loss=0.1687  time=185s
[09:04:17 INFO] Epoch 30/50  iter 50/743  loss=0.0827  lr=2.51e-05
[09:04:29 INFO] Epoch 30/50  iter 100/743  loss=0.2172  lr=2.50e-05
[09:04:42 INFO] Epoch 30/50  iter 150/743  loss=0.1171  lr=2.50e-05
[09:04:54 INFO] Epoch 30/50  iter 200/743  loss=0.3080  lr=2.49e-05
[09:05:06 INFO] Epoch 30/50  iter 250/743  loss=0.1373  lr=2.48e-05
[09:05:19 INFO] Epoch 30/50  iter 300/743  loss=0.2264  lr=2.47e-05
[09:05:31 INFO] Epoch 30/50  iter 350/743  loss=0.2203  lr=2.46e-05
[09:05:44 INFO] Epoch 30/50  iter 400/743  loss=0.1791  lr=2.46e-05
[09:05:56 INFO] Epoch 30/50  iter 450/743  loss=0.1991  lr=2.45e-05
[09:06:08 INFO] Epoch 30/50  iter 500/743  loss=0.1538  lr=2.44e-05
[09:06:21 INFO] Epoch 30/50  iter 550/743  loss=0.1649  lr=2.43e-05
[09:06:33 INFO] Epoch 30/50  iter 600/743  loss=0.1335  lr=2.42e-05
[09:06:46 INFO] Epoch 30/50  iter 650/743  loss=0.2129  lr=2.41e-05
[09:06:58 INFO] Epoch 30/50  iter 700/743  loss=0.1396  lr=2.41e-05
[09:07:09 INFO] Epoch 30 complete — avg_loss=0.1669  time=185s
[09:08:01 INFO]   val mIoU = 0.6332
[09:08:02 INFO]   ★ New best val mIoU: 0.6332
[09:08:15 INFO] Epoch 31/50  iter 50/743  loss=0.1132  lr=2.39e-05
[09:08:28 INFO] Epoch 31/50  iter 100/743  loss=0.1755  lr=2.38e-05
[09:08:40 INFO] Epoch 31/50  iter 150/743  loss=0.1769  lr=2.38e-05
[09:08:53 INFO] Epoch 31/50  iter 200/743  loss=0.2782  lr=2.37e-05
[09:09:05 INFO] Epoch 31/50  iter 250/743  loss=0.1349  lr=2.36e-05
[09:09:17 INFO] Epoch 31/50  iter 300/743  loss=0.5264  lr=2.35e-05
[09:09:30 INFO] Epoch 31/50  iter 350/743  loss=0.0803  lr=2.34e-05
[09:09:42 INFO] Epoch 31/50  iter 400/743  loss=0.1498  lr=2.34e-05
[09:09:54 INFO] Epoch 31/50  iter 450/743  loss=0.1553  lr=2.33e-05
[09:10:07 INFO] Epoch 31/50  iter 500/743  loss=0.1909  lr=2.32e-05
[09:10:19 INFO] Epoch 31/50  iter 550/743  loss=0.1902  lr=2.31e-05
[09:10:32 INFO] Epoch 31/50  iter 600/743  loss=0.0734  lr=2.30e-05
[09:10:44 INFO] Epoch 31/50  iter 650/743  loss=0.1679  lr=2.29e-05
[09:10:56 INFO] Epoch 31/50  iter 700/743  loss=0.0862  lr=2.29e-05
[09:11:07 INFO] Epoch 31 complete — avg_loss=0.1588  time=185s
[09:11:21 INFO] Epoch 32/50  iter 50/743  loss=0.0801  lr=2.27e-05
[09:11:33 INFO] Epoch 32/50  iter 100/743  loss=0.2657  lr=2.26e-05
[09:11:45 INFO] Epoch 32/50  iter 150/743  loss=0.1812  lr=2.26e-05
[09:11:58 INFO] Epoch 32/50  iter 200/743  loss=0.1927  lr=2.25e-05
[09:12:10 INFO] Epoch 32/50  iter 250/743  loss=0.1806  lr=2.24e-05
[09:12:23 INFO] Epoch 32/50  iter 300/743  loss=0.1448  lr=2.23e-05
[09:12:35 INFO] Epoch 32/50  iter 350/743  loss=0.0895  lr=2.22e-05
[09:12:47 INFO] Epoch 32/50  iter 400/743  loss=0.2840  lr=2.22e-05
[09:13:00 INFO] Epoch 32/50  iter 450/743  loss=0.0697  lr=2.21e-05
[09:13:12 INFO] Epoch 32/50  iter 500/743  loss=0.0833  lr=2.20e-05
[09:13:25 INFO] Epoch 32/50  iter 550/743  loss=0.1610  lr=2.19e-05
[09:13:37 INFO] Epoch 32/50  iter 600/743  loss=0.2922  lr=2.18e-05
[09:13:49 INFO] Epoch 32/50  iter 650/743  loss=0.1367  lr=2.17e-05
[09:14:02 INFO] Epoch 32/50  iter 700/743  loss=0.0832  lr=2.17e-05
[09:14:12 INFO] Epoch 32 complete — avg_loss=0.1562  time=185s
[09:14:26 INFO] Epoch 33/50  iter 50/743  loss=0.1888  lr=2.15e-05
[09:14:38 INFO] Epoch 33/50  iter 100/743  loss=0.2015  lr=2.14e-05
[09:14:51 INFO] Epoch 33/50  iter 150/743  loss=0.1225  lr=2.14e-05
[09:15:03 INFO] Epoch 33/50  iter 200/743  loss=0.1061  lr=2.13e-05
[09:15:16 INFO] Epoch 33/50  iter 250/743  loss=0.0910  lr=2.12e-05
[09:15:28 INFO] Epoch 33/50  iter 300/743  loss=0.1459  lr=2.11e-05
[09:15:40 INFO] Epoch 33/50  iter 350/743  loss=0.1030  lr=2.10e-05
[09:15:53 INFO] Epoch 33/50  iter 400/743  loss=0.1621  lr=2.10e-05
[09:16:05 INFO] Epoch 33/50  iter 450/743  loss=0.2990  lr=2.09e-05
[09:16:17 INFO] Epoch 33/50  iter 500/743  loss=0.1386  lr=2.08e-05
[09:16:30 INFO] Epoch 33/50  iter 550/743  loss=0.1445  lr=2.07e-05
[09:16:42 INFO] Epoch 33/50  iter 600/743  loss=0.1796  lr=2.06e-05
[09:16:55 INFO] Epoch 33/50  iter 650/743  loss=0.3164  lr=2.05e-05
[09:17:07 INFO] Epoch 33/50  iter 700/743  loss=0.1967  lr=2.05e-05
[09:17:18 INFO] Epoch 33 complete — avg_loss=0.1554  time=185s
[09:17:31 INFO] Epoch 34/50  iter 50/743  loss=0.1587  lr=2.03e-05
[09:17:44 INFO] Epoch 34/50  iter 100/743  loss=0.1251  lr=2.02e-05
[09:17:56 INFO] Epoch 34/50  iter 150/743  loss=0.3780  lr=2.02e-05
[09:18:09 INFO] Epoch 34/50  iter 200/743  loss=0.1036  lr=2.01e-05
[09:18:21 INFO] Epoch 34/50  iter 250/743  loss=0.0865  lr=2.00e-05
[09:18:33 INFO] Epoch 34/50  iter 300/743  loss=0.0902  lr=1.99e-05
[09:18:46 INFO] Epoch 34/50  iter 350/743  loss=0.1216  lr=1.98e-05
[09:18:58 INFO] Epoch 34/50  iter 400/743  loss=0.1043  lr=1.98e-05
[09:19:10 INFO] Epoch 34/50  iter 450/743  loss=0.1331  lr=1.97e-05
[09:19:23 INFO] Epoch 34/50  iter 500/743  loss=0.1617  lr=1.96e-05
[09:19:35 INFO] Epoch 34/50  iter 550/743  loss=0.1845  lr=1.95e-05
[09:19:48 INFO] Epoch 34/50  iter 600/743  loss=0.2031  lr=1.94e-05
[09:20:00 INFO] Epoch 34/50  iter 650/743  loss=0.2385  lr=1.93e-05
[09:20:12 INFO] Epoch 34/50  iter 700/743  loss=0.1050  lr=1.93e-05
[09:20:23 INFO] Epoch 34 complete — avg_loss=0.1626  time=185s
[09:20:37 INFO] Epoch 35/50  iter 50/743  loss=0.1705  lr=1.91e-05
[09:20:49 INFO] Epoch 35/50  iter 100/743  loss=0.1250  lr=1.90e-05
[09:21:01 INFO] Epoch 35/50  iter 150/743  loss=0.0879  lr=1.90e-05
[09:21:14 INFO] Epoch 35/50  iter 200/743  loss=0.1755  lr=1.89e-05
[09:21:26 INFO] Epoch 35/50  iter 250/743  loss=0.0718  lr=1.88e-05
[09:21:39 INFO] Epoch 35/50  iter 300/743  loss=0.1320  lr=1.87e-05
[09:21:51 INFO] Epoch 35/50  iter 350/743  loss=0.2182  lr=1.86e-05
[09:22:03 INFO] Epoch 35/50  iter 400/743  loss=0.3621  lr=1.86e-05
[09:22:16 INFO] Epoch 35/50  iter 450/743  loss=0.1098  lr=1.85e-05
[09:22:28 INFO] Epoch 35/50  iter 500/743  loss=0.1578  lr=1.84e-05
[09:22:40 INFO] Epoch 35/50  iter 550/743  loss=0.0810  lr=1.83e-05
[09:22:53 INFO] Epoch 35/50  iter 600/743  loss=0.1467  lr=1.82e-05
[09:23:05 INFO] Epoch 35/50  iter 650/743  loss=0.0645  lr=1.81e-05
[09:23:18 INFO] Epoch 35/50  iter 700/743  loss=0.1640  lr=1.81e-05
[09:23:28 INFO] Epoch 35 complete — avg_loss=0.1556  time=185s
[09:24:22 INFO]   val mIoU = 0.6592
[09:24:23 INFO]   ★ New best val mIoU: 0.6592
[09:24:36 INFO] Epoch 36/50  iter 50/743  loss=0.0835  lr=1.79e-05
[09:24:49 INFO] Epoch 36/50  iter 100/743  loss=0.0560  lr=1.78e-05
[09:25:01 INFO] Epoch 36/50  iter 150/743  loss=0.3723  lr=1.78e-05
[09:25:14 INFO] Epoch 36/50  iter 200/743  loss=0.1234  lr=1.77e-05
[09:25:26 INFO] Epoch 36/50  iter 250/743  loss=0.1745  lr=1.76e-05
[09:25:38 INFO] Epoch 36/50  iter 300/743  loss=0.1001  lr=1.75e-05
[09:25:51 INFO] Epoch 36/50  iter 350/743  loss=0.1334  lr=1.74e-05
[09:26:03 INFO] Epoch 36/50  iter 400/743  loss=0.1983  lr=1.74e-05
[09:26:16 INFO] Epoch 36/50  iter 450/743  loss=0.1588  lr=1.73e-05
[09:26:28 INFO] Epoch 36/50  iter 500/743  loss=0.1288  lr=1.72e-05
[09:26:40 INFO] Epoch 36/50  iter 550/743  loss=0.1509  lr=1.71e-05
[09:26:53 INFO] Epoch 36/50  iter 600/743  loss=0.1049  lr=1.70e-05
[09:27:05 INFO] Epoch 36/50  iter 650/743  loss=0.1046  lr=1.69e-05
[09:27:18 INFO] Epoch 36/50  iter 700/743  loss=0.1443  lr=1.69e-05
[09:27:28 INFO] Epoch 36 complete — avg_loss=0.1542  time=185s
[09:27:42 INFO] Epoch 37/50  iter 50/743  loss=0.1766  lr=1.67e-05
[09:27:54 INFO] Epoch 37/50  iter 100/743  loss=0.2279  lr=1.66e-05
[09:28:06 INFO] Epoch 37/50  iter 150/743  loss=0.1453  lr=1.66e-05
[09:28:19 INFO] Epoch 37/50  iter 200/743  loss=0.1032  lr=1.65e-05
[09:28:31 INFO] Epoch 37/50  iter 250/743  loss=0.1177  lr=1.64e-05
[09:28:44 INFO] Epoch 37/50  iter 300/743  loss=0.1244  lr=1.63e-05
[09:28:56 INFO] Epoch 37/50  iter 350/743  loss=0.1735  lr=1.62e-05
[09:29:08 INFO] Epoch 37/50  iter 400/743  loss=0.1080  lr=1.62e-05
[09:29:21 INFO] Epoch 37/50  iter 450/743  loss=0.1000  lr=1.61e-05
[09:29:33 INFO] Epoch 37/50  iter 500/743  loss=0.3095  lr=1.60e-05
[09:29:46 INFO] Epoch 37/50  iter 550/743  loss=0.0603  lr=1.59e-05
[09:29:58 INFO] Epoch 37/50  iter 600/743  loss=0.0677  lr=1.58e-05
[09:30:10 INFO] Epoch 37/50  iter 650/743  loss=0.1571  lr=1.57e-05
[09:30:23 INFO] Epoch 37/50  iter 700/743  loss=0.1462  lr=1.57e-05
[09:30:33 INFO] Epoch 37 complete — avg_loss=0.1487  time=185s
[09:30:47 INFO] Epoch 38/50  iter 50/743  loss=0.1872  lr=1.55e-05
[09:31:00 INFO] Epoch 38/50  iter 100/743  loss=0.1956  lr=1.54e-05
[09:31:12 INFO] Epoch 38/50  iter 150/743  loss=0.1410  lr=1.54e-05
[09:31:24 INFO] Epoch 38/50  iter 200/743  loss=0.0702  lr=1.53e-05
[09:31:37 INFO] Epoch 38/50  iter 250/743  loss=0.1435  lr=1.52e-05
[09:31:49 INFO] Epoch 38/50  iter 300/743  loss=0.1196  lr=1.51e-05
[09:32:01 INFO] Epoch 38/50  iter 350/743  loss=0.1430  lr=1.50e-05
[09:32:14 INFO] Epoch 38/50  iter 400/743  loss=0.1730  lr=1.50e-05
[09:32:26 INFO] Epoch 38/50  iter 450/743  loss=0.2046  lr=1.49e-05
[09:32:39 INFO] Epoch 38/50  iter 500/743  loss=0.0765  lr=1.48e-05
[09:32:51 INFO] Epoch 38/50  iter 550/743  loss=0.0683  lr=1.47e-05
[09:33:03 INFO] Epoch 38/50  iter 600/743  loss=0.1688  lr=1.46e-05
[09:33:16 INFO] Epoch 38/50  iter 650/743  loss=0.1626  lr=1.45e-05
[09:33:28 INFO] Epoch 38/50  iter 700/743  loss=0.1055  lr=1.45e-05
[09:33:39 INFO] Epoch 38 complete — avg_loss=0.1466  time=185s
[09:33:53 INFO] Epoch 39/50  iter 50/743  loss=0.6276  lr=1.43e-05
[09:34:05 INFO] Epoch 39/50  iter 100/743  loss=0.1751  lr=1.42e-05
[09:34:17 INFO] Epoch 39/50  iter 150/743  loss=0.0877  lr=1.42e-05
[09:34:30 INFO] Epoch 39/50  iter 200/743  loss=0.1689  lr=1.41e-05
[09:34:42 INFO] Epoch 39/50  iter 250/743  loss=0.1291  lr=1.40e-05
[09:34:54 INFO] Epoch 39/50  iter 300/743  loss=0.0968  lr=1.39e-05
[09:35:07 INFO] Epoch 39/50  iter 350/743  loss=0.3056  lr=1.38e-05
[09:35:19 INFO] Epoch 39/50  iter 400/743  loss=0.2609  lr=1.38e-05
[09:35:32 INFO] Epoch 39/50  iter 450/743  loss=0.1279  lr=1.37e-05
[09:35:44 INFO] Epoch 39/50  iter 500/743  loss=0.0882  lr=1.36e-05
[09:35:56 INFO] Epoch 39/50  iter 550/743  loss=0.1796  lr=1.35e-05
[09:36:09 INFO] Epoch 39/50  iter 600/743  loss=0.1203  lr=1.34e-05
[09:36:21 INFO] Epoch 39/50  iter 650/743  loss=0.1096  lr=1.33e-05
[09:36:34 INFO] Epoch 39/50  iter 700/743  loss=0.1161  lr=1.33e-05
[09:36:44 INFO] Epoch 39 complete — avg_loss=0.1477  time=185s
[09:36:58 INFO] Epoch 40/50  iter 50/743  loss=0.0672  lr=1.31e-05
[09:37:10 INFO] Epoch 40/50  iter 100/743  loss=0.2529  lr=1.30e-05
[09:37:23 INFO] Epoch 40/50  iter 150/743  loss=0.1506  lr=1.30e-05
[09:37:35 INFO] Epoch 40/50  iter 200/743  loss=0.0647  lr=1.29e-05
[09:37:48 INFO] Epoch 40/50  iter 250/743  loss=0.1942  lr=1.28e-05
[09:38:00 INFO] Epoch 40/50  iter 300/743  loss=0.0856  lr=1.27e-05
[09:38:12 INFO] Epoch 40/50  iter 350/743  loss=0.1400  lr=1.26e-05
[09:38:25 INFO] Epoch 40/50  iter 400/743  loss=0.0871  lr=1.26e-05
[09:38:37 INFO] Epoch 40/50  iter 450/743  loss=0.1525  lr=1.25e-05
[09:38:50 INFO] Epoch 40/50  iter 500/743  loss=0.2307  lr=1.24e-05
[09:39:02 INFO] Epoch 40/50  iter 550/743  loss=0.1531  lr=1.23e-05
[09:39:14 INFO] Epoch 40/50  iter 600/743  loss=0.0571  lr=1.22e-05
[09:39:27 INFO] Epoch 40/50  iter 650/743  loss=0.2487  lr=1.21e-05
[09:39:39 INFO] Epoch 40/50  iter 700/743  loss=0.0782  lr=1.21e-05
[09:39:50 INFO] Epoch 40 complete — avg_loss=0.1487  time=185s
[09:40:45 INFO]   val mIoU = 0.6665
[09:40:46 INFO]   ★ New best val mIoU: 0.6665
[09:40:59 INFO] Epoch 41/50  iter 50/743  loss=0.1634  lr=1.19e-05
[09:41:12 INFO] Epoch 41/50  iter 100/743  loss=0.2253  lr=1.18e-05
[09:41:24 INFO] Epoch 41/50  iter 150/743  loss=0.1047  lr=1.18e-05
[09:41:36 INFO] Epoch 41/50  iter 200/743  loss=0.0716  lr=1.17e-05
[09:41:49 INFO] Epoch 41/50  iter 250/743  loss=0.1172  lr=1.16e-05
[09:42:01 INFO] Epoch 41/50  iter 300/743  loss=0.0669  lr=1.15e-05
[09:42:14 INFO] Epoch 41/50  iter 350/743  loss=0.1103  lr=1.14e-05
[09:42:26 INFO] Epoch 41/50  iter 400/743  loss=0.1568  lr=1.14e-05
[09:42:38 INFO] Epoch 41/50  iter 450/743  loss=0.1016  lr=1.13e-05
[09:42:51 INFO] Epoch 41/50  iter 500/743  loss=0.0855  lr=1.12e-05
[09:43:03 INFO] Epoch 41/50  iter 550/743  loss=0.1084  lr=1.11e-05
[09:43:15 INFO] Epoch 41/50  iter 600/743  loss=0.0515  lr=1.10e-05
[09:43:28 INFO] Epoch 41/50  iter 650/743  loss=0.1154  lr=1.09e-05
[09:43:40 INFO] Epoch 41/50  iter 700/743  loss=0.1766  lr=1.09e-05
[09:43:51 INFO] Epoch 41 complete — avg_loss=0.1420  time=185s
[09:44:04 INFO] Epoch 42/50  iter 50/743  loss=0.1268  lr=1.07e-05
[09:44:17 INFO] Epoch 42/50  iter 100/743  loss=0.2211  lr=1.06e-05
[09:44:29 INFO] Epoch 42/50  iter 150/743  loss=0.1448  lr=1.06e-05
[09:44:42 INFO] Epoch 42/50  iter 200/743  loss=0.4860  lr=1.05e-05
[09:44:54 INFO] Epoch 42/50  iter 250/743  loss=0.1534  lr=1.04e-05
[09:45:06 INFO] Epoch 42/50  iter 300/743  loss=0.1253  lr=1.03e-05
[09:45:19 INFO] Epoch 42/50  iter 350/743  loss=0.1512  lr=1.02e-05
[09:45:31 INFO] Epoch 42/50  iter 400/743  loss=0.1682  lr=1.02e-05
[09:45:43 INFO] Epoch 42/50  iter 450/743  loss=0.1139  lr=1.01e-05
[09:45:56 INFO] Epoch 42/50  iter 500/743  loss=0.1135  lr=9.99e-06
[09:46:08 INFO] Epoch 42/50  iter 550/743  loss=0.0711  lr=9.91e-06
[09:46:21 INFO] Epoch 42/50  iter 600/743  loss=0.1825  lr=9.83e-06
[09:46:33 INFO] Epoch 42/50  iter 650/743  loss=0.1027  lr=9.75e-06
[09:46:45 INFO] Epoch 42/50  iter 700/743  loss=0.1135  lr=9.67e-06
[09:46:56 INFO] Epoch 42 complete — avg_loss=0.1426  time=185s
[09:47:10 INFO] Epoch 43/50  iter 50/743  loss=0.2096  lr=9.52e-06
[09:47:22 INFO] Epoch 43/50  iter 100/743  loss=0.1463  lr=9.44e-06
[09:47:34 INFO] Epoch 43/50  iter 150/743  loss=0.0785  lr=9.36e-06
[09:47:47 INFO] Epoch 43/50  iter 200/743  loss=0.1247  lr=9.28e-06
[09:47:59 INFO] Epoch 43/50  iter 250/743  loss=0.1021  lr=9.19e-06
[09:48:12 INFO] Epoch 43/50  iter 300/743  loss=0.0972  lr=9.11e-06
[09:48:24 INFO] Epoch 43/50  iter 350/743  loss=0.0765  lr=9.03e-06
[09:48:36 INFO] Epoch 43/50  iter 400/743  loss=0.1668  lr=8.95e-06
[09:48:49 INFO] Epoch 43/50  iter 450/743  loss=0.1622  lr=8.87e-06
[09:49:01 INFO] Epoch 43/50  iter 500/743  loss=0.1060  lr=8.79e-06
[09:49:14 INFO] Epoch 43/50  iter 550/743  loss=0.0600  lr=8.71e-06
[09:49:26 INFO] Epoch 43/50  iter 600/743  loss=0.0727  lr=8.63e-06
[09:49:38 INFO] Epoch 43/50  iter 650/743  loss=0.0831  lr=8.55e-06
[09:49:51 INFO] Epoch 43/50  iter 700/743  loss=0.1593  lr=8.47e-06
[09:50:01 INFO] Epoch 43 complete — avg_loss=0.1404  time=185s
[09:50:15 INFO] Epoch 44/50  iter 50/743  loss=0.1828  lr=8.32e-06
[09:50:27 INFO] Epoch 44/50  iter 100/743  loss=0.0718  lr=8.24e-06
[09:50:40 INFO] Epoch 44/50  iter 150/743  loss=0.0622  lr=8.16e-06
[09:50:52 INFO] Epoch 44/50  iter 200/743  loss=0.1618  lr=8.08e-06
[09:51:04 INFO] Epoch 44/50  iter 250/743  loss=0.1346  lr=7.99e-06
[09:51:17 INFO] Epoch 44/50  iter 300/743  loss=0.2270  lr=7.91e-06
[09:51:29 INFO] Epoch 44/50  iter 350/743  loss=0.1226  lr=7.83e-06
[09:51:42 INFO] Epoch 44/50  iter 400/743  loss=0.1397  lr=7.75e-06
[09:51:54 INFO] Epoch 44/50  iter 450/743  loss=0.0915  lr=7.67e-06
[09:52:06 INFO] Epoch 44/50  iter 500/743  loss=0.0523  lr=7.59e-06
[09:52:19 INFO] Epoch 44/50  iter 550/743  loss=0.0941  lr=7.51e-06
[09:52:31 INFO] Epoch 44/50  iter 600/743  loss=0.1185  lr=7.43e-06
[09:52:44 INFO] Epoch 44/50  iter 650/743  loss=0.3198  lr=7.35e-06
[09:52:56 INFO] Epoch 44/50  iter 700/743  loss=0.1078  lr=7.27e-06
[09:53:07 INFO] Epoch 44 complete — avg_loss=0.1388  time=185s
[09:53:20 INFO] Epoch 45/50  iter 50/743  loss=0.0933  lr=7.12e-06
[09:53:33 INFO] Epoch 45/50  iter 100/743  loss=0.0766  lr=7.04e-06
[09:53:45 INFO] Epoch 45/50  iter 150/743  loss=0.0999  lr=6.96e-06
[09:53:57 INFO] Epoch 45/50  iter 200/743  loss=0.0608  lr=6.88e-06
[09:54:10 INFO] Epoch 45/50  iter 250/743  loss=0.1710  lr=6.79e-06
[09:54:22 INFO] Epoch 45/50  iter 300/743  loss=0.1608  lr=6.71e-06
[09:54:35 INFO] Epoch 45/50  iter 350/743  loss=0.0881  lr=6.63e-06
[09:54:47 INFO] Epoch 45/50  iter 400/743  loss=0.1130  lr=6.55e-06
[09:54:59 INFO] Epoch 45/50  iter 450/743  loss=0.0205  lr=6.47e-06
[09:55:12 INFO] Epoch 45/50  iter 500/743  loss=0.1421  lr=6.39e-06
[09:55:24 INFO] Epoch 45/50  iter 550/743  loss=0.0596  lr=6.31e-06
[09:55:37 INFO] Epoch 45/50  iter 600/743  loss=0.1054  lr=6.23e-06
[09:55:49 INFO] Epoch 45/50  iter 650/743  loss=0.1009  lr=6.15e-06
[09:56:01 INFO] Epoch 45/50  iter 700/743  loss=0.1251  lr=6.07e-06
[09:56:12 INFO] Epoch 45 complete — avg_loss=0.1356  time=185s
[09:57:08 INFO]   val mIoU = 0.6663
[09:57:22 INFO] Epoch 46/50  iter 50/743  loss=0.1057  lr=5.92e-06
[09:57:35 INFO] Epoch 46/50  iter 100/743  loss=0.1165  lr=5.84e-06
[09:57:47 INFO] Epoch 46/50  iter 150/743  loss=0.0874  lr=5.76e-06
[09:57:59 INFO] Epoch 46/50  iter 200/743  loss=0.0661  lr=5.68e-06
[09:58:12 INFO] Epoch 46/50  iter 250/743  loss=0.1120  lr=5.59e-06
[09:58:24 INFO] Epoch 46/50  iter 300/743  loss=0.1050  lr=5.51e-06
[09:58:37 INFO] Epoch 46/50  iter 350/743  loss=0.3890  lr=5.43e-06
[09:58:49 INFO] Epoch 46/50  iter 400/743  loss=0.1223  lr=5.35e-06
[09:59:02 INFO] Epoch 46/50  iter 450/743  loss=0.1099  lr=5.27e-06
[09:59:14 INFO] Epoch 46/50  iter 500/743  loss=0.1647  lr=5.19e-06
[09:59:26 INFO] Epoch 46/50  iter 550/743  loss=0.0905  lr=5.11e-06
[09:59:39 INFO] Epoch 46/50  iter 600/743  loss=0.1565  lr=5.03e-06
[09:59:51 INFO] Epoch 46/50  iter 650/743  loss=0.1368  lr=4.95e-06
[10:00:04 INFO] Epoch 46/50  iter 700/743  loss=0.2594  lr=4.87e-06
[10:00:14 INFO] Epoch 46 complete — avg_loss=0.1308  time=185s
[10:00:28 INFO] Epoch 47/50  iter 50/743  loss=0.1464  lr=4.72e-06
[10:00:40 INFO] Epoch 47/50  iter 100/743  loss=0.0948  lr=4.64e-06
[10:00:53 INFO] Epoch 47/50  iter 150/743  loss=0.0979  lr=4.56e-06
[10:01:05 INFO] Epoch 47/50  iter 200/743  loss=0.1229  lr=4.48e-06
[10:01:17 INFO] Epoch 47/50  iter 250/743  loss=0.1479  lr=4.39e-06
[10:01:30 INFO] Epoch 47/50  iter 300/743  loss=0.1416  lr=4.31e-06
[10:01:42 INFO] Epoch 47/50  iter 350/743  loss=0.1286  lr=4.23e-06
[10:01:55 INFO] Epoch 47/50  iter 400/743  loss=0.1100  lr=4.15e-06
[10:02:07 INFO] Epoch 47/50  iter 450/743  loss=0.0744  lr=4.07e-06
[10:02:19 INFO] Epoch 47/50  iter 500/743  loss=0.2726  lr=3.99e-06
[10:02:32 INFO] Epoch 47/50  iter 550/743  loss=0.1244  lr=3.91e-06
[10:02:44 INFO] Epoch 47/50  iter 600/743  loss=0.1944  lr=3.83e-06
[10:02:57 INFO] Epoch 47/50  iter 650/743  loss=0.1205  lr=3.75e-06
[10:03:09 INFO] Epoch 47/50  iter 700/743  loss=0.1455  lr=3.67e-06
[10:03:20 INFO] Epoch 47 complete — avg_loss=0.1444  time=185s
[10:03:33 INFO] Epoch 48/50  iter 50/743  loss=0.1137  lr=3.52e-06
[10:03:46 INFO] Epoch 48/50  iter 100/743  loss=0.1256  lr=3.44e-06
[10:03:58 INFO] Epoch 48/50  iter 150/743  loss=0.0668  lr=3.36e-06
[10:04:11 INFO] Epoch 48/50  iter 200/743  loss=0.1075  lr=3.28e-06
[10:04:23 INFO] Epoch 48/50  iter 250/743  loss=0.0860  lr=3.19e-06
[10:04:35 INFO] Epoch 48/50  iter 300/743  loss=0.1574  lr=3.11e-06
[10:04:48 INFO] Epoch 48/50  iter 350/743  loss=0.0813  lr=3.03e-06
[10:05:00 INFO] Epoch 48/50  iter 400/743  loss=0.1572  lr=2.95e-06
[10:05:13 INFO] Epoch 48/50  iter 450/743  loss=0.0482  lr=2.87e-06
[10:05:25 INFO] Epoch 48/50  iter 500/743  loss=0.0725  lr=2.79e-06
[10:05:37 INFO] Epoch 48/50  iter 550/743  loss=0.0963  lr=2.71e-06
[10:05:50 INFO] Epoch 48/50  iter 600/743  loss=0.1606  lr=2.63e-06
[10:06:02 INFO] Epoch 48/50  iter 650/743  loss=0.1221  lr=2.55e-06
[10:06:15 INFO] Epoch 48/50  iter 700/743  loss=0.1061  lr=2.47e-06
[10:06:25 INFO] Epoch 48 complete — avg_loss=0.1387  time=185s
[10:06:39 INFO] Epoch 49/50  iter 50/743  loss=0.0591  lr=2.32e-06
[10:06:51 INFO] Epoch 49/50  iter 100/743  loss=0.1133  lr=2.24e-06
[10:07:04 INFO] Epoch 49/50  iter 150/743  loss=0.1382  lr=2.16e-06
[10:07:16 INFO] Epoch 49/50  iter 200/743  loss=0.0809  lr=2.08e-06
[10:07:28 INFO] Epoch 49/50  iter 250/743  loss=0.1036  lr=1.99e-06
[10:07:41 INFO] Epoch 49/50  iter 300/743  loss=0.0991  lr=1.91e-06
[10:07:53 INFO] Epoch 49/50  iter 350/743  loss=0.1720  lr=1.83e-06
[10:08:06 INFO] Epoch 49/50  iter 400/743  loss=0.2236  lr=1.75e-06
[10:08:18 INFO] Epoch 49/50  iter 450/743  loss=0.0487  lr=1.67e-06
[10:08:30 INFO] Epoch 49/50  iter 500/743  loss=0.1836  lr=1.59e-06
[10:08:43 INFO] Epoch 49/50  iter 550/743  loss=0.0680  lr=1.51e-06
[10:08:55 INFO] Epoch 49/50  iter 600/743  loss=0.1722  lr=1.43e-06
[10:09:08 INFO] Epoch 49/50  iter 650/743  loss=0.0904  lr=1.35e-06
[10:09:20 INFO] Epoch 49/50  iter 700/743  loss=0.1536  lr=1.27e-06
[10:09:31 INFO] Epoch 49 complete — avg_loss=0.1316  time=185s
[10:09:44 INFO] Epoch 50/50  iter 50/743  loss=0.1267  lr=1.12e-06
[10:09:57 INFO] Epoch 50/50  iter 100/743  loss=0.0792  lr=1.04e-06
[10:10:09 INFO] Epoch 50/50  iter 150/743  loss=0.1271  lr=9.56e-07
[10:10:21 INFO] Epoch 50/50  iter 200/743  loss=0.1934  lr=8.75e-07
[10:10:34 INFO] Epoch 50/50  iter 250/743  loss=0.1241  lr=7.95e-07
[10:10:46 INFO] Epoch 50/50  iter 300/743  loss=0.1543  lr=7.14e-07
[10:10:59 INFO] Epoch 50/50  iter 350/743  loss=0.1435  lr=6.33e-07
[10:11:11 INFO] Epoch 50/50  iter 400/743  loss=0.1464  lr=5.52e-07
[10:11:23 INFO] Epoch 50/50  iter 450/743  loss=0.0744  lr=4.72e-07
[10:11:36 INFO] Epoch 50/50  iter 500/743  loss=0.1191  lr=3.91e-07
[10:11:48 INFO] Epoch 50/50  iter 550/743  loss=0.1072  lr=3.10e-07
[10:12:01 INFO] Epoch 50/50  iter 600/743  loss=0.1768  lr=2.29e-07
[10:12:13 INFO] Epoch 50/50  iter 650/743  loss=0.0928  lr=1.49e-07
[10:12:25 INFO] Epoch 50/50  iter 700/743  loss=0.1308  lr=6.78e-08
[10:12:36 INFO] Epoch 50 complete — avg_loss=0.1338  time=185s
[10:13:31 INFO]   val mIoU = 0.6589
[10:13:31 INFO] Training complete. Best val mIoU = 0.6665
>>> Done: configs/depthaware_b001.yaml

>>> Training (fresh start): configs/depthaware_b002.yaml
[10:13:38 INFO] Device: cuda
/usr/lib64/python3.11/tarfile.py:2303: RuntimeWarning: The default behavior of tarfile extraction has been changed to disallow common exploits (including CVE-2007-4559). By default, absolute/parent paths are disallowed and some mode bits are cleared. See https://access.redhat.com/articles/7004769 for more details.
  warnings.warn(
Model backend: smp
[10:13:41 INFO] Using fog cache: data/fog_cache/depthaware_b002
[10:13:44 INFO] Train: 2975 samples  |  Val: 500 samples
[10:13:57 INFO] Epoch 1/50  iter 50/743  loss=1.6572  lr=5.99e-05
[10:14:09 INFO] Epoch 1/50  iter 100/743  loss=1.1529  lr=5.98e-05
[10:14:22 INFO] Epoch 1/50  iter 150/743  loss=1.3014  lr=5.98e-05
[10:14:34 INFO] Epoch 1/50  iter 200/743  loss=0.7405  lr=5.97e-05
[10:14:46 INFO] Epoch 1/50  iter 250/743  loss=1.2387  lr=5.96e-05
[10:14:59 INFO] Epoch 1/50  iter 300/743  loss=0.7891  lr=5.95e-05
[10:15:11 INFO] Epoch 1/50  iter 350/743  loss=1.4879  lr=5.94e-05
[10:15:24 INFO] Epoch 1/50  iter 400/743  loss=0.4784  lr=5.94e-05
[10:15:36 INFO] Epoch 1/50  iter 450/743  loss=0.6520  lr=5.93e-05
[10:15:49 INFO] Epoch 1/50  iter 500/743  loss=0.5509  lr=5.92e-05
[10:16:01 INFO] Epoch 1/50  iter 550/743  loss=0.3593  lr=5.91e-05
[10:16:13 INFO] Epoch 1/50  iter 600/743  loss=0.5155  lr=5.90e-05
[10:16:26 INFO] Epoch 1/50  iter 650/743  loss=0.9000  lr=5.89e-05
[10:16:38 INFO] Epoch 1/50  iter 700/743  loss=0.6526  lr=5.89e-05
[10:16:49 INFO] Epoch 1 complete — avg_loss=0.8892  time=186s
[10:17:03 INFO] Epoch 2/50  iter 50/743  loss=0.8737  lr=5.87e-05
[10:17:15 INFO] Epoch 2/50  iter 100/743  loss=0.2865  lr=5.86e-05
[10:17:28 INFO] Epoch 2/50  iter 150/743  loss=0.3186  lr=5.86e-05
[10:17:40 INFO] Epoch 2/50  iter 200/743  loss=0.4612  lr=5.85e-05
[10:17:52 INFO] Epoch 2/50  iter 250/743  loss=0.5566  lr=5.84e-05
[10:18:05 INFO] Epoch 2/50  iter 300/743  loss=0.4947  lr=5.83e-05
[10:18:17 INFO] Epoch 2/50  iter 350/743  loss=0.3363  lr=5.82e-05
[10:18:30 INFO] Epoch 2/50  iter 400/743  loss=0.4490  lr=5.82e-05
[10:18:42 INFO] Epoch 2/50  iter 450/743  loss=0.3516  lr=5.81e-05
[10:18:54 INFO] Epoch 2/50  iter 500/743  loss=0.8858  lr=5.80e-05
[10:19:07 INFO] Epoch 2/50  iter 550/743  loss=0.3476  lr=5.79e-05
[10:19:19 INFO] Epoch 2/50  iter 600/743  loss=0.3475  lr=5.78e-05
[10:19:31 INFO] Epoch 2/50  iter 650/743  loss=0.8001  lr=5.77e-05
[10:19:44 INFO] Epoch 2/50  iter 700/743  loss=0.2701  lr=5.77e-05
[10:19:54 INFO] Epoch 2 complete — avg_loss=0.4895  time=185s
[10:20:08 INFO] Epoch 3/50  iter 50/743  loss=0.3770  lr=5.75e-05
[10:20:20 INFO] Epoch 3/50  iter 100/743  loss=0.4921  lr=5.74e-05
[10:20:33 INFO] Epoch 3/50  iter 150/743  loss=0.4326  lr=5.74e-05
[10:20:45 INFO] Epoch 3/50  iter 200/743  loss=0.3304  lr=5.73e-05
[10:20:58 INFO] Epoch 3/50  iter 250/743  loss=0.3508  lr=5.72e-05
[10:21:10 INFO] Epoch 3/50  iter 300/743  loss=0.3977  lr=5.71e-05
[10:21:22 INFO] Epoch 3/50  iter 350/743  loss=0.2687  lr=5.70e-05
[10:21:35 INFO] Epoch 3/50  iter 400/743  loss=0.2763  lr=5.70e-05
[10:21:47 INFO] Epoch 3/50  iter 450/743  loss=0.3403  lr=5.69e-05
[10:22:00 INFO] Epoch 3/50  iter 500/743  loss=0.2651  lr=5.68e-05
[10:22:12 INFO] Epoch 3/50  iter 550/743  loss=0.4529  lr=5.67e-05
[10:22:24 INFO] Epoch 3/50  iter 600/743  loss=0.4575  lr=5.66e-05
[10:22:37 INFO] Epoch 3/50  iter 650/743  loss=0.3495  lr=5.65e-05
[10:22:49 INFO] Epoch 3/50  iter 700/743  loss=0.6220  lr=5.65e-05
[10:23:00 INFO] Epoch 3 complete — avg_loss=0.4091  time=185s
[10:23:13 INFO] Epoch 4/50  iter 50/743  loss=0.2740  lr=5.63e-05
[10:23:26 INFO] Epoch 4/50  iter 100/743  loss=0.2360  lr=5.62e-05
[10:23:38 INFO] Epoch 4/50  iter 150/743  loss=0.2411  lr=5.62e-05
[10:23:50 INFO] Epoch 4/50  iter 200/743  loss=0.3561  lr=5.61e-05
[10:24:03 INFO] Epoch 4/50  iter 250/743  loss=0.4680  lr=5.60e-05
[10:24:15 INFO] Epoch 4/50  iter 300/743  loss=0.3111  lr=5.59e-05
[10:24:28 INFO] Epoch 4/50  iter 350/743  loss=0.3189  lr=5.58e-05
[10:24:40 INFO] Epoch 4/50  iter 400/743  loss=0.4137  lr=5.58e-05
[10:24:52 INFO] Epoch 4/50  iter 450/743  loss=0.2044  lr=5.57e-05
[10:25:05 INFO] Epoch 4/50  iter 500/743  loss=0.2662  lr=5.56e-05
[10:25:17 INFO] Epoch 4/50  iter 550/743  loss=0.5925  lr=5.55e-05
[10:25:30 INFO] Epoch 4/50  iter 600/743  loss=0.2225  lr=5.54e-05
[10:25:42 INFO] Epoch 4/50  iter 650/743  loss=0.3378  lr=5.53e-05
[10:25:54 INFO] Epoch 4/50  iter 700/743  loss=0.3261  lr=5.53e-05
[10:26:05 INFO] Epoch 4 complete — avg_loss=0.3707  time=185s
[10:26:19 INFO] Epoch 5/50  iter 50/743  loss=0.2446  lr=5.51e-05
[10:26:31 INFO] Epoch 5/50  iter 100/743  loss=0.2229  lr=5.50e-05
[10:26:44 INFO] Epoch 5/50  iter 150/743  loss=0.1667  lr=5.50e-05
[10:26:56 INFO] Epoch 5/50  iter 200/743  loss=0.1953  lr=5.49e-05
[10:27:08 INFO] Epoch 5/50  iter 250/743  loss=0.3206  lr=5.48e-05
[10:27:21 INFO] Epoch 5/50  iter 300/743  loss=0.3674  lr=5.47e-05
[10:27:33 INFO] Epoch 5/50  iter 350/743  loss=0.1863  lr=5.46e-05
[10:27:46 INFO] Epoch 5/50  iter 400/743  loss=0.4178  lr=5.46e-05
[10:27:58 INFO] Epoch 5/50  iter 450/743  loss=0.6682  lr=5.45e-05
[10:28:10 INFO] Epoch 5/50  iter 500/743  loss=0.4400  lr=5.44e-05
[10:28:23 INFO] Epoch 5/50  iter 550/743  loss=1.5406  lr=5.43e-05
[10:28:35 INFO] Epoch 5/50  iter 600/743  loss=0.4067  lr=5.42e-05
[10:28:47 INFO] Epoch 5/50  iter 650/743  loss=0.3031  lr=5.41e-05
[10:29:00 INFO] Epoch 5/50  iter 700/743  loss=0.2311  lr=5.41e-05
[10:29:10 INFO] Epoch 5 complete — avg_loss=0.3341  time=185s
[10:30:03 INFO]   val mIoU = 0.3872
[10:30:04 INFO]   ★ New best val mIoU: 0.3872
[10:30:18 INFO] Epoch 6/50  iter 50/743  loss=0.2771  lr=5.39e-05
[10:30:30 INFO] Epoch 6/50  iter 100/743  loss=0.4767  lr=5.38e-05
[10:30:42 INFO] Epoch 6/50  iter 150/743  loss=0.3477  lr=5.38e-05
[10:30:55 INFO] Epoch 6/50  iter 200/743  loss=0.2950  lr=5.37e-05
[10:31:07 INFO] Epoch 6/50  iter 250/743  loss=0.2244  lr=5.36e-05
[10:31:20 INFO] Epoch 6/50  iter 300/743  loss=0.2485  lr=5.35e-05
[10:31:32 INFO] Epoch 6/50  iter 350/743  loss=0.1656  lr=5.34e-05
[10:31:44 INFO] Epoch 6/50  iter 400/743  loss=0.3469  lr=5.34e-05
[10:31:57 INFO] Epoch 6/50  iter 450/743  loss=0.1639  lr=5.33e-05
[10:32:09 INFO] Epoch 6/50  iter 500/743  loss=0.4744  lr=5.32e-05
[10:32:21 INFO] Epoch 6/50  iter 550/743  loss=0.3728  lr=5.31e-05
[10:32:34 INFO] Epoch 6/50  iter 600/743  loss=0.2305  lr=5.30e-05
[10:32:46 INFO] Epoch 6/50  iter 650/743  loss=0.2672  lr=5.29e-05
[10:32:58 INFO] Epoch 6/50  iter 700/743  loss=0.1949  lr=5.29e-05
[10:33:09 INFO] Epoch 6 complete — avg_loss=0.3203  time=184s
[10:33:23 INFO] Epoch 7/50  iter 50/743  loss=0.2806  lr=5.27e-05
[10:33:35 INFO] Epoch 7/50  iter 100/743  loss=0.3720  lr=5.26e-05
[10:33:47 INFO] Epoch 7/50  iter 150/743  loss=0.2647  lr=5.26e-05
[10:34:00 INFO] Epoch 7/50  iter 200/743  loss=0.3483  lr=5.25e-05
[10:34:12 INFO] Epoch 7/50  iter 250/743  loss=0.2962  lr=5.24e-05
[10:34:25 INFO] Epoch 7/50  iter 300/743  loss=0.3045  lr=5.23e-05
[10:34:37 INFO] Epoch 7/50  iter 350/743  loss=0.2582  lr=5.22e-05
[10:34:49 INFO] Epoch 7/50  iter 400/743  loss=0.4047  lr=5.22e-05
[10:35:02 INFO] Epoch 7/50  iter 450/743  loss=0.2578  lr=5.21e-05
[10:35:14 INFO] Epoch 7/50  iter 500/743  loss=0.1898  lr=5.20e-05
[10:35:26 INFO] Epoch 7/50  iter 550/743  loss=0.1317  lr=5.19e-05
[10:35:39 INFO] Epoch 7/50  iter 600/743  loss=0.0848  lr=5.18e-05
[10:35:51 INFO] Epoch 7/50  iter 650/743  loss=0.1676  lr=5.17e-05
[10:36:04 INFO] Epoch 7/50  iter 700/743  loss=0.2753  lr=5.17e-05
[10:36:14 INFO] Epoch 7 complete — avg_loss=0.3004  time=185s
[10:36:28 INFO] Epoch 8/50  iter 50/743  loss=0.4747  lr=5.15e-05
[10:36:40 INFO] Epoch 8/50  iter 100/743  loss=0.2698  lr=5.14e-05
[10:36:53 INFO] Epoch 8/50  iter 150/743  loss=0.5558  lr=5.14e-05
[10:37:05 INFO] Epoch 8/50  iter 200/743  loss=0.1178  lr=5.13e-05
[10:37:18 INFO] Epoch 8/50  iter 250/743  loss=0.5691  lr=5.12e-05
[10:37:30 INFO] Epoch 8/50  iter 300/743  loss=0.2491  lr=5.11e-05
[10:37:42 INFO] Epoch 8/50  iter 350/743  loss=0.1218  lr=5.10e-05
[10:37:55 INFO] Epoch 8/50  iter 400/743  loss=0.2529  lr=5.10e-05
[10:38:07 INFO] Epoch 8/50  iter 450/743  loss=0.1637  lr=5.09e-05
[10:38:19 INFO] Epoch 8/50  iter 500/743  loss=0.2314  lr=5.08e-05
[10:38:32 INFO] Epoch 8/50  iter 550/743  loss=0.1531  lr=5.07e-05
[10:38:44 INFO] Epoch 8/50  iter 600/743  loss=0.8055  lr=5.06e-05
[10:38:57 INFO] Epoch 8/50  iter 650/743  loss=0.2106  lr=5.05e-05
[10:39:09 INFO] Epoch 8/50  iter 700/743  loss=0.1945  lr=5.05e-05
[10:39:20 INFO] Epoch 8 complete — avg_loss=0.2886  time=185s
[10:39:33 INFO] Epoch 9/50  iter 50/743  loss=0.2979  lr=5.03e-05
[10:39:46 INFO] Epoch 9/50  iter 100/743  loss=0.2554  lr=5.02e-05
[10:39:58 INFO] Epoch 9/50  iter 150/743  loss=0.2009  lr=5.02e-05
[10:40:10 INFO] Epoch 9/50  iter 200/743  loss=0.2196  lr=5.01e-05
[10:40:23 INFO] Epoch 9/50  iter 250/743  loss=0.2818  lr=5.00e-05
[10:40:35 INFO] Epoch 9/50  iter 300/743  loss=0.3570  lr=4.99e-05
[10:40:47 INFO] Epoch 9/50  iter 350/743  loss=0.3139  lr=4.98e-05
[10:41:00 INFO] Epoch 9/50  iter 400/743  loss=0.3258  lr=4.98e-05
[10:41:12 INFO] Epoch 9/50  iter 450/743  loss=0.6592  lr=4.97e-05
[10:41:25 INFO] Epoch 9/50  iter 500/743  loss=0.3200  lr=4.96e-05
[10:41:37 INFO] Epoch 9/50  iter 550/743  loss=0.4325  lr=4.95e-05
[10:41:49 INFO] Epoch 9/50  iter 600/743  loss=0.2024  lr=4.94e-05
[10:42:02 INFO] Epoch 9/50  iter 650/743  loss=0.2827  lr=4.93e-05
[10:42:14 INFO] Epoch 9/50  iter 700/743  loss=0.3061  lr=4.93e-05
[10:42:25 INFO] Epoch 9 complete — avg_loss=0.2895  time=185s
[10:42:38 INFO] Epoch 10/50  iter 50/743  loss=0.1457  lr=4.91e-05
[10:42:51 INFO] Epoch 10/50  iter 100/743  loss=0.1805  lr=4.90e-05
[10:43:03 INFO] Epoch 10/50  iter 150/743  loss=0.2837  lr=4.90e-05
[10:43:16 INFO] Epoch 10/50  iter 200/743  loss=0.0623  lr=4.89e-05
[10:43:28 INFO] Epoch 10/50  iter 250/743  loss=0.3327  lr=4.88e-05
[10:43:40 INFO] Epoch 10/50  iter 300/743  loss=0.1100  lr=4.87e-05
[10:43:53 INFO] Epoch 10/50  iter 350/743  loss=0.5148  lr=4.86e-05
[10:44:05 INFO] Epoch 10/50  iter 400/743  loss=0.2421  lr=4.86e-05
[10:44:18 INFO] Epoch 10/50  iter 450/743  loss=0.2014  lr=4.85e-05
[10:44:30 INFO] Epoch 10/50  iter 500/743  loss=0.1231  lr=4.84e-05
[10:44:42 INFO] Epoch 10/50  iter 550/743  loss=0.2425  lr=4.83e-05
[10:44:55 INFO] Epoch 10/50  iter 600/743  loss=0.5824  lr=4.82e-05
[10:45:07 INFO] Epoch 10/50  iter 650/743  loss=0.3328  lr=4.81e-05
[10:45:19 INFO] Epoch 10/50  iter 700/743  loss=0.2356  lr=4.81e-05
[10:45:30 INFO] Epoch 10 complete — avg_loss=0.2694  time=185s
[10:46:24 INFO]   val mIoU = 0.4781
[10:46:25 INFO]   ★ New best val mIoU: 0.4781
[10:46:39 INFO] Epoch 11/50  iter 50/743  loss=0.5291  lr=4.79e-05
[10:46:51 INFO] Epoch 11/50  iter 100/743  loss=0.2461  lr=4.78e-05
[10:47:03 INFO] Epoch 11/50  iter 150/743  loss=0.4004  lr=4.78e-05
[10:47:16 INFO] Epoch 11/50  iter 200/743  loss=0.5250  lr=4.77e-05
[10:47:28 INFO] Epoch 11/50  iter 250/743  loss=0.2197  lr=4.76e-05
[10:47:41 INFO] Epoch 11/50  iter 300/743  loss=0.4670  lr=4.75e-05
[10:47:53 INFO] Epoch 11/50  iter 350/743  loss=0.1278  lr=4.74e-05
[10:48:05 INFO] Epoch 11/50  iter 400/743  loss=0.1996  lr=4.74e-05
[10:48:18 INFO] Epoch 11/50  iter 450/743  loss=0.3117  lr=4.73e-05
[10:48:30 INFO] Epoch 11/50  iter 500/743  loss=0.1930  lr=4.72e-05
[10:48:42 INFO] Epoch 11/50  iter 550/743  loss=0.5997  lr=4.71e-05
[10:48:55 INFO] Epoch 11/50  iter 600/743  loss=0.2971  lr=4.70e-05
[10:49:07 INFO] Epoch 11/50  iter 650/743  loss=0.3066  lr=4.69e-05
[10:49:20 INFO] Epoch 11/50  iter 700/743  loss=0.1595  lr=4.69e-05
[10:49:30 INFO] Epoch 11 complete — avg_loss=0.2574  time=184s
[10:49:44 INFO] Epoch 12/50  iter 50/743  loss=0.2436  lr=4.67e-05
[10:49:56 INFO] Epoch 12/50  iter 100/743  loss=0.1980  lr=4.66e-05
[10:50:09 INFO] Epoch 12/50  iter 150/743  loss=0.3160  lr=4.66e-05
[10:50:21 INFO] Epoch 12/50  iter 200/743  loss=0.2992  lr=4.65e-05
[10:50:33 INFO] Epoch 12/50  iter 250/743  loss=0.4329  lr=4.64e-05
[10:50:46 INFO] Epoch 12/50  iter 300/743  loss=0.2403  lr=4.63e-05
[10:50:58 INFO] Epoch 12/50  iter 350/743  loss=0.2899  lr=4.62e-05
[10:51:11 INFO] Epoch 12/50  iter 400/743  loss=0.3396  lr=4.62e-05
[10:51:23 INFO] Epoch 12/50  iter 450/743  loss=0.0914  lr=4.61e-05
[10:51:35 INFO] Epoch 12/50  iter 500/743  loss=0.1574  lr=4.60e-05
[10:51:48 INFO] Epoch 12/50  iter 550/743  loss=0.2419  lr=4.59e-05
[10:52:00 INFO] Epoch 12/50  iter 600/743  loss=0.2206  lr=4.58e-05
[10:52:12 INFO] Epoch 12/50  iter 650/743  loss=0.1662  lr=4.57e-05
[10:52:25 INFO] Epoch 12/50  iter 700/743  loss=0.1750  lr=4.57e-05
[10:52:36 INFO] Epoch 12 complete — avg_loss=0.2540  time=184s
[10:52:49 INFO] Epoch 13/50  iter 50/743  loss=0.2170  lr=4.55e-05
[10:53:02 INFO] Epoch 13/50  iter 100/743  loss=0.0551  lr=4.54e-05
[10:53:14 INFO] Epoch 13/50  iter 150/743  loss=0.2336  lr=4.54e-05
[10:53:26 INFO] Epoch 13/50  iter 200/743  loss=0.1453  lr=4.53e-05
[10:53:39 INFO] Epoch 13/50  iter 250/743  loss=0.2229  lr=4.52e-05
[10:53:51 INFO] Epoch 13/50  iter 300/743  loss=0.2178  lr=4.51e-05
[10:54:04 INFO] Epoch 13/50  iter 350/743  loss=0.1682  lr=4.50e-05
[10:54:16 INFO] Epoch 13/50  iter 400/743  loss=0.1699  lr=4.50e-05
[10:54:28 INFO] Epoch 13/50  iter 450/743  loss=0.4102  lr=4.49e-05
[10:54:41 INFO] Epoch 13/50  iter 500/743  loss=0.1368  lr=4.48e-05
[10:54:53 INFO] Epoch 13/50  iter 550/743  loss=0.1697  lr=4.47e-05
[10:55:05 INFO] Epoch 13/50  iter 600/743  loss=0.1842  lr=4.46e-05
[10:55:18 INFO] Epoch 13/50  iter 650/743  loss=0.1098  lr=4.45e-05
[10:55:30 INFO] Epoch 13/50  iter 700/743  loss=0.1572  lr=4.45e-05
[10:55:41 INFO] Epoch 13 complete — avg_loss=0.2567  time=185s
[10:55:55 INFO] Epoch 14/50  iter 50/743  loss=0.1351  lr=4.43e-05
[10:56:07 INFO] Epoch 14/50  iter 100/743  loss=0.2136  lr=4.42e-05
[10:56:19 INFO] Epoch 14/50  iter 150/743  loss=0.1806  lr=4.42e-05
[10:56:32 INFO] Epoch 14/50  iter 200/743  loss=0.1949  lr=4.41e-05
[10:56:44 INFO] Epoch 14/50  iter 250/743  loss=0.2706  lr=4.40e-05
[10:56:56 INFO] Epoch 14/50  iter 300/743  loss=0.2422  lr=4.39e-05
[10:57:09 INFO] Epoch 14/50  iter 350/743  loss=0.1936  lr=4.38e-05
[10:57:21 INFO] Epoch 14/50  iter 400/743  loss=0.5739  lr=4.38e-05
[10:57:34 INFO] Epoch 14/50  iter 450/743  loss=0.2260  lr=4.37e-05
[10:57:46 INFO] Epoch 14/50  iter 500/743  loss=0.1495  lr=4.36e-05
[10:57:58 INFO] Epoch 14/50  iter 550/743  loss=0.3035  lr=4.35e-05
[10:58:11 INFO] Epoch 14/50  iter 600/743  loss=0.2018  lr=4.34e-05
[10:58:23 INFO] Epoch 14/50  iter 650/743  loss=0.1961  lr=4.33e-05
[10:58:36 INFO] Epoch 14/50  iter 700/743  loss=0.4081  lr=4.33e-05
[10:58:46 INFO] Epoch 14 complete — avg_loss=0.2442  time=185s
[10:59:00 INFO] Epoch 15/50  iter 50/743  loss=0.1953  lr=4.31e-05
[10:59:12 INFO] Epoch 15/50  iter 100/743  loss=0.1886  lr=4.30e-05
[10:59:25 INFO] Epoch 15/50  iter 150/743  loss=0.3961  lr=4.30e-05
[10:59:37 INFO] Epoch 15/50  iter 200/743  loss=0.1989  lr=4.29e-05
[10:59:49 INFO] Epoch 15/50  iter 250/743  loss=0.2465  lr=4.28e-05
[11:00:02 INFO] Epoch 15/50  iter 300/743  loss=0.3405  lr=4.27e-05
[11:00:14 INFO] Epoch 15/50  iter 350/743  loss=0.1734  lr=4.26e-05
[11:00:27 INFO] Epoch 15/50  iter 400/743  loss=0.4555  lr=4.26e-05
[11:00:39 INFO] Epoch 15/50  iter 450/743  loss=0.1831  lr=4.25e-05
[11:00:51 INFO] Epoch 15/50  iter 500/743  loss=0.2506  lr=4.24e-05
[11:01:04 INFO] Epoch 15/50  iter 550/743  loss=0.2404  lr=4.23e-05
[11:01:16 INFO] Epoch 15/50  iter 600/743  loss=0.2298  lr=4.22e-05
[11:01:29 INFO] Epoch 15/50  iter 650/743  loss=0.1999  lr=4.21e-05
[11:01:41 INFO] Epoch 15/50  iter 700/743  loss=0.1155  lr=4.21e-05
[11:01:52 INFO] Epoch 15 complete — avg_loss=0.2505  time=185s
[11:02:46 INFO]   val mIoU = 0.5132
[11:02:47 INFO]   ★ New best val mIoU: 0.5132
[11:03:00 INFO] Epoch 16/50  iter 50/743  loss=0.1423  lr=4.19e-05
[11:03:13 INFO] Epoch 16/50  iter 100/743  loss=0.2530  lr=4.18e-05
[11:03:25 INFO] Epoch 16/50  iter 150/743  loss=0.1719  lr=4.18e-05
[11:03:37 INFO] Epoch 16/50  iter 200/743  loss=0.1142  lr=4.17e-05
[11:03:50 INFO] Epoch 16/50  iter 250/743  loss=0.1738  lr=4.16e-05
[11:04:02 INFO] Epoch 16/50  iter 300/743  loss=0.1451  lr=4.15e-05
[11:04:15 INFO] Epoch 16/50  iter 350/743  loss=0.3934  lr=4.14e-05
[11:04:27 INFO] Epoch 16/50  iter 400/743  loss=0.0615  lr=4.14e-05
[11:04:39 INFO] Epoch 16/50  iter 450/743  loss=0.1925  lr=4.13e-05
[11:04:52 INFO] Epoch 16/50  iter 500/743  loss=0.2439  lr=4.12e-05
[11:05:04 INFO] Epoch 16/50  iter 550/743  loss=0.2063  lr=4.11e-05
[11:05:17 INFO] Epoch 16/50  iter 600/743  loss=0.3120  lr=4.10e-05
[11:05:29 INFO] Epoch 16/50  iter 650/743  loss=0.1695  lr=4.09e-05
[11:05:41 INFO] Epoch 16/50  iter 700/743  loss=0.2062  lr=4.09e-05
[11:05:52 INFO] Epoch 16 complete — avg_loss=0.2280  time=185s
[11:06:06 INFO] Epoch 17/50  iter 50/743  loss=0.1209  lr=4.07e-05
[11:06:18 INFO] Epoch 17/50  iter 100/743  loss=0.1243  lr=4.06e-05
[11:06:30 INFO] Epoch 17/50  iter 150/743  loss=0.2060  lr=4.06e-05
[11:06:43 INFO] Epoch 17/50  iter 200/743  loss=0.0804  lr=4.05e-05
[11:06:55 INFO] Epoch 17/50  iter 250/743  loss=0.1271  lr=4.04e-05
[11:07:08 INFO] Epoch 17/50  iter 300/743  loss=0.2028  lr=4.03e-05
[11:07:20 INFO] Epoch 17/50  iter 350/743  loss=0.1570  lr=4.02e-05
[11:07:32 INFO] Epoch 17/50  iter 400/743  loss=0.1876  lr=4.02e-05
[11:07:45 INFO] Epoch 17/50  iter 450/743  loss=0.2346  lr=4.01e-05
[11:07:57 INFO] Epoch 17/50  iter 500/743  loss=0.1989  lr=4.00e-05
[11:08:09 INFO] Epoch 17/50  iter 550/743  loss=0.2932  lr=3.99e-05
[11:08:22 INFO] Epoch 17/50  iter 600/743  loss=0.1309  lr=3.98e-05
[11:08:34 INFO] Epoch 17/50  iter 650/743  loss=0.1227  lr=3.97e-05
[11:08:47 INFO] Epoch 17/50  iter 700/743  loss=0.1012  lr=3.97e-05
[11:08:57 INFO] Epoch 17 complete — avg_loss=0.2257  time=185s
[11:09:11 INFO] Epoch 18/50  iter 50/743  loss=0.2421  lr=3.95e-05
[11:09:24 INFO] Epoch 18/50  iter 100/743  loss=0.4789  lr=3.94e-05
[11:09:36 INFO] Epoch 18/50  iter 150/743  loss=0.2757  lr=3.94e-05
[11:09:48 INFO] Epoch 18/50  iter 200/743  loss=0.2178  lr=3.93e-05
[11:10:01 INFO] Epoch 18/50  iter 250/743  loss=0.1950  lr=3.92e-05
[11:10:13 INFO] Epoch 18/50  iter 300/743  loss=0.2330  lr=3.91e-05
[11:10:25 INFO] Epoch 18/50  iter 350/743  loss=0.2764  lr=3.90e-05
[11:10:38 INFO] Epoch 18/50  iter 400/743  loss=0.2270  lr=3.90e-05
[11:10:50 INFO] Epoch 18/50  iter 450/743  loss=0.1052  lr=3.89e-05
[11:11:03 INFO] Epoch 18/50  iter 500/743  loss=0.0937  lr=3.88e-05
[11:11:15 INFO] Epoch 18/50  iter 550/743  loss=0.1236  lr=3.87e-05
[11:11:27 INFO] Epoch 18/50  iter 600/743  loss=0.2854  lr=3.86e-05
[11:11:40 INFO] Epoch 18/50  iter 650/743  loss=0.1816  lr=3.85e-05
[11:11:52 INFO] Epoch 18/50  iter 700/743  loss=0.3110  lr=3.85e-05
[11:12:03 INFO] Epoch 18 complete — avg_loss=0.2184  time=185s
[11:12:17 INFO] Epoch 19/50  iter 50/743  loss=0.3109  lr=3.83e-05
[11:12:29 INFO] Epoch 19/50  iter 100/743  loss=0.1536  lr=3.82e-05
[11:12:41 INFO] Epoch 19/50  iter 150/743  loss=0.1932  lr=3.82e-05
[11:12:54 INFO] Epoch 19/50  iter 200/743  loss=0.1671  lr=3.81e-05
[11:13:06 INFO] Epoch 19/50  iter 250/743  loss=0.1550  lr=3.80e-05
[11:13:18 INFO] Epoch 19/50  iter 300/743  loss=0.1146  lr=3.79e-05
[11:13:31 INFO] Epoch 19/50  iter 350/743  loss=0.1868  lr=3.78e-05
[11:13:43 INFO] Epoch 19/50  iter 400/743  loss=0.1970  lr=3.78e-05
[11:13:56 INFO] Epoch 19/50  iter 450/743  loss=0.2087  lr=3.77e-05
[11:14:08 INFO] Epoch 19/50  iter 500/743  loss=0.0954  lr=3.76e-05
[11:14:20 INFO] Epoch 19/50  iter 550/743  loss=0.2201  lr=3.75e-05
[11:14:33 INFO] Epoch 19/50  iter 600/743  loss=0.3984  lr=3.74e-05
[11:14:45 INFO] Epoch 19/50  iter 650/743  loss=0.1363  lr=3.73e-05
[11:14:58 INFO] Epoch 19/50  iter 700/743  loss=0.1912  lr=3.73e-05
[11:15:08 INFO] Epoch 19 complete — avg_loss=0.2252  time=185s
[11:15:22 INFO] Epoch 20/50  iter 50/743  loss=0.2725  lr=3.71e-05
[11:15:34 INFO] Epoch 20/50  iter 100/743  loss=0.1471  lr=3.70e-05
[11:15:47 INFO] Epoch 20/50  iter 150/743  loss=0.1491  lr=3.70e-05
[11:15:59 INFO] Epoch 20/50  iter 200/743  loss=0.2419  lr=3.69e-05
[11:16:11 INFO] Epoch 20/50  iter 250/743  loss=0.1907  lr=3.68e-05
[11:16:24 INFO] Epoch 20/50  iter 300/743  loss=0.0944  lr=3.67e-05
[11:16:36 INFO] Epoch 20/50  iter 350/743  loss=0.1137  lr=3.66e-05
[11:16:48 INFO] Epoch 20/50  iter 400/743  loss=0.1489  lr=3.66e-05
[11:17:01 INFO] Epoch 20/50  iter 450/743  loss=0.4377  lr=3.65e-05
[11:17:13 INFO] Epoch 20/50  iter 500/743  loss=0.2332  lr=3.64e-05
[11:17:26 INFO] Epoch 20/50  iter 550/743  loss=0.2355  lr=3.63e-05
[11:17:38 INFO] Epoch 20/50  iter 600/743  loss=0.1007  lr=3.62e-05
[11:17:50 INFO] Epoch 20/50  iter 650/743  loss=0.1902  lr=3.61e-05
[11:18:03 INFO] Epoch 20/50  iter 700/743  loss=0.1655  lr=3.61e-05
[11:18:13 INFO] Epoch 20 complete — avg_loss=0.2202  time=185s
[11:19:08 INFO]   val mIoU = 0.5129
[11:19:21 INFO] Epoch 21/50  iter 50/743  loss=0.1504  lr=3.59e-05
[11:19:34 INFO] Epoch 21/50  iter 100/743  loss=0.1440  lr=3.58e-05
[11:19:46 INFO] Epoch 21/50  iter 150/743  loss=0.1022  lr=3.58e-05
[11:19:58 INFO] Epoch 21/50  iter 200/743  loss=1.5203  lr=3.57e-05
[11:20:11 INFO] Epoch 21/50  iter 250/743  loss=0.1762  lr=3.56e-05
[11:20:23 INFO] Epoch 21/50  iter 300/743  loss=0.1511  lr=3.55e-05
[11:20:36 INFO] Epoch 21/50  iter 350/743  loss=0.1034  lr=3.54e-05
[11:20:48 INFO] Epoch 21/50  iter 400/743  loss=0.2175  lr=3.54e-05
[11:21:00 INFO] Epoch 21/50  iter 450/743  loss=0.2221  lr=3.53e-05
[11:21:13 INFO] Epoch 21/50  iter 500/743  loss=0.1332  lr=3.52e-05
[11:21:25 INFO] Epoch 21/50  iter 550/743  loss=0.1355  lr=3.51e-05
[11:21:38 INFO] Epoch 21/50  iter 600/743  loss=0.1723  lr=3.50e-05
[11:21:50 INFO] Epoch 21/50  iter 650/743  loss=0.2315  lr=3.49e-05
[11:22:02 INFO] Epoch 21/50  iter 700/743  loss=0.1744  lr=3.49e-05
[11:22:13 INFO] Epoch 21 complete — avg_loss=0.2091  time=185s
[11:22:27 INFO] Epoch 22/50  iter 50/743  loss=0.1652  lr=3.47e-05
[11:22:39 INFO] Epoch 22/50  iter 100/743  loss=0.1245  lr=3.46e-05
[11:22:51 INFO] Epoch 22/50  iter 150/743  loss=0.1036  lr=3.46e-05
[11:23:04 INFO] Epoch 22/50  iter 200/743  loss=0.2830  lr=3.45e-05
[11:23:16 INFO] Epoch 22/50  iter 250/743  loss=0.2223  lr=3.44e-05
[11:23:29 INFO] Epoch 22/50  iter 300/743  loss=0.1820  lr=3.43e-05
[11:23:41 INFO] Epoch 22/50  iter 350/743  loss=0.2021  lr=3.42e-05
[11:23:53 INFO] Epoch 22/50  iter 400/743  loss=0.1544  lr=3.42e-05
[11:24:06 INFO] Epoch 22/50  iter 450/743  loss=0.1322  lr=3.41e-05
[11:24:18 INFO] Epoch 22/50  iter 500/743  loss=0.1782  lr=3.40e-05
[11:24:31 INFO] Epoch 22/50  iter 550/743  loss=0.1997  lr=3.39e-05
[11:24:43 INFO] Epoch 22/50  iter 600/743  loss=0.1641  lr=3.38e-05
[11:24:55 INFO] Epoch 22/50  iter 650/743  loss=0.2452  lr=3.37e-05
[11:25:08 INFO] Epoch 22/50  iter 700/743  loss=0.2135  lr=3.37e-05
[11:25:18 INFO] Epoch 22 complete — avg_loss=0.2020  time=185s
[11:25:32 INFO] Epoch 23/50  iter 50/743  loss=0.1727  lr=3.35e-05
[11:25:44 INFO] Epoch 23/50  iter 100/743  loss=0.1215  lr=3.34e-05
[11:25:57 INFO] Epoch 23/50  iter 150/743  loss=1.2390  lr=3.34e-05
[11:26:09 INFO] Epoch 23/50  iter 200/743  loss=0.1898  lr=3.33e-05
[11:26:21 INFO] Epoch 23/50  iter 250/743  loss=0.2710  lr=3.32e-05
[11:26:34 INFO] Epoch 23/50  iter 300/743  loss=0.1327  lr=3.31e-05
[11:26:46 INFO] Epoch 23/50  iter 350/743  loss=0.0743  lr=3.30e-05
[11:26:59 INFO] Epoch 23/50  iter 400/743  loss=0.1615  lr=3.30e-05
[11:27:11 INFO] Epoch 23/50  iter 450/743  loss=0.2192  lr=3.29e-05
[11:27:23 INFO] Epoch 23/50  iter 500/743  loss=0.1916  lr=3.28e-05
[11:27:36 INFO] Epoch 23/50  iter 550/743  loss=0.1758  lr=3.27e-05
[11:27:48 INFO] Epoch 23/50  iter 600/743  loss=0.1334  lr=3.26e-05
[11:28:00 INFO] Epoch 23/50  iter 650/743  loss=0.2116  lr=3.25e-05
[11:28:13 INFO] Epoch 23/50  iter 700/743  loss=0.0828  lr=3.25e-05
[11:28:23 INFO] Epoch 23 complete — avg_loss=0.1994  time=184s
[11:28:37 INFO] Epoch 24/50  iter 50/743  loss=0.1054  lr=3.23e-05
[11:28:50 INFO] Epoch 24/50  iter 100/743  loss=0.2197  lr=3.22e-05
[11:29:02 INFO] Epoch 24/50  iter 150/743  loss=0.1578  lr=3.22e-05
[11:29:14 INFO] Epoch 24/50  iter 200/743  loss=0.1143  lr=3.21e-05
[11:29:27 INFO] Epoch 24/50  iter 250/743  loss=0.0794  lr=3.20e-05
[11:29:39 INFO] Epoch 24/50  iter 300/743  loss=0.1546  lr=3.19e-05
[11:29:51 INFO] Epoch 24/50  iter 350/743  loss=0.1278  lr=3.18e-05
[11:30:04 INFO] Epoch 24/50  iter 400/743  loss=0.3041  lr=3.18e-05
[11:30:16 INFO] Epoch 24/50  iter 450/743  loss=0.1198  lr=3.17e-05
[11:30:29 INFO] Epoch 24/50  iter 500/743  loss=0.1424  lr=3.16e-05
[11:30:41 INFO] Epoch 24/50  iter 550/743  loss=0.1762  lr=3.15e-05
[11:30:53 INFO] Epoch 24/50  iter 600/743  loss=0.1381  lr=3.14e-05
[11:31:06 INFO] Epoch 24/50  iter 650/743  loss=0.2321  lr=3.13e-05
[11:31:18 INFO] Epoch 24/50  iter 700/743  loss=0.1183  lr=3.13e-05
[11:31:29 INFO] Epoch 24 complete — avg_loss=0.1962  time=184s
[11:31:42 INFO] Epoch 25/50  iter 50/743  loss=0.1012  lr=3.11e-05
[11:31:55 INFO] Epoch 25/50  iter 100/743  loss=0.2339  lr=3.10e-05
[11:32:07 INFO] Epoch 25/50  iter 150/743  loss=0.2005  lr=3.10e-05
[11:32:20 INFO] Epoch 25/50  iter 200/743  loss=0.1218  lr=3.09e-05
[11:32:32 INFO] Epoch 25/50  iter 250/743  loss=0.1892  lr=3.08e-05
[11:32:44 INFO] Epoch 25/50  iter 300/743  loss=0.1625  lr=3.07e-05
[11:32:57 INFO] Epoch 25/50  iter 350/743  loss=0.2438  lr=3.06e-05
[11:33:09 INFO] Epoch 25/50  iter 400/743  loss=0.0706  lr=3.06e-05
[11:33:21 INFO] Epoch 25/50  iter 450/743  loss=0.3285  lr=3.05e-05
[11:33:34 INFO] Epoch 25/50  iter 500/743  loss=0.1594  lr=3.04e-05
[11:33:46 INFO] Epoch 25/50  iter 550/743  loss=0.3108  lr=3.03e-05
[11:33:59 INFO] Epoch 25/50  iter 600/743  loss=0.1882  lr=3.02e-05
[11:34:11 INFO] Epoch 25/50  iter 650/743  loss=0.1576  lr=3.01e-05
[11:34:23 INFO] Epoch 25/50  iter 700/743  loss=0.1588  lr=3.01e-05
[11:34:34 INFO] Epoch 25 complete — avg_loss=0.1974  time=185s
[11:35:28 INFO]   val mIoU = 0.5385
[11:35:28 INFO]   ★ New best val mIoU: 0.5385
[11:35:42 INFO] Epoch 26/50  iter 50/743  loss=0.1876  lr=2.99e-05
[11:35:54 INFO] Epoch 26/50  iter 100/743  loss=0.1222  lr=2.98e-05
[11:36:07 INFO] Epoch 26/50  iter 150/743  loss=0.1474  lr=2.98e-05
[11:36:19 INFO] Epoch 26/50  iter 200/743  loss=0.0812  lr=2.97e-05
[11:36:32 INFO] Epoch 26/50  iter 250/743  loss=0.1335  lr=2.96e-05
[11:36:44 INFO] Epoch 26/50  iter 300/743  loss=0.2452  lr=2.95e-05
[11:36:56 INFO] Epoch 26/50  iter 350/743  loss=0.1044  lr=2.94e-05
[11:37:09 INFO] Epoch 26/50  iter 400/743  loss=0.1170  lr=2.94e-05
[11:37:21 INFO] Epoch 26/50  iter 450/743  loss=0.1197  lr=2.93e-05
[11:37:33 INFO] Epoch 26/50  iter 500/743  loss=0.2161  lr=2.92e-05
[11:37:46 INFO] Epoch 26/50  iter 550/743  loss=0.2263  lr=2.91e-05
[11:37:58 INFO] Epoch 26/50  iter 600/743  loss=0.0851  lr=2.90e-05
[11:38:11 INFO] Epoch 26/50  iter 650/743  loss=0.1294  lr=2.89e-05
[11:38:23 INFO] Epoch 26/50  iter 700/743  loss=0.1880  lr=2.89e-05
[11:38:34 INFO] Epoch 26 complete — avg_loss=0.1945  time=184s
[11:38:47 INFO] Epoch 27/50  iter 50/743  loss=0.1082  lr=2.87e-05
[11:38:59 INFO] Epoch 27/50  iter 100/743  loss=0.1155  lr=2.86e-05
[11:39:12 INFO] Epoch 27/50  iter 150/743  loss=0.1121  lr=2.86e-05
[11:39:24 INFO] Epoch 27/50  iter 200/743  loss=0.0956  lr=2.85e-05
[11:39:37 INFO] Epoch 27/50  iter 250/743  loss=0.2102  lr=2.84e-05
[11:39:49 INFO] Epoch 27/50  iter 300/743  loss=0.1042  lr=2.83e-05
[11:40:01 INFO] Epoch 27/50  iter 350/743  loss=0.1574  lr=2.82e-05
[11:40:14 INFO] Epoch 27/50  iter 400/743  loss=0.1442  lr=2.82e-05
[11:40:26 INFO] Epoch 27/50  iter 450/743  loss=0.1280  lr=2.81e-05
[11:40:39 INFO] Epoch 27/50  iter 500/743  loss=0.1165  lr=2.80e-05
[11:40:51 INFO] Epoch 27/50  iter 550/743  loss=0.1242  lr=2.79e-05
[11:41:03 INFO] Epoch 27/50  iter 600/743  loss=0.1768  lr=2.78e-05
[11:41:16 INFO] Epoch 27/50  iter 650/743  loss=0.1111  lr=2.77e-05
[11:41:28 INFO] Epoch 27/50  iter 700/743  loss=0.2324  lr=2.77e-05
[11:41:39 INFO] Epoch 27 complete — avg_loss=0.1886  time=185s
[11:41:52 INFO] Epoch 28/50  iter 50/743  loss=0.2072  lr=2.75e-05
[11:42:05 INFO] Epoch 28/50  iter 100/743  loss=0.2503  lr=2.74e-05
[11:42:17 INFO] Epoch 28/50  iter 150/743  loss=0.1155  lr=2.74e-05
[11:42:29 INFO] Epoch 28/50  iter 200/743  loss=0.1042  lr=2.73e-05
[11:42:42 INFO] Epoch 28/50  iter 250/743  loss=0.0895  lr=2.72e-05
[11:42:54 INFO] Epoch 28/50  iter 300/743  loss=0.2393  lr=2.71e-05
[11:43:07 INFO] Epoch 28/50  iter 350/743  loss=0.1750  lr=2.70e-05
[11:43:19 INFO] Epoch 28/50  iter 400/743  loss=0.1106  lr=2.70e-05
[11:43:31 INFO] Epoch 28/50  iter 450/743  loss=0.0762  lr=2.69e-05
[11:43:44 INFO] Epoch 28/50  iter 500/743  loss=0.2081  lr=2.68e-05
[11:43:56 INFO] Epoch 28/50  iter 550/743  loss=0.0724  lr=2.67e-05
[11:44:08 INFO] Epoch 28/50  iter 600/743  loss=0.1394  lr=2.66e-05
[11:44:21 INFO] Epoch 28/50  iter 650/743  loss=0.2232  lr=2.65e-05
[11:44:33 INFO] Epoch 28/50  iter 700/743  loss=0.2259  lr=2.65e-05
[11:44:44 INFO] Epoch 28 complete — avg_loss=0.1966  time=185s
[11:44:58 INFO] Epoch 29/50  iter 50/743  loss=0.1334  lr=2.63e-05
[11:45:10 INFO] Epoch 29/50  iter 100/743  loss=0.4348  lr=2.62e-05
[11:45:22 INFO] Epoch 29/50  iter 150/743  loss=0.1663  lr=2.62e-05
[11:45:35 INFO] Epoch 29/50  iter 200/743  loss=0.2122  lr=2.61e-05
[11:45:47 INFO] Epoch 29/50  iter 250/743  loss=0.1104  lr=2.60e-05
[11:46:00 INFO] Epoch 29/50  iter 300/743  loss=0.1181  lr=2.59e-05
[11:46:12 INFO] Epoch 29/50  iter 350/743  loss=0.2076  lr=2.58e-05
[11:46:24 INFO] Epoch 29/50  iter 400/743  loss=0.1733  lr=2.58e-05
[11:46:37 INFO] Epoch 29/50  iter 450/743  loss=0.7678  lr=2.57e-05
[11:46:49 INFO] Epoch 29/50  iter 500/743  loss=0.1704  lr=2.56e-05
[11:47:01 INFO] Epoch 29/50  iter 550/743  loss=0.1375  lr=2.55e-05
[11:47:14 INFO] Epoch 29/50  iter 600/743  loss=0.2138  lr=2.54e-05
[11:47:26 INFO] Epoch 29/50  iter 650/743  loss=0.6697  lr=2.53e-05
[11:47:39 INFO] Epoch 29/50  iter 700/743  loss=0.2168  lr=2.53e-05
[11:47:49 INFO] Epoch 29 complete — avg_loss=0.1871  time=185s
[11:48:03 INFO] Epoch 30/50  iter 50/743  loss=0.0870  lr=2.51e-05
[11:48:16 INFO] Epoch 30/50  iter 100/743  loss=0.2283  lr=2.50e-05
[11:48:28 INFO] Epoch 30/50  iter 150/743  loss=0.1186  lr=2.50e-05
[11:48:40 INFO] Epoch 30/50  iter 200/743  loss=0.2977  lr=2.49e-05
[11:48:53 INFO] Epoch 30/50  iter 250/743  loss=0.1461  lr=2.48e-05
[11:49:05 INFO] Epoch 30/50  iter 300/743  loss=0.2624  lr=2.47e-05
[11:49:18 INFO] Epoch 30/50  iter 350/743  loss=0.1942  lr=2.46e-05
[11:49:30 INFO] Epoch 30/50  iter 400/743  loss=0.2002  lr=2.46e-05
[11:49:42 INFO] Epoch 30/50  iter 450/743  loss=0.2362  lr=2.45e-05
[11:49:55 INFO] Epoch 30/50  iter 500/743  loss=0.1607  lr=2.44e-05
[11:50:07 INFO] Epoch 30/50  iter 550/743  loss=0.1763  lr=2.43e-05
[11:50:20 INFO] Epoch 30/50  iter 600/743  loss=0.1715  lr=2.42e-05
[11:50:32 INFO] Epoch 30/50  iter 650/743  loss=0.2303  lr=2.41e-05
[11:50:44 INFO] Epoch 30/50  iter 700/743  loss=0.1418  lr=2.41e-05
[11:50:55 INFO] Epoch 30 complete — avg_loss=0.1832  time=185s
[11:51:51 INFO]   val mIoU = 0.5509
[11:51:52 INFO]   ★ New best val mIoU: 0.5509
[11:52:05 INFO] Epoch 31/50  iter 50/743  loss=0.1173  lr=2.39e-05
[11:52:18 INFO] Epoch 31/50  iter 100/743  loss=0.1968  lr=2.38e-05
[11:52:30 INFO] Epoch 31/50  iter 150/743  loss=0.1769  lr=2.38e-05
[11:52:43 INFO] Epoch 31/50  iter 200/743  loss=0.2490  lr=2.37e-05
[11:52:55 INFO] Epoch 31/50  iter 250/743  loss=0.1448  lr=2.36e-05
[11:53:07 INFO] Epoch 31/50  iter 300/743  loss=0.5941  lr=2.35e-05
[11:53:20 INFO] Epoch 31/50  iter 350/743  loss=0.0979  lr=2.34e-05
[11:53:32 INFO] Epoch 31/50  iter 400/743  loss=0.3553  lr=2.34e-05
[11:53:44 INFO] Epoch 31/50  iter 450/743  loss=0.1776  lr=2.33e-05
[11:53:57 INFO] Epoch 31/50  iter 500/743  loss=0.2130  lr=2.32e-05
[11:54:09 INFO] Epoch 31/50  iter 550/743  loss=0.2103  lr=2.31e-05
[11:54:22 INFO] Epoch 31/50  iter 600/743  loss=0.0735  lr=2.30e-05
[11:54:34 INFO] Epoch 31/50  iter 650/743  loss=0.2086  lr=2.29e-05
[11:54:46 INFO] Epoch 31/50  iter 700/743  loss=0.0950  lr=2.29e-05
[11:54:57 INFO] Epoch 31 complete — avg_loss=0.1781  time=185s
[11:55:11 INFO] Epoch 32/50  iter 50/743  loss=0.0952  lr=2.27e-05
[11:55:23 INFO] Epoch 32/50  iter 100/743  loss=0.3299  lr=2.26e-05
[11:55:36 INFO] Epoch 32/50  iter 150/743  loss=0.2245  lr=2.26e-05
[11:55:48 INFO] Epoch 32/50  iter 200/743  loss=0.2102  lr=2.25e-05
[11:56:00 INFO] Epoch 32/50  iter 250/743  loss=0.2236  lr=2.24e-05
[11:56:13 INFO] Epoch 32/50  iter 300/743  loss=0.1689  lr=2.23e-05
[11:56:25 INFO] Epoch 32/50  iter 350/743  loss=0.0946  lr=2.22e-05
[11:56:38 INFO] Epoch 32/50  iter 400/743  loss=0.3108  lr=2.22e-05
[11:56:50 INFO] Epoch 32/50  iter 450/743  loss=0.0783  lr=2.21e-05
[11:57:02 INFO] Epoch 32/50  iter 500/743  loss=0.1002  lr=2.20e-05
[11:57:15 INFO] Epoch 32/50  iter 550/743  loss=0.1664  lr=2.19e-05
[11:57:27 INFO] Epoch 32/50  iter 600/743  loss=0.3341  lr=2.18e-05
[11:57:40 INFO] Epoch 32/50  iter 650/743  loss=0.1482  lr=2.17e-05
[11:57:52 INFO] Epoch 32/50  iter 700/743  loss=0.0842  lr=2.17e-05
[11:58:03 INFO] Epoch 32 complete — avg_loss=0.1758  time=185s
[11:58:17 INFO] Epoch 33/50  iter 50/743  loss=0.1626  lr=2.15e-05
[11:58:29 INFO] Epoch 33/50  iter 100/743  loss=0.2193  lr=2.14e-05
[11:58:41 INFO] Epoch 33/50  iter 150/743  loss=0.1298  lr=2.14e-05
[11:58:54 INFO] Epoch 33/50  iter 200/743  loss=0.1324  lr=2.13e-05
[11:59:06 INFO] Epoch 33/50  iter 250/743  loss=0.0994  lr=2.12e-05
[11:59:19 INFO] Epoch 33/50  iter 300/743  loss=0.1749  lr=2.11e-05
[11:59:31 INFO] Epoch 33/50  iter 350/743  loss=0.1164  lr=2.10e-05
[11:59:43 INFO] Epoch 33/50  iter 400/743  loss=0.1964  lr=2.10e-05
[11:59:56 INFO] Epoch 33/50  iter 450/743  loss=0.3163  lr=2.09e-05
[12:00:08 INFO] Epoch 33/50  iter 500/743  loss=0.1495  lr=2.08e-05
[12:00:21 INFO] Epoch 33/50  iter 550/743  loss=0.1805  lr=2.07e-05
[12:00:33 INFO] Epoch 33/50  iter 600/743  loss=0.2172  lr=2.06e-05
[12:00:45 INFO] Epoch 33/50  iter 650/743  loss=0.3647  lr=2.05e-05
[12:00:58 INFO] Epoch 33/50  iter 700/743  loss=0.2102  lr=2.05e-05
[12:01:08 INFO] Epoch 33 complete — avg_loss=0.1731  time=185s
[12:01:22 INFO] Epoch 34/50  iter 50/743  loss=0.1685  lr=2.03e-05
[12:01:35 INFO] Epoch 34/50  iter 100/743  loss=0.1302  lr=2.02e-05
[12:01:47 INFO] Epoch 34/50  iter 150/743  loss=0.3984  lr=2.02e-05
[12:01:59 INFO] Epoch 34/50  iter 200/743  loss=0.1336  lr=2.01e-05
[12:02:12 INFO] Epoch 34/50  iter 250/743  loss=0.0864  lr=2.00e-05
[12:02:24 INFO] Epoch 34/50  iter 300/743  loss=0.0989  lr=1.99e-05
[12:02:37 INFO] Epoch 34/50  iter 350/743  loss=0.1278  lr=1.98e-05
[12:02:49 INFO] Epoch 34/50  iter 400/743  loss=0.1108  lr=1.98e-05
[12:03:01 INFO] Epoch 34/50  iter 450/743  loss=0.1444  lr=1.97e-05
[12:03:14 INFO] Epoch 34/50  iter 500/743  loss=0.1812  lr=1.96e-05
[12:03:26 INFO] Epoch 34/50  iter 550/743  loss=0.2211  lr=1.95e-05
[12:03:38 INFO] Epoch 34/50  iter 600/743  loss=0.3411  lr=1.94e-05
[12:03:51 INFO] Epoch 34/50  iter 650/743  loss=0.2406  lr=1.93e-05
[12:04:03 INFO] Epoch 34/50  iter 700/743  loss=0.1127  lr=1.93e-05
[12:04:14 INFO] Epoch 34 complete — avg_loss=0.1803  time=185s
[12:04:28 INFO] Epoch 35/50  iter 50/743  loss=0.1993  lr=1.91e-05
[12:04:40 INFO] Epoch 35/50  iter 100/743  loss=0.1499  lr=1.90e-05
[12:04:52 INFO] Epoch 35/50  iter 150/743  loss=0.0968  lr=1.90e-05
[12:05:05 INFO] Epoch 35/50  iter 200/743  loss=0.2072  lr=1.89e-05
[12:05:17 INFO] Epoch 35/50  iter 250/743  loss=0.0689  lr=1.88e-05
[12:05:30 INFO] Epoch 35/50  iter 300/743  loss=0.1570  lr=1.87e-05
[12:05:42 INFO] Epoch 35/50  iter 350/743  loss=0.2355  lr=1.86e-05
[12:05:54 INFO] Epoch 35/50  iter 400/743  loss=0.2526  lr=1.86e-05
[12:06:07 INFO] Epoch 35/50  iter 450/743  loss=0.1122  lr=1.85e-05
[12:06:19 INFO] Epoch 35/50  iter 500/743  loss=0.1910  lr=1.84e-05
[12:06:31 INFO] Epoch 35/50  iter 550/743  loss=0.1129  lr=1.83e-05
[12:06:44 INFO] Epoch 35/50  iter 600/743  loss=0.1705  lr=1.82e-05
[12:06:56 INFO] Epoch 35/50  iter 650/743  loss=0.0593  lr=1.81e-05
[12:07:09 INFO] Epoch 35/50  iter 700/743  loss=0.1984  lr=1.81e-05
[12:07:19 INFO] Epoch 35 complete — avg_loss=0.1730  time=185s
[12:08:16 INFO]   val mIoU = 0.5196
[12:08:30 INFO] Epoch 36/50  iter 50/743  loss=0.0921  lr=1.79e-05
[12:08:42 INFO] Epoch 36/50  iter 100/743  loss=0.0698  lr=1.78e-05
[12:08:55 INFO] Epoch 36/50  iter 150/743  loss=0.4571  lr=1.78e-05
[12:09:07 INFO] Epoch 36/50  iter 200/743  loss=0.1350  lr=1.77e-05
[12:09:20 INFO] Epoch 36/50  iter 250/743  loss=0.1905  lr=1.76e-05
[12:09:32 INFO] Epoch 36/50  iter 300/743  loss=0.1117  lr=1.75e-05
[12:09:45 INFO] Epoch 36/50  iter 350/743  loss=0.1492  lr=1.74e-05
[12:09:57 INFO] Epoch 36/50  iter 400/743  loss=0.2276  lr=1.74e-05
[12:10:09 INFO] Epoch 36/50  iter 450/743  loss=0.1703  lr=1.73e-05
[12:10:22 INFO] Epoch 36/50  iter 500/743  loss=0.1424  lr=1.72e-05
[12:10:34 INFO] Epoch 36/50  iter 550/743  loss=0.1680  lr=1.71e-05
[12:10:47 INFO] Epoch 36/50  iter 600/743  loss=0.1137  lr=1.70e-05
[12:10:59 INFO] Epoch 36/50  iter 650/743  loss=0.1151  lr=1.69e-05
[12:11:12 INFO] Epoch 36/50  iter 700/743  loss=0.1609  lr=1.69e-05
[12:11:22 INFO] Epoch 36 complete — avg_loss=0.1709  time=185s
[12:11:36 INFO] Epoch 37/50  iter 50/743  loss=0.1727  lr=1.67e-05
[12:11:49 INFO] Epoch 37/50  iter 100/743  loss=0.2618  lr=1.66e-05
[12:12:01 INFO] Epoch 37/50  iter 150/743  loss=0.1680  lr=1.66e-05
[12:12:13 INFO] Epoch 37/50  iter 200/743  loss=0.1312  lr=1.65e-05
[12:12:26 INFO] Epoch 37/50  iter 250/743  loss=0.1478  lr=1.64e-05
[12:12:38 INFO] Epoch 37/50  iter 300/743  loss=0.1266  lr=1.63e-05
[12:12:51 INFO] Epoch 37/50  iter 350/743  loss=0.1927  lr=1.62e-05
[12:13:03 INFO] Epoch 37/50  iter 400/743  loss=0.1109  lr=1.62e-05
[12:13:15 INFO] Epoch 37/50  iter 450/743  loss=0.1092  lr=1.61e-05
[12:13:28 INFO] Epoch 37/50  iter 500/743  loss=0.3575  lr=1.60e-05
[12:13:40 INFO] Epoch 37/50  iter 550/743  loss=0.0793  lr=1.59e-05
[12:13:53 INFO] Epoch 37/50  iter 600/743  loss=0.0900  lr=1.58e-05
[12:14:05 INFO] Epoch 37/50  iter 650/743  loss=0.2529  lr=1.57e-05
[12:14:17 INFO] Epoch 37/50  iter 700/743  loss=0.1536  lr=1.57e-05
[12:14:28 INFO] Epoch 37 complete — avg_loss=0.1672  time=185s
[12:14:42 INFO] Epoch 38/50  iter 50/743  loss=0.2471  lr=1.55e-05
[12:14:54 INFO] Epoch 38/50  iter 100/743  loss=0.1968  lr=1.54e-05
[12:15:07 INFO] Epoch 38/50  iter 150/743  loss=0.1654  lr=1.54e-05
[12:15:19 INFO] Epoch 38/50  iter 200/743  loss=0.0742  lr=1.53e-05
[12:15:31 INFO] Epoch 38/50  iter 250/743  loss=0.1559  lr=1.52e-05
[12:15:44 INFO] Epoch 38/50  iter 300/743  loss=0.1474  lr=1.51e-05
[12:15:56 INFO] Epoch 38/50  iter 350/743  loss=0.1501  lr=1.50e-05
[12:16:09 INFO] Epoch 38/50  iter 400/743  loss=0.2128  lr=1.50e-05
[12:16:21 INFO] Epoch 38/50  iter 450/743  loss=0.2089  lr=1.49e-05
[12:16:33 INFO] Epoch 38/50  iter 500/743  loss=0.0928  lr=1.48e-05
[12:16:46 INFO] Epoch 38/50  iter 550/743  loss=0.0808  lr=1.47e-05
[12:16:58 INFO] Epoch 38/50  iter 600/743  loss=0.1233  lr=1.46e-05
[12:17:11 INFO] Epoch 38/50  iter 650/743  loss=0.1832  lr=1.45e-05
[12:17:23 INFO] Epoch 38/50  iter 700/743  loss=0.0768  lr=1.45e-05
[12:17:34 INFO] Epoch 38 complete — avg_loss=0.1636  time=185s
[12:17:48 INFO] Epoch 39/50  iter 50/743  loss=0.5515  lr=1.43e-05
[12:18:00 INFO] Epoch 39/50  iter 100/743  loss=0.1861  lr=1.42e-05
[12:18:12 INFO] Epoch 39/50  iter 150/743  loss=0.1050  lr=1.42e-05
[12:18:25 INFO] Epoch 39/50  iter 200/743  loss=0.2168  lr=1.41e-05
[12:18:37 INFO] Epoch 39/50  iter 250/743  loss=0.1327  lr=1.40e-05
[12:18:50 INFO] Epoch 39/50  iter 300/743  loss=0.1013  lr=1.39e-05
[12:19:02 INFO] Epoch 39/50  iter 350/743  loss=0.2973  lr=1.38e-05
[12:19:14 INFO] Epoch 39/50  iter 400/743  loss=0.2737  lr=1.38e-05
[12:19:27 INFO] Epoch 39/50  iter 450/743  loss=0.1673  lr=1.37e-05
[12:19:39 INFO] Epoch 39/50  iter 500/743  loss=0.1029  lr=1.36e-05
[12:19:52 INFO] Epoch 39/50  iter 550/743  loss=0.2030  lr=1.35e-05
[12:20:04 INFO] Epoch 39/50  iter 600/743  loss=0.1450  lr=1.34e-05
[12:20:16 INFO] Epoch 39/50  iter 650/743  loss=0.1273  lr=1.33e-05
[12:20:29 INFO] Epoch 39/50  iter 700/743  loss=0.1354  lr=1.33e-05
[12:20:39 INFO] Epoch 39 complete — avg_loss=0.1647  time=185s
[12:20:53 INFO] Epoch 40/50  iter 50/743  loss=0.0797  lr=1.31e-05
[12:21:06 INFO] Epoch 40/50  iter 100/743  loss=0.2856  lr=1.30e-05
[12:21:18 INFO] Epoch 40/50  iter 150/743  loss=0.1801  lr=1.30e-05
[12:21:30 INFO] Epoch 40/50  iter 200/743  loss=0.0753  lr=1.29e-05
[12:21:43 INFO] Epoch 40/50  iter 250/743  loss=0.1996  lr=1.28e-05
[12:21:55 INFO] Epoch 40/50  iter 300/743  loss=0.0991  lr=1.27e-05
[12:22:08 INFO] Epoch 40/50  iter 350/743  loss=0.1795  lr=1.26e-05
[12:22:20 INFO] Epoch 40/50  iter 400/743  loss=0.1034  lr=1.26e-05
[12:22:32 INFO] Epoch 40/50  iter 450/743  loss=0.1528  lr=1.25e-05
[12:22:45 INFO] Epoch 40/50  iter 500/743  loss=0.2241  lr=1.24e-05
[12:22:57 INFO] Epoch 40/50  iter 550/743  loss=0.1827  lr=1.23e-05
[12:23:10 INFO] Epoch 40/50  iter 600/743  loss=0.0635  lr=1.22e-05
[12:23:22 INFO] Epoch 40/50  iter 650/743  loss=0.3054  lr=1.21e-05
[12:23:35 INFO] Epoch 40/50  iter 700/743  loss=0.0683  lr=1.21e-05
[12:23:45 INFO] Epoch 40 complete — avg_loss=0.1653  time=185s
[12:24:39 INFO]   val mIoU = 0.5772
[12:24:40 INFO]   ★ New best val mIoU: 0.5772
[12:24:53 INFO] Epoch 41/50  iter 50/743  loss=0.2232  lr=1.19e-05
[12:25:06 INFO] Epoch 41/50  iter 100/743  loss=0.2627  lr=1.18e-05
[12:25:18 INFO] Epoch 41/50  iter 150/743  loss=0.1249  lr=1.18e-05
[12:25:30 INFO] Epoch 41/50  iter 200/743  loss=0.0775  lr=1.17e-05
[12:25:43 INFO] Epoch 41/50  iter 250/743  loss=0.1351  lr=1.16e-05
[12:25:55 INFO] Epoch 41/50  iter 300/743  loss=0.0668  lr=1.15e-05
[12:26:08 INFO] Epoch 41/50  iter 350/743  loss=0.1262  lr=1.14e-05
[12:26:20 INFO] Epoch 41/50  iter 400/743  loss=0.2036  lr=1.14e-05
[12:26:32 INFO] Epoch 41/50  iter 450/743  loss=0.1144  lr=1.13e-05
[12:26:45 INFO] Epoch 41/50  iter 500/743  loss=0.0893  lr=1.12e-05
[12:26:57 INFO] Epoch 41/50  iter 550/743  loss=0.1238  lr=1.11e-05
[12:27:10 INFO] Epoch 41/50  iter 600/743  loss=0.0649  lr=1.10e-05
[12:27:22 INFO] Epoch 41/50  iter 650/743  loss=0.1466  lr=1.09e-05
[12:27:34 INFO] Epoch 41/50  iter 700/743  loss=0.2246  lr=1.09e-05
[12:27:45 INFO] Epoch 41 complete — avg_loss=0.1587  time=185s
[12:27:59 INFO] Epoch 42/50  iter 50/743  loss=0.1282  lr=1.07e-05
[12:28:11 INFO] Epoch 42/50  iter 100/743  loss=0.2734  lr=1.06e-05
[12:28:24 INFO] Epoch 42/50  iter 150/743  loss=0.1715  lr=1.06e-05
[12:28:36 INFO] Epoch 42/50  iter 200/743  loss=0.5129  lr=1.05e-05
[12:28:48 INFO] Epoch 42/50  iter 250/743  loss=0.1708  lr=1.04e-05
[12:29:01 INFO] Epoch 42/50  iter 300/743  loss=0.1526  lr=1.03e-05
[12:29:13 INFO] Epoch 42/50  iter 350/743  loss=0.1955  lr=1.02e-05
[12:29:26 INFO] Epoch 42/50  iter 400/743  loss=0.1938  lr=1.02e-05
[12:29:38 INFO] Epoch 42/50  iter 450/743  loss=0.1136  lr=1.01e-05
[12:29:50 INFO] Epoch 42/50  iter 500/743  loss=0.1266  lr=9.99e-06
[12:30:03 INFO] Epoch 42/50  iter 550/743  loss=0.0711  lr=9.91e-06
[12:30:15 INFO] Epoch 42/50  iter 600/743  loss=0.1661  lr=9.83e-06
[12:30:28 INFO] Epoch 42/50  iter 650/743  loss=0.1028  lr=9.75e-06
[12:30:40 INFO] Epoch 42/50  iter 700/743  loss=0.1201  lr=9.67e-06
[12:30:51 INFO] Epoch 42 complete — avg_loss=0.1612  time=185s
[12:31:04 INFO] Epoch 43/50  iter 50/743  loss=0.2183  lr=9.52e-06
[12:31:17 INFO] Epoch 43/50  iter 100/743  loss=0.1781  lr=9.44e-06
[12:31:29 INFO] Epoch 43/50  iter 150/743  loss=0.0827  lr=9.36e-06
[12:31:41 INFO] Epoch 43/50  iter 200/743  loss=0.1373  lr=9.28e-06
[12:31:54 INFO] Epoch 43/50  iter 250/743  loss=0.1260  lr=9.19e-06
[12:32:06 INFO] Epoch 43/50  iter 300/743  loss=0.1092  lr=9.11e-06
[12:32:19 INFO] Epoch 43/50  iter 350/743  loss=0.0953  lr=9.03e-06
[12:32:31 INFO] Epoch 43/50  iter 400/743  loss=0.1863  lr=8.95e-06
[12:32:43 INFO] Epoch 43/50  iter 450/743  loss=0.1956  lr=8.87e-06
[12:32:56 INFO] Epoch 43/50  iter 500/743  loss=0.1258  lr=8.79e-06
[12:33:08 INFO] Epoch 43/50  iter 550/743  loss=0.0633  lr=8.71e-06
[12:33:21 INFO] Epoch 43/50  iter 600/743  loss=0.0716  lr=8.63e-06
[12:33:33 INFO] Epoch 43/50  iter 650/743  loss=0.0852  lr=8.55e-06
[12:33:45 INFO] Epoch 43/50  iter 700/743  loss=0.1689  lr=8.47e-06
[12:33:56 INFO] Epoch 43 complete — avg_loss=0.1560  time=185s
[12:34:10 INFO] Epoch 44/50  iter 50/743  loss=0.2466  lr=8.32e-06
[12:34:22 INFO] Epoch 44/50  iter 100/743  loss=0.0759  lr=8.24e-06
[12:34:35 INFO] Epoch 44/50  iter 150/743  loss=0.0619  lr=8.16e-06
[12:34:47 INFO] Epoch 44/50  iter 200/743  loss=0.1926  lr=8.08e-06
[12:34:59 INFO] Epoch 44/50  iter 250/743  loss=0.1570  lr=7.99e-06
[12:35:12 INFO] Epoch 44/50  iter 300/743  loss=0.2786  lr=7.91e-06
[12:35:24 INFO] Epoch 44/50  iter 350/743  loss=0.1575  lr=7.83e-06
[12:35:37 INFO] Epoch 44/50  iter 400/743  loss=0.1506  lr=7.75e-06
[12:35:49 INFO] Epoch 44/50  iter 450/743  loss=0.1126  lr=7.67e-06
[12:36:01 INFO] Epoch 44/50  iter 500/743  loss=0.0577  lr=7.59e-06
[12:36:14 INFO] Epoch 44/50  iter 550/743  loss=0.1002  lr=7.51e-06
[12:36:26 INFO] Epoch 44/50  iter 600/743  loss=0.1191  lr=7.43e-06
[12:36:39 INFO] Epoch 44/50  iter 650/743  loss=0.3293  lr=7.35e-06
[12:36:51 INFO] Epoch 44/50  iter 700/743  loss=0.1255  lr=7.27e-06
[12:37:02 INFO] Epoch 44 complete — avg_loss=0.1552  time=185s
[12:37:15 INFO] Epoch 45/50  iter 50/743  loss=0.1101  lr=7.12e-06
[12:37:28 INFO] Epoch 45/50  iter 100/743  loss=0.1048  lr=7.04e-06
[12:37:40 INFO] Epoch 45/50  iter 150/743  loss=0.1093  lr=6.96e-06
[12:37:52 INFO] Epoch 45/50  iter 200/743  loss=0.0741  lr=6.88e-06
[12:38:05 INFO] Epoch 45/50  iter 250/743  loss=0.1970  lr=6.79e-06
[12:38:17 INFO] Epoch 45/50  iter 300/743  loss=0.1816  lr=6.71e-06
[12:38:30 INFO] Epoch 45/50  iter 350/743  loss=0.1216  lr=6.63e-06
[12:38:42 INFO] Epoch 45/50  iter 400/743  loss=0.1275  lr=6.55e-06
[12:38:54 INFO] Epoch 45/50  iter 450/743  loss=0.0252  lr=6.47e-06
[12:39:07 INFO] Epoch 45/50  iter 500/743  loss=0.1701  lr=6.39e-06
[12:39:19 INFO] Epoch 45/50  iter 550/743  loss=0.0779  lr=6.31e-06
[12:39:31 INFO] Epoch 45/50  iter 600/743  loss=0.1205  lr=6.23e-06
[12:39:44 INFO] Epoch 45/50  iter 650/743  loss=0.1140  lr=6.15e-06
[12:39:56 INFO] Epoch 45/50  iter 700/743  loss=0.1312  lr=6.07e-06
[12:40:07 INFO] Epoch 45 complete — avg_loss=0.1508  time=185s
[12:41:01 INFO]   val mIoU = 0.5669
[12:41:15 INFO] Epoch 46/50  iter 50/743  loss=0.1255  lr=5.92e-06
[12:41:27 INFO] Epoch 46/50  iter 100/743  loss=0.1306  lr=5.84e-06
[12:41:40 INFO] Epoch 46/50  iter 150/743  loss=0.1027  lr=5.76e-06
[12:41:52 INFO] Epoch 46/50  iter 200/743  loss=0.0781  lr=5.68e-06
[12:42:05 INFO] Epoch 46/50  iter 250/743  loss=0.1185  lr=5.59e-06
[12:42:17 INFO] Epoch 46/50  iter 300/743  loss=0.1013  lr=5.51e-06
[12:42:29 INFO] Epoch 46/50  iter 350/743  loss=0.4911  lr=5.43e-06
[12:42:42 INFO] Epoch 46/50  iter 400/743  loss=0.1414  lr=5.35e-06
[12:42:54 INFO] Epoch 46/50  iter 450/743  loss=0.1400  lr=5.27e-06
[12:43:07 INFO] Epoch 46/50  iter 500/743  loss=0.1751  lr=5.19e-06
[12:43:19 INFO] Epoch 46/50  iter 550/743  loss=0.0920  lr=5.11e-06
[12:43:31 INFO] Epoch 46/50  iter 600/743  loss=0.2031  lr=5.03e-06
[12:43:44 INFO] Epoch 46/50  iter 650/743  loss=0.1531  lr=4.95e-06
[12:43:56 INFO] Epoch 46/50  iter 700/743  loss=0.2339  lr=4.87e-06
[12:44:07 INFO] Epoch 46 complete — avg_loss=0.1470  time=185s
[12:44:20 INFO] Epoch 47/50  iter 50/743  loss=0.1521  lr=4.72e-06
[12:44:33 INFO] Epoch 47/50  iter 100/743  loss=0.1063  lr=4.64e-06
[12:44:45 INFO] Epoch 47/50  iter 150/743  loss=0.1511  lr=4.56e-06
[12:44:58 INFO] Epoch 47/50  iter 200/743  loss=0.1444  lr=4.48e-06
[12:45:10 INFO] Epoch 47/50  iter 250/743  loss=0.1824  lr=4.39e-06
[12:45:22 INFO] Epoch 47/50  iter 300/743  loss=0.1558  lr=4.31e-06
[12:45:35 INFO] Epoch 47/50  iter 350/743  loss=0.1343  lr=4.23e-06
[12:45:47 INFO] Epoch 47/50  iter 400/743  loss=0.1153  lr=4.15e-06
[12:46:00 INFO] Epoch 47/50  iter 450/743  loss=0.1108  lr=4.07e-06
[12:46:12 INFO] Epoch 47/50  iter 500/743  loss=0.2853  lr=3.99e-06
[12:46:24 INFO] Epoch 47/50  iter 550/743  loss=0.1404  lr=3.91e-06
[12:46:37 INFO] Epoch 47/50  iter 600/743  loss=0.2375  lr=3.83e-06
[12:46:49 INFO] Epoch 47/50  iter 650/743  loss=0.1474  lr=3.75e-06
[12:47:02 INFO] Epoch 47/50  iter 700/743  loss=0.1563  lr=3.67e-06
[12:47:12 INFO] Epoch 47 complete — avg_loss=0.1602  time=185s
[12:47:26 INFO] Epoch 48/50  iter 50/743  loss=0.1377  lr=3.52e-06
[12:47:38 INFO] Epoch 48/50  iter 100/743  loss=0.1276  lr=3.44e-06
[12:47:51 INFO] Epoch 48/50  iter 150/743  loss=0.0771  lr=3.36e-06
[12:48:03 INFO] Epoch 48/50  iter 200/743  loss=0.1112  lr=3.28e-06
[12:48:15 INFO] Epoch 48/50  iter 250/743  loss=0.0913  lr=3.19e-06
[12:48:28 INFO] Epoch 48/50  iter 300/743  loss=0.2375  lr=3.11e-06
[12:48:40 INFO] Epoch 48/50  iter 350/743  loss=0.0885  lr=3.03e-06
[12:48:53 INFO] Epoch 48/50  iter 400/743  loss=0.2107  lr=2.95e-06
[12:49:05 INFO] Epoch 48/50  iter 450/743  loss=0.0588  lr=2.87e-06
[12:49:17 INFO] Epoch 48/50  iter 500/743  loss=0.0823  lr=2.79e-06
[12:49:30 INFO] Epoch 48/50  iter 550/743  loss=0.1279  lr=2.71e-06
[12:49:42 INFO] Epoch 48/50  iter 600/743  loss=0.1578  lr=2.63e-06
[12:49:55 INFO] Epoch 48/50  iter 650/743  loss=0.1401  lr=2.55e-06
[12:50:07 INFO] Epoch 48/50  iter 700/743  loss=0.1288  lr=2.47e-06
[12:50:18 INFO] Epoch 48 complete — avg_loss=0.1551  time=185s
[12:50:31 INFO] Epoch 49/50  iter 50/743  loss=0.0593  lr=2.32e-06
[12:50:44 INFO] Epoch 49/50  iter 100/743  loss=0.1265  lr=2.24e-06
[12:50:56 INFO] Epoch 49/50  iter 150/743  loss=0.1452  lr=2.16e-06
[12:51:08 INFO] Epoch 49/50  iter 200/743  loss=0.1005  lr=2.08e-06
[12:51:21 INFO] Epoch 49/50  iter 250/743  loss=0.1183  lr=1.99e-06
[12:51:33 INFO] Epoch 49/50  iter 300/743  loss=0.1178  lr=1.91e-06
[12:51:46 INFO] Epoch 49/50  iter 350/743  loss=0.2154  lr=1.83e-06
[12:51:58 INFO] Epoch 49/50  iter 400/743  loss=0.2506  lr=1.75e-06
[12:52:10 INFO] Epoch 49/50  iter 450/743  loss=0.0482  lr=1.67e-06
[12:52:23 INFO] Epoch 49/50  iter 500/743  loss=0.2010  lr=1.59e-06
[12:52:35 INFO] Epoch 49/50  iter 550/743  loss=0.0688  lr=1.51e-06
[12:52:47 INFO] Epoch 49/50  iter 600/743  loss=0.1952  lr=1.43e-06
[12:53:00 INFO] Epoch 49/50  iter 650/743  loss=0.0935  lr=1.35e-06
[12:53:12 INFO] Epoch 49/50  iter 700/743  loss=0.1891  lr=1.27e-06
[12:53:23 INFO] Epoch 49 complete — avg_loss=0.1478  time=185s
[12:53:37 INFO] Epoch 50/50  iter 50/743  loss=0.1276  lr=1.12e-06
[12:53:49 INFO] Epoch 50/50  iter 100/743  loss=0.0864  lr=1.04e-06
[12:54:02 INFO] Epoch 50/50  iter 150/743  loss=0.1375  lr=9.56e-07
[12:54:14 INFO] Epoch 50/50  iter 200/743  loss=0.2153  lr=8.75e-07
[12:54:26 INFO] Epoch 50/50  iter 250/743  loss=0.1375  lr=7.95e-07
[12:54:39 INFO] Epoch 50/50  iter 300/743  loss=0.2014  lr=7.14e-07
[12:54:51 INFO] Epoch 50/50  iter 350/743  loss=0.1448  lr=6.33e-07
[12:55:04 INFO] Epoch 50/50  iter 400/743  loss=0.1592  lr=5.52e-07
[12:55:16 INFO] Epoch 50/50  iter 450/743  loss=0.0815  lr=4.72e-07
[12:55:28 INFO] Epoch 50/50  iter 500/743  loss=0.1239  lr=3.91e-07
[12:55:41 INFO] Epoch 50/50  iter 550/743  loss=0.1159  lr=3.10e-07
[12:55:53 INFO] Epoch 50/50  iter 600/743  loss=0.1892  lr=2.29e-07
[12:56:05 INFO] Epoch 50/50  iter 650/743  loss=0.0955  lr=1.49e-07
[12:56:18 INFO] Epoch 50/50  iter 700/743  loss=0.1442  lr=6.78e-08
[12:56:29 INFO] Epoch 50 complete — avg_loss=0.1498  time=185s
[12:57:23 INFO]   val mIoU = 0.5447
[12:57:24 INFO] Training complete. Best val mIoU = 0.5772
>>> Done: configs/depthaware_b002.yaml

>>> Training (fresh start): configs/combined.yaml
[12:57:34 INFO] Device: cuda
/usr/lib64/python3.11/tarfile.py:2303: RuntimeWarning: The default behavior of tarfile extraction has been changed to disallow common exploits (including CVE-2007-4559). By default, absolute/parent paths are disallowed and some mode bits are cleared. See https://access.redhat.com/articles/7004769 for more details.
  warnings.warn(
Model backend: smp
[12:57:37 INFO] Using fog cache: data/fog_cache/depthaware_b001
[12:57:39 INFO] Train: 2975 samples  |  Val: 500 samples
[12:58:07 INFO] Epoch 1/50  iter 50/743  loss=1.6670  lr=5.99e-05
[12:58:35 INFO] Epoch 1/50  iter 100/743  loss=1.4187  lr=5.98e-05
[12:59:04 INFO] Epoch 1/50  iter 150/743  loss=1.3438  lr=5.98e-05
[12:59:33 INFO] Epoch 1/50  iter 200/743  loss=0.8873  lr=5.97e-05
[13:00:02 INFO] Epoch 1/50  iter 250/743  loss=1.1029  lr=5.96e-05
[13:00:31 INFO] Epoch 1/50  iter 300/743  loss=0.9774  lr=5.95e-05
[13:00:57 INFO] Epoch 1/50  iter 350/743  loss=1.2136  lr=5.94e-05
[13:01:25 INFO] Epoch 1/50  iter 400/743  loss=1.1826  lr=5.94e-05
[13:01:50 INFO] Epoch 1/50  iter 450/743  loss=0.6410  lr=5.93e-05
[13:02:20 INFO] Epoch 1/50  iter 500/743  loss=1.0078  lr=5.92e-05
[13:02:47 INFO] Epoch 1/50  iter 550/743  loss=0.5905  lr=5.91e-05
[13:03:15 INFO] Epoch 1/50  iter 600/743  loss=0.9108  lr=5.90e-05
[13:03:40 INFO] Epoch 1/50  iter 650/743  loss=0.6580  lr=5.89e-05
[13:04:08 INFO] Epoch 1/50  iter 700/743  loss=0.9965  lr=5.89e-05
[13:04:30 INFO] Epoch 1 complete — avg_loss=1.0711  time=411s
[13:04:59 INFO] Epoch 2/50  iter 50/743  loss=0.5753  lr=5.87e-05
[13:05:31 INFO] Epoch 2/50  iter 100/743  loss=0.5076  lr=5.86e-05
[13:06:07 INFO] Epoch 2/50  iter 150/743  loss=0.5631  lr=5.86e-05
[13:06:30 INFO] Epoch 2/50  iter 200/743  loss=0.9935  lr=5.85e-05
[13:06:56 INFO] Epoch 2/50  iter 250/743  loss=0.5862  lr=5.84e-05
[13:07:21 INFO] Epoch 2/50  iter 300/743  loss=1.0319  lr=5.83e-05
[13:07:47 INFO] Epoch 2/50  iter 350/743  loss=0.7070  lr=5.82e-05
[13:08:10 INFO] Epoch 2/50  iter 400/743  loss=0.9993  lr=5.82e-05
[13:08:33 INFO] Epoch 2/50  iter 450/743  loss=0.5503  lr=5.81e-05
[13:08:58 INFO] Epoch 2/50  iter 500/743  loss=0.6612  lr=5.80e-05
[13:09:21 INFO] Epoch 2/50  iter 550/743  loss=1.0306  lr=5.79e-05
[13:09:45 INFO] Epoch 2/50  iter 600/743  loss=0.7188  lr=5.78e-05
[13:10:09 INFO] Epoch 2/50  iter 650/743  loss=0.7444  lr=5.77e-05
[13:10:34 INFO] Epoch 2/50  iter 700/743  loss=0.3584  lr=5.77e-05
[13:10:53 INFO] Epoch 2 complete — avg_loss=0.6905  time=382s
[13:11:18 INFO] Epoch 3/50  iter 50/743  loss=0.7754  lr=5.75e-05
[13:11:41 INFO] Epoch 3/50  iter 100/743  loss=0.6979  lr=5.74e-05
[13:12:04 INFO] Epoch 3/50  iter 150/743  loss=0.2695  lr=5.74e-05
[13:12:26 INFO] Epoch 3/50  iter 200/743  loss=0.3891  lr=5.73e-05
[13:12:49 INFO] Epoch 3/50  iter 250/743  loss=0.6194  lr=5.72e-05
[13:13:13 INFO] Epoch 3/50  iter 300/743  loss=0.3409  lr=5.71e-05
[13:13:36 INFO] Epoch 3/50  iter 350/743  loss=0.3670  lr=5.70e-05
[13:13:59 INFO] Epoch 3/50  iter 400/743  loss=0.3328  lr=5.70e-05
[13:14:24 INFO] Epoch 3/50  iter 450/743  loss=0.7202  lr=5.69e-05
[13:14:51 INFO] Epoch 3/50  iter 500/743  loss=0.4232  lr=5.68e-05
[13:15:15 INFO] Epoch 3/50  iter 550/743  loss=0.4601  lr=5.67e-05
[13:15:43 INFO] Epoch 3/50  iter 600/743  loss=0.4800  lr=5.66e-05
[13:16:08 INFO] Epoch 3/50  iter 650/743  loss=0.3878  lr=5.65e-05
[13:16:33 INFO] Epoch 3/50  iter 700/743  loss=0.5172  lr=5.65e-05
[13:16:55 INFO] Epoch 3 complete — avg_loss=0.5901  time=362s
[13:17:31 INFO] Epoch 4/50  iter 50/743  loss=0.2778  lr=5.63e-05
[13:18:03 INFO] Epoch 4/50  iter 100/743  loss=0.2921  lr=5.62e-05
[13:18:35 INFO] Epoch 4/50  iter 150/743  loss=0.5532  lr=5.62e-05
[13:19:05 INFO] Epoch 4/50  iter 200/743  loss=0.2916  lr=5.61e-05
[13:19:36 INFO] Epoch 4/50  iter 250/743  loss=0.3909  lr=5.60e-05
[13:20:06 INFO] Epoch 4/50  iter 300/743  loss=0.8108  lr=5.59e-05
[13:20:34 INFO] Epoch 4/50  iter 350/743  loss=0.3184  lr=5.58e-05
[13:21:01 INFO] Epoch 4/50  iter 400/743  loss=0.4262  lr=5.58e-05
[13:21:29 INFO] Epoch 4/50  iter 450/743  loss=0.2541  lr=5.57e-05
[13:21:56 INFO] Epoch 4/50  iter 500/743  loss=0.2886  lr=5.56e-05
[13:22:25 INFO] Epoch 4/50  iter 550/743  loss=0.7493  lr=5.55e-05
[13:22:50 INFO] Epoch 4/50  iter 600/743  loss=0.4623  lr=5.54e-05
[13:23:16 INFO] Epoch 4/50  iter 650/743  loss=0.3397  lr=5.53e-05
[13:23:45 INFO] Epoch 4/50  iter 700/743  loss=0.8445  lr=5.53e-05
[13:24:07 INFO] Epoch 4 complete — avg_loss=0.5434  time=431s
[13:24:41 INFO] Epoch 5/50  iter 50/743  loss=0.3080  lr=5.51e-05
[13:25:06 INFO] Epoch 5/50  iter 100/743  loss=0.3360  lr=5.50e-05
[13:25:33 INFO] Epoch 5/50  iter 150/743  loss=0.5059  lr=5.50e-05
[13:26:01 INFO] Epoch 5/50  iter 200/743  loss=0.3290  lr=5.49e-05
[13:26:26 INFO] Epoch 5/50  iter 250/743  loss=0.2078  lr=5.48e-05
[13:26:54 INFO] Epoch 5/50  iter 300/743  loss=0.3214  lr=5.47e-05
[13:27:20 INFO] Epoch 5/50  iter 350/743  loss=0.4769  lr=5.46e-05
[13:27:47 INFO] Epoch 5/50  iter 400/743  loss=0.3818  lr=5.46e-05
[13:28:14 INFO] Epoch 5/50  iter 450/743  loss=0.5138  lr=5.45e-05
[13:28:41 INFO] Epoch 5/50  iter 500/743  loss=0.3688  lr=5.44e-05
[13:29:08 INFO] Epoch 5/50  iter 550/743  loss=0.6461  lr=5.43e-05
[13:29:35 INFO] Epoch 5/50  iter 600/743  loss=0.5587  lr=5.42e-05
[13:29:59 INFO] Epoch 5/50  iter 650/743  loss=0.3933  lr=5.41e-05
[13:30:22 INFO] Epoch 5/50  iter 700/743  loss=0.6047  lr=5.41e-05
[13:30:43 INFO] Epoch 5 complete — avg_loss=0.5091  time=395s
[13:31:36 INFO]   val mIoU = 0.2328
[13:31:36 INFO]   ★ New best val mIoU: 0.2328
[13:32:06 INFO] Epoch 6/50  iter 50/743  loss=0.3437  lr=5.39e-05
[13:32:31 INFO] Epoch 6/50  iter 100/743  loss=0.4787  lr=5.38e-05
[13:32:56 INFO] Epoch 6/50  iter 150/743  loss=0.5439  lr=5.38e-05
[13:33:20 INFO] Epoch 6/50  iter 200/743  loss=0.5566  lr=5.37e-05
[13:33:45 INFO] Epoch 6/50  iter 250/743  loss=0.3806  lr=5.36e-05
[13:34:10 INFO] Epoch 6/50  iter 300/743  loss=0.4513  lr=5.35e-05
[13:34:35 INFO] Epoch 6/50  iter 350/743  loss=0.4447  lr=5.34e-05
[13:35:01 INFO] Epoch 6/50  iter 400/743  loss=0.7490  lr=5.34e-05
[13:35:28 INFO] Epoch 6/50  iter 450/743  loss=0.3989  lr=5.33e-05
[13:35:52 INFO] Epoch 6/50  iter 500/743  loss=0.5907  lr=5.32e-05
[13:36:15 INFO] Epoch 6/50  iter 550/743  loss=0.4662  lr=5.31e-05
[13:36:39 INFO] Epoch 6/50  iter 600/743  loss=0.4648  lr=5.30e-05
[13:37:04 INFO] Epoch 6/50  iter 650/743  loss=1.2338  lr=5.29e-05
[13:37:30 INFO] Epoch 6/50  iter 700/743  loss=0.3324  lr=5.29e-05
[13:37:52 INFO] Epoch 6 complete — avg_loss=0.4676  time=375s
[13:38:20 INFO] Epoch 7/50  iter 50/743  loss=0.6675  lr=5.27e-05
[13:38:45 INFO] Epoch 7/50  iter 100/743  loss=0.2701  lr=5.26e-05
[13:39:10 INFO] Epoch 7/50  iter 150/743  loss=0.5408  lr=5.26e-05
[13:39:34 INFO] Epoch 7/50  iter 200/743  loss=0.4774  lr=5.25e-05
[13:39:58 INFO] Epoch 7/50  iter 250/743  loss=0.4505  lr=5.24e-05
[13:40:22 INFO] Epoch 7/50  iter 300/743  loss=0.8977  lr=5.23e-05
[13:40:46 INFO] Epoch 7/50  iter 350/743  loss=0.5018  lr=5.22e-05
[13:41:11 INFO] Epoch 7/50  iter 400/743  loss=0.6595  lr=5.22e-05
[13:41:35 INFO] Epoch 7/50  iter 450/743  loss=0.7708  lr=5.21e-05
[13:42:00 INFO] Epoch 7/50  iter 500/743  loss=0.4830  lr=5.20e-05
[13:42:23 INFO] Epoch 7/50  iter 550/743  loss=0.3964  lr=5.19e-05
[13:42:49 INFO] Epoch 7/50  iter 600/743  loss=0.3088  lr=5.18e-05
[13:43:12 INFO] Epoch 7/50  iter 650/743  loss=1.3269  lr=5.17e-05
[13:43:36 INFO] Epoch 7/50  iter 700/743  loss=0.4895  lr=5.17e-05
[13:43:57 INFO] Epoch 7 complete — avg_loss=0.4646  time=364s
[13:44:29 INFO] Epoch 8/50  iter 50/743  loss=0.2367  lr=5.15e-05
[13:44:56 INFO] Epoch 8/50  iter 100/743  loss=0.3705  lr=5.14e-05
[13:45:28 INFO] Epoch 8/50  iter 150/743  loss=0.5161  lr=5.14e-05
[13:45:56 INFO] Epoch 8/50  iter 200/743  loss=0.4892  lr=5.13e-05
[13:46:27 INFO] Epoch 8/50  iter 250/743  loss=0.4140  lr=5.12e-05
[13:46:55 INFO] Epoch 8/50  iter 300/743  loss=0.9231  lr=5.11e-05
[13:47:22 INFO] Epoch 8/50  iter 350/743  loss=0.7014  lr=5.10e-05
[13:47:50 INFO] Epoch 8/50  iter 400/743  loss=0.8872  lr=5.10e-05
[13:48:18 INFO] Epoch 8/50  iter 450/743  loss=0.3906  lr=5.09e-05
[13:48:46 INFO] Epoch 8/50  iter 500/743  loss=0.2903  lr=5.08e-05
[13:49:17 INFO] Epoch 8/50  iter 550/743  loss=0.3978  lr=5.07e-05
[13:49:41 INFO] Epoch 8/50  iter 600/743  loss=0.7060  lr=5.06e-05
[13:50:08 INFO] Epoch 8/50  iter 650/743  loss=0.2792  lr=5.05e-05
[13:50:35 INFO] Epoch 8/50  iter 700/743  loss=0.4581  lr=5.05e-05
[13:50:58 INFO] Epoch 8 complete — avg_loss=0.4369  time=421s
[13:51:27 INFO] Epoch 9/50  iter 50/743  loss=0.9187  lr=5.03e-05
[13:51:53 INFO] Epoch 9/50  iter 100/743  loss=0.5806  lr=5.02e-05
[13:52:21 INFO] Epoch 9/50  iter 150/743  loss=0.2127  lr=5.02e-05
[13:52:48 INFO] Epoch 9/50  iter 200/743  loss=0.4113  lr=5.01e-05
[13:53:16 INFO] Epoch 9/50  iter 250/743  loss=0.2819  lr=5.00e-05
[13:53:43 INFO] Epoch 9/50  iter 300/743  loss=0.1930  lr=4.99e-05
[13:54:12 INFO] Epoch 9/50  iter 350/743  loss=0.4871  lr=4.98e-05
[13:54:38 INFO] Epoch 9/50  iter 400/743  loss=0.4397  lr=4.98e-05
[13:55:05 INFO] Epoch 9/50  iter 450/743  loss=0.8162  lr=4.97e-05
[13:55:32 INFO] Epoch 9/50  iter 500/743  loss=0.3331  lr=4.96e-05
[13:55:57 INFO] Epoch 9/50  iter 550/743  loss=0.2749  lr=4.95e-05
[13:56:22 INFO] Epoch 9/50  iter 600/743  loss=0.3460  lr=4.94e-05
[13:56:51 INFO] Epoch 9/50  iter 650/743  loss=0.2668  lr=4.93e-05
[13:57:18 INFO] Epoch 9/50  iter 700/743  loss=0.4667  lr=4.93e-05
[13:57:39 INFO] Epoch 9 complete — avg_loss=0.4221  time=400s
[13:58:09 INFO] Epoch 10/50  iter 50/743  loss=0.2683  lr=4.91e-05
[13:58:36 INFO] Epoch 10/50  iter 100/743  loss=0.2726  lr=4.90e-05
[13:59:01 INFO] Epoch 10/50  iter 150/743  loss=0.1679  lr=4.90e-05
[13:59:25 INFO] Epoch 10/50  iter 200/743  loss=0.4479  lr=4.89e-05
[13:59:50 INFO] Epoch 10/50  iter 250/743  loss=0.3373  lr=4.88e-05
[14:00:16 INFO] Epoch 10/50  iter 300/743  loss=0.3593  lr=4.87e-05
[14:00:44 INFO] Epoch 10/50  iter 350/743  loss=0.4193  lr=4.86e-05
[14:01:13 INFO] Epoch 10/50  iter 400/743  loss=0.2767  lr=4.86e-05
[14:01:37 INFO] Epoch 10/50  iter 450/743  loss=0.2923  lr=4.85e-05
[14:02:01 INFO] Epoch 10/50  iter 500/743  loss=0.1922  lr=4.84e-05
[14:02:26 INFO] Epoch 10/50  iter 550/743  loss=0.1986  lr=4.83e-05
[14:02:50 INFO] Epoch 10/50  iter 600/743  loss=0.2689  lr=4.82e-05
[14:03:14 INFO] Epoch 10/50  iter 650/743  loss=0.3414  lr=4.81e-05
[14:03:40 INFO] Epoch 10/50  iter 700/743  loss=0.2162  lr=4.81e-05
[14:04:03 INFO] Epoch 10 complete — avg_loss=0.4200  time=383s
[14:04:58 INFO]   val mIoU = 0.2556
[14:04:58 INFO]   ★ New best val mIoU: 0.2556
[14:05:26 INFO] Epoch 11/50  iter 50/743  loss=0.3514  lr=4.79e-05
[14:05:50 INFO] Epoch 11/50  iter 100/743  loss=0.2605  lr=4.78e-05
[14:06:13 INFO] Epoch 11/50  iter 150/743  loss=0.1047  lr=4.78e-05
[14:06:39 INFO] Epoch 11/50  iter 200/743  loss=0.6300  lr=4.77e-05
[14:07:02 INFO] Epoch 11/50  iter 250/743  loss=0.1626  lr=4.76e-05
[14:07:27 INFO] Epoch 11/50  iter 300/743  loss=0.4629  lr=4.75e-05
[14:07:56 INFO] Epoch 11/50  iter 350/743  loss=0.2999  lr=4.74e-05
[14:08:28 INFO] Epoch 11/50  iter 400/743  loss=0.5660  lr=4.74e-05
[14:09:03 INFO] Epoch 11/50  iter 450/743  loss=0.4530  lr=4.73e-05
[14:09:34 INFO] Epoch 11/50  iter 500/743  loss=0.1153  lr=4.72e-05
[14:10:05 INFO] Epoch 11/50  iter 550/743  loss=0.4019  lr=4.71e-05
[14:10:31 INFO] Epoch 11/50  iter 600/743  loss=0.2814  lr=4.70e-05
[14:10:59 INFO] Epoch 11/50  iter 650/743  loss=0.2258  lr=4.69e-05
[14:11:26 INFO] Epoch 11/50  iter 700/743  loss=0.4707  lr=4.69e-05
[14:11:51 INFO] Epoch 11 complete — avg_loss=0.4099  time=412s
[14:12:21 INFO] Epoch 12/50  iter 50/743  loss=0.3156  lr=4.67e-05
[14:12:52 INFO] Epoch 12/50  iter 100/743  loss=0.2444  lr=4.66e-05
[14:13:20 INFO] Epoch 12/50  iter 150/743  loss=0.3542  lr=4.66e-05
[14:13:45 INFO] Epoch 12/50  iter 200/743  loss=0.5365  lr=4.65e-05
[14:14:13 INFO] Epoch 12/50  iter 250/743  loss=0.4252  lr=4.64e-05
[14:14:41 INFO] Epoch 12/50  iter 300/743  loss=0.3157  lr=4.63e-05
[14:15:08 INFO] Epoch 12/50  iter 350/743  loss=0.5450  lr=4.62e-05
[14:15:36 INFO] Epoch 12/50  iter 400/743  loss=2.6623  lr=4.62e-05
[14:16:03 INFO] Epoch 12/50  iter 450/743  loss=0.1342  lr=4.61e-05
[14:16:30 INFO] Epoch 12/50  iter 500/743  loss=0.2939  lr=4.60e-05
[14:16:55 INFO] Epoch 12/50  iter 550/743  loss=0.2800  lr=4.59e-05
[14:17:22 INFO] Epoch 12/50  iter 600/743  loss=0.2442  lr=4.58e-05
[14:17:48 INFO] Epoch 12/50  iter 650/743  loss=0.3187  lr=4.57e-05
[14:18:17 INFO] Epoch 12/50  iter 700/743  loss=0.2255  lr=4.57e-05
[14:18:40 INFO] Epoch 12 complete — avg_loss=0.3943  time=408s
[14:19:08 INFO] Epoch 13/50  iter 50/743  loss=0.7307  lr=4.55e-05
[14:19:32 INFO] Epoch 13/50  iter 100/743  loss=0.1257  lr=4.54e-05
[14:19:56 INFO] Epoch 13/50  iter 150/743  loss=0.3622  lr=4.54e-05
[14:20:20 INFO] Epoch 13/50  iter 200/743  loss=0.3118  lr=4.53e-05
[14:20:45 INFO] Epoch 13/50  iter 250/743  loss=0.2484  lr=4.52e-05
[14:21:10 INFO] Epoch 13/50  iter 300/743  loss=0.2150  lr=4.51e-05
[14:21:39 INFO] Epoch 13/50  iter 350/743  loss=0.2313  lr=4.50e-05
[14:22:05 INFO] Epoch 13/50  iter 400/743  loss=0.0799  lr=4.50e-05
[14:22:30 INFO] Epoch 13/50  iter 450/743  loss=0.4879  lr=4.49e-05
[14:22:57 INFO] Epoch 13/50  iter 500/743  loss=0.2048  lr=4.48e-05
[14:23:23 INFO] Epoch 13/50  iter 550/743  loss=0.3319  lr=4.47e-05
[14:23:48 INFO] Epoch 13/50  iter 600/743  loss=0.1582  lr=4.46e-05
[14:24:13 INFO] Epoch 13/50  iter 650/743  loss=0.2938  lr=4.45e-05
[14:24:37 INFO] Epoch 13/50  iter 700/743  loss=0.6045  lr=4.45e-05
[14:24:57 INFO] Epoch 13 complete — avg_loss=0.3871  time=377s
[14:25:26 INFO] Epoch 14/50  iter 50/743  loss=0.5246  lr=4.43e-05
[14:25:50 INFO] Epoch 14/50  iter 100/743  loss=0.2099  lr=4.42e-05
[14:26:14 INFO] Epoch 14/50  iter 150/743  loss=0.4125  lr=4.42e-05
[14:26:40 INFO] Epoch 14/50  iter 200/743  loss=0.4142  lr=4.41e-05
[14:27:05 INFO] Epoch 14/50  iter 250/743  loss=0.3702  lr=4.40e-05
[14:27:30 INFO] Epoch 14/50  iter 300/743  loss=0.4082  lr=4.39e-05
[14:27:53 INFO] Epoch 14/50  iter 350/743  loss=0.4534  lr=4.38e-05
[14:28:17 INFO] Epoch 14/50  iter 400/743  loss=0.6022  lr=4.38e-05
[14:28:41 INFO] Epoch 14/50  iter 450/743  loss=0.2799  lr=4.37e-05
[14:29:06 INFO] Epoch 14/50  iter 500/743  loss=0.1583  lr=4.36e-05
[14:29:30 INFO] Epoch 14/50  iter 550/743  loss=0.4850  lr=4.35e-05
[14:29:55 INFO] Epoch 14/50  iter 600/743  loss=0.1671  lr=4.34e-05
[14:30:20 INFO] Epoch 14/50  iter 650/743  loss=0.1409  lr=4.33e-05
[14:30:44 INFO] Epoch 14/50  iter 700/743  loss=0.3494  lr=4.33e-05
[14:31:04 INFO] Epoch 14 complete — avg_loss=0.3783  time=366s
[14:31:37 INFO] Epoch 15/50  iter 50/743  loss=0.2851  lr=4.31e-05
[14:32:01 INFO] Epoch 15/50  iter 100/743  loss=0.1638  lr=4.30e-05
[14:32:27 INFO] Epoch 15/50  iter 150/743  loss=0.2489  lr=4.30e-05
[14:32:52 INFO] Epoch 15/50  iter 200/743  loss=0.5162  lr=4.29e-05
[14:33:16 INFO] Epoch 15/50  iter 250/743  loss=0.4766  lr=4.28e-05
[14:33:39 INFO] Epoch 15/50  iter 300/743  loss=0.3659  lr=4.27e-05
[14:34:03 INFO] Epoch 15/50  iter 350/743  loss=0.3293  lr=4.26e-05
[14:34:27 INFO] Epoch 15/50  iter 400/743  loss=0.3003  lr=4.26e-05
[14:34:51 INFO] Epoch 15/50  iter 450/743  loss=0.4375  lr=4.25e-05
[14:35:15 INFO] Epoch 15/50  iter 500/743  loss=0.2237  lr=4.24e-05
[14:35:39 INFO] Epoch 15/50  iter 550/743  loss=0.6070  lr=4.23e-05
[14:36:05 INFO] Epoch 15/50  iter 600/743  loss=0.2739  lr=4.22e-05
[14:36:29 INFO] Epoch 15/50  iter 650/743  loss=0.2764  lr=4.21e-05
[14:36:55 INFO] Epoch 15/50  iter 700/743  loss=0.1677  lr=4.21e-05
[14:37:16 INFO] Epoch 15 complete — avg_loss=0.3669  time=371s
[14:38:09 INFO]   val mIoU = 0.1960
[14:38:39 INFO] Epoch 16/50  iter 50/743  loss=0.1568  lr=4.19e-05
[14:39:04 INFO] Epoch 16/50  iter 100/743  loss=0.8666  lr=4.18e-05
[14:39:31 INFO] Epoch 16/50  iter 150/743  loss=0.2584  lr=4.18e-05
[14:39:55 INFO] Epoch 16/50  iter 200/743  loss=0.3811  lr=4.17e-05
[14:40:20 INFO] Epoch 16/50  iter 250/743  loss=0.1567  lr=4.16e-05
[14:40:42 INFO] Epoch 16/50  iter 300/743  loss=0.4378  lr=4.15e-05
[14:41:06 INFO] Epoch 16/50  iter 350/743  loss=0.2590  lr=4.14e-05
[14:41:31 INFO] Epoch 16/50  iter 400/743  loss=0.1549  lr=4.14e-05
[14:41:55 INFO] Epoch 16/50  iter 450/743  loss=0.1787  lr=4.13e-05
[14:42:19 INFO] Epoch 16/50  iter 500/743  loss=0.2812  lr=4.12e-05
[14:42:43 INFO] Epoch 16/50  iter 550/743  loss=0.2338  lr=4.11e-05
[14:43:11 INFO] Epoch 16/50  iter 600/743  loss=1.0241  lr=4.10e-05
[14:43:38 INFO] Epoch 16/50  iter 650/743  loss=0.2234  lr=4.09e-05
[14:44:06 INFO] Epoch 16/50  iter 700/743  loss=0.3644  lr=4.09e-05
[14:44:26 INFO] Epoch 16 complete — avg_loss=0.3598  time=376s
[14:44:52 INFO] Epoch 17/50  iter 50/743  loss=0.2031  lr=4.07e-05
[14:45:16 INFO] Epoch 17/50  iter 100/743  loss=0.4452  lr=4.06e-05
[14:45:41 INFO] Epoch 17/50  iter 150/743  loss=0.1877  lr=4.06e-05
[14:46:07 INFO] Epoch 17/50  iter 200/743  loss=0.3629  lr=4.05e-05
[14:46:32 INFO] Epoch 17/50  iter 250/743  loss=0.3171  lr=4.04e-05
[14:46:55 INFO] Epoch 17/50  iter 300/743  loss=0.2103  lr=4.03e-05
[14:47:19 INFO] Epoch 17/50  iter 350/743  loss=0.2050  lr=4.02e-05
[14:47:44 INFO] Epoch 17/50  iter 400/743  loss=0.1063  lr=4.02e-05
[14:48:08 INFO] Epoch 17/50  iter 450/743  loss=0.2228  lr=4.01e-05
[14:48:32 INFO] Epoch 17/50  iter 500/743  loss=0.1272  lr=4.00e-05
[14:48:56 INFO] Epoch 17/50  iter 550/743  loss=0.2756  lr=3.99e-05
[14:49:22 INFO] Epoch 17/50  iter 600/743  loss=0.2849  lr=3.98e-05
[14:49:50 INFO] Epoch 17/50  iter 650/743  loss=0.3332  lr=3.97e-05
[14:50:17 INFO] Epoch 17/50  iter 700/743  loss=0.1906  lr=3.97e-05
[14:50:40 INFO] Epoch 17 complete — avg_loss=0.3646  time=374s
[14:51:08 INFO] Epoch 18/50  iter 50/743  loss=0.3003  lr=3.95e-05
[14:51:32 INFO] Epoch 18/50  iter 100/743  loss=0.2253  lr=3.94e-05
[14:51:57 INFO] Epoch 18/50  iter 150/743  loss=0.4181  lr=3.94e-05
[14:52:21 INFO] Epoch 18/50  iter 200/743  loss=0.3793  lr=3.93e-05
[14:52:46 INFO] Epoch 18/50  iter 250/743  loss=0.3046  lr=3.92e-05
[14:53:12 INFO] Epoch 18/50  iter 300/743  loss=0.1763  lr=3.91e-05
[14:53:37 INFO] Epoch 18/50  iter 350/743  loss=0.4908  lr=3.90e-05
[14:54:03 INFO] Epoch 18/50  iter 400/743  loss=0.9316  lr=3.90e-05
[14:54:27 INFO] Epoch 18/50  iter 450/743  loss=0.2744  lr=3.89e-05
[14:54:53 INFO] Epoch 18/50  iter 500/743  loss=0.3026  lr=3.88e-05
[14:55:18 INFO] Epoch 18/50  iter 550/743  loss=0.2814  lr=3.87e-05
[14:55:43 INFO] Epoch 18/50  iter 600/743  loss=0.3280  lr=3.86e-05
[14:56:06 INFO] Epoch 18/50  iter 650/743  loss=0.1435  lr=3.85e-05
[14:56:31 INFO] Epoch 18/50  iter 700/743  loss=0.4296  lr=3.85e-05
[14:56:52 INFO] Epoch 18 complete — avg_loss=0.3480  time=371s
[14:57:18 INFO] Epoch 19/50  iter 50/743  loss=0.4776  lr=3.83e-05
[14:57:40 INFO] Epoch 19/50  iter 100/743  loss=0.2706  lr=3.82e-05
[14:58:03 INFO] Epoch 19/50  iter 150/743  loss=0.1823  lr=3.82e-05
[14:58:26 INFO] Epoch 19/50  iter 200/743  loss=0.2454  lr=3.81e-05
[14:58:50 INFO] Epoch 19/50  iter 250/743  loss=0.5353  lr=3.80e-05
[14:59:13 INFO] Epoch 19/50  iter 300/743  loss=0.1570  lr=3.79e-05
[14:59:36 INFO] Epoch 19/50  iter 350/743  loss=0.5021  lr=3.78e-05
[15:00:01 INFO] Epoch 19/50  iter 400/743  loss=0.6015  lr=3.78e-05
[15:00:24 INFO] Epoch 19/50  iter 450/743  loss=0.2353  lr=3.77e-05
[15:00:48 INFO] Epoch 19/50  iter 500/743  loss=0.1590  lr=3.76e-05
[15:01:12 INFO] Epoch 19/50  iter 550/743  loss=0.6187  lr=3.75e-05
[15:01:38 INFO] Epoch 19/50  iter 600/743  loss=0.1785  lr=3.74e-05
[15:02:02 INFO] Epoch 19/50  iter 650/743  loss=0.3820  lr=3.73e-05
[15:02:27 INFO] Epoch 19/50  iter 700/743  loss=0.3485  lr=3.73e-05
[15:02:48 INFO] Epoch 19 complete — avg_loss=0.3428  time=356s
[15:03:16 INFO] Epoch 20/50  iter 50/743  loss=0.3936  lr=3.71e-05
[15:03:40 INFO] Epoch 20/50  iter 100/743  loss=0.2699  lr=3.70e-05
[15:04:05 INFO] Epoch 20/50  iter 150/743  loss=0.2104  lr=3.70e-05
[15:04:29 INFO] Epoch 20/50  iter 200/743  loss=0.2659  lr=3.69e-05
[15:04:54 INFO] Epoch 20/50  iter 250/743  loss=0.3739  lr=3.68e-05
[15:05:17 INFO] Epoch 20/50  iter 300/743  loss=0.1589  lr=3.67e-05
[15:05:41 INFO] Epoch 20/50  iter 350/743  loss=0.3380  lr=3.66e-05
[15:06:04 INFO] Epoch 20/50  iter 400/743  loss=0.1351  lr=3.66e-05
[15:06:28 INFO] Epoch 20/50  iter 450/743  loss=0.4755  lr=3.65e-05
[15:06:51 INFO] Epoch 20/50  iter 500/743  loss=0.1394  lr=3.64e-05
[15:07:16 INFO] Epoch 20/50  iter 550/743  loss=0.1155  lr=3.63e-05
[15:07:39 INFO] Epoch 20/50  iter 600/743  loss=0.1224  lr=3.62e-05
[15:08:03 INFO] Epoch 20/50  iter 650/743  loss=0.4776  lr=3.61e-05
[15:08:26 INFO] Epoch 20/50  iter 700/743  loss=0.4417  lr=3.61e-05
[15:08:47 INFO] Epoch 20 complete — avg_loss=0.3521  time=358s
[15:09:42 INFO]   val mIoU = 0.1105
[15:10:09 INFO] Epoch 21/50  iter 50/743  loss=0.0640  lr=3.59e-05
[15:10:34 INFO] Epoch 21/50  iter 100/743  loss=0.2357  lr=3.58e-05
[15:10:59 INFO] Epoch 21/50  iter 150/743  loss=0.7660  lr=3.58e-05
[15:11:28 INFO] Epoch 21/50  iter 200/743  loss=1.5804  lr=3.57e-05
[15:11:59 INFO] Epoch 21/50  iter 250/743  loss=0.3710  lr=3.56e-05
[15:12:27 INFO] Epoch 21/50  iter 300/743  loss=0.3605  lr=3.55e-05
[15:12:54 INFO] Epoch 21/50  iter 350/743  loss=0.3419  lr=3.54e-05
[15:13:21 INFO] Epoch 21/50  iter 400/743  loss=0.4579  lr=3.54e-05
[15:13:49 INFO] Epoch 21/50  iter 450/743  loss=0.5840  lr=3.53e-05
[15:14:18 INFO] Epoch 21/50  iter 500/743  loss=0.1969  lr=3.52e-05
[15:14:45 INFO] Epoch 21/50  iter 550/743  loss=0.2826  lr=3.51e-05
[15:15:14 INFO] Epoch 21/50  iter 600/743  loss=0.3339  lr=3.50e-05
[15:15:41 INFO] Epoch 21/50  iter 650/743  loss=0.2982  lr=3.49e-05
[15:16:09 INFO] Epoch 21/50  iter 700/743  loss=0.3274  lr=3.49e-05
[15:16:31 INFO] Epoch 21 complete — avg_loss=0.3270  time=408s
[15:16:57 INFO] Epoch 22/50  iter 50/743  loss=0.2782  lr=3.47e-05
[15:17:21 INFO] Epoch 22/50  iter 100/743  loss=0.3107  lr=3.46e-05
[15:17:44 INFO] Epoch 22/50  iter 150/743  loss=0.3369  lr=3.46e-05
[15:18:08 INFO] Epoch 22/50  iter 200/743  loss=0.7574  lr=3.45e-05
[15:18:31 INFO] Epoch 22/50  iter 250/743  loss=0.8609  lr=3.44e-05
[15:18:55 INFO] Epoch 22/50  iter 300/743  loss=1.0743  lr=3.43e-05
[15:19:20 INFO] Epoch 22/50  iter 350/743  loss=0.3116  lr=3.42e-05
[15:19:43 INFO] Epoch 22/50  iter 400/743  loss=0.2561  lr=3.42e-05
[15:20:08 INFO] Epoch 22/50  iter 450/743  loss=0.2975  lr=3.41e-05
[15:20:34 INFO] Epoch 22/50  iter 500/743  loss=0.1559  lr=3.40e-05
[15:21:00 INFO] Epoch 22/50  iter 550/743  loss=0.2125  lr=3.39e-05
[15:21:26 INFO] Epoch 22/50  iter 600/743  loss=0.3110  lr=3.38e-05
[15:21:52 INFO] Epoch 22/50  iter 650/743  loss=0.2576  lr=3.37e-05
[15:22:18 INFO] Epoch 22/50  iter 700/743  loss=0.2155  lr=3.37e-05
[15:22:38 INFO] Epoch 22 complete — avg_loss=0.3506  time=367s
[15:23:10 INFO] Epoch 23/50  iter 50/743  loss=0.0888  lr=3.35e-05
[15:23:35 INFO] Epoch 23/50  iter 100/743  loss=0.4918  lr=3.34e-05
[15:23:58 INFO] Epoch 23/50  iter 150/743  loss=0.5224  lr=3.34e-05
[15:24:21 INFO] Epoch 23/50  iter 200/743  loss=0.4657  lr=3.33e-05
[15:24:45 INFO] Epoch 23/50  iter 250/743  loss=0.2121  lr=3.32e-05
[15:25:09 INFO] Epoch 23/50  iter 300/743  loss=0.1776  lr=3.31e-05
[15:25:37 INFO] Epoch 23/50  iter 350/743  loss=0.3708  lr=3.30e-05
[15:26:02 INFO] Epoch 23/50  iter 400/743  loss=0.1960  lr=3.30e-05
[15:26:27 INFO] Epoch 23/50  iter 450/743  loss=0.1669  lr=3.29e-05
[15:26:52 INFO] Epoch 23/50  iter 500/743  loss=0.6692  lr=3.28e-05
[15:27:18 INFO] Epoch 23/50  iter 550/743  loss=0.2809  lr=3.27e-05
[15:27:46 INFO] Epoch 23/50  iter 600/743  loss=0.2210  lr=3.26e-05
[15:28:14 INFO] Epoch 23/50  iter 650/743  loss=0.3368  lr=3.25e-05
[15:28:38 INFO] Epoch 23/50  iter 700/743  loss=0.4063  lr=3.25e-05
[15:28:59 INFO] Epoch 23 complete — avg_loss=0.3276  time=380s
[15:29:25 INFO] Epoch 24/50  iter 50/743  loss=0.2032  lr=3.23e-05
[15:29:50 INFO] Epoch 24/50  iter 100/743  loss=0.3716  lr=3.22e-05
[15:30:15 INFO] Epoch 24/50  iter 150/743  loss=0.3045  lr=3.22e-05
[15:30:44 INFO] Epoch 24/50  iter 200/743  loss=0.1673  lr=3.21e-05
[15:31:11 INFO] Epoch 24/50  iter 250/743  loss=0.1377  lr=3.20e-05
[15:31:38 INFO] Epoch 24/50  iter 300/743  loss=0.1431  lr=3.19e-05
[15:32:06 INFO] Epoch 24/50  iter 350/743  loss=0.1447  lr=3.18e-05
[15:32:32 INFO] Epoch 24/50  iter 400/743  loss=0.6015  lr=3.18e-05
[15:33:01 INFO] Epoch 24/50  iter 450/743  loss=0.2632  lr=3.17e-05
[15:33:24 INFO] Epoch 24/50  iter 500/743  loss=0.4425  lr=3.16e-05
[15:33:48 INFO] Epoch 24/50  iter 550/743  loss=0.2265  lr=3.15e-05
[15:34:11 INFO] Epoch 24/50  iter 600/743  loss=0.5064  lr=3.14e-05
[15:34:35 INFO] Epoch 24/50  iter 650/743  loss=0.3942  lr=3.13e-05
[15:34:59 INFO] Epoch 24/50  iter 700/743  loss=0.1282  lr=3.13e-05
[15:35:20 INFO] Epoch 24 complete — avg_loss=0.3232  time=381s
[15:35:49 INFO] Epoch 25/50  iter 50/743  loss=0.2060  lr=3.11e-05
[15:36:14 INFO] Epoch 25/50  iter 100/743  loss=0.3160  lr=3.10e-05
[15:36:40 INFO] Epoch 25/50  iter 150/743  loss=0.3387  lr=3.10e-05
[15:37:05 INFO] Epoch 25/50  iter 200/743  loss=0.2009  lr=3.09e-05
[15:37:28 INFO] Epoch 25/50  iter 250/743  loss=0.2941  lr=3.08e-05
[15:37:53 INFO] Epoch 25/50  iter 300/743  loss=0.1066  lr=3.07e-05
[15:38:23 INFO] Epoch 25/50  iter 350/743  loss=1.3159  lr=3.06e-05
[15:38:48 INFO] Epoch 25/50  iter 400/743  loss=0.1597  lr=3.06e-05
[15:39:13 INFO] Epoch 25/50  iter 450/743  loss=0.5073  lr=3.05e-05
[15:39:40 INFO] Epoch 25/50  iter 500/743  loss=0.1906  lr=3.04e-05
[15:40:07 INFO] Epoch 25/50  iter 550/743  loss=0.2503  lr=3.03e-05
[15:40:34 INFO] Epoch 25/50  iter 600/743  loss=0.2292  lr=3.02e-05
[15:41:02 INFO] Epoch 25/50  iter 650/743  loss=0.1834  lr=3.01e-05
[15:41:30 INFO] Epoch 25/50  iter 700/743  loss=0.2736  lr=3.01e-05
[15:41:51 INFO] Epoch 25 complete — avg_loss=0.3150  time=390s
[15:42:45 INFO]   val mIoU = 0.1642
[15:43:11 INFO] Epoch 26/50  iter 50/743  loss=0.3291  lr=2.99e-05
[15:43:37 INFO] Epoch 26/50  iter 100/743  loss=0.2160  lr=2.98e-05
[15:44:04 INFO] Epoch 26/50  iter 150/743  loss=0.2276  lr=2.98e-05
[15:44:32 INFO] Epoch 26/50  iter 200/743  loss=0.2462  lr=2.97e-05
[15:44:56 INFO] Epoch 26/50  iter 250/743  loss=0.1117  lr=2.96e-05
[15:45:20 INFO] Epoch 26/50  iter 300/743  loss=0.2797  lr=2.95e-05
[15:45:45 INFO] Epoch 26/50  iter 350/743  loss=0.2471  lr=2.94e-05
[15:46:14 INFO] Epoch 26/50  iter 400/743  loss=0.3117  lr=2.94e-05
[15:46:40 INFO] Epoch 26/50  iter 450/743  loss=0.1487  lr=2.93e-05
[15:47:04 INFO] Epoch 26/50  iter 500/743  loss=0.3231  lr=2.92e-05
[15:47:27 INFO] Epoch 26/50  iter 550/743  loss=0.5423  lr=2.91e-05
[15:47:53 INFO] Epoch 26/50  iter 600/743  loss=0.1953  lr=2.90e-05
[15:48:17 INFO] Epoch 26/50  iter 650/743  loss=0.4146  lr=2.89e-05
[15:48:42 INFO] Epoch 26/50  iter 700/743  loss=0.3328  lr=2.89e-05
[15:49:03 INFO] Epoch 26 complete — avg_loss=0.3057  time=378s
[15:49:34 INFO] Epoch 27/50  iter 50/743  loss=0.3317  lr=2.87e-05
[15:50:00 INFO] Epoch 27/50  iter 100/743  loss=0.2630  lr=2.86e-05
[15:50:24 INFO] Epoch 27/50  iter 150/743  loss=0.2715  lr=2.86e-05
[15:50:48 INFO] Epoch 27/50  iter 200/743  loss=0.4134  lr=2.85e-05
[15:51:12 INFO] Epoch 27/50  iter 250/743  loss=0.1988  lr=2.84e-05
[15:51:36 INFO] Epoch 27/50  iter 300/743  loss=0.1291  lr=2.83e-05
[15:52:01 INFO] Epoch 27/50  iter 350/743  loss=0.1580  lr=2.82e-05
[15:52:24 INFO] Epoch 27/50  iter 400/743  loss=0.1855  lr=2.82e-05
[15:52:49 INFO] Epoch 27/50  iter 450/743  loss=0.2450  lr=2.81e-05
[15:53:11 INFO] Epoch 27/50  iter 500/743  loss=0.3091  lr=2.80e-05
[15:53:36 INFO] Epoch 27/50  iter 550/743  loss=0.2416  lr=2.79e-05
[15:53:59 INFO] Epoch 27/50  iter 600/743  loss=0.3286  lr=2.78e-05
[15:54:23 INFO] Epoch 27/50  iter 650/743  loss=0.6185  lr=2.77e-05
[15:54:47 INFO] Epoch 27/50  iter 700/743  loss=0.2185  lr=2.77e-05
[15:55:08 INFO] Epoch 27 complete — avg_loss=0.3084  time=364s
[15:55:34 INFO] Epoch 28/50  iter 50/743  loss=0.2845  lr=2.75e-05
[15:56:00 INFO] Epoch 28/50  iter 100/743  loss=0.6258  lr=2.74e-05
[15:56:26 INFO] Epoch 28/50  iter 150/743  loss=0.1044  lr=2.74e-05
[15:56:51 INFO] Epoch 28/50  iter 200/743  loss=0.2469  lr=2.73e-05
[15:57:16 INFO] Epoch 28/50  iter 250/743  loss=0.5880  lr=2.72e-05
[15:57:41 INFO] Epoch 28/50  iter 300/743  loss=0.1087  lr=2.71e-05
[15:58:07 INFO] Epoch 28/50  iter 350/743  loss=0.4062  lr=2.70e-05
[15:58:30 INFO] Epoch 28/50  iter 400/743  loss=0.4531  lr=2.70e-05
[15:58:57 INFO] Epoch 28/50  iter 450/743  loss=0.3005  lr=2.69e-05
[15:59:24 INFO] Epoch 28/50  iter 500/743  loss=0.5807  lr=2.68e-05
[15:59:50 INFO] Epoch 28/50  iter 550/743  loss=0.1385  lr=2.67e-05
[16:00:17 INFO] Epoch 28/50  iter 600/743  loss=0.3095  lr=2.66e-05
[16:00:43 INFO] Epoch 28/50  iter 650/743  loss=0.7209  lr=2.65e-05
[16:01:10 INFO] Epoch 28/50  iter 700/743  loss=0.3148  lr=2.65e-05
[16:01:31 INFO] Epoch 28 complete — avg_loss=0.3016  time=382s
[16:02:01 INFO] Epoch 29/50  iter 50/743  loss=0.1865  lr=2.63e-05
[16:02:26 INFO] Epoch 29/50  iter 100/743  loss=0.4096  lr=2.62e-05
[16:02:52 INFO] Epoch 29/50  iter 150/743  loss=0.1629  lr=2.62e-05
[16:03:16 INFO] Epoch 29/50  iter 200/743  loss=0.1660  lr=2.61e-05
[16:03:42 INFO] Epoch 29/50  iter 250/743  loss=0.3197  lr=2.60e-05
[16:04:06 INFO] Epoch 29/50  iter 300/743  loss=0.4634  lr=2.59e-05
[16:04:31 INFO] Epoch 29/50  iter 350/743  loss=0.5266  lr=2.58e-05
[16:04:56 INFO] Epoch 29/50  iter 400/743  loss=0.2949  lr=2.58e-05
[16:05:21 INFO] Epoch 29/50  iter 450/743  loss=0.4208  lr=2.57e-05
[16:05:46 INFO] Epoch 29/50  iter 500/743  loss=0.1116  lr=2.56e-05
[16:06:14 INFO] Epoch 29/50  iter 550/743  loss=0.2021  lr=2.55e-05
[16:06:41 INFO] Epoch 29/50  iter 600/743  loss=0.4499  lr=2.54e-05
[16:07:06 INFO] Epoch 29/50  iter 650/743  loss=0.1768  lr=2.53e-05
[16:07:30 INFO] Epoch 29/50  iter 700/743  loss=0.3457  lr=2.53e-05
[16:07:51 INFO] Epoch 29 complete — avg_loss=0.2935  time=379s
[16:08:23 INFO] Epoch 30/50  iter 50/743  loss=0.2122  lr=2.51e-05
[16:08:48 INFO] Epoch 30/50  iter 100/743  loss=0.2122  lr=2.50e-05
[16:09:12 INFO] Epoch 30/50  iter 150/743  loss=0.2315  lr=2.50e-05
[16:09:36 INFO] Epoch 30/50  iter 200/743  loss=0.1640  lr=2.49e-05
[16:10:03 INFO] Epoch 30/50  iter 250/743  loss=0.1242  lr=2.48e-05
[16:10:29 INFO] Epoch 30/50  iter 300/743  loss=0.2214  lr=2.47e-05
[16:10:53 INFO] Epoch 30/50  iter 350/743  loss=0.4892  lr=2.46e-05
[16:11:17 INFO] Epoch 30/50  iter 400/743  loss=0.1697  lr=2.46e-05
[16:11:43 INFO] Epoch 30/50  iter 450/743  loss=0.3800  lr=2.45e-05
[16:12:07 INFO] Epoch 30/50  iter 500/743  loss=0.3174  lr=2.44e-05
[16:12:34 INFO] Epoch 30/50  iter 550/743  loss=0.2400  lr=2.43e-05
[16:13:01 INFO] Epoch 30/50  iter 600/743  loss=0.2150  lr=2.42e-05
[16:13:30 INFO] Epoch 30/50  iter 650/743  loss=0.3007  lr=2.41e-05
[16:13:55 INFO] Epoch 30/50  iter 700/743  loss=0.2637  lr=2.41e-05
[16:14:15 INFO] Epoch 30 complete — avg_loss=0.2993  time=384s
[16:15:08 INFO]   val mIoU = 0.0297
[16:15:39 INFO] Epoch 31/50  iter 50/743  loss=0.4828  lr=2.39e-05
[16:16:07 INFO] Epoch 31/50  iter 100/743  loss=0.3549  lr=2.38e-05
[16:16:35 INFO] Epoch 31/50  iter 150/743  loss=0.3684  lr=2.38e-05
[16:17:02 INFO] Epoch 31/50  iter 200/743  loss=0.3167  lr=2.37e-05
[16:17:28 INFO] Epoch 31/50  iter 250/743  loss=0.3945  lr=2.36e-05
[16:17:53 INFO] Epoch 31/50  iter 300/743  loss=0.3885  lr=2.35e-05
[16:18:16 INFO] Epoch 31/50  iter 350/743  loss=0.0287  lr=2.34e-05
[16:18:41 INFO] Epoch 31/50  iter 400/743  loss=0.2002  lr=2.34e-05
[16:19:08 INFO] Epoch 31/50  iter 450/743  loss=0.2874  lr=2.33e-05
[16:19:34 INFO] Epoch 31/50  iter 500/743  loss=0.4266  lr=2.32e-05
[16:20:01 INFO] Epoch 31/50  iter 550/743  loss=0.2209  lr=2.31e-05
[16:20:24 INFO] Epoch 31/50  iter 600/743  loss=0.2303  lr=2.30e-05
[16:20:49 INFO] Epoch 31/50  iter 650/743  loss=0.1315  lr=2.29e-05
[16:21:13 INFO] Epoch 31/50  iter 700/743  loss=0.2645  lr=2.29e-05
[16:21:33 INFO] Epoch 31 complete — avg_loss=0.2937  time=384s
[16:21:59 INFO] Epoch 32/50  iter 50/743  loss=0.2175  lr=2.27e-05
[16:22:23 INFO] Epoch 32/50  iter 100/743  loss=0.2688  lr=2.26e-05
[16:22:49 INFO] Epoch 32/50  iter 150/743  loss=0.1732  lr=2.26e-05
[16:23:14 INFO] Epoch 32/50  iter 200/743  loss=0.2769  lr=2.25e-05
[16:23:40 INFO] Epoch 32/50  iter 250/743  loss=0.3631  lr=2.24e-05
[16:24:04 INFO] Epoch 32/50  iter 300/743  loss=0.1250  lr=2.23e-05
[16:24:29 INFO] Epoch 32/50  iter 350/743  loss=0.2994  lr=2.22e-05
[16:24:54 INFO] Epoch 32/50  iter 400/743  loss=0.2109  lr=2.22e-05
[16:25:17 INFO] Epoch 32/50  iter 450/743  loss=0.4966  lr=2.21e-05
[16:25:41 INFO] Epoch 32/50  iter 500/743  loss=0.2235  lr=2.20e-05
[16:26:06 INFO] Epoch 32/50  iter 550/743  loss=0.3397  lr=2.19e-05
[16:26:29 INFO] Epoch 32/50  iter 600/743  loss=0.6893  lr=2.18e-05
[16:26:54 INFO] Epoch 32/50  iter 650/743  loss=0.3291  lr=2.17e-05
[16:27:19 INFO] Epoch 32/50  iter 700/743  loss=0.4134  lr=2.17e-05
[16:27:41 INFO] Epoch 32 complete — avg_loss=0.2996  time=368s
[16:28:14 INFO] Epoch 33/50  iter 50/743  loss=0.2207  lr=2.15e-05
[16:28:46 INFO] Epoch 33/50  iter 100/743  loss=0.3539  lr=2.14e-05
[16:29:15 INFO] Epoch 33/50  iter 150/743  loss=0.1918  lr=2.14e-05
[16:29:45 INFO] Epoch 33/50  iter 200/743  loss=0.2243  lr=2.13e-05
[16:30:14 INFO] Epoch 33/50  iter 250/743  loss=0.2142  lr=2.12e-05
[16:30:39 INFO] Epoch 33/50  iter 300/743  loss=0.3836  lr=2.11e-05
[16:31:07 INFO] Epoch 33/50  iter 350/743  loss=0.3901  lr=2.10e-05
[16:31:34 INFO] Epoch 33/50  iter 400/743  loss=0.4153  lr=2.10e-05
[16:32:03 INFO] Epoch 33/50  iter 450/743  loss=0.0698  lr=2.09e-05
[16:32:30 INFO] Epoch 33/50  iter 500/743  loss=0.2765  lr=2.08e-05
[16:32:59 INFO] Epoch 33/50  iter 550/743  loss=0.3651  lr=2.07e-05
[16:33:25 INFO] Epoch 33/50  iter 600/743  loss=0.1530  lr=2.06e-05
[16:33:50 INFO] Epoch 33/50  iter 650/743  loss=0.4127  lr=2.05e-05
[16:34:14 INFO] Epoch 33/50  iter 700/743  loss=0.3882  lr=2.05e-05
[16:34:35 INFO] Epoch 33 complete — avg_loss=0.2797  time=413s
[16:35:04 INFO] Epoch 34/50  iter 50/743  loss=0.3786  lr=2.03e-05
[16:35:30 INFO] Epoch 34/50  iter 100/743  loss=0.3788  lr=2.02e-05
[16:35:55 INFO] Epoch 34/50  iter 150/743  loss=0.1676  lr=2.02e-05
[16:36:19 INFO] Epoch 34/50  iter 200/743  loss=0.2341  lr=2.01e-05
[16:36:43 INFO] Epoch 34/50  iter 250/743  loss=0.2435  lr=2.00e-05
[16:37:09 INFO] Epoch 34/50  iter 300/743  loss=0.1656  lr=1.99e-05
[16:37:34 INFO] Epoch 34/50  iter 350/743  loss=0.1653  lr=1.98e-05
[16:38:00 INFO] Epoch 34/50  iter 400/743  loss=0.1883  lr=1.98e-05
[16:38:22 INFO] Epoch 34/50  iter 450/743  loss=0.1583  lr=1.97e-05
[16:38:46 INFO] Epoch 34/50  iter 500/743  loss=0.2363  lr=1.96e-05
[16:39:10 INFO] Epoch 34/50  iter 550/743  loss=0.3571  lr=1.95e-05
[16:39:33 INFO] Epoch 34/50  iter 600/743  loss=0.3521  lr=1.94e-05
[16:40:00 INFO] Epoch 34/50  iter 650/743  loss=0.1607  lr=1.93e-05
[16:40:25 INFO] Epoch 34/50  iter 700/743  loss=0.4812  lr=1.93e-05
[16:40:47 INFO] Epoch 34 complete — avg_loss=0.2806  time=372s
[16:41:19 INFO] Epoch 35/50  iter 50/743  loss=0.1114  lr=1.91e-05
[16:41:46 INFO] Epoch 35/50  iter 100/743  loss=0.1760  lr=1.90e-05
[16:42:14 INFO] Epoch 35/50  iter 150/743  loss=0.1834  lr=1.90e-05
[16:42:40 INFO] Epoch 35/50  iter 200/743  loss=0.3137  lr=1.89e-05
[16:43:08 INFO] Epoch 35/50  iter 250/743  loss=0.1785  lr=1.88e-05
[16:43:34 INFO] Epoch 35/50  iter 300/743  loss=0.1909  lr=1.87e-05
[16:44:02 INFO] Epoch 35/50  iter 350/743  loss=0.2032  lr=1.86e-05
[16:44:29 INFO] Epoch 35/50  iter 400/743  loss=0.3293  lr=1.86e-05
[16:44:56 INFO] Epoch 35/50  iter 450/743  loss=0.1831  lr=1.85e-05
[16:45:25 INFO] Epoch 35/50  iter 500/743  loss=0.2022  lr=1.84e-05
[16:45:54 INFO] Epoch 35/50  iter 550/743  loss=0.3775  lr=1.83e-05
[16:46:22 INFO] Epoch 35/50  iter 600/743  loss=0.2624  lr=1.82e-05
[16:46:53 INFO] Epoch 35/50  iter 650/743  loss=0.2564  lr=1.81e-05
[16:47:21 INFO] Epoch 35/50  iter 700/743  loss=0.2858  lr=1.81e-05
[16:47:45 INFO] Epoch 35 complete — avg_loss=0.2794  time=417s
[16:48:38 INFO]   val mIoU = 0.2695
[16:48:39 INFO]   ★ New best val mIoU: 0.2695
[16:49:07 INFO] Epoch 36/50  iter 50/743  loss=0.2412  lr=1.79e-05
[16:49:31 INFO] Epoch 36/50  iter 100/743  loss=0.0641  lr=1.78e-05
[16:49:57 INFO] Epoch 36/50  iter 150/743  loss=0.3140  lr=1.78e-05
[16:50:22 INFO] Epoch 36/50  iter 200/743  loss=0.0707  lr=1.77e-05
[16:50:46 INFO] Epoch 36/50  iter 250/743  loss=0.2367  lr=1.76e-05
[16:51:11 INFO] Epoch 36/50  iter 300/743  loss=0.3611  lr=1.75e-05
[16:51:34 INFO] Epoch 36/50  iter 350/743  loss=0.1547  lr=1.74e-05
[16:52:02 INFO] Epoch 36/50  iter 400/743  loss=0.1401  lr=1.74e-05
[16:52:27 INFO] Epoch 36/50  iter 450/743  loss=0.3560  lr=1.73e-05
[16:52:55 INFO] Epoch 36/50  iter 500/743  loss=0.1768  lr=1.72e-05
[16:53:23 INFO] Epoch 36/50  iter 550/743  loss=0.1582  lr=1.71e-05
[16:53:50 INFO] Epoch 36/50  iter 600/743  loss=0.3441  lr=1.70e-05
[16:54:16 INFO] Epoch 36/50  iter 650/743  loss=0.2768  lr=1.69e-05
[16:54:44 INFO] Epoch 36/50  iter 700/743  loss=0.2760  lr=1.69e-05
[16:55:06 INFO] Epoch 36 complete — avg_loss=0.2757  time=386s
[16:55:34 INFO] Epoch 37/50  iter 50/743  loss=0.4307  lr=1.67e-05
[16:56:01 INFO] Epoch 37/50  iter 100/743  loss=0.3592  lr=1.66e-05
[16:56:30 INFO] Epoch 37/50  iter 150/743  loss=0.3598  lr=1.66e-05
[16:56:59 INFO] Epoch 37/50  iter 200/743  loss=0.2464  lr=1.65e-05
[16:57:26 INFO] Epoch 37/50  iter 250/743  loss=0.2101  lr=1.64e-05
[16:57:51 INFO] Epoch 37/50  iter 300/743  loss=0.2553  lr=1.63e-05
[16:58:16 INFO] Epoch 37/50  iter 350/743  loss=0.3701  lr=1.62e-05
[16:58:41 INFO] Epoch 37/50  iter 400/743  loss=0.1442  lr=1.62e-05
[16:59:06 INFO] Epoch 37/50  iter 450/743  loss=0.2705  lr=1.61e-05
[16:59:33 INFO] Epoch 37/50  iter 500/743  loss=0.2980  lr=1.60e-05
[17:00:01 INFO] Epoch 37/50  iter 550/743  loss=0.2389  lr=1.59e-05
[17:00:29 INFO] Epoch 37/50  iter 600/743  loss=0.1277  lr=1.58e-05
[17:00:55 INFO] Epoch 37/50  iter 650/743  loss=1.2362  lr=1.57e-05
[17:01:20 INFO] Epoch 37/50  iter 700/743  loss=0.2008  lr=1.57e-05
[17:01:42 INFO] Epoch 37 complete — avg_loss=0.2767  time=396s
[17:02:13 INFO] Epoch 38/50  iter 50/743  loss=0.3405  lr=1.55e-05
[17:02:38 INFO] Epoch 38/50  iter 100/743  loss=0.2559  lr=1.54e-05
[17:03:04 INFO] Epoch 38/50  iter 150/743  loss=0.1247  lr=1.54e-05
[17:03:28 INFO] Epoch 38/50  iter 200/743  loss=0.1754  lr=1.53e-05
[17:03:53 INFO] Epoch 38/50  iter 250/743  loss=0.2003  lr=1.52e-05
[17:04:18 INFO] Epoch 38/50  iter 300/743  loss=0.2058  lr=1.51e-05
[17:04:44 INFO] Epoch 38/50  iter 350/743  loss=0.1943  lr=1.50e-05
[17:05:07 INFO] Epoch 38/50  iter 400/743  loss=0.2690  lr=1.50e-05
[17:05:32 INFO] Epoch 38/50  iter 450/743  loss=0.1750  lr=1.49e-05
[17:05:55 INFO] Epoch 38/50  iter 500/743  loss=0.1084  lr=1.48e-05
[17:06:21 INFO] Epoch 38/50  iter 550/743  loss=0.2715  lr=1.47e-05
[17:06:45 INFO] Epoch 38/50  iter 600/743  loss=0.4718  lr=1.46e-05
[17:07:09 INFO] Epoch 38/50  iter 650/743  loss=0.2613  lr=1.45e-05
[17:07:32 INFO] Epoch 38/50  iter 700/743  loss=0.2560  lr=1.45e-05
[17:07:52 INFO] Epoch 38 complete — avg_loss=0.2691  time=369s
[17:08:20 INFO] Epoch 39/50  iter 50/743  loss=0.1595  lr=1.43e-05
[17:08:44 INFO] Epoch 39/50  iter 100/743  loss=0.2154  lr=1.42e-05
[17:09:10 INFO] Epoch 39/50  iter 150/743  loss=0.0933  lr=1.42e-05
[17:09:36 INFO] Epoch 39/50  iter 200/743  loss=0.2018  lr=1.41e-05
[17:10:00 INFO] Epoch 39/50  iter 250/743  loss=0.3877  lr=1.40e-05
[17:10:25 INFO] Epoch 39/50  iter 300/743  loss=0.4804  lr=1.39e-05
[17:10:50 INFO] Epoch 39/50  iter 350/743  loss=0.1533  lr=1.38e-05
[17:11:14 INFO] Epoch 39/50  iter 400/743  loss=0.2818  lr=1.38e-05
[17:11:43 INFO] Epoch 39/50  iter 450/743  loss=0.1631  lr=1.37e-05
[17:12:07 INFO] Epoch 39/50  iter 500/743  loss=0.1556  lr=1.36e-05
[17:12:32 INFO] Epoch 39/50  iter 550/743  loss=0.1539  lr=1.35e-05
[17:12:56 INFO] Epoch 39/50  iter 600/743  loss=0.5664  lr=1.34e-05
[17:13:20 INFO] Epoch 39/50  iter 650/743  loss=0.1478  lr=1.33e-05
[17:13:46 INFO] Epoch 39/50  iter 700/743  loss=0.3518  lr=1.33e-05
[17:14:07 INFO] Epoch 39 complete — avg_loss=0.2711  time=375s
[17:14:37 INFO] Epoch 40/50  iter 50/743  loss=0.1156  lr=1.31e-05
[17:15:01 INFO] Epoch 40/50  iter 100/743  loss=0.0773  lr=1.30e-05
[17:15:26 INFO] Epoch 40/50  iter 150/743  loss=0.2393  lr=1.30e-05
[17:15:49 INFO] Epoch 40/50  iter 200/743  loss=0.1445  lr=1.29e-05
[17:16:14 INFO] Epoch 40/50  iter 250/743  loss=0.2448  lr=1.28e-05
[17:16:37 INFO] Epoch 40/50  iter 300/743  loss=0.1121  lr=1.27e-05
[17:17:02 INFO] Epoch 40/50  iter 350/743  loss=0.2703  lr=1.26e-05
[17:17:27 INFO] Epoch 40/50  iter 400/743  loss=0.2056  lr=1.26e-05
[17:17:51 INFO] Epoch 40/50  iter 450/743  loss=0.1981  lr=1.25e-05
[17:18:17 INFO] Epoch 40/50  iter 500/743  loss=0.2340  lr=1.24e-05
[17:18:44 INFO] Epoch 40/50  iter 550/743  loss=0.1312  lr=1.23e-05
[17:19:11 INFO] Epoch 40/50  iter 600/743  loss=0.1950  lr=1.22e-05
[17:19:38 INFO] Epoch 40/50  iter 650/743  loss=0.2296  lr=1.21e-05
[17:20:02 INFO] Epoch 40/50  iter 700/743  loss=0.2740  lr=1.21e-05
[17:20:23 INFO] Epoch 40 complete — avg_loss=0.2744  time=375s
[17:21:17 INFO]   val mIoU = 0.1308
[17:21:47 INFO] Epoch 41/50  iter 50/743  loss=0.2070  lr=1.19e-05
[17:22:15 INFO] Epoch 41/50  iter 100/743  loss=0.2792  lr=1.18e-05
[17:22:43 INFO] Epoch 41/50  iter 150/743  loss=0.1959  lr=1.18e-05
[17:23:10 INFO] Epoch 41/50  iter 200/743  loss=0.2024  lr=1.17e-05
[17:23:36 INFO] Epoch 41/50  iter 250/743  loss=0.2961  lr=1.16e-05
[17:24:03 INFO] Epoch 41/50  iter 300/743  loss=0.2751  lr=1.15e-05
[17:24:29 INFO] Epoch 41/50  iter 350/743  loss=0.1253  lr=1.14e-05
[17:24:56 INFO] Epoch 41/50  iter 400/743  loss=0.3000  lr=1.14e-05
[17:25:22 INFO] Epoch 41/50  iter 450/743  loss=0.1282  lr=1.13e-05
[17:25:48 INFO] Epoch 41/50  iter 500/743  loss=0.4522  lr=1.12e-05
[17:26:13 INFO] Epoch 41/50  iter 550/743  loss=0.2430  lr=1.11e-05
[17:26:39 INFO] Epoch 41/50  iter 600/743  loss=0.2092  lr=1.10e-05
[17:27:05 INFO] Epoch 41/50  iter 650/743  loss=0.2682  lr=1.09e-05
[17:27:32 INFO] Epoch 41/50  iter 700/743  loss=0.2151  lr=1.09e-05
[17:27:54 INFO] Epoch 41 complete — avg_loss=0.2624  time=395s
[17:28:21 INFO] Epoch 42/50  iter 50/743  loss=0.1172  lr=1.07e-05
[17:28:46 INFO] Epoch 42/50  iter 100/743  loss=0.3795  lr=1.06e-05
[17:29:12 INFO] Epoch 42/50  iter 150/743  loss=0.0876  lr=1.06e-05
[17:29:36 INFO] Epoch 42/50  iter 200/743  loss=0.1913  lr=1.05e-05
[17:30:00 INFO] Epoch 42/50  iter 250/743  loss=0.4252  lr=1.04e-05
[17:30:25 INFO] Epoch 42/50  iter 300/743  loss=0.0854  lr=1.03e-05
[17:30:50 INFO] Epoch 42/50  iter 350/743  loss=0.3671  lr=1.02e-05
[17:31:15 INFO] Epoch 42/50  iter 400/743  loss=0.3675  lr=1.02e-05
[17:31:41 INFO] Epoch 42/50  iter 450/743  loss=0.1682  lr=1.01e-05
[17:32:04 INFO] Epoch 42/50  iter 500/743  loss=0.1812  lr=9.99e-06
[17:32:28 INFO] Epoch 42/50  iter 550/743  loss=0.2548  lr=9.91e-06
[17:32:50 INFO] Epoch 42/50  iter 600/743  loss=0.0918  lr=9.83e-06
[17:33:15 INFO] Epoch 42/50  iter 650/743  loss=0.2773  lr=9.75e-06
[17:33:41 INFO] Epoch 42/50  iter 700/743  loss=0.4327  lr=9.67e-06
[17:34:02 INFO] Epoch 42 complete — avg_loss=0.2560  time=368s
[17:34:30 INFO] Epoch 43/50  iter 50/743  loss=0.3077  lr=9.52e-06
[17:34:58 INFO] Epoch 43/50  iter 100/743  loss=0.2269  lr=9.44e-06
[17:35:25 INFO] Epoch 43/50  iter 150/743  loss=0.3690  lr=9.36e-06
[17:35:53 INFO] Epoch 43/50  iter 200/743  loss=0.1493  lr=9.28e-06
[17:36:20 INFO] Epoch 43/50  iter 250/743  loss=0.2918  lr=9.19e-06
[17:36:47 INFO] Epoch 43/50  iter 300/743  loss=0.1582  lr=9.11e-06
[17:37:12 INFO] Epoch 43/50  iter 350/743  loss=0.1205  lr=9.03e-06
[17:37:36 INFO] Epoch 43/50  iter 400/743  loss=0.1700  lr=8.95e-06
[17:38:01 INFO] Epoch 43/50  iter 450/743  loss=0.6033  lr=8.87e-06
[17:38:26 INFO] Epoch 43/50  iter 500/743  loss=0.4414  lr=8.79e-06
[17:38:50 INFO] Epoch 43/50  iter 550/743  loss=0.2453  lr=8.71e-06
[17:39:15 INFO] Epoch 43/50  iter 600/743  loss=0.1926  lr=8.63e-06
[17:39:39 INFO] Epoch 43/50  iter 650/743  loss=0.1805  lr=8.55e-06
[17:40:04 INFO] Epoch 43/50  iter 700/743  loss=0.1644  lr=8.47e-06
[17:40:24 INFO] Epoch 43 complete — avg_loss=0.2649  time=381s
[17:40:52 INFO] Epoch 44/50  iter 50/743  loss=0.1933  lr=8.32e-06
[17:41:18 INFO] Epoch 44/50  iter 100/743  loss=0.2313  lr=8.24e-06
[17:41:43 INFO] Epoch 44/50  iter 150/743  loss=0.4845  lr=8.16e-06
[17:42:06 INFO] Epoch 44/50  iter 200/743  loss=0.0900  lr=8.08e-06
[17:42:31 INFO] Epoch 44/50  iter 250/743  loss=0.4346  lr=7.99e-06
[17:42:55 INFO] Epoch 44/50  iter 300/743  loss=0.0967  lr=7.91e-06
[17:43:20 INFO] Epoch 44/50  iter 350/743  loss=0.1424  lr=7.83e-06
[17:43:44 INFO] Epoch 44/50  iter 400/743  loss=0.7887  lr=7.75e-06
[17:44:10 INFO] Epoch 44/50  iter 450/743  loss=0.1788  lr=7.67e-06
[17:44:34 INFO] Epoch 44/50  iter 500/743  loss=0.2317  lr=7.59e-06
[17:44:59 INFO] Epoch 44/50  iter 550/743  loss=0.2498  lr=7.51e-06
[17:45:24 INFO] Epoch 44/50  iter 600/743  loss=0.1559  lr=7.43e-06
[17:45:49 INFO] Epoch 44/50  iter 650/743  loss=0.2558  lr=7.35e-06
[17:46:13 INFO] Epoch 44/50  iter 700/743  loss=0.2774  lr=7.27e-06
[17:46:35 INFO] Epoch 44 complete — avg_loss=0.2540  time=371s
[17:47:04 INFO] Epoch 45/50  iter 50/743  loss=0.2709  lr=7.12e-06
[17:47:32 INFO] Epoch 45/50  iter 100/743  loss=0.2610  lr=7.04e-06
[17:47:57 INFO] Epoch 45/50  iter 150/743  loss=0.1872  lr=6.96e-06
[17:48:22 INFO] Epoch 45/50  iter 200/743  loss=0.3832  lr=6.88e-06
[17:48:45 INFO] Epoch 45/50  iter 250/743  loss=0.2792  lr=6.79e-06
[17:49:10 INFO] Epoch 45/50  iter 300/743  loss=0.1190  lr=6.71e-06
[17:49:33 INFO] Epoch 45/50  iter 350/743  loss=0.1297  lr=6.63e-06
[17:49:59 INFO] Epoch 45/50  iter 400/743  loss=0.1786  lr=6.55e-06
[17:50:22 INFO] Epoch 45/50  iter 450/743  loss=0.1800  lr=6.47e-06
[17:50:47 INFO] Epoch 45/50  iter 500/743  loss=0.2616  lr=6.39e-06
[17:51:13 INFO] Epoch 45/50  iter 550/743  loss=0.2331  lr=6.31e-06
[17:51:41 INFO] Epoch 45/50  iter 600/743  loss=0.4465  lr=6.23e-06
[17:52:08 INFO] Epoch 45/50  iter 650/743  loss=0.2695  lr=6.15e-06
[17:52:36 INFO] Epoch 45/50  iter 700/743  loss=0.2925  lr=6.07e-06
[17:53:00 INFO] Epoch 45 complete — avg_loss=0.2590  time=384s
[17:53:54 INFO]   val mIoU = 0.1121
[17:54:21 INFO] Epoch 46/50  iter 50/743  loss=0.1630  lr=5.92e-06
[17:54:45 INFO] Epoch 46/50  iter 100/743  loss=0.2906  lr=5.84e-06
[17:55:10 INFO] Epoch 46/50  iter 150/743  loss=0.1488  lr=5.76e-06
[17:55:35 INFO] Epoch 46/50  iter 200/743  loss=0.1837  lr=5.68e-06
[17:56:00 INFO] Epoch 46/50  iter 250/743  loss=0.1984  lr=5.59e-06
[17:56:25 INFO] Epoch 46/50  iter 300/743  loss=0.1375  lr=5.51e-06
[17:56:49 INFO] Epoch 46/50  iter 350/743  loss=0.3396  lr=5.43e-06
[17:57:15 INFO] Epoch 46/50  iter 400/743  loss=0.1785  lr=5.35e-06
[17:57:42 INFO] Epoch 46/50  iter 450/743  loss=0.1376  lr=5.27e-06
[17:58:12 INFO] Epoch 46/50  iter 500/743  loss=0.2787  lr=5.19e-06
[17:58:38 INFO] Epoch 46/50  iter 550/743  loss=0.1633  lr=5.11e-06
[17:59:08 INFO] Epoch 46/50  iter 600/743  loss=0.2060  lr=5.03e-06
[17:59:35 INFO] Epoch 46/50  iter 650/743  loss=0.2029  lr=4.95e-06
[18:00:03 INFO] Epoch 46/50  iter 700/743  loss=0.3145  lr=4.87e-06
[18:00:26 INFO] Epoch 46 complete — avg_loss=0.2488  time=391s
[18:00:50 INFO] Epoch 47/50  iter 50/743  loss=0.2898  lr=4.72e-06
[18:01:14 INFO] Epoch 47/50  iter 100/743  loss=0.2140  lr=4.64e-06
[18:01:38 INFO] Epoch 47/50  iter 150/743  loss=0.2416  lr=4.56e-06
[18:02:04 INFO] Epoch 47/50  iter 200/743  loss=0.2507  lr=4.48e-06
[18:02:30 INFO] Epoch 47/50  iter 250/743  loss=0.1691  lr=4.39e-06
[18:02:56 INFO] Epoch 47/50  iter 300/743  loss=0.3833  lr=4.31e-06
[18:03:20 INFO] Epoch 47/50  iter 350/743  loss=0.1738  lr=4.23e-06
[18:03:45 INFO] Epoch 47/50  iter 400/743  loss=0.2148  lr=4.15e-06
[18:04:10 INFO] Epoch 47/50  iter 450/743  loss=0.5024  lr=4.07e-06
[18:04:34 INFO] Epoch 47/50  iter 500/743  loss=0.1783  lr=3.99e-06
[18:04:58 INFO] Epoch 47/50  iter 550/743  loss=0.1264  lr=3.91e-06
[18:05:23 INFO] Epoch 47/50  iter 600/743  loss=0.3902  lr=3.83e-06
[18:05:47 INFO] Epoch 47/50  iter 650/743  loss=0.2927  lr=3.75e-06
[18:06:12 INFO] Epoch 47/50  iter 700/743  loss=0.1121  lr=3.67e-06
[18:06:32 INFO] Epoch 47 complete — avg_loss=0.2484  time=365s
[18:06:58 INFO] Epoch 48/50  iter 50/743  loss=0.3498  lr=3.52e-06
[18:07:20 INFO] Epoch 48/50  iter 100/743  loss=0.1809  lr=3.44e-06
[18:07:44 INFO] Epoch 48/50  iter 150/743  loss=0.3067  lr=3.36e-06
[18:08:09 INFO] Epoch 48/50  iter 200/743  loss=0.2572  lr=3.28e-06
[18:08:36 INFO] Epoch 48/50  iter 250/743  loss=0.2238  lr=3.19e-06
[18:09:02 INFO] Epoch 48/50  iter 300/743  loss=0.2512  lr=3.11e-06
[18:09:26 INFO] Epoch 48/50  iter 350/743  loss=0.1521  lr=3.03e-06
[18:09:48 INFO] Epoch 48/50  iter 400/743  loss=0.3443  lr=2.95e-06
[18:10:11 INFO] Epoch 48/50  iter 450/743  loss=0.3225  lr=2.87e-06
[18:10:34 INFO] Epoch 48/50  iter 500/743  loss=0.2393  lr=2.79e-06
[18:10:56 INFO] Epoch 48/50  iter 550/743  loss=0.1641  lr=2.71e-06
[18:11:19 INFO] Epoch 48/50  iter 600/743  loss=0.0924  lr=2.63e-06
[18:11:41 INFO] Epoch 48/50  iter 650/743  loss=0.1510  lr=2.55e-06
[18:12:05 INFO] Epoch 48/50  iter 700/743  loss=0.0948  lr=2.47e-06
[18:12:25 INFO] Epoch 48 complete — avg_loss=0.2521  time=352s
[18:12:53 INFO] Epoch 49/50  iter 50/743  loss=0.2240  lr=2.32e-06
[18:13:21 INFO] Epoch 49/50  iter 100/743  loss=0.0859  lr=2.24e-06
[18:13:46 INFO] Epoch 49/50  iter 150/743  loss=0.2263  lr=2.16e-06
[18:14:14 INFO] Epoch 49/50  iter 200/743  loss=0.1816  lr=2.08e-06
[18:14:41 INFO] Epoch 49/50  iter 250/743  loss=0.1665  lr=1.99e-06
[18:15:07 INFO] Epoch 49/50  iter 300/743  loss=0.1417  lr=1.91e-06
[18:15:31 INFO] Epoch 49/50  iter 350/743  loss=0.2923  lr=1.83e-06
[18:15:56 INFO] Epoch 49/50  iter 400/743  loss=0.2476  lr=1.75e-06
[18:16:20 INFO] Epoch 49/50  iter 450/743  loss=0.2066  lr=1.67e-06
[18:16:45 INFO] Epoch 49/50  iter 500/743  loss=0.3330  lr=1.59e-06
[18:17:11 INFO] Epoch 49/50  iter 550/743  loss=0.1318  lr=1.51e-06
[18:17:36 INFO] Epoch 49/50  iter 600/743  loss=0.2785  lr=1.43e-06
[18:18:00 INFO] Epoch 49/50  iter 650/743  loss=0.1762  lr=1.35e-06
[18:18:26 INFO] Epoch 49/50  iter 700/743  loss=0.2268  lr=1.27e-06
[18:18:46 INFO] Epoch 49 complete — avg_loss=0.2435  time=381s
[18:19:12 INFO] Epoch 50/50  iter 50/743  loss=0.1740  lr=1.12e-06
[18:19:34 INFO] Epoch 50/50  iter 100/743  loss=0.3434  lr=1.04e-06
[18:20:00 INFO] Epoch 50/50  iter 150/743  loss=0.2164  lr=9.56e-07
[18:20:26 INFO] Epoch 50/50  iter 200/743  loss=0.2462  lr=8.75e-07
[18:20:51 INFO] Epoch 50/50  iter 250/743  loss=0.3330  lr=7.95e-07
[18:21:16 INFO] Epoch 50/50  iter 300/743  loss=0.2525  lr=7.14e-07
[18:21:40 INFO] Epoch 50/50  iter 350/743  loss=0.1599  lr=6.33e-07
[18:22:07 INFO] Epoch 50/50  iter 400/743  loss=0.3358  lr=5.52e-07
[18:22:32 INFO] Epoch 50/50  iter 450/743  loss=0.2077  lr=4.72e-07
[18:22:59 INFO] Epoch 50/50  iter 500/743  loss=0.2331  lr=3.91e-07
[18:23:25 INFO] Epoch 50/50  iter 550/743  loss=0.3940  lr=3.10e-07
[18:23:51 INFO] Epoch 50/50  iter 600/743  loss=0.2696  lr=2.29e-07
[18:24:18 INFO] Epoch 50/50  iter 650/743  loss=0.1995  lr=1.49e-07
[18:24:41 INFO] Epoch 50/50  iter 700/743  loss=0.1560  lr=6.78e-08
[18:25:00 INFO] Epoch 50 complete — avg_loss=0.2429  time=373s
[18:25:55 INFO]   val mIoU = 0.1407
[18:25:55 INFO] Training complete. Best val mIoU = 0.2695
>>> Done: configs/combined.yaml

>>> Training (fresh start): configs/nn_depth_b0005.yaml
[18:26:07 INFO] Device: cuda
/usr/lib64/python3.11/tarfile.py:2303: RuntimeWarning: The default behavior of tarfile extraction has been changed to disallow common exploits (including CVE-2007-4559). By default, absolute/parent paths are disallowed and some mode bits are cleared. See https://access.redhat.com/articles/7004769 for more details.
  warnings.warn(
Model backend: smp
[18:26:09 INFO] Using fog cache: data/fog_cache/nn_depth_b0005
[18:26:11 INFO] Train: 2975 samples  |  Val: 500 samples
[18:26:25 INFO] Epoch 1/50  iter 50/743  loss=1.6632  lr=5.99e-05
[18:26:37 INFO] Epoch 1/50  iter 100/743  loss=1.1004  lr=5.98e-05
[18:26:49 INFO] Epoch 1/50  iter 150/743  loss=1.1163  lr=5.98e-05
[18:27:02 INFO] Epoch 1/50  iter 200/743  loss=0.6772  lr=5.97e-05
[18:27:14 INFO] Epoch 1/50  iter 250/743  loss=1.1140  lr=5.96e-05
[18:27:26 INFO] Epoch 1/50  iter 300/743  loss=0.6100  lr=5.95e-05
[18:27:39 INFO] Epoch 1/50  iter 350/743  loss=1.2705  lr=5.94e-05
[18:27:51 INFO] Epoch 1/50  iter 400/743  loss=0.4626  lr=5.94e-05
[18:28:03 INFO] Epoch 1/50  iter 450/743  loss=0.5603  lr=5.93e-05
[18:28:16 INFO] Epoch 1/50  iter 500/743  loss=0.5105  lr=5.92e-05
[18:28:28 INFO] Epoch 1/50  iter 550/743  loss=0.3089  lr=5.91e-05
[18:28:41 INFO] Epoch 1/50  iter 600/743  loss=0.4361  lr=5.90e-05
[18:28:53 INFO] Epoch 1/50  iter 650/743  loss=0.7626  lr=5.89e-05
[18:29:05 INFO] Epoch 1/50  iter 700/743  loss=0.6120  lr=5.89e-05
[18:29:16 INFO] Epoch 1 complete — avg_loss=0.8302  time=185s
[18:29:30 INFO] Epoch 2/50  iter 50/743  loss=0.8805  lr=5.87e-05
[18:29:42 INFO] Epoch 2/50  iter 100/743  loss=0.2785  lr=5.86e-05
[18:29:55 INFO] Epoch 2/50  iter 150/743  loss=0.2862  lr=5.86e-05
[18:30:07 INFO] Epoch 2/50  iter 200/743  loss=0.3334  lr=5.85e-05
[18:30:20 INFO] Epoch 2/50  iter 250/743  loss=0.5394  lr=5.84e-05
[18:30:32 INFO] Epoch 2/50  iter 300/743  loss=0.4435  lr=5.83e-05
[18:30:44 INFO] Epoch 2/50  iter 350/743  loss=0.2999  lr=5.82e-05
[18:30:57 INFO] Epoch 2/50  iter 400/743  loss=0.3885  lr=5.82e-05
[18:31:09 INFO] Epoch 2/50  iter 450/743  loss=0.2986  lr=5.81e-05
[18:31:22 INFO] Epoch 2/50  iter 500/743  loss=0.8957  lr=5.80e-05
[18:31:34 INFO] Epoch 2/50  iter 550/743  loss=0.3349  lr=5.79e-05
[18:31:46 INFO] Epoch 2/50  iter 600/743  loss=0.3026  lr=5.78e-05
[18:31:59 INFO] Epoch 2/50  iter 650/743  loss=0.6183  lr=5.77e-05
[18:32:11 INFO] Epoch 2/50  iter 700/743  loss=0.1953  lr=5.77e-05
[18:32:22 INFO] Epoch 2 complete — avg_loss=0.4337  time=185s
[18:32:35 INFO] Epoch 3/50  iter 50/743  loss=0.3639  lr=5.75e-05
[18:32:48 INFO] Epoch 3/50  iter 100/743  loss=0.3401  lr=5.74e-05
[18:33:00 INFO] Epoch 3/50  iter 150/743  loss=0.2860  lr=5.74e-05
[18:33:12 INFO] Epoch 3/50  iter 200/743  loss=0.4844  lr=5.73e-05
[18:33:25 INFO] Epoch 3/50  iter 250/743  loss=0.3898  lr=5.72e-05
[18:33:37 INFO] Epoch 3/50  iter 300/743  loss=0.3320  lr=5.71e-05
[18:33:49 INFO] Epoch 3/50  iter 350/743  loss=0.2519  lr=5.70e-05
[18:34:02 INFO] Epoch 3/50  iter 400/743  loss=0.3080  lr=5.70e-05
[18:34:14 INFO] Epoch 3/50  iter 450/743  loss=0.2932  lr=5.69e-05
[18:34:27 INFO] Epoch 3/50  iter 500/743  loss=0.2269  lr=5.68e-05
[18:34:39 INFO] Epoch 3/50  iter 550/743  loss=0.4256  lr=5.67e-05
[18:34:51 INFO] Epoch 3/50  iter 600/743  loss=0.5345  lr=5.66e-05
[18:35:04 INFO] Epoch 3/50  iter 650/743  loss=0.3146  lr=5.65e-05
[18:35:16 INFO] Epoch 3/50  iter 700/743  loss=0.4926  lr=5.65e-05
[18:35:27 INFO] Epoch 3 complete — avg_loss=0.3620  time=185s
[18:35:40 INFO] Epoch 4/50  iter 50/743  loss=0.2988  lr=5.63e-05
[18:35:53 INFO] Epoch 4/50  iter 100/743  loss=0.1857  lr=5.62e-05
[18:36:05 INFO] Epoch 4/50  iter 150/743  loss=0.2328  lr=5.62e-05
[18:36:18 INFO] Epoch 4/50  iter 200/743  loss=0.2174  lr=5.61e-05
[18:36:30 INFO] Epoch 4/50  iter 250/743  loss=0.3665  lr=5.60e-05
[18:36:42 INFO] Epoch 4/50  iter 300/743  loss=0.2696  lr=5.59e-05
[18:36:55 INFO] Epoch 4/50  iter 350/743  loss=0.2870  lr=5.58e-05
[18:37:07 INFO] Epoch 4/50  iter 400/743  loss=0.3247  lr=5.58e-05
[18:37:20 INFO] Epoch 4/50  iter 450/743  loss=0.1886  lr=5.57e-05
[18:37:32 INFO] Epoch 4/50  iter 500/743  loss=0.1827  lr=5.56e-05
[18:37:44 INFO] Epoch 4/50  iter 550/743  loss=0.3537  lr=5.55e-05
[18:37:57 INFO] Epoch 4/50  iter 600/743  loss=0.2513  lr=5.54e-05
[18:38:09 INFO] Epoch 4/50  iter 650/743  loss=0.3205  lr=5.53e-05
[18:38:22 INFO] Epoch 4/50  iter 700/743  loss=0.2828  lr=5.53e-05
[18:38:32 INFO] Epoch 4 complete — avg_loss=0.3236  time=185s
[18:38:46 INFO] Epoch 5/50  iter 50/743  loss=0.2124  lr=5.51e-05
[18:38:58 INFO] Epoch 5/50  iter 100/743  loss=0.1930  lr=5.50e-05
[18:39:11 INFO] Epoch 5/50  iter 150/743  loss=0.1341  lr=5.50e-05
[18:39:23 INFO] Epoch 5/50  iter 200/743  loss=0.1636  lr=5.49e-05
[18:39:35 INFO] Epoch 5/50  iter 250/743  loss=0.2550  lr=5.48e-05
[18:39:48 INFO] Epoch 5/50  iter 300/743  loss=0.2981  lr=5.47e-05
[18:40:00 INFO] Epoch 5/50  iter 350/743  loss=0.1535  lr=5.46e-05
[18:40:12 INFO] Epoch 5/50  iter 400/743  loss=0.4020  lr=5.46e-05
[18:40:25 INFO] Epoch 5/50  iter 450/743  loss=0.7007  lr=5.45e-05
[18:40:37 INFO] Epoch 5/50  iter 500/743  loss=0.3165  lr=5.44e-05
[18:40:50 INFO] Epoch 5/50  iter 550/743  loss=1.7207  lr=5.43e-05
[18:41:02 INFO] Epoch 5/50  iter 600/743  loss=0.2874  lr=5.42e-05
[18:41:14 INFO] Epoch 5/50  iter 650/743  loss=0.2531  lr=5.41e-05
[18:41:27 INFO] Epoch 5/50  iter 700/743  loss=0.2192  lr=5.41e-05
[18:41:38 INFO] Epoch 5 complete — avg_loss=0.2967  time=185s
[18:42:31 INFO]   val mIoU = 0.4318
[18:42:31 INFO]   ★ New best val mIoU: 0.4318
[18:42:45 INFO] Epoch 6/50  iter 50/743  loss=0.2691  lr=5.39e-05
[18:42:57 INFO] Epoch 6/50  iter 100/743  loss=0.4387  lr=5.38e-05
[18:43:10 INFO] Epoch 6/50  iter 150/743  loss=0.3016  lr=5.38e-05
[18:43:22 INFO] Epoch 6/50  iter 200/743  loss=0.2507  lr=5.37e-05
[18:43:34 INFO] Epoch 6/50  iter 250/743  loss=0.2461  lr=5.36e-05
[18:43:47 INFO] Epoch 6/50  iter 300/743  loss=0.1863  lr=5.35e-05
[18:43:59 INFO] Epoch 6/50  iter 350/743  loss=0.1601  lr=5.34e-05
[18:44:12 INFO] Epoch 6/50  iter 400/743  loss=0.3122  lr=5.34e-05
[18:44:24 INFO] Epoch 6/50  iter 450/743  loss=0.2156  lr=5.33e-05
[18:44:36 INFO] Epoch 6/50  iter 500/743  loss=0.3656  lr=5.32e-05
[18:44:49 INFO] Epoch 6/50  iter 550/743  loss=0.3654  lr=5.31e-05
[18:45:01 INFO] Epoch 6/50  iter 600/743  loss=0.2027  lr=5.30e-05
[18:45:13 INFO] Epoch 6/50  iter 650/743  loss=0.2745  lr=5.29e-05
[18:45:26 INFO] Epoch 6/50  iter 700/743  loss=0.1951  lr=5.29e-05
[18:45:36 INFO] Epoch 6 complete — avg_loss=0.2805  time=184s
[18:45:50 INFO] Epoch 7/50  iter 50/743  loss=0.2595  lr=5.27e-05
[18:46:02 INFO] Epoch 7/50  iter 100/743  loss=0.2957  lr=5.26e-05
[18:46:15 INFO] Epoch 7/50  iter 150/743  loss=0.2754  lr=5.26e-05
[18:46:27 INFO] Epoch 7/50  iter 200/743  loss=0.3162  lr=5.25e-05
[18:46:40 INFO] Epoch 7/50  iter 250/743  loss=0.3072  lr=5.24e-05
[18:46:52 INFO] Epoch 7/50  iter 300/743  loss=0.2920  lr=5.23e-05
[18:47:04 INFO] Epoch 7/50  iter 350/743  loss=0.2132  lr=5.22e-05
[18:47:17 INFO] Epoch 7/50  iter 400/743  loss=0.3961  lr=5.22e-05
[18:47:29 INFO] Epoch 7/50  iter 450/743  loss=0.2200  lr=5.21e-05
[18:47:41 INFO] Epoch 7/50  iter 500/743  loss=0.2104  lr=5.20e-05
[18:47:54 INFO] Epoch 7/50  iter 550/743  loss=0.1138  lr=5.19e-05
[18:48:06 INFO] Epoch 7/50  iter 600/743  loss=0.0879  lr=5.18e-05
[18:48:19 INFO] Epoch 7/50  iter 650/743  loss=0.1300  lr=5.17e-05
[18:48:31 INFO] Epoch 7/50  iter 700/743  loss=0.2565  lr=5.17e-05
[18:48:42 INFO] Epoch 7 complete — avg_loss=0.2628  time=185s
[18:48:55 INFO] Epoch 8/50  iter 50/743  loss=0.3691  lr=5.15e-05
[18:49:08 INFO] Epoch 8/50  iter 100/743  loss=0.1503  lr=5.14e-05
[18:49:20 INFO] Epoch 8/50  iter 150/743  loss=0.4479  lr=5.14e-05
[18:49:32 INFO] Epoch 8/50  iter 200/743  loss=0.1313  lr=5.13e-05
[18:49:45 INFO] Epoch 8/50  iter 250/743  loss=0.5704  lr=5.12e-05
[18:49:57 INFO] Epoch 8/50  iter 300/743  loss=0.2308  lr=5.11e-05
[18:50:10 INFO] Epoch 8/50  iter 350/743  loss=0.1039  lr=5.10e-05
[18:50:22 INFO] Epoch 8/50  iter 400/743  loss=0.1821  lr=5.10e-05
[18:50:34 INFO] Epoch 8/50  iter 450/743  loss=0.1586  lr=5.09e-05
[18:50:47 INFO] Epoch 8/50  iter 500/743  loss=0.1747  lr=5.08e-05
[18:50:59 INFO] Epoch 8/50  iter 550/743  loss=0.1233  lr=5.07e-05
[18:51:12 INFO] Epoch 8/50  iter 600/743  loss=0.8231  lr=5.06e-05
[18:51:24 INFO] Epoch 8/50  iter 650/743  loss=0.1379  lr=5.05e-05
[18:51:36 INFO] Epoch 8/50  iter 700/743  loss=0.1883  lr=5.05e-05
[18:51:47 INFO] Epoch 8 complete — avg_loss=0.2519  time=185s
[18:52:01 INFO] Epoch 9/50  iter 50/743  loss=0.1711  lr=5.03e-05
[18:52:13 INFO] Epoch 9/50  iter 100/743  loss=0.2353  lr=5.02e-05
[18:52:26 INFO] Epoch 9/50  iter 150/743  loss=0.1610  lr=5.02e-05
[18:52:38 INFO] Epoch 9/50  iter 200/743  loss=0.2039  lr=5.01e-05
[18:52:50 INFO] Epoch 9/50  iter 250/743  loss=0.2339  lr=5.00e-05
[18:53:03 INFO] Epoch 9/50  iter 300/743  loss=0.1162  lr=4.99e-05
[18:53:15 INFO] Epoch 9/50  iter 350/743  loss=0.2792  lr=4.98e-05
[18:53:28 INFO] Epoch 9/50  iter 400/743  loss=0.2505  lr=4.98e-05
[18:53:40 INFO] Epoch 9/50  iter 450/743  loss=0.4309  lr=4.97e-05
[18:53:52 INFO] Epoch 9/50  iter 500/743  loss=0.3125  lr=4.96e-05
[18:54:05 INFO] Epoch 9/50  iter 550/743  loss=0.3577  lr=4.95e-05
[18:54:17 INFO] Epoch 9/50  iter 600/743  loss=0.1887  lr=4.94e-05
[18:54:29 INFO] Epoch 9/50  iter 650/743  loss=0.2252  lr=4.93e-05
[18:54:42 INFO] Epoch 9/50  iter 700/743  loss=0.2623  lr=4.93e-05
[18:54:53 INFO] Epoch 9 complete — avg_loss=0.2539  time=185s
[18:55:06 INFO] Epoch 10/50  iter 50/743  loss=0.1162  lr=4.91e-05
[18:55:19 INFO] Epoch 10/50  iter 100/743  loss=0.1654  lr=4.90e-05
[18:55:31 INFO] Epoch 10/50  iter 150/743  loss=0.2294  lr=4.90e-05
[18:55:43 INFO] Epoch 10/50  iter 200/743  loss=0.0438  lr=4.89e-05
[18:55:56 INFO] Epoch 10/50  iter 250/743  loss=0.3160  lr=4.88e-05
[18:56:08 INFO] Epoch 10/50  iter 300/743  loss=0.0794  lr=4.87e-05
[18:56:20 INFO] Epoch 10/50  iter 350/743  loss=0.3198  lr=4.86e-05
[18:56:33 INFO] Epoch 10/50  iter 400/743  loss=0.2276  lr=4.86e-05
[18:56:45 INFO] Epoch 10/50  iter 450/743  loss=0.1541  lr=4.85e-05
[18:56:58 INFO] Epoch 10/50  iter 500/743  loss=0.1001  lr=4.84e-05
[18:57:10 INFO] Epoch 10/50  iter 550/743  loss=0.2032  lr=4.83e-05
[18:57:22 INFO] Epoch 10/50  iter 600/743  loss=0.3921  lr=4.82e-05
[18:57:35 INFO] Epoch 10/50  iter 650/743  loss=0.3045  lr=4.81e-05
[18:57:47 INFO] Epoch 10/50  iter 700/743  loss=0.1389  lr=4.81e-05
[18:57:58 INFO] Epoch 10 complete — avg_loss=0.2359  time=184s
[18:58:52 INFO]   val mIoU = 0.5399
[18:58:53 INFO]   ★ New best val mIoU: 0.5399
[18:59:07 INFO] Epoch 11/50  iter 50/743  loss=0.4293  lr=4.79e-05
[18:59:19 INFO] Epoch 11/50  iter 100/743  loss=0.2151  lr=4.78e-05
[18:59:31 INFO] Epoch 11/50  iter 150/743  loss=0.3757  lr=4.78e-05
[18:59:44 INFO] Epoch 11/50  iter 200/743  loss=0.6043  lr=4.77e-05
[18:59:56 INFO] Epoch 11/50  iter 250/743  loss=0.2507  lr=4.76e-05
[19:00:09 INFO] Epoch 11/50  iter 300/743  loss=0.4342  lr=4.75e-05
[19:00:21 INFO] Epoch 11/50  iter 350/743  loss=0.1261  lr=4.74e-05
[19:00:33 INFO] Epoch 11/50  iter 400/743  loss=0.1590  lr=4.74e-05
[19:00:46 INFO] Epoch 11/50  iter 450/743  loss=0.3666  lr=4.73e-05
[19:00:58 INFO] Epoch 11/50  iter 500/743  loss=0.1588  lr=4.72e-05
[19:01:11 INFO] Epoch 11/50  iter 550/743  loss=0.6198  lr=4.71e-05
[19:01:23 INFO] Epoch 11/50  iter 600/743  loss=0.2761  lr=4.70e-05
[19:01:35 INFO] Epoch 11/50  iter 650/743  loss=0.3154  lr=4.69e-05
[19:01:48 INFO] Epoch 11/50  iter 700/743  loss=0.1613  lr=4.69e-05
[19:01:58 INFO] Epoch 11 complete — avg_loss=0.2211  time=185s
[19:02:12 INFO] Epoch 12/50  iter 50/743  loss=0.2057  lr=4.67e-05
[19:02:24 INFO] Epoch 12/50  iter 100/743  loss=0.1241  lr=4.66e-05
[19:02:37 INFO] Epoch 12/50  iter 150/743  loss=0.2952  lr=4.66e-05
[19:02:49 INFO] Epoch 12/50  iter 200/743  loss=0.3236  lr=4.65e-05
[19:03:01 INFO] Epoch 12/50  iter 250/743  loss=0.3980  lr=4.64e-05
[19:03:14 INFO] Epoch 12/50  iter 300/743  loss=0.2197  lr=4.63e-05
[19:03:26 INFO] Epoch 12/50  iter 350/743  loss=0.2606  lr=4.62e-05
[19:03:38 INFO] Epoch 12/50  iter 400/743  loss=0.3560  lr=4.62e-05
[19:03:51 INFO] Epoch 12/50  iter 450/743  loss=0.0674  lr=4.61e-05
[19:04:03 INFO] Epoch 12/50  iter 500/743  loss=0.1648  lr=4.60e-05
[19:04:16 INFO] Epoch 12/50  iter 550/743  loss=0.1791  lr=4.59e-05
[19:04:28 INFO] Epoch 12/50  iter 600/743  loss=0.1915  lr=4.58e-05
[19:04:40 INFO] Epoch 12/50  iter 650/743  loss=0.1353  lr=4.57e-05
[19:04:53 INFO] Epoch 12/50  iter 700/743  loss=0.1237  lr=4.57e-05
[19:05:03 INFO] Epoch 12 complete — avg_loss=0.2201  time=184s
[19:05:17 INFO] Epoch 13/50  iter 50/743  loss=0.1687  lr=4.55e-05
[19:05:30 INFO] Epoch 13/50  iter 100/743  loss=0.0630  lr=4.54e-05
[19:05:42 INFO] Epoch 13/50  iter 150/743  loss=0.2268  lr=4.54e-05
[19:05:54 INFO] Epoch 13/50  iter 200/743  loss=0.1045  lr=4.53e-05
[19:06:07 INFO] Epoch 13/50  iter 250/743  loss=0.1784  lr=4.52e-05
[19:06:19 INFO] Epoch 13/50  iter 300/743  loss=0.1710  lr=4.51e-05
[19:06:31 INFO] Epoch 13/50  iter 350/743  loss=0.1419  lr=4.50e-05
[19:06:44 INFO] Epoch 13/50  iter 400/743  loss=0.1345  lr=4.50e-05
[19:06:56 INFO] Epoch 13/50  iter 450/743  loss=0.3491  lr=4.49e-05
[19:07:10 INFO] Epoch 13/50  iter 500/743  loss=0.1267  lr=4.48e-05
[19:07:28 INFO] Epoch 13/50  iter 550/743  loss=0.1313  lr=4.47e-05
[19:07:40 INFO] Epoch 13/50  iter 600/743  loss=0.1518  lr=4.46e-05
[19:07:52 INFO] Epoch 13/50  iter 650/743  loss=0.1127  lr=4.45e-05
[19:08:05 INFO] Epoch 13/50  iter 700/743  loss=0.1926  lr=4.45e-05
[19:08:16 INFO] Epoch 13 complete — avg_loss=0.2245  time=191s
[19:08:29 INFO] Epoch 14/50  iter 50/743  loss=0.1104  lr=4.43e-05
[19:08:41 INFO] Epoch 14/50  iter 100/743  loss=0.2300  lr=4.42e-05
[19:08:54 INFO] Epoch 14/50  iter 150/743  loss=0.1307  lr=4.42e-05
[19:09:06 INFO] Epoch 14/50  iter 200/743  loss=0.1798  lr=4.41e-05
[19:09:19 INFO] Epoch 14/50  iter 250/743  loss=0.2074  lr=4.40e-05
[19:09:31 INFO] Epoch 14/50  iter 300/743  loss=0.2401  lr=4.39e-05
[19:09:47 INFO] Epoch 14/50  iter 350/743  loss=0.2016  lr=4.38e-05
[19:10:02 INFO] Epoch 14/50  iter 400/743  loss=0.5964  lr=4.38e-05
[19:10:15 INFO] Epoch 14/50  iter 450/743  loss=0.1978  lr=4.37e-05
[19:10:27 INFO] Epoch 14/50  iter 500/743  loss=0.1327  lr=4.36e-05
[19:10:40 INFO] Epoch 14/50  iter 550/743  loss=0.2847  lr=4.35e-05
[19:10:52 INFO] Epoch 14/50  iter 600/743  loss=0.1989  lr=4.34e-05
[19:11:04 INFO] Epoch 14/50  iter 650/743  loss=0.1544  lr=4.33e-05
[19:11:17 INFO] Epoch 14/50  iter 700/743  loss=0.2487  lr=4.33e-05
[19:11:27 INFO] Epoch 14 complete — avg_loss=0.2112  time=191s
[19:11:41 INFO] Epoch 15/50  iter 50/743  loss=0.1473  lr=4.31e-05
[19:11:54 INFO] Epoch 15/50  iter 100/743  loss=0.1594  lr=4.30e-05
[19:12:06 INFO] Epoch 15/50  iter 150/743  loss=0.2689  lr=4.30e-05
[19:12:18 INFO] Epoch 15/50  iter 200/743  loss=0.1501  lr=4.29e-05
[19:12:31 INFO] Epoch 15/50  iter 250/743  loss=0.2208  lr=4.28e-05
[19:12:43 INFO] Epoch 15/50  iter 300/743  loss=0.3117  lr=4.27e-05
[19:12:55 INFO] Epoch 15/50  iter 350/743  loss=0.1563  lr=4.26e-05
[19:13:08 INFO] Epoch 15/50  iter 400/743  loss=0.3577  lr=4.26e-05
[19:13:20 INFO] Epoch 15/50  iter 450/743  loss=0.1331  lr=4.25e-05
[19:13:33 INFO] Epoch 15/50  iter 500/743  loss=0.2551  lr=4.24e-05
[19:13:45 INFO] Epoch 15/50  iter 550/743  loss=0.2079  lr=4.23e-05
[19:13:57 INFO] Epoch 15/50  iter 600/743  loss=0.1707  lr=4.22e-05
[19:14:10 INFO] Epoch 15/50  iter 650/743  loss=0.1560  lr=4.21e-05
[19:14:22 INFO] Epoch 15/50  iter 700/743  loss=0.1034  lr=4.21e-05
[19:14:33 INFO] Epoch 15 complete — avg_loss=0.2135  time=185s
[19:15:27 INFO]   val mIoU = 0.5923
[19:15:28 INFO]   ★ New best val mIoU: 0.5923
[19:15:42 INFO] Epoch 16/50  iter 50/743  loss=0.1295  lr=4.19e-05
[19:15:54 INFO] Epoch 16/50  iter 100/743  loss=0.2151  lr=4.18e-05
[19:16:06 INFO] Epoch 16/50  iter 150/743  loss=0.1530  lr=4.18e-05
[19:16:19 INFO] Epoch 16/50  iter 200/743  loss=0.0944  lr=4.17e-05
[19:16:31 INFO] Epoch 16/50  iter 250/743  loss=0.1617  lr=4.16e-05
[19:16:44 INFO] Epoch 16/50  iter 300/743  loss=0.1491  lr=4.15e-05
[19:16:56 INFO] Epoch 16/50  iter 350/743  loss=0.3778  lr=4.14e-05
[19:17:08 INFO] Epoch 16/50  iter 400/743  loss=0.0742  lr=4.14e-05
[19:17:21 INFO] Epoch 16/50  iter 450/743  loss=0.1518  lr=4.13e-05
[19:17:33 INFO] Epoch 16/50  iter 500/743  loss=0.2023  lr=4.12e-05
[19:17:46 INFO] Epoch 16/50  iter 550/743  loss=0.1538  lr=4.11e-05
[19:17:58 INFO] Epoch 16/50  iter 600/743  loss=0.2199  lr=4.10e-05
[19:18:10 INFO] Epoch 16/50  iter 650/743  loss=0.1343  lr=4.09e-05
[19:18:23 INFO] Epoch 16/50  iter 700/743  loss=0.1731  lr=4.09e-05
[19:18:33 INFO] Epoch 16 complete — avg_loss=0.1990  time=185s
[19:18:47 INFO] Epoch 17/50  iter 50/743  loss=0.1030  lr=4.07e-05
[19:18:59 INFO] Epoch 17/50  iter 100/743  loss=0.1329  lr=4.06e-05
[19:19:12 INFO] Epoch 17/50  iter 150/743  loss=0.1593  lr=4.06e-05
[19:19:24 INFO] Epoch 17/50  iter 200/743  loss=0.0668  lr=4.05e-05
[19:19:37 INFO] Epoch 17/50  iter 250/743  loss=0.1074  lr=4.04e-05
[19:19:49 INFO] Epoch 17/50  iter 300/743  loss=0.1613  lr=4.03e-05
[19:20:01 INFO] Epoch 17/50  iter 350/743  loss=0.1275  lr=4.02e-05
[19:20:14 INFO] Epoch 17/50  iter 400/743  loss=0.1728  lr=4.02e-05
[19:20:26 INFO] Epoch 17/50  iter 450/743  loss=0.1894  lr=4.01e-05
[19:20:39 INFO] Epoch 17/50  iter 500/743  loss=0.1284  lr=4.00e-05
[19:20:51 INFO] Epoch 17/50  iter 550/743  loss=0.2534  lr=3.99e-05
[19:21:03 INFO] Epoch 17/50  iter 600/743  loss=0.1057  lr=3.98e-05
[19:21:16 INFO] Epoch 17/50  iter 650/743  loss=0.0995  lr=3.97e-05
[19:21:28 INFO] Epoch 17/50  iter 700/743  loss=0.0817  lr=3.97e-05
[19:21:39 INFO] Epoch 17 complete — avg_loss=0.1983  time=185s
[19:21:52 INFO] Epoch 18/50  iter 50/743  loss=0.1467  lr=3.95e-05
[19:22:05 INFO] Epoch 18/50  iter 100/743  loss=0.5268  lr=3.94e-05
[19:22:17 INFO] Epoch 18/50  iter 150/743  loss=0.1803  lr=3.94e-05
[19:22:30 INFO] Epoch 18/50  iter 200/743  loss=0.1726  lr=3.93e-05
[19:22:42 INFO] Epoch 18/50  iter 250/743  loss=0.2514  lr=3.92e-05
[19:22:54 INFO] Epoch 18/50  iter 300/743  loss=0.2118  lr=3.91e-05
[19:23:07 INFO] Epoch 18/50  iter 350/743  loss=0.2231  lr=3.90e-05
[19:23:19 INFO] Epoch 18/50  iter 400/743  loss=0.2141  lr=3.90e-05
[19:23:31 INFO] Epoch 18/50  iter 450/743  loss=0.0811  lr=3.89e-05
[19:23:44 INFO] Epoch 18/50  iter 500/743  loss=0.0810  lr=3.88e-05
[19:23:56 INFO] Epoch 18/50  iter 550/743  loss=0.1041  lr=3.87e-05
[19:24:09 INFO] Epoch 18/50  iter 600/743  loss=0.2481  lr=3.86e-05
[19:24:21 INFO] Epoch 18/50  iter 650/743  loss=0.1115  lr=3.85e-05
[19:24:33 INFO] Epoch 18/50  iter 700/743  loss=0.2926  lr=3.85e-05
[19:24:44 INFO] Epoch 18 complete — avg_loss=0.1877  time=185s
[19:24:58 INFO] Epoch 19/50  iter 50/743  loss=0.2114  lr=3.83e-05
[19:25:10 INFO] Epoch 19/50  iter 100/743  loss=0.1414  lr=3.82e-05
[19:25:22 INFO] Epoch 19/50  iter 150/743  loss=0.1455  lr=3.82e-05
[19:25:35 INFO] Epoch 19/50  iter 200/743  loss=0.1441  lr=3.81e-05
[19:25:47 INFO] Epoch 19/50  iter 250/743  loss=0.1343  lr=3.80e-05
[19:26:00 INFO] Epoch 19/50  iter 300/743  loss=0.1052  lr=3.79e-05
[19:26:12 INFO] Epoch 19/50  iter 350/743  loss=0.1502  lr=3.78e-05
[19:26:24 INFO] Epoch 19/50  iter 400/743  loss=0.1160  lr=3.78e-05
[19:26:37 INFO] Epoch 19/50  iter 450/743  loss=0.1826  lr=3.77e-05
[19:26:49 INFO] Epoch 19/50  iter 500/743  loss=0.0844  lr=3.76e-05
[19:27:01 INFO] Epoch 19/50  iter 550/743  loss=0.1963  lr=3.75e-05
[19:27:14 INFO] Epoch 19/50  iter 600/743  loss=0.3896  lr=3.74e-05
[19:27:26 INFO] Epoch 19/50  iter 650/743  loss=0.1424  lr=3.73e-05
[19:27:39 INFO] Epoch 19/50  iter 700/743  loss=0.1464  lr=3.73e-05
[19:27:49 INFO] Epoch 19 complete — avg_loss=0.1958  time=185s
[19:28:03 INFO] Epoch 20/50  iter 50/743  loss=0.2170  lr=3.71e-05
[19:28:15 INFO] Epoch 20/50  iter 100/743  loss=0.1214  lr=3.70e-05
[19:28:28 INFO] Epoch 20/50  iter 150/743  loss=0.1134  lr=3.70e-05
[19:28:40 INFO] Epoch 20/50  iter 200/743  loss=0.1885  lr=3.69e-05
[19:28:52 INFO] Epoch 20/50  iter 250/743  loss=0.1600  lr=3.68e-05
[19:29:05 INFO] Epoch 20/50  iter 300/743  loss=0.0965  lr=3.67e-05
[19:29:17 INFO] Epoch 20/50  iter 350/743  loss=0.0975  lr=3.66e-05
[19:29:30 INFO] Epoch 20/50  iter 400/743  loss=0.1009  lr=3.66e-05
[19:29:42 INFO] Epoch 20/50  iter 450/743  loss=0.2365  lr=3.65e-05
[19:29:54 INFO] Epoch 20/50  iter 500/743  loss=0.2364  lr=3.64e-05
[19:30:07 INFO] Epoch 20/50  iter 550/743  loss=0.1644  lr=3.63e-05
[19:30:19 INFO] Epoch 20/50  iter 600/743  loss=0.0821  lr=3.62e-05
[19:30:31 INFO] Epoch 20/50  iter 650/743  loss=0.1755  lr=3.61e-05
[19:30:44 INFO] Epoch 20/50  iter 700/743  loss=0.1597  lr=3.61e-05
[19:30:54 INFO] Epoch 20 complete — avg_loss=0.1906  time=185s
[19:31:47 INFO]   val mIoU = 0.5805
[19:32:00 INFO] Epoch 21/50  iter 50/743  loss=0.1523  lr=3.59e-05
[19:32:13 INFO] Epoch 21/50  iter 100/743  loss=0.1341  lr=3.58e-05
[19:32:25 INFO] Epoch 21/50  iter 150/743  loss=0.0913  lr=3.58e-05
[19:32:38 INFO] Epoch 21/50  iter 200/743  loss=1.6360  lr=3.57e-05
[19:32:50 INFO] Epoch 21/50  iter 250/743  loss=0.1628  lr=3.56e-05
[19:33:02 INFO] Epoch 21/50  iter 300/743  loss=0.1412  lr=3.55e-05
[19:33:15 INFO] Epoch 21/50  iter 350/743  loss=0.0889  lr=3.54e-05
[19:33:27 INFO] Epoch 21/50  iter 400/743  loss=0.1742  lr=3.54e-05
[19:33:39 INFO] Epoch 21/50  iter 450/743  loss=0.1635  lr=3.53e-05
[19:33:52 INFO] Epoch 21/50  iter 500/743  loss=0.1194  lr=3.52e-05
[19:34:04 INFO] Epoch 21/50  iter 550/743  loss=0.1112  lr=3.51e-05
[19:34:17 INFO] Epoch 21/50  iter 600/743  loss=0.1373  lr=3.50e-05
[19:34:29 INFO] Epoch 21/50  iter 650/743  loss=0.2773  lr=3.49e-05
[19:34:41 INFO] Epoch 21/50  iter 700/743  loss=0.1321  lr=3.49e-05
[19:34:52 INFO] Epoch 21 complete — avg_loss=0.1789  time=184s
[19:35:06 INFO] Epoch 22/50  iter 50/743  loss=0.1404  lr=3.47e-05
[19:35:18 INFO] Epoch 22/50  iter 100/743  loss=0.1047  lr=3.46e-05
[19:35:30 INFO] Epoch 22/50  iter 150/743  loss=0.0969  lr=3.46e-05
[19:35:43 INFO] Epoch 22/50  iter 200/743  loss=0.3307  lr=3.45e-05
[19:35:55 INFO] Epoch 22/50  iter 250/743  loss=0.1880  lr=3.44e-05
[19:36:08 INFO] Epoch 22/50  iter 300/743  loss=0.1576  lr=3.43e-05
[19:36:20 INFO] Epoch 22/50  iter 350/743  loss=0.1701  lr=3.42e-05
[19:36:32 INFO] Epoch 22/50  iter 400/743  loss=0.1432  lr=3.42e-05
[19:36:45 INFO] Epoch 22/50  iter 450/743  loss=0.2821  lr=3.41e-05
[19:36:57 INFO] Epoch 22/50  iter 500/743  loss=0.1634  lr=3.40e-05
[19:37:10 INFO] Epoch 22/50  iter 550/743  loss=0.1532  lr=3.39e-05
[19:37:22 INFO] Epoch 22/50  iter 600/743  loss=0.1195  lr=3.38e-05
[19:37:34 INFO] Epoch 22/50  iter 650/743  loss=0.2107  lr=3.37e-05
[19:37:47 INFO] Epoch 22/50  iter 700/743  loss=0.1975  lr=3.37e-05
[19:37:57 INFO] Epoch 22 complete — avg_loss=0.1763  time=185s
[19:38:11 INFO] Epoch 23/50  iter 50/743  loss=0.1331  lr=3.35e-05
[19:38:23 INFO] Epoch 23/50  iter 100/743  loss=0.0981  lr=3.34e-05
[19:38:36 INFO] Epoch 23/50  iter 150/743  loss=0.8388  lr=3.34e-05
[19:38:48 INFO] Epoch 23/50  iter 200/743  loss=0.1719  lr=3.33e-05
[19:39:01 INFO] Epoch 23/50  iter 250/743  loss=0.2537  lr=3.32e-05
[19:39:13 INFO] Epoch 23/50  iter 300/743  loss=0.1179  lr=3.31e-05
[19:39:25 INFO] Epoch 23/50  iter 350/743  loss=0.0257  lr=3.30e-05
[19:39:38 INFO] Epoch 23/50  iter 400/743  loss=0.2344  lr=3.30e-05
[19:39:50 INFO] Epoch 23/50  iter 450/743  loss=0.1591  lr=3.29e-05
[19:40:02 INFO] Epoch 23/50  iter 500/743  loss=0.1439  lr=3.28e-05
[19:40:15 INFO] Epoch 23/50  iter 550/743  loss=0.1523  lr=3.27e-05
[19:40:27 INFO] Epoch 23/50  iter 600/743  loss=0.1015  lr=3.26e-05
[19:40:40 INFO] Epoch 23/50  iter 650/743  loss=0.1909  lr=3.25e-05
[19:40:52 INFO] Epoch 23/50  iter 700/743  loss=0.0735  lr=3.25e-05
[19:41:03 INFO] Epoch 23 complete — avg_loss=0.1698  time=185s
[19:41:16 INFO] Epoch 24/50  iter 50/743  loss=0.0889  lr=3.23e-05
[19:41:29 INFO] Epoch 24/50  iter 100/743  loss=0.1781  lr=3.22e-05
[19:41:41 INFO] Epoch 24/50  iter 150/743  loss=0.1378  lr=3.22e-05
[19:41:54 INFO] Epoch 24/50  iter 200/743  loss=0.1199  lr=3.21e-05
[19:42:06 INFO] Epoch 24/50  iter 250/743  loss=0.0673  lr=3.20e-05
[19:42:18 INFO] Epoch 24/50  iter 300/743  loss=0.1227  lr=3.19e-05
[19:42:31 INFO] Epoch 24/50  iter 350/743  loss=0.0977  lr=3.18e-05
[19:42:43 INFO] Epoch 24/50  iter 400/743  loss=0.2153  lr=3.18e-05
[19:42:55 INFO] Epoch 24/50  iter 450/743  loss=0.0982  lr=3.17e-05
[19:43:08 INFO] Epoch 24/50  iter 500/743  loss=0.1220  lr=3.16e-05
[19:43:20 INFO] Epoch 24/50  iter 550/743  loss=0.1387  lr=3.15e-05
[19:43:33 INFO] Epoch 24/50  iter 600/743  loss=0.1187  lr=3.14e-05
[19:43:45 INFO] Epoch 24/50  iter 650/743  loss=0.1731  lr=3.13e-05
[19:43:57 INFO] Epoch 24/50  iter 700/743  loss=0.1010  lr=3.13e-05
[19:44:08 INFO] Epoch 24 complete — avg_loss=0.1721  time=185s
[19:44:22 INFO] Epoch 25/50  iter 50/743  loss=0.0847  lr=3.11e-05
[19:44:34 INFO] Epoch 25/50  iter 100/743  loss=0.2189  lr=3.10e-05
[19:44:46 INFO] Epoch 25/50  iter 150/743  loss=0.1189  lr=3.10e-05
[19:44:59 INFO] Epoch 25/50  iter 200/743  loss=0.1104  lr=3.09e-05
[19:45:11 INFO] Epoch 25/50  iter 250/743  loss=0.1608  lr=3.08e-05
[19:45:24 INFO] Epoch 25/50  iter 300/743  loss=0.1265  lr=3.07e-05
[19:45:36 INFO] Epoch 25/50  iter 350/743  loss=0.1991  lr=3.06e-05
[19:45:48 INFO] Epoch 25/50  iter 400/743  loss=0.0723  lr=3.06e-05
[19:46:01 INFO] Epoch 25/50  iter 450/743  loss=0.2901  lr=3.05e-05
[19:46:13 INFO] Epoch 25/50  iter 500/743  loss=0.1488  lr=3.04e-05
[19:46:26 INFO] Epoch 25/50  iter 550/743  loss=0.2484  lr=3.03e-05
[19:46:38 INFO] Epoch 25/50  iter 600/743  loss=0.1520  lr=3.02e-05
[19:46:50 INFO] Epoch 25/50  iter 650/743  loss=0.1129  lr=3.01e-05
[19:47:03 INFO] Epoch 25/50  iter 700/743  loss=0.1410  lr=3.01e-05
[19:47:13 INFO] Epoch 25 complete — avg_loss=0.1692  time=185s
[19:48:06 INFO]   val mIoU = 0.6097
[19:48:07 INFO]   ★ New best val mIoU: 0.6097
[19:48:20 INFO] Epoch 26/50  iter 50/743  loss=0.1614  lr=2.99e-05
[19:48:33 INFO] Epoch 26/50  iter 100/743  loss=0.1083  lr=2.98e-05
[19:48:45 INFO] Epoch 26/50  iter 150/743  loss=0.1987  lr=2.98e-05
[19:48:57 INFO] Epoch 26/50  iter 200/743  loss=0.0774  lr=2.97e-05
[19:49:10 INFO] Epoch 26/50  iter 250/743  loss=0.1332  lr=2.96e-05
[19:49:22 INFO] Epoch 26/50  iter 300/743  loss=0.2408  lr=2.95e-05
[19:49:35 INFO] Epoch 26/50  iter 350/743  loss=0.0943  lr=2.94e-05
[19:49:47 INFO] Epoch 26/50  iter 400/743  loss=0.1040  lr=2.94e-05
[19:49:59 INFO] Epoch 26/50  iter 450/743  loss=0.0901  lr=2.93e-05
[19:50:12 INFO] Epoch 26/50  iter 500/743  loss=0.1824  lr=2.92e-05
[19:50:24 INFO] Epoch 26/50  iter 550/743  loss=0.1960  lr=2.91e-05
[19:50:37 INFO] Epoch 26/50  iter 600/743  loss=0.0819  lr=2.90e-05
[19:50:49 INFO] Epoch 26/50  iter 650/743  loss=0.0876  lr=2.89e-05
[19:51:01 INFO] Epoch 26/50  iter 700/743  loss=0.1722  lr=2.89e-05
[19:51:12 INFO] Epoch 26 complete — avg_loss=0.1676  time=185s
[19:51:26 INFO] Epoch 27/50  iter 50/743  loss=0.0942  lr=2.87e-05
[19:51:38 INFO] Epoch 27/50  iter 100/743  loss=0.1022  lr=2.86e-05
[19:51:50 INFO] Epoch 27/50  iter 150/743  loss=0.0848  lr=2.86e-05
[19:52:03 INFO] Epoch 27/50  iter 200/743  loss=0.0807  lr=2.85e-05
[19:52:15 INFO] Epoch 27/50  iter 250/743  loss=0.1883  lr=2.84e-05
[19:52:28 INFO] Epoch 27/50  iter 300/743  loss=0.1263  lr=2.83e-05
[19:52:40 INFO] Epoch 27/50  iter 350/743  loss=0.1032  lr=2.82e-05
[19:52:52 INFO] Epoch 27/50  iter 400/743  loss=0.1262  lr=2.82e-05
[19:53:05 INFO] Epoch 27/50  iter 450/743  loss=0.1439  lr=2.81e-05
[19:53:17 INFO] Epoch 27/50  iter 500/743  loss=0.1102  lr=2.80e-05
[19:53:30 INFO] Epoch 27/50  iter 550/743  loss=0.1169  lr=2.79e-05
[19:53:42 INFO] Epoch 27/50  iter 600/743  loss=0.2484  lr=2.78e-05
[19:53:54 INFO] Epoch 27/50  iter 650/743  loss=0.0729  lr=2.77e-05
[19:54:07 INFO] Epoch 27/50  iter 700/743  loss=0.2018  lr=2.77e-05
[19:54:17 INFO] Epoch 27 complete — avg_loss=0.1653  time=185s
[19:54:31 INFO] Epoch 28/50  iter 50/743  loss=0.1832  lr=2.75e-05
[19:54:43 INFO] Epoch 28/50  iter 100/743  loss=0.2448  lr=2.74e-05
[19:54:56 INFO] Epoch 28/50  iter 150/743  loss=0.1230  lr=2.74e-05
[19:55:08 INFO] Epoch 28/50  iter 200/743  loss=0.0738  lr=2.73e-05
[19:55:21 INFO] Epoch 28/50  iter 250/743  loss=0.0665  lr=2.72e-05
[19:55:33 INFO] Epoch 28/50  iter 300/743  loss=0.1636  lr=2.71e-05
[19:55:45 INFO] Epoch 28/50  iter 350/743  loss=0.1806  lr=2.70e-05
[19:55:58 INFO] Epoch 28/50  iter 400/743  loss=0.1120  lr=2.70e-05
[19:56:10 INFO] Epoch 28/50  iter 450/743  loss=0.0712  lr=2.69e-05
[19:56:23 INFO] Epoch 28/50  iter 500/743  loss=0.1709  lr=2.68e-05
[19:56:35 INFO] Epoch 28/50  iter 550/743  loss=0.0567  lr=2.67e-05
[19:56:47 INFO] Epoch 28/50  iter 600/743  loss=0.1296  lr=2.66e-05
[19:57:00 INFO] Epoch 28/50  iter 650/743  loss=0.1956  lr=2.65e-05
[19:57:12 INFO] Epoch 28/50  iter 700/743  loss=0.4217  lr=2.65e-05
[19:57:23 INFO] Epoch 28 complete — avg_loss=0.1703  time=185s
[19:57:36 INFO] Epoch 29/50  iter 50/743  loss=0.1557  lr=2.63e-05
[19:57:49 INFO] Epoch 29/50  iter 100/743  loss=0.3583  lr=2.62e-05
[19:58:01 INFO] Epoch 29/50  iter 150/743  loss=0.1737  lr=2.62e-05
[19:58:14 INFO] Epoch 29/50  iter 200/743  loss=0.1831  lr=2.61e-05
[19:58:26 INFO] Epoch 29/50  iter 250/743  loss=0.1053  lr=2.60e-05
[19:58:38 INFO] Epoch 29/50  iter 300/743  loss=0.1266  lr=2.59e-05
[19:58:51 INFO] Epoch 29/50  iter 350/743  loss=0.1777  lr=2.58e-05
[19:59:03 INFO] Epoch 29/50  iter 400/743  loss=0.1533  lr=2.58e-05
[19:59:16 INFO] Epoch 29/50  iter 450/743  loss=0.5544  lr=2.57e-05
[19:59:28 INFO] Epoch 29/50  iter 500/743  loss=0.1574  lr=2.56e-05
[19:59:40 INFO] Epoch 29/50  iter 550/743  loss=0.1162  lr=2.55e-05
[19:59:53 INFO] Epoch 29/50  iter 600/743  loss=0.1551  lr=2.54e-05
[20:00:05 INFO] Epoch 29/50  iter 650/743  loss=0.6517  lr=2.53e-05
[20:00:18 INFO] Epoch 29/50  iter 700/743  loss=0.1483  lr=2.53e-05
[20:00:28 INFO] Epoch 29 complete — avg_loss=0.1629  time=185s
[20:00:42 INFO] Epoch 30/50  iter 50/743  loss=0.0708  lr=2.51e-05
[20:00:55 INFO] Epoch 30/50  iter 100/743  loss=0.1944  lr=2.50e-05
[20:01:07 INFO] Epoch 30/50  iter 150/743  loss=0.1043  lr=2.50e-05
[20:01:19 INFO] Epoch 30/50  iter 200/743  loss=0.2549  lr=2.49e-05
[20:01:32 INFO] Epoch 30/50  iter 250/743  loss=0.1269  lr=2.48e-05
[20:01:44 INFO] Epoch 30/50  iter 300/743  loss=0.2243  lr=2.47e-05
[20:01:56 INFO] Epoch 30/50  iter 350/743  loss=0.2037  lr=2.46e-05
[20:02:09 INFO] Epoch 30/50  iter 400/743  loss=0.1630  lr=2.46e-05
[20:02:21 INFO] Epoch 30/50  iter 450/743  loss=0.1891  lr=2.45e-05
[20:02:34 INFO] Epoch 30/50  iter 500/743  loss=0.1419  lr=2.44e-05
[20:02:46 INFO] Epoch 30/50  iter 550/743  loss=0.1637  lr=2.43e-05
[20:02:58 INFO] Epoch 30/50  iter 600/743  loss=0.1493  lr=2.42e-05
[20:03:11 INFO] Epoch 30/50  iter 650/743  loss=0.1989  lr=2.41e-05
[20:03:23 INFO] Epoch 30/50  iter 700/743  loss=0.1232  lr=2.41e-05
[20:03:34 INFO] Epoch 30 complete — avg_loss=0.1544  time=185s
[20:04:27 INFO]   val mIoU = 0.5759
[20:04:40 INFO] Epoch 31/50  iter 50/743  loss=0.1005  lr=2.39e-05
[20:04:52 INFO] Epoch 31/50  iter 100/743  loss=0.1803  lr=2.38e-05
[20:05:05 INFO] Epoch 31/50  iter 150/743  loss=0.1614  lr=2.38e-05
[20:05:17 INFO] Epoch 31/50  iter 200/743  loss=0.2039  lr=2.37e-05
[20:05:30 INFO] Epoch 31/50  iter 250/743  loss=0.1166  lr=2.36e-05
[20:05:42 INFO] Epoch 31/50  iter 300/743  loss=0.5547  lr=2.35e-05
[20:05:54 INFO] Epoch 31/50  iter 350/743  loss=0.0623  lr=2.34e-05
[20:06:07 INFO] Epoch 31/50  iter 400/743  loss=0.0950  lr=2.34e-05
[20:06:19 INFO] Epoch 31/50  iter 450/743  loss=0.1630  lr=2.33e-05
[20:06:31 INFO] Epoch 31/50  iter 500/743  loss=0.1857  lr=2.32e-05
[20:06:44 INFO] Epoch 31/50  iter 550/743  loss=0.1967  lr=2.31e-05
[20:06:56 INFO] Epoch 31/50  iter 600/743  loss=0.0632  lr=2.30e-05
[20:07:09 INFO] Epoch 31/50  iter 650/743  loss=0.1522  lr=2.29e-05
[20:07:21 INFO] Epoch 31/50  iter 700/743  loss=0.0800  lr=2.29e-05
[20:07:32 INFO] Epoch 31 complete — avg_loss=0.1501  time=184s
[20:07:45 INFO] Epoch 32/50  iter 50/743  loss=0.0786  lr=2.27e-05
[20:07:58 INFO] Epoch 32/50  iter 100/743  loss=0.1938  lr=2.26e-05
[20:08:10 INFO] Epoch 32/50  iter 150/743  loss=0.1736  lr=2.26e-05
[20:08:22 INFO] Epoch 32/50  iter 200/743  loss=0.1829  lr=2.25e-05
[20:08:35 INFO] Epoch 32/50  iter 250/743  loss=0.1608  lr=2.24e-05
[20:08:47 INFO] Epoch 32/50  iter 300/743  loss=0.1140  lr=2.23e-05
[20:09:00 INFO] Epoch 32/50  iter 350/743  loss=0.0894  lr=2.22e-05
[20:09:12 INFO] Epoch 32/50  iter 400/743  loss=0.3315  lr=2.22e-05
[20:09:24 INFO] Epoch 32/50  iter 450/743  loss=0.0563  lr=2.21e-05
[20:09:37 INFO] Epoch 32/50  iter 500/743  loss=0.0764  lr=2.20e-05
[20:09:49 INFO] Epoch 32/50  iter 550/743  loss=0.1532  lr=2.19e-05
[20:10:02 INFO] Epoch 32/50  iter 600/743  loss=0.2780  lr=2.18e-05
[20:10:14 INFO] Epoch 32/50  iter 650/743  loss=0.1227  lr=2.17e-05
[20:10:26 INFO] Epoch 32/50  iter 700/743  loss=0.0837  lr=2.17e-05
[20:10:37 INFO] Epoch 32 complete — avg_loss=0.1504  time=185s
[20:10:50 INFO] Epoch 33/50  iter 50/743  loss=0.1812  lr=2.15e-05
[20:11:03 INFO] Epoch 33/50  iter 100/743  loss=0.2233  lr=2.14e-05
[20:11:15 INFO] Epoch 33/50  iter 150/743  loss=0.1201  lr=2.14e-05
[20:11:28 INFO] Epoch 33/50  iter 200/743  loss=0.1094  lr=2.13e-05
[20:11:40 INFO] Epoch 33/50  iter 250/743  loss=0.0850  lr=2.12e-05
[20:11:52 INFO] Epoch 33/50  iter 300/743  loss=0.1424  lr=2.11e-05
[20:12:05 INFO] Epoch 33/50  iter 350/743  loss=0.1002  lr=2.10e-05
[20:12:17 INFO] Epoch 33/50  iter 400/743  loss=0.1486  lr=2.10e-05
[20:12:30 INFO] Epoch 33/50  iter 450/743  loss=0.2342  lr=2.09e-05
[20:12:42 INFO] Epoch 33/50  iter 500/743  loss=0.1358  lr=2.08e-05
[20:12:54 INFO] Epoch 33/50  iter 550/743  loss=0.1400  lr=2.07e-05
[20:13:07 INFO] Epoch 33/50  iter 600/743  loss=0.1849  lr=2.06e-05
[20:13:19 INFO] Epoch 33/50  iter 650/743  loss=0.3729  lr=2.05e-05
[20:13:31 INFO] Epoch 33/50  iter 700/743  loss=0.1768  lr=2.05e-05
[20:13:42 INFO] Epoch 33 complete — avg_loss=0.1509  time=185s
[20:13:56 INFO] Epoch 34/50  iter 50/743  loss=0.1542  lr=2.03e-05
[20:14:08 INFO] Epoch 34/50  iter 100/743  loss=0.1192  lr=2.02e-05
[20:14:20 INFO] Epoch 34/50  iter 150/743  loss=0.5748  lr=2.02e-05
[20:14:33 INFO] Epoch 34/50  iter 200/743  loss=0.1072  lr=2.01e-05
[20:14:45 INFO] Epoch 34/50  iter 250/743  loss=0.0841  lr=2.00e-05
[20:14:58 INFO] Epoch 34/50  iter 300/743  loss=0.0873  lr=1.99e-05
[20:15:10 INFO] Epoch 34/50  iter 350/743  loss=0.1104  lr=1.98e-05
[20:15:22 INFO] Epoch 34/50  iter 400/743  loss=0.0895  lr=1.98e-05
[20:15:35 INFO] Epoch 34/50  iter 450/743  loss=0.1245  lr=1.97e-05
[20:15:47 INFO] Epoch 34/50  iter 500/743  loss=0.1631  lr=1.96e-05
[20:15:59 INFO] Epoch 34/50  iter 550/743  loss=0.1586  lr=1.95e-05
[20:16:12 INFO] Epoch 34/50  iter 600/743  loss=0.1731  lr=1.94e-05
[20:16:24 INFO] Epoch 34/50  iter 650/743  loss=0.2122  lr=1.93e-05
[20:16:37 INFO] Epoch 34/50  iter 700/743  loss=0.0950  lr=1.93e-05
[20:16:47 INFO] Epoch 34 complete — avg_loss=0.1564  time=184s
[20:17:01 INFO] Epoch 35/50  iter 50/743  loss=0.1428  lr=1.91e-05
[20:17:13 INFO] Epoch 35/50  iter 100/743  loss=0.1261  lr=1.90e-05
[20:17:26 INFO] Epoch 35/50  iter 150/743  loss=0.0893  lr=1.90e-05
[20:17:38 INFO] Epoch 35/50  iter 200/743  loss=0.1420  lr=1.89e-05
[20:17:51 INFO] Epoch 35/50  iter 250/743  loss=0.0607  lr=1.88e-05
[20:18:03 INFO] Epoch 35/50  iter 300/743  loss=0.1216  lr=1.87e-05
[20:18:15 INFO] Epoch 35/50  iter 350/743  loss=0.1809  lr=1.86e-05
[20:18:28 INFO] Epoch 35/50  iter 400/743  loss=0.1143  lr=1.86e-05
[20:18:40 INFO] Epoch 35/50  iter 450/743  loss=0.1201  lr=1.85e-05
[20:18:53 INFO] Epoch 35/50  iter 500/743  loss=0.1471  lr=1.84e-05
[20:19:05 INFO] Epoch 35/50  iter 550/743  loss=0.1262  lr=1.83e-05
[20:19:17 INFO] Epoch 35/50  iter 600/743  loss=0.1464  lr=1.82e-05
[20:19:30 INFO] Epoch 35/50  iter 650/743  loss=0.0506  lr=1.81e-05
[20:19:42 INFO] Epoch 35/50  iter 700/743  loss=0.1384  lr=1.81e-05
[20:19:53 INFO] Epoch 35 complete — avg_loss=0.1485  time=185s
[20:20:48 INFO]   val mIoU = 0.6088
[20:21:01 INFO] Epoch 36/50  iter 50/743  loss=0.0727  lr=1.79e-05
[20:21:14 INFO] Epoch 36/50  iter 100/743  loss=0.0569  lr=1.78e-05
[20:21:26 INFO] Epoch 36/50  iter 150/743  loss=0.2838  lr=1.78e-05
[20:21:38 INFO] Epoch 36/50  iter 200/743  loss=0.1116  lr=1.77e-05
[20:21:51 INFO] Epoch 36/50  iter 250/743  loss=0.1858  lr=1.76e-05
[20:22:03 INFO] Epoch 36/50  iter 300/743  loss=0.0940  lr=1.75e-05
[20:22:16 INFO] Epoch 36/50  iter 350/743  loss=0.1263  lr=1.74e-05
[20:22:28 INFO] Epoch 36/50  iter 400/743  loss=0.1874  lr=1.74e-05
[20:22:40 INFO] Epoch 36/50  iter 450/743  loss=0.1756  lr=1.73e-05
[20:22:53 INFO] Epoch 36/50  iter 500/743  loss=0.1266  lr=1.72e-05
[20:23:05 INFO] Epoch 36/50  iter 550/743  loss=0.1543  lr=1.71e-05
[20:23:18 INFO] Epoch 36/50  iter 600/743  loss=0.0953  lr=1.70e-05
[20:23:30 INFO] Epoch 36/50  iter 650/743  loss=0.0975  lr=1.69e-05
[20:23:42 INFO] Epoch 36/50  iter 700/743  loss=0.1338  lr=1.69e-05
[20:23:53 INFO] Epoch 36 complete — avg_loss=0.1456  time=185s
[20:24:07 INFO] Epoch 37/50  iter 50/743  loss=0.1507  lr=1.67e-05
[20:24:19 INFO] Epoch 37/50  iter 100/743  loss=0.2080  lr=1.66e-05
[20:24:31 INFO] Epoch 37/50  iter 150/743  loss=0.1263  lr=1.66e-05
[20:24:44 INFO] Epoch 37/50  iter 200/743  loss=0.0851  lr=1.65e-05
[20:24:56 INFO] Epoch 37/50  iter 250/743  loss=0.1340  lr=1.64e-05
[20:25:09 INFO] Epoch 37/50  iter 300/743  loss=0.1121  lr=1.63e-05
[20:25:21 INFO] Epoch 37/50  iter 350/743  loss=0.1565  lr=1.62e-05
[20:25:33 INFO] Epoch 37/50  iter 400/743  loss=0.1143  lr=1.62e-05
[20:25:46 INFO] Epoch 37/50  iter 450/743  loss=0.0861  lr=1.61e-05
[20:25:58 INFO] Epoch 37/50  iter 500/743  loss=0.3050  lr=1.60e-05
[20:26:11 INFO] Epoch 37/50  iter 550/743  loss=0.1150  lr=1.59e-05
[20:26:23 INFO] Epoch 37/50  iter 600/743  loss=0.0797  lr=1.58e-05
[20:26:35 INFO] Epoch 37/50  iter 650/743  loss=0.1775  lr=1.57e-05
[20:26:48 INFO] Epoch 37/50  iter 700/743  loss=0.1386  lr=1.57e-05
[20:26:58 INFO] Epoch 37 complete — avg_loss=0.1439  time=185s
[20:27:12 INFO] Epoch 38/50  iter 50/743  loss=0.2254  lr=1.55e-05
[20:27:24 INFO] Epoch 38/50  iter 100/743  loss=0.3050  lr=1.54e-05
[20:27:37 INFO] Epoch 38/50  iter 150/743  loss=0.1398  lr=1.54e-05
[20:27:49 INFO] Epoch 38/50  iter 200/743  loss=0.0639  lr=1.53e-05
[20:28:02 INFO] Epoch 38/50  iter 250/743  loss=0.1642  lr=1.52e-05
[20:28:14 INFO] Epoch 38/50  iter 300/743  loss=0.1245  lr=1.51e-05
[20:28:26 INFO] Epoch 38/50  iter 350/743  loss=0.1561  lr=1.50e-05
[20:28:39 INFO] Epoch 38/50  iter 400/743  loss=0.1557  lr=1.50e-05
[20:28:51 INFO] Epoch 38/50  iter 450/743  loss=0.1666  lr=1.49e-05
[20:29:04 INFO] Epoch 38/50  iter 500/743  loss=0.0695  lr=1.48e-05
[20:29:16 INFO] Epoch 38/50  iter 550/743  loss=0.0595  lr=1.47e-05
[20:29:28 INFO] Epoch 38/50  iter 600/743  loss=0.1748  lr=1.46e-05
[20:29:41 INFO] Epoch 38/50  iter 650/743  loss=0.1590  lr=1.45e-05
[20:29:53 INFO] Epoch 38/50  iter 700/743  loss=0.0886  lr=1.45e-05
[20:30:04 INFO] Epoch 38 complete — avg_loss=0.1383  time=185s
[20:30:17 INFO] Epoch 39/50  iter 50/743  loss=0.3068  lr=1.43e-05
[20:30:30 INFO] Epoch 39/50  iter 100/743  loss=0.1637  lr=1.42e-05
[20:30:42 INFO] Epoch 39/50  iter 150/743  loss=0.0984  lr=1.42e-05
[20:30:55 INFO] Epoch 39/50  iter 200/743  loss=0.1662  lr=1.41e-05
[20:31:07 INFO] Epoch 39/50  iter 250/743  loss=0.1238  lr=1.40e-05
[20:31:19 INFO] Epoch 39/50  iter 300/743  loss=0.0912  lr=1.39e-05
[20:31:32 INFO] Epoch 39/50  iter 350/743  loss=0.1795  lr=1.38e-05
[20:31:44 INFO] Epoch 39/50  iter 400/743  loss=0.2372  lr=1.38e-05
[20:31:57 INFO] Epoch 39/50  iter 450/743  loss=0.1063  lr=1.37e-05
[20:32:09 INFO] Epoch 39/50  iter 500/743  loss=0.0767  lr=1.36e-05
[20:32:21 INFO] Epoch 39/50  iter 550/743  loss=0.1341  lr=1.35e-05
[20:32:34 INFO] Epoch 39/50  iter 600/743  loss=0.1044  lr=1.34e-05
[20:32:46 INFO] Epoch 39/50  iter 650/743  loss=0.0978  lr=1.33e-05
[20:32:59 INFO] Epoch 39/50  iter 700/743  loss=0.0982  lr=1.33e-05
[20:33:09 INFO] Epoch 39 complete — avg_loss=0.1389  time=185s
[20:33:23 INFO] Epoch 40/50  iter 50/743  loss=0.0613  lr=1.31e-05
[20:33:35 INFO] Epoch 40/50  iter 100/743  loss=0.2254  lr=1.30e-05
[20:33:48 INFO] Epoch 40/50  iter 150/743  loss=0.1533  lr=1.30e-05
[20:34:00 INFO] Epoch 40/50  iter 200/743  loss=0.0637  lr=1.29e-05
[20:34:12 INFO] Epoch 40/50  iter 250/743  loss=0.1531  lr=1.28e-05
[20:34:25 INFO] Epoch 40/50  iter 300/743  loss=0.0868  lr=1.27e-05
[20:34:37 INFO] Epoch 40/50  iter 350/743  loss=0.1458  lr=1.26e-05
[20:34:50 INFO] Epoch 40/50  iter 400/743  loss=0.0923  lr=1.26e-05
[20:35:02 INFO] Epoch 40/50  iter 450/743  loss=0.1514  lr=1.25e-05
[20:35:14 INFO] Epoch 40/50  iter 500/743  loss=0.1997  lr=1.24e-05
[20:35:27 INFO] Epoch 40/50  iter 550/743  loss=0.1595  lr=1.23e-05
[20:35:39 INFO] Epoch 40/50  iter 600/743  loss=0.0679  lr=1.22e-05
[20:35:52 INFO] Epoch 40/50  iter 650/743  loss=0.2383  lr=1.21e-05
[20:36:04 INFO] Epoch 40/50  iter 700/743  loss=0.0669  lr=1.21e-05
[20:36:15 INFO] Epoch 40 complete — avg_loss=0.1423  time=185s
[20:37:09 INFO]   val mIoU = 0.6517
[20:37:09 INFO]   ★ New best val mIoU: 0.6517
[20:37:23 INFO] Epoch 41/50  iter 50/743  loss=0.1481  lr=1.19e-05
[20:37:35 INFO] Epoch 41/50  iter 100/743  loss=0.2140  lr=1.18e-05
[20:37:48 INFO] Epoch 41/50  iter 150/743  loss=0.1066  lr=1.18e-05
[20:38:00 INFO] Epoch 41/50  iter 200/743  loss=0.0660  lr=1.17e-05
[20:38:13 INFO] Epoch 41/50  iter 250/743  loss=0.1168  lr=1.16e-05
[20:38:25 INFO] Epoch 41/50  iter 300/743  loss=0.0575  lr=1.15e-05
[20:38:37 INFO] Epoch 41/50  iter 350/743  loss=0.1240  lr=1.14e-05
[20:38:50 INFO] Epoch 41/50  iter 400/743  loss=0.1567  lr=1.14e-05
[20:39:02 INFO] Epoch 41/50  iter 450/743  loss=0.1123  lr=1.13e-05
[20:39:15 INFO] Epoch 41/50  iter 500/743  loss=0.0828  lr=1.12e-05
[20:39:27 INFO] Epoch 41/50  iter 550/743  loss=0.1058  lr=1.11e-05
[20:39:39 INFO] Epoch 41/50  iter 600/743  loss=0.0509  lr=1.10e-05
[20:39:52 INFO] Epoch 41/50  iter 650/743  loss=0.1076  lr=1.09e-05
[20:40:04 INFO] Epoch 41/50  iter 700/743  loss=0.1470  lr=1.09e-05
[20:40:15 INFO] Epoch 41 complete — avg_loss=0.1362  time=185s
[20:40:28 INFO] Epoch 42/50  iter 50/743  loss=0.1239  lr=1.07e-05
[20:40:41 INFO] Epoch 42/50  iter 100/743  loss=0.2291  lr=1.06e-05
[20:40:53 INFO] Epoch 42/50  iter 150/743  loss=0.1305  lr=1.06e-05
[20:41:06 INFO] Epoch 42/50  iter 200/743  loss=0.5937  lr=1.05e-05
[20:41:18 INFO] Epoch 42/50  iter 250/743  loss=0.1588  lr=1.04e-05
[20:41:30 INFO] Epoch 42/50  iter 300/743  loss=0.1292  lr=1.03e-05
[20:41:43 INFO] Epoch 42/50  iter 350/743  loss=0.1594  lr=1.02e-05
[20:41:55 INFO] Epoch 42/50  iter 400/743  loss=0.1453  lr=1.02e-05
[20:42:08 INFO] Epoch 42/50  iter 450/743  loss=0.1108  lr=1.01e-05
[20:42:20 INFO] Epoch 42/50  iter 500/743  loss=0.1291  lr=9.99e-06
[20:42:32 INFO] Epoch 42/50  iter 550/743  loss=0.0697  lr=9.91e-06
[20:42:45 INFO] Epoch 42/50  iter 600/743  loss=0.1531  lr=9.83e-06
[20:42:57 INFO] Epoch 42/50  iter 650/743  loss=0.0928  lr=9.75e-06
[20:43:10 INFO] Epoch 42/50  iter 700/743  loss=0.0985  lr=9.67e-06
[20:43:20 INFO] Epoch 42 complete — avg_loss=0.1379  time=185s
[20:43:34 INFO] Epoch 43/50  iter 50/743  loss=0.1379  lr=9.52e-06
[20:43:46 INFO] Epoch 43/50  iter 100/743  loss=0.1399  lr=9.44e-06
[20:43:59 INFO] Epoch 43/50  iter 150/743  loss=0.0688  lr=9.36e-06
[20:44:11 INFO] Epoch 43/50  iter 200/743  loss=0.1230  lr=9.28e-06
[20:44:23 INFO] Epoch 43/50  iter 250/743  loss=0.0782  lr=9.19e-06
[20:44:36 INFO] Epoch 43/50  iter 300/743  loss=0.0835  lr=9.11e-06
[20:44:48 INFO] Epoch 43/50  iter 350/743  loss=0.0783  lr=9.03e-06
[20:45:01 INFO] Epoch 43/50  iter 400/743  loss=0.1588  lr=8.95e-06
[20:45:13 INFO] Epoch 43/50  iter 450/743  loss=0.1667  lr=8.87e-06
[20:45:25 INFO] Epoch 43/50  iter 500/743  loss=0.0987  lr=8.79e-06
[20:45:38 INFO] Epoch 43/50  iter 550/743  loss=0.0538  lr=8.71e-06
[20:45:50 INFO] Epoch 43/50  iter 600/743  loss=0.0648  lr=8.63e-06
[20:46:03 INFO] Epoch 43/50  iter 650/743  loss=0.0824  lr=8.55e-06
[20:46:15 INFO] Epoch 43/50  iter 700/743  loss=0.1658  lr=8.47e-06
[20:46:26 INFO] Epoch 43 complete — avg_loss=0.1340  time=185s
[20:46:39 INFO] Epoch 44/50  iter 50/743  loss=0.1869  lr=8.32e-06
[20:46:52 INFO] Epoch 44/50  iter 100/743  loss=0.0812  lr=8.24e-06
[20:47:04 INFO] Epoch 44/50  iter 150/743  loss=0.0676  lr=8.16e-06
[20:47:16 INFO] Epoch 44/50  iter 200/743  loss=0.1327  lr=8.08e-06
[20:47:29 INFO] Epoch 44/50  iter 250/743  loss=0.1151  lr=7.99e-06
[20:47:41 INFO] Epoch 44/50  iter 300/743  loss=0.1725  lr=7.91e-06
[20:47:54 INFO] Epoch 44/50  iter 350/743  loss=0.1255  lr=7.83e-06
[20:48:06 INFO] Epoch 44/50  iter 400/743  loss=0.1604  lr=7.75e-06
[20:48:18 INFO] Epoch 44/50  iter 450/743  loss=0.0799  lr=7.67e-06
[20:48:31 INFO] Epoch 44/50  iter 500/743  loss=0.0574  lr=7.59e-06
[20:48:43 INFO] Epoch 44/50  iter 550/743  loss=0.0906  lr=7.51e-06
[20:48:55 INFO] Epoch 44/50  iter 600/743  loss=0.1435  lr=7.43e-06
[20:49:08 INFO] Epoch 44/50  iter 650/743  loss=0.2737  lr=7.35e-06
[20:49:20 INFO] Epoch 44/50  iter 700/743  loss=0.1046  lr=7.27e-06
[20:49:31 INFO] Epoch 44 complete — avg_loss=0.1323  time=185s
[20:49:44 INFO] Epoch 45/50  iter 50/743  loss=0.0822  lr=7.12e-06
[20:49:57 INFO] Epoch 45/50  iter 100/743  loss=0.0841  lr=7.04e-06
[20:50:09 INFO] Epoch 45/50  iter 150/743  loss=0.0943  lr=6.96e-06
[20:50:22 INFO] Epoch 45/50  iter 200/743  loss=0.0529  lr=6.88e-06
[20:50:34 INFO] Epoch 45/50  iter 250/743  loss=0.1674  lr=6.79e-06
[20:50:46 INFO] Epoch 45/50  iter 300/743  loss=0.1719  lr=6.71e-06
[20:50:59 INFO] Epoch 45/50  iter 350/743  loss=0.0855  lr=6.63e-06
[20:51:11 INFO] Epoch 45/50  iter 400/743  loss=0.0863  lr=6.55e-06
[20:51:24 INFO] Epoch 45/50  iter 450/743  loss=0.0217  lr=6.47e-06
[20:51:36 INFO] Epoch 45/50  iter 500/743  loss=0.1262  lr=6.39e-06
[20:51:48 INFO] Epoch 45/50  iter 550/743  loss=0.0672  lr=6.31e-06
[20:52:01 INFO] Epoch 45/50  iter 600/743  loss=0.0955  lr=6.23e-06
[20:52:13 INFO] Epoch 45/50  iter 650/743  loss=0.1051  lr=6.15e-06
[20:52:25 INFO] Epoch 45/50  iter 700/743  loss=0.1100  lr=6.07e-06
[20:52:36 INFO] Epoch 45 complete — avg_loss=0.1289  time=185s
[20:53:29 INFO]   val mIoU = 0.6570
[20:53:30 INFO]   ★ New best val mIoU: 0.6570
[20:53:43 INFO] Epoch 46/50  iter 50/743  loss=0.0980  lr=5.92e-06
[20:53:56 INFO] Epoch 46/50  iter 100/743  loss=0.1157  lr=5.84e-06
[20:54:08 INFO] Epoch 46/50  iter 150/743  loss=0.0733  lr=5.76e-06
[20:54:21 INFO] Epoch 46/50  iter 200/743  loss=0.0625  lr=5.68e-06
[20:54:33 INFO] Epoch 46/50  iter 250/743  loss=0.1077  lr=5.59e-06
[20:54:45 INFO] Epoch 46/50  iter 300/743  loss=0.1028  lr=5.51e-06
[20:54:58 INFO] Epoch 46/50  iter 350/743  loss=0.3184  lr=5.43e-06
[20:55:10 INFO] Epoch 46/50  iter 400/743  loss=0.1292  lr=5.35e-06
[20:55:22 INFO] Epoch 46/50  iter 450/743  loss=0.1039  lr=5.27e-06
[20:55:35 INFO] Epoch 46/50  iter 500/743  loss=0.1322  lr=5.19e-06
[20:55:47 INFO] Epoch 46/50  iter 550/743  loss=0.1068  lr=5.11e-06
[20:56:00 INFO] Epoch 46/50  iter 600/743  loss=0.1328  lr=5.03e-06
[20:56:12 INFO] Epoch 46/50  iter 650/743  loss=0.1306  lr=4.95e-06
[20:56:24 INFO] Epoch 46/50  iter 700/743  loss=0.2340  lr=4.87e-06
[20:56:35 INFO] Epoch 46 complete — avg_loss=0.1243  time=184s
[20:56:49 INFO] Epoch 47/50  iter 50/743  loss=0.1427  lr=4.72e-06
[20:57:01 INFO] Epoch 47/50  iter 100/743  loss=0.1059  lr=4.64e-06
[20:57:13 INFO] Epoch 47/50  iter 150/743  loss=0.0977  lr=4.56e-06
[20:57:26 INFO] Epoch 47/50  iter 200/743  loss=0.1177  lr=4.48e-06
[20:57:38 INFO] Epoch 47/50  iter 250/743  loss=0.1233  lr=4.39e-06
[20:57:50 INFO] Epoch 47/50  iter 300/743  loss=0.1381  lr=4.31e-06
[20:58:03 INFO] Epoch 47/50  iter 350/743  loss=0.1239  lr=4.23e-06
[20:58:15 INFO] Epoch 47/50  iter 400/743  loss=0.1106  lr=4.15e-06
[20:58:27 INFO] Epoch 47/50  iter 450/743  loss=0.0560  lr=4.07e-06
[20:58:40 INFO] Epoch 47/50  iter 500/743  loss=0.2418  lr=3.99e-06
[20:58:52 INFO] Epoch 47/50  iter 550/743  loss=0.1279  lr=3.91e-06
[20:59:05 INFO] Epoch 47/50  iter 600/743  loss=0.1624  lr=3.83e-06
[20:59:17 INFO] Epoch 47/50  iter 650/743  loss=0.1225  lr=3.75e-06
[20:59:29 INFO] Epoch 47/50  iter 700/743  loss=0.1422  lr=3.67e-06
[20:59:40 INFO] Epoch 47 complete — avg_loss=0.1382  time=184s
[20:59:53 INFO] Epoch 48/50  iter 50/743  loss=0.1018  lr=3.52e-06
[21:00:06 INFO] Epoch 48/50  iter 100/743  loss=0.1243  lr=3.44e-06
[21:00:18 INFO] Epoch 48/50  iter 150/743  loss=0.0698  lr=3.36e-06
[21:00:31 INFO] Epoch 48/50  iter 200/743  loss=0.0940  lr=3.28e-06
[21:00:43 INFO] Epoch 48/50  iter 250/743  loss=0.0738  lr=3.19e-06
[21:00:55 INFO] Epoch 48/50  iter 300/743  loss=0.1303  lr=3.11e-06
[21:01:08 INFO] Epoch 48/50  iter 350/743  loss=0.0657  lr=3.03e-06
[21:01:20 INFO] Epoch 48/50  iter 400/743  loss=0.1039  lr=2.95e-06
[21:01:32 INFO] Epoch 48/50  iter 450/743  loss=0.0485  lr=2.87e-06
[21:01:45 INFO] Epoch 48/50  iter 500/743  loss=0.0695  lr=2.79e-06
[21:01:57 INFO] Epoch 48/50  iter 550/743  loss=0.0943  lr=2.71e-06
[21:02:10 INFO] Epoch 48/50  iter 600/743  loss=0.1658  lr=2.63e-06
[21:02:22 INFO] Epoch 48/50  iter 650/743  loss=0.1223  lr=2.55e-06
[21:02:34 INFO] Epoch 48/50  iter 700/743  loss=0.1056  lr=2.47e-06
[21:02:45 INFO] Epoch 48 complete — avg_loss=0.1317  time=185s
[21:02:59 INFO] Epoch 49/50  iter 50/743  loss=0.0511  lr=2.32e-06
[21:03:11 INFO] Epoch 49/50  iter 100/743  loss=0.1036  lr=2.24e-06
[21:03:23 INFO] Epoch 49/50  iter 150/743  loss=0.1416  lr=2.16e-06
[21:03:36 INFO] Epoch 49/50  iter 200/743  loss=0.0733  lr=2.08e-06
[21:03:48 INFO] Epoch 49/50  iter 250/743  loss=0.1978  lr=1.99e-06
[21:04:01 INFO] Epoch 49/50  iter 300/743  loss=0.0870  lr=1.91e-06
[21:04:13 INFO] Epoch 49/50  iter 350/743  loss=0.1700  lr=1.83e-06
[21:04:25 INFO] Epoch 49/50  iter 400/743  loss=0.2021  lr=1.75e-06
[21:04:38 INFO] Epoch 49/50  iter 450/743  loss=0.0487  lr=1.67e-06
[21:04:50 INFO] Epoch 49/50  iter 500/743  loss=0.1547  lr=1.59e-06
[21:05:03 INFO] Epoch 49/50  iter 550/743  loss=0.0620  lr=1.51e-06
[21:05:15 INFO] Epoch 49/50  iter 600/743  loss=0.1351  lr=1.43e-06
[21:05:27 INFO] Epoch 49/50  iter 650/743  loss=0.0746  lr=1.35e-06
[21:05:40 INFO] Epoch 49/50  iter 700/743  loss=0.1322  lr=1.27e-06
[21:05:50 INFO] Epoch 49 complete — avg_loss=0.1260  time=185s
[21:06:04 INFO] Epoch 50/50  iter 50/743  loss=0.1127  lr=1.12e-06
[21:06:16 INFO] Epoch 50/50  iter 100/743  loss=0.0676  lr=1.04e-06
[21:06:29 INFO] Epoch 50/50  iter 150/743  loss=0.0914  lr=9.56e-07
[21:06:41 INFO] Epoch 50/50  iter 200/743  loss=0.1840  lr=8.75e-07
[21:06:53 INFO] Epoch 50/50  iter 250/743  loss=0.1139  lr=7.95e-07
[21:07:06 INFO] Epoch 50/50  iter 300/743  loss=0.1340  lr=7.14e-07
[21:07:18 INFO] Epoch 50/50  iter 350/743  loss=0.1399  lr=6.33e-07
[21:07:31 INFO] Epoch 50/50  iter 400/743  loss=0.1280  lr=5.52e-07
[21:07:43 INFO] Epoch 50/50  iter 450/743  loss=0.0805  lr=4.72e-07
[21:07:55 INFO] Epoch 50/50  iter 500/743  loss=0.1136  lr=3.91e-07
[21:08:08 INFO] Epoch 50/50  iter 550/743  loss=0.1038  lr=3.10e-07
[21:08:20 INFO] Epoch 50/50  iter 600/743  loss=0.1630  lr=2.29e-07
[21:08:32 INFO] Epoch 50/50  iter 650/743  loss=0.1077  lr=1.49e-07
[21:08:45 INFO] Epoch 50/50  iter 700/743  loss=0.1261  lr=6.78e-08
[21:08:56 INFO] Epoch 50 complete — avg_loss=0.1293  time=185s
[21:09:50 INFO]   val mIoU = 0.6414
[21:09:51 INFO] Training complete. Best val mIoU = 0.6570
>>> Done: configs/nn_depth_b0005.yaml

>>> Training (fresh start): configs/nn_depth_b001.yaml
[21:10:02 INFO] Device: cuda
/usr/lib64/python3.11/tarfile.py:2303: RuntimeWarning: The default behavior of tarfile extraction has been changed to disallow common exploits (including CVE-2007-4559). By default, absolute/parent paths are disallowed and some mode bits are cleared. See https://access.redhat.com/articles/7004769 for more details.
  warnings.warn(
Model backend: smp
[21:10:04 INFO] Using fog cache: data/fog_cache/nn_depth_b001
[21:10:06 INFO] Train: 2975 samples  |  Val: 500 samples
[21:10:19 INFO] Epoch 1/50  iter 50/743  loss=1.6064  lr=5.99e-05
[21:10:31 INFO] Epoch 1/50  iter 100/743  loss=1.1698  lr=5.98e-05
[21:10:44 INFO] Epoch 1/50  iter 150/743  loss=1.2446  lr=5.98e-05
[21:10:56 INFO] Epoch 1/50  iter 200/743  loss=0.6949  lr=5.97e-05
[21:11:08 INFO] Epoch 1/50  iter 250/743  loss=1.2217  lr=5.96e-05
[21:11:21 INFO] Epoch 1/50  iter 300/743  loss=0.7163  lr=5.95e-05
[21:11:33 INFO] Epoch 1/50  iter 350/743  loss=1.3606  lr=5.94e-05
[21:11:45 INFO] Epoch 1/50  iter 400/743  loss=0.4380  lr=5.94e-05
[21:11:58 INFO] Epoch 1/50  iter 450/743  loss=0.5600  lr=5.93e-05
[21:12:10 INFO] Epoch 1/50  iter 500/743  loss=0.5324  lr=5.92e-05
[21:12:23 INFO] Epoch 1/50  iter 550/743  loss=0.3741  lr=5.91e-05
[21:12:35 INFO] Epoch 1/50  iter 600/743  loss=0.4703  lr=5.90e-05
[21:12:47 INFO] Epoch 1/50  iter 650/743  loss=0.9486  lr=5.89e-05
[21:13:00 INFO] Epoch 1/50  iter 700/743  loss=0.7020  lr=5.89e-05
[21:13:10 INFO] Epoch 1 complete — avg_loss=0.8698  time=185s
[21:13:24 INFO] Epoch 2/50  iter 50/743  loss=0.8526  lr=5.87e-05
[21:13:36 INFO] Epoch 2/50  iter 100/743  loss=0.2793  lr=5.86e-05
[21:13:49 INFO] Epoch 2/50  iter 150/743  loss=0.2879  lr=5.86e-05
[21:14:01 INFO] Epoch 2/50  iter 200/743  loss=0.3459  lr=5.85e-05
[21:14:13 INFO] Epoch 2/50  iter 250/743  loss=0.5815  lr=5.84e-05
[21:14:26 INFO] Epoch 2/50  iter 300/743  loss=0.4663  lr=5.83e-05
[21:14:38 INFO] Epoch 2/50  iter 350/743  loss=0.4311  lr=5.82e-05
[21:14:51 INFO] Epoch 2/50  iter 400/743  loss=0.4255  lr=5.82e-05
[21:15:03 INFO] Epoch 2/50  iter 450/743  loss=0.3334  lr=5.81e-05
[21:15:15 INFO] Epoch 2/50  iter 500/743  loss=0.9145  lr=5.80e-05
[21:15:28 INFO] Epoch 2/50  iter 550/743  loss=0.3364  lr=5.79e-05
[21:15:40 INFO] Epoch 2/50  iter 600/743  loss=0.3491  lr=5.78e-05
[21:15:53 INFO] Epoch 2/50  iter 650/743  loss=0.7651  lr=5.77e-05
[21:16:05 INFO] Epoch 2/50  iter 700/743  loss=0.2587  lr=5.77e-05
[21:16:16 INFO] Epoch 2 complete — avg_loss=0.4688  time=185s
[21:16:29 INFO] Epoch 3/50  iter 50/743  loss=0.4444  lr=5.75e-05
[21:16:42 INFO] Epoch 3/50  iter 100/743  loss=0.3651  lr=5.74e-05
[21:16:54 INFO] Epoch 3/50  iter 150/743  loss=0.3476  lr=5.74e-05
[21:17:06 INFO] Epoch 3/50  iter 200/743  loss=0.2723  lr=5.73e-05
[21:17:19 INFO] Epoch 3/50  iter 250/743  loss=0.3887  lr=5.72e-05
[21:17:31 INFO] Epoch 3/50  iter 300/743  loss=0.3995  lr=5.71e-05
[21:17:44 INFO] Epoch 3/50  iter 350/743  loss=0.2920  lr=5.70e-05
[21:17:56 INFO] Epoch 3/50  iter 400/743  loss=0.2373  lr=5.70e-05
[21:18:08 INFO] Epoch 3/50  iter 450/743  loss=0.2879  lr=5.69e-05
[21:18:21 INFO] Epoch 3/50  iter 500/743  loss=0.2637  lr=5.68e-05
[21:18:33 INFO] Epoch 3/50  iter 550/743  loss=0.4101  lr=5.67e-05
[21:18:46 INFO] Epoch 3/50  iter 600/743  loss=0.5729  lr=5.66e-05
[21:18:58 INFO] Epoch 3/50  iter 650/743  loss=0.4532  lr=5.65e-05
[21:19:10 INFO] Epoch 3/50  iter 700/743  loss=0.5071  lr=5.65e-05
[21:19:21 INFO] Epoch 3 complete — avg_loss=0.3882  time=185s
[21:19:34 INFO] Epoch 4/50  iter 50/743  loss=0.3062  lr=5.63e-05
[21:19:47 INFO] Epoch 4/50  iter 100/743  loss=0.2180  lr=5.62e-05
[21:19:59 INFO] Epoch 4/50  iter 150/743  loss=0.2224  lr=5.62e-05
[21:20:12 INFO] Epoch 4/50  iter 200/743  loss=0.2629  lr=5.61e-05
[21:20:24 INFO] Epoch 4/50  iter 250/743  loss=0.3941  lr=5.60e-05
[21:20:36 INFO] Epoch 4/50  iter 300/743  loss=0.2811  lr=5.59e-05
[21:20:49 INFO] Epoch 4/50  iter 350/743  loss=0.3349  lr=5.58e-05
[21:21:01 INFO] Epoch 4/50  iter 400/743  loss=0.3499  lr=5.58e-05
[21:21:14 INFO] Epoch 4/50  iter 450/743  loss=0.1941  lr=5.57e-05
[21:21:26 INFO] Epoch 4/50  iter 500/743  loss=0.2145  lr=5.56e-05
[21:21:38 INFO] Epoch 4/50  iter 550/743  loss=0.4831  lr=5.55e-05
[21:21:51 INFO] Epoch 4/50  iter 600/743  loss=0.2599  lr=5.54e-05
[21:22:03 INFO] Epoch 4/50  iter 650/743  loss=0.3525  lr=5.53e-05
[21:22:16 INFO] Epoch 4/50  iter 700/743  loss=0.3379  lr=5.53e-05
[21:22:26 INFO] Epoch 4 complete — avg_loss=0.3503  time=185s
[21:22:40 INFO] Epoch 5/50  iter 50/743  loss=0.2261  lr=5.51e-05
[21:22:52 INFO] Epoch 5/50  iter 100/743  loss=0.2615  lr=5.50e-05
[21:23:05 INFO] Epoch 5/50  iter 150/743  loss=0.1426  lr=5.50e-05
[21:23:17 INFO] Epoch 5/50  iter 200/743  loss=0.1969  lr=5.49e-05
[21:23:29 INFO] Epoch 5/50  iter 250/743  loss=0.2698  lr=5.48e-05
[21:23:42 INFO] Epoch 5/50  iter 300/743  loss=0.3784  lr=5.47e-05
[21:23:54 INFO] Epoch 5/50  iter 350/743  loss=0.1736  lr=5.46e-05
[21:24:06 INFO] Epoch 5/50  iter 400/743  loss=0.4532  lr=5.46e-05
[21:24:19 INFO] Epoch 5/50  iter 450/743  loss=0.7597  lr=5.45e-05
[21:24:31 INFO] Epoch 5/50  iter 500/743  loss=0.3104  lr=5.44e-05
[21:24:44 INFO] Epoch 5/50  iter 550/743  loss=1.5082  lr=5.43e-05
[21:24:56 INFO] Epoch 5/50  iter 600/743  loss=0.3277  lr=5.42e-05
[21:25:08 INFO] Epoch 5/50  iter 650/743  loss=0.2780  lr=5.41e-05
[21:25:21 INFO] Epoch 5/50  iter 700/743  loss=0.2753  lr=5.41e-05
[21:25:31 INFO] Epoch 5 complete — avg_loss=0.3226  time=185s
[21:26:25 INFO]   val mIoU = 0.3593
[21:26:25 INFO]   ★ New best val mIoU: 0.3593
[21:26:39 INFO] Epoch 6/50  iter 50/743  loss=0.2792  lr=5.39e-05
[21:26:51 INFO] Epoch 6/50  iter 100/743  loss=0.4786  lr=5.38e-05
[21:27:04 INFO] Epoch 6/50  iter 150/743  loss=0.3642  lr=5.38e-05
[21:27:16 INFO] Epoch 6/50  iter 200/743  loss=0.2975  lr=5.37e-05
[21:27:28 INFO] Epoch 6/50  iter 250/743  loss=0.2186  lr=5.36e-05
[21:27:41 INFO] Epoch 6/50  iter 300/743  loss=0.1982  lr=5.35e-05
[21:27:53 INFO] Epoch 6/50  iter 350/743  loss=0.1625  lr=5.34e-05
[21:28:06 INFO] Epoch 6/50  iter 400/743  loss=0.3252  lr=5.34e-05
[21:28:18 INFO] Epoch 6/50  iter 450/743  loss=0.2135  lr=5.33e-05
[21:28:30 INFO] Epoch 6/50  iter 500/743  loss=0.3910  lr=5.32e-05
[21:28:43 INFO] Epoch 6/50  iter 550/743  loss=0.3893  lr=5.31e-05
[21:28:55 INFO] Epoch 6/50  iter 600/743  loss=0.2054  lr=5.30e-05
[21:29:07 INFO] Epoch 6/50  iter 650/743  loss=0.3013  lr=5.29e-05
[21:29:20 INFO] Epoch 6/50  iter 700/743  loss=0.2248  lr=5.29e-05
[21:29:31 INFO] Epoch 6 complete — avg_loss=0.3053  time=184s
[21:29:44 INFO] Epoch 7/50  iter 50/743  loss=0.3302  lr=5.27e-05
[21:29:57 INFO] Epoch 7/50  iter 100/743  loss=0.3228  lr=5.26e-05
[21:30:09 INFO] Epoch 7/50  iter 150/743  loss=0.2906  lr=5.26e-05
[21:30:21 INFO] Epoch 7/50  iter 200/743  loss=0.3402  lr=5.25e-05
[21:30:34 INFO] Epoch 7/50  iter 250/743  loss=0.2926  lr=5.24e-05
[21:30:46 INFO] Epoch 7/50  iter 300/743  loss=0.3604  lr=5.23e-05
[21:30:59 INFO] Epoch 7/50  iter 350/743  loss=0.2030  lr=5.22e-05
[21:31:11 INFO] Epoch 7/50  iter 400/743  loss=0.3363  lr=5.22e-05
[21:31:24 INFO] Epoch 7/50  iter 450/743  loss=0.2314  lr=5.21e-05
[21:31:36 INFO] Epoch 7/50  iter 500/743  loss=0.1947  lr=5.20e-05
[21:31:48 INFO] Epoch 7/50  iter 550/743  loss=0.1308  lr=5.19e-05
[21:32:01 INFO] Epoch 7/50  iter 600/743  loss=0.0986  lr=5.18e-05
[21:32:13 INFO] Epoch 7/50  iter 650/743  loss=0.1507  lr=5.17e-05
[21:32:26 INFO] Epoch 7/50  iter 700/743  loss=0.2927  lr=5.17e-05
[21:32:36 INFO] Epoch 7 complete — avg_loss=0.2884  time=185s
[21:32:50 INFO] Epoch 8/50  iter 50/743  loss=0.3781  lr=5.15e-05
[21:33:02 INFO] Epoch 8/50  iter 100/743  loss=0.1822  lr=5.14e-05
[21:33:15 INFO] Epoch 8/50  iter 150/743  loss=0.5245  lr=5.14e-05
[21:33:27 INFO] Epoch 8/50  iter 200/743  loss=0.1308  lr=5.13e-05
[21:33:40 INFO] Epoch 8/50  iter 250/743  loss=0.5663  lr=5.12e-05
[21:33:52 INFO] Epoch 8/50  iter 300/743  loss=0.2604  lr=5.11e-05
[21:34:04 INFO] Epoch 8/50  iter 350/743  loss=0.1344  lr=5.10e-05
[21:34:17 INFO] Epoch 8/50  iter 400/743  loss=0.4124  lr=5.10e-05
[21:34:29 INFO] Epoch 8/50  iter 450/743  loss=0.1794  lr=5.09e-05
[21:34:42 INFO] Epoch 8/50  iter 500/743  loss=0.1980  lr=5.08e-05
[21:34:54 INFO] Epoch 8/50  iter 550/743  loss=0.1387  lr=5.07e-05
[21:35:06 INFO] Epoch 8/50  iter 600/743  loss=0.6895  lr=5.06e-05
[21:35:19 INFO] Epoch 8/50  iter 650/743  loss=0.1702  lr=5.05e-05
[21:35:31 INFO] Epoch 8/50  iter 700/743  loss=0.2035  lr=5.05e-05
[21:35:42 INFO] Epoch 8 complete — avg_loss=0.2759  time=185s
[21:35:55 INFO] Epoch 9/50  iter 50/743  loss=0.2431  lr=5.03e-05
[21:36:08 INFO] Epoch 9/50  iter 100/743  loss=0.2606  lr=5.02e-05
[21:36:20 INFO] Epoch 9/50  iter 150/743  loss=0.1778  lr=5.02e-05
[21:36:32 INFO] Epoch 9/50  iter 200/743  loss=0.2314  lr=5.01e-05
[21:36:45 INFO] Epoch 9/50  iter 250/743  loss=0.2440  lr=5.00e-05
[21:36:57 INFO] Epoch 9/50  iter 300/743  loss=0.2350  lr=4.99e-05
[21:37:10 INFO] Epoch 9/50  iter 350/743  loss=0.3202  lr=4.98e-05
[21:37:22 INFO] Epoch 9/50  iter 400/743  loss=0.2584  lr=4.98e-05
[21:37:34 INFO] Epoch 9/50  iter 450/743  loss=0.4443  lr=4.97e-05
[21:37:47 INFO] Epoch 9/50  iter 500/743  loss=0.3466  lr=4.96e-05
[21:37:59 INFO] Epoch 9/50  iter 550/743  loss=0.4005  lr=4.95e-05
[21:38:11 INFO] Epoch 9/50  iter 600/743  loss=0.2132  lr=4.94e-05
[21:38:24 INFO] Epoch 9/50  iter 650/743  loss=0.2727  lr=4.93e-05
[21:38:36 INFO] Epoch 9/50  iter 700/743  loss=0.2799  lr=4.93e-05
[21:38:47 INFO] Epoch 9 complete — avg_loss=0.2730  time=184s
[21:39:00 INFO] Epoch 10/50  iter 50/743  loss=0.1372  lr=4.91e-05
[21:39:13 INFO] Epoch 10/50  iter 100/743  loss=0.1650  lr=4.90e-05
[21:39:25 INFO] Epoch 10/50  iter 150/743  loss=0.2466  lr=4.90e-05
[21:39:38 INFO] Epoch 10/50  iter 200/743  loss=0.0490  lr=4.89e-05
[21:39:50 INFO] Epoch 10/50  iter 250/743  loss=0.3398  lr=4.88e-05
[21:40:03 INFO] Epoch 10/50  iter 300/743  loss=0.0950  lr=4.87e-05
[21:40:15 INFO] Epoch 10/50  iter 350/743  loss=0.3041  lr=4.86e-05
[21:40:27 INFO] Epoch 10/50  iter 400/743  loss=0.2505  lr=4.86e-05
[21:40:40 INFO] Epoch 10/50  iter 450/743  loss=0.1952  lr=4.85e-05
[21:40:52 INFO] Epoch 10/50  iter 500/743  loss=0.1038  lr=4.84e-05
[21:41:05 INFO] Epoch 10/50  iter 550/743  loss=0.2114  lr=4.83e-05
[21:41:17 INFO] Epoch 10/50  iter 600/743  loss=0.4321  lr=4.82e-05
[21:41:30 INFO] Epoch 10/50  iter 650/743  loss=0.3459  lr=4.81e-05
[21:41:42 INFO] Epoch 10/50  iter 700/743  loss=0.1388  lr=4.81e-05
[21:41:53 INFO] Epoch 10 complete — avg_loss=0.2563  time=185s
[21:42:47 INFO]   val mIoU = 0.5005
[21:42:47 INFO]   ★ New best val mIoU: 0.5005
[21:43:01 INFO] Epoch 11/50  iter 50/743  loss=0.5199  lr=4.79e-05
[21:43:13 INFO] Epoch 11/50  iter 100/743  loss=0.2326  lr=4.78e-05
[21:43:26 INFO] Epoch 11/50  iter 150/743  loss=0.3423  lr=4.78e-05
[21:43:38 INFO] Epoch 11/50  iter 200/743  loss=0.5803  lr=4.77e-05
[21:43:50 INFO] Epoch 11/50  iter 250/743  loss=0.3271  lr=4.76e-05
[21:44:03 INFO] Epoch 11/50  iter 300/743  loss=0.6157  lr=4.75e-05
[21:44:15 INFO] Epoch 11/50  iter 350/743  loss=0.1566  lr=4.74e-05
[21:44:28 INFO] Epoch 11/50  iter 400/743  loss=0.1852  lr=4.74e-05
[21:44:40 INFO] Epoch 11/50  iter 450/743  loss=0.2689  lr=4.73e-05
[21:44:52 INFO] Epoch 11/50  iter 500/743  loss=0.1945  lr=4.72e-05
[21:45:05 INFO] Epoch 11/50  iter 550/743  loss=0.5575  lr=4.71e-05
[21:45:17 INFO] Epoch 11/50  iter 600/743  loss=0.2979  lr=4.70e-05
[21:45:30 INFO] Epoch 11/50  iter 650/743  loss=0.4007  lr=4.69e-05
[21:45:42 INFO] Epoch 11/50  iter 700/743  loss=0.1525  lr=4.69e-05
[21:45:53 INFO] Epoch 11 complete — avg_loss=0.2447  time=185s
[21:46:06 INFO] Epoch 12/50  iter 50/743  loss=0.2122  lr=4.67e-05
[21:46:19 INFO] Epoch 12/50  iter 100/743  loss=0.1372  lr=4.66e-05
[21:46:31 INFO] Epoch 12/50  iter 150/743  loss=0.2950  lr=4.66e-05
[21:46:44 INFO] Epoch 12/50  iter 200/743  loss=0.3106  lr=4.65e-05
[21:46:56 INFO] Epoch 12/50  iter 250/743  loss=0.3934  lr=4.64e-05
[21:47:08 INFO] Epoch 12/50  iter 300/743  loss=0.2522  lr=4.63e-05
[21:47:21 INFO] Epoch 12/50  iter 350/743  loss=0.4018  lr=4.62e-05
[21:47:33 INFO] Epoch 12/50  iter 400/743  loss=0.2924  lr=4.62e-05
[21:47:45 INFO] Epoch 12/50  iter 450/743  loss=0.0705  lr=4.61e-05
[21:47:58 INFO] Epoch 12/50  iter 500/743  loss=0.1456  lr=4.60e-05
[21:48:10 INFO] Epoch 12/50  iter 550/743  loss=0.1809  lr=4.59e-05
[21:48:23 INFO] Epoch 12/50  iter 600/743  loss=0.2163  lr=4.58e-05
[21:48:35 INFO] Epoch 12/50  iter 650/743  loss=0.1465  lr=4.57e-05
[21:48:47 INFO] Epoch 12/50  iter 700/743  loss=0.1428  lr=4.57e-05
[21:48:58 INFO] Epoch 12 complete — avg_loss=0.2393  time=185s
[21:49:12 INFO] Epoch 13/50  iter 50/743  loss=0.1917  lr=4.55e-05
[21:49:24 INFO] Epoch 13/50  iter 100/743  loss=0.0513  lr=4.54e-05
[21:49:36 INFO] Epoch 13/50  iter 150/743  loss=0.2628  lr=4.54e-05
[21:49:49 INFO] Epoch 13/50  iter 200/743  loss=0.1177  lr=4.53e-05
[21:50:01 INFO] Epoch 13/50  iter 250/743  loss=0.1851  lr=4.52e-05
[21:50:14 INFO] Epoch 13/50  iter 300/743  loss=0.2122  lr=4.51e-05
[21:50:26 INFO] Epoch 13/50  iter 350/743  loss=0.2045  lr=4.50e-05
[21:50:38 INFO] Epoch 13/50  iter 400/743  loss=0.1460  lr=4.50e-05
[21:50:51 INFO] Epoch 13/50  iter 450/743  loss=0.3607  lr=4.49e-05
[21:51:03 INFO] Epoch 13/50  iter 500/743  loss=0.1328  lr=4.48e-05
[21:51:15 INFO] Epoch 13/50  iter 550/743  loss=0.1410  lr=4.47e-05
[21:51:28 INFO] Epoch 13/50  iter 600/743  loss=0.1709  lr=4.46e-05
[21:51:40 INFO] Epoch 13/50  iter 650/743  loss=0.1349  lr=4.45e-05
[21:51:53 INFO] Epoch 13/50  iter 700/743  loss=0.1689  lr=4.45e-05
[21:52:03 INFO] Epoch 13 complete — avg_loss=0.2424  time=184s
[21:52:17 INFO] Epoch 14/50  iter 50/743  loss=0.1301  lr=4.43e-05
[21:52:29 INFO] Epoch 14/50  iter 100/743  loss=0.2065  lr=4.42e-05
[21:52:42 INFO] Epoch 14/50  iter 150/743  loss=0.1649  lr=4.42e-05
[21:52:54 INFO] Epoch 14/50  iter 200/743  loss=0.1981  lr=4.41e-05
[21:53:06 INFO] Epoch 14/50  iter 250/743  loss=0.2272  lr=4.40e-05
[21:53:19 INFO] Epoch 14/50  iter 300/743  loss=0.2398  lr=4.39e-05
[21:53:31 INFO] Epoch 14/50  iter 350/743  loss=0.1936  lr=4.38e-05
[21:53:44 INFO] Epoch 14/50  iter 400/743  loss=0.6390  lr=4.38e-05
[21:53:56 INFO] Epoch 14/50  iter 450/743  loss=0.2327  lr=4.37e-05
[21:54:09 INFO] Epoch 14/50  iter 500/743  loss=0.1430  lr=4.36e-05
[21:54:21 INFO] Epoch 14/50  iter 550/743  loss=0.3588  lr=4.35e-05
[21:54:33 INFO] Epoch 14/50  iter 600/743  loss=0.2358  lr=4.34e-05
[21:54:46 INFO] Epoch 14/50  iter 650/743  loss=0.1226  lr=4.33e-05
[21:54:58 INFO] Epoch 14/50  iter 700/743  loss=0.2053  lr=4.33e-05
[21:55:09 INFO] Epoch 14 complete — avg_loss=0.2330  time=185s
[21:55:23 INFO] Epoch 15/50  iter 50/743  loss=0.1372  lr=4.31e-05
[21:55:35 INFO] Epoch 15/50  iter 100/743  loss=0.1851  lr=4.30e-05
[21:55:47 INFO] Epoch 15/50  iter 150/743  loss=0.3219  lr=4.30e-05
[21:56:00 INFO] Epoch 15/50  iter 200/743  loss=0.1647  lr=4.29e-05
[21:56:12 INFO] Epoch 15/50  iter 250/743  loss=0.2390  lr=4.28e-05
[21:56:25 INFO] Epoch 15/50  iter 300/743  loss=0.3211  lr=4.27e-05
[21:56:37 INFO] Epoch 15/50  iter 350/743  loss=0.1697  lr=4.26e-05
[21:56:49 INFO] Epoch 15/50  iter 400/743  loss=0.1766  lr=4.26e-05
[21:57:02 INFO] Epoch 15/50  iter 450/743  loss=0.1561  lr=4.25e-05
[21:57:14 INFO] Epoch 15/50  iter 500/743  loss=0.3189  lr=4.24e-05
[21:57:27 INFO] Epoch 15/50  iter 550/743  loss=0.2394  lr=4.23e-05
[21:57:39 INFO] Epoch 15/50  iter 600/743  loss=0.1625  lr=4.22e-05
[21:57:51 INFO] Epoch 15/50  iter 650/743  loss=0.1639  lr=4.21e-05
[21:58:04 INFO] Epoch 15/50  iter 700/743  loss=0.1099  lr=4.21e-05
[21:58:14 INFO] Epoch 15 complete — avg_loss=0.2362  time=185s
[21:59:08 INFO]   val mIoU = 0.4961
[21:59:21 INFO] Epoch 16/50  iter 50/743  loss=0.1456  lr=4.19e-05
[21:59:34 INFO] Epoch 16/50  iter 100/743  loss=0.2090  lr=4.18e-05
[21:59:46 INFO] Epoch 16/50  iter 150/743  loss=0.1548  lr=4.18e-05
[21:59:58 INFO] Epoch 16/50  iter 200/743  loss=0.1139  lr=4.17e-05
[22:00:11 INFO] Epoch 16/50  iter 250/743  loss=0.1673  lr=4.16e-05
[22:00:23 INFO] Epoch 16/50  iter 300/743  loss=0.1438  lr=4.15e-05
[22:00:35 INFO] Epoch 16/50  iter 350/743  loss=0.3693  lr=4.14e-05
[22:00:48 INFO] Epoch 16/50  iter 400/743  loss=0.0712  lr=4.14e-05
[22:01:00 INFO] Epoch 16/50  iter 450/743  loss=0.1620  lr=4.13e-05
[22:01:13 INFO] Epoch 16/50  iter 500/743  loss=0.2343  lr=4.12e-05
[22:01:25 INFO] Epoch 16/50  iter 550/743  loss=0.1644  lr=4.11e-05
[22:01:37 INFO] Epoch 16/50  iter 600/743  loss=0.3349  lr=4.10e-05
[22:01:50 INFO] Epoch 16/50  iter 650/743  loss=0.1520  lr=4.09e-05
[22:02:02 INFO] Epoch 16/50  iter 700/743  loss=0.1816  lr=4.09e-05
[22:02:13 INFO] Epoch 16 complete — avg_loss=0.2188  time=185s
[22:02:26 INFO] Epoch 17/50  iter 50/743  loss=0.1190  lr=4.07e-05
[22:02:39 INFO] Epoch 17/50  iter 100/743  loss=0.1505  lr=4.06e-05
[22:02:51 INFO] Epoch 17/50  iter 150/743  loss=0.1748  lr=4.06e-05
[22:03:04 INFO] Epoch 17/50  iter 200/743  loss=0.0704  lr=4.05e-05
[22:03:16 INFO] Epoch 17/50  iter 250/743  loss=0.1164  lr=4.04e-05
[22:03:29 INFO] Epoch 17/50  iter 300/743  loss=0.1854  lr=4.03e-05
[22:03:41 INFO] Epoch 17/50  iter 350/743  loss=0.1466  lr=4.02e-05
[22:03:53 INFO] Epoch 17/50  iter 400/743  loss=0.2110  lr=4.02e-05
[22:04:06 INFO] Epoch 17/50  iter 450/743  loss=0.2049  lr=4.01e-05
[22:04:18 INFO] Epoch 17/50  iter 500/743  loss=0.2435  lr=4.00e-05
[22:04:31 INFO] Epoch 17/50  iter 550/743  loss=0.3506  lr=3.99e-05
[22:04:43 INFO] Epoch 17/50  iter 600/743  loss=0.1148  lr=3.98e-05
[22:04:56 INFO] Epoch 17/50  iter 650/743  loss=0.1302  lr=3.97e-05
[22:05:08 INFO] Epoch 17/50  iter 700/743  loss=0.0939  lr=3.97e-05
[22:05:19 INFO] Epoch 17 complete — avg_loss=0.2156  time=185s
[22:05:32 INFO] Epoch 18/50  iter 50/743  loss=0.2178  lr=3.95e-05
[22:05:45 INFO] Epoch 18/50  iter 100/743  loss=0.5098  lr=3.94e-05
[22:05:57 INFO] Epoch 18/50  iter 150/743  loss=0.2376  lr=3.94e-05
[22:06:09 INFO] Epoch 18/50  iter 200/743  loss=0.2019  lr=3.93e-05
[22:06:22 INFO] Epoch 18/50  iter 250/743  loss=0.2133  lr=3.92e-05
[22:06:34 INFO] Epoch 18/50  iter 300/743  loss=0.2477  lr=3.91e-05
[22:06:47 INFO] Epoch 18/50  iter 350/743  loss=0.2371  lr=3.90e-05
[22:06:59 INFO] Epoch 18/50  iter 400/743  loss=0.1870  lr=3.90e-05
[22:07:11 INFO] Epoch 18/50  iter 450/743  loss=0.0961  lr=3.89e-05
[22:07:24 INFO] Epoch 18/50  iter 500/743  loss=0.0933  lr=3.88e-05
[22:07:36 INFO] Epoch 18/50  iter 550/743  loss=0.1133  lr=3.87e-05
[22:07:48 INFO] Epoch 18/50  iter 600/743  loss=0.2848  lr=3.86e-05
[22:08:01 INFO] Epoch 18/50  iter 650/743  loss=0.1278  lr=3.85e-05
[22:08:13 INFO] Epoch 18/50  iter 700/743  loss=0.3019  lr=3.85e-05
[22:08:24 INFO] Epoch 18 complete — avg_loss=0.2064  time=184s
[22:08:38 INFO] Epoch 19/50  iter 50/743  loss=0.2569  lr=3.83e-05
[22:08:50 INFO] Epoch 19/50  iter 100/743  loss=0.1651  lr=3.82e-05
[22:09:02 INFO] Epoch 19/50  iter 150/743  loss=0.1917  lr=3.82e-05
[22:09:15 INFO] Epoch 19/50  iter 200/743  loss=0.1460  lr=3.81e-05
[22:09:27 INFO] Epoch 19/50  iter 250/743  loss=0.1373  lr=3.80e-05
[22:09:40 INFO] Epoch 19/50  iter 300/743  loss=0.1150  lr=3.79e-05
[22:09:52 INFO] Epoch 19/50  iter 350/743  loss=0.1603  lr=3.78e-05
[22:10:05 INFO] Epoch 19/50  iter 400/743  loss=0.1314  lr=3.78e-05
[22:10:17 INFO] Epoch 19/50  iter 450/743  loss=0.3121  lr=3.77e-05
[22:10:29 INFO] Epoch 19/50  iter 500/743  loss=0.0911  lr=3.76e-05
[22:10:42 INFO] Epoch 19/50  iter 550/743  loss=0.2449  lr=3.75e-05
[22:10:54 INFO] Epoch 19/50  iter 600/743  loss=0.3629  lr=3.74e-05
[22:11:07 INFO] Epoch 19/50  iter 650/743  loss=0.1349  lr=3.73e-05
[22:11:19 INFO] Epoch 19/50  iter 700/743  loss=0.1551  lr=3.73e-05
[22:11:30 INFO] Epoch 19 complete — avg_loss=0.2140  time=185s
[22:11:44 INFO] Epoch 20/50  iter 50/743  loss=0.2464  lr=3.71e-05
[22:11:56 INFO] Epoch 20/50  iter 100/743  loss=0.1337  lr=3.70e-05
[22:12:08 INFO] Epoch 20/50  iter 150/743  loss=0.1426  lr=3.70e-05
[22:12:21 INFO] Epoch 20/50  iter 200/743  loss=0.2026  lr=3.69e-05
[22:12:33 INFO] Epoch 20/50  iter 250/743  loss=0.1821  lr=3.68e-05
[22:12:46 INFO] Epoch 20/50  iter 300/743  loss=0.0990  lr=3.67e-05
[22:12:58 INFO] Epoch 20/50  iter 350/743  loss=0.1175  lr=3.66e-05
[22:13:10 INFO] Epoch 20/50  iter 400/743  loss=0.1352  lr=3.66e-05
[22:13:23 INFO] Epoch 20/50  iter 450/743  loss=0.2787  lr=3.65e-05
[22:13:35 INFO] Epoch 20/50  iter 500/743  loss=0.2393  lr=3.64e-05
[22:13:47 INFO] Epoch 20/50  iter 550/743  loss=0.1461  lr=3.63e-05
[22:14:00 INFO] Epoch 20/50  iter 600/743  loss=0.0915  lr=3.62e-05
[22:14:12 INFO] Epoch 20/50  iter 650/743  loss=0.2482  lr=3.61e-05
[22:14:25 INFO] Epoch 20/50  iter 700/743  loss=0.1753  lr=3.61e-05
[22:14:35 INFO] Epoch 20 complete — avg_loss=0.2104  time=184s
[22:15:29 INFO]   val mIoU = 0.5090
[22:15:30 INFO]   ★ New best val mIoU: 0.5090
[22:15:43 INFO] Epoch 21/50  iter 50/743  loss=0.1543  lr=3.59e-05
[22:15:56 INFO] Epoch 21/50  iter 100/743  loss=0.1522  lr=3.58e-05
[22:16:08 INFO] Epoch 21/50  iter 150/743  loss=0.0807  lr=3.58e-05
[22:16:21 INFO] Epoch 21/50  iter 200/743  loss=1.2420  lr=3.57e-05
[22:16:33 INFO] Epoch 21/50  iter 250/743  loss=0.1731  lr=3.56e-05
[22:16:45 INFO] Epoch 21/50  iter 300/743  loss=0.1592  lr=3.55e-05
[22:16:58 INFO] Epoch 21/50  iter 350/743  loss=0.1319  lr=3.54e-05
[22:17:10 INFO] Epoch 21/50  iter 400/743  loss=0.2136  lr=3.54e-05
[22:17:22 INFO] Epoch 21/50  iter 450/743  loss=0.1473  lr=3.53e-05
[22:17:35 INFO] Epoch 21/50  iter 500/743  loss=0.1222  lr=3.52e-05
[22:17:47 INFO] Epoch 21/50  iter 550/743  loss=0.1136  lr=3.51e-05
[22:17:59 INFO] Epoch 21/50  iter 600/743  loss=0.1580  lr=3.50e-05
[22:18:12 INFO] Epoch 21/50  iter 650/743  loss=0.2837  lr=3.49e-05
[22:18:24 INFO] Epoch 21/50  iter 700/743  loss=0.1380  lr=3.49e-05
[22:18:35 INFO] Epoch 21 complete — avg_loss=0.1958  time=184s
[22:18:49 INFO] Epoch 22/50  iter 50/743  loss=0.1549  lr=3.47e-05
[22:19:01 INFO] Epoch 22/50  iter 100/743  loss=0.1108  lr=3.46e-05
[22:19:13 INFO] Epoch 22/50  iter 150/743  loss=0.1006  lr=3.46e-05
[22:19:26 INFO] Epoch 22/50  iter 200/743  loss=0.4245  lr=3.45e-05
[22:19:38 INFO] Epoch 22/50  iter 250/743  loss=0.1901  lr=3.44e-05
[22:19:51 INFO] Epoch 22/50  iter 300/743  loss=0.1415  lr=3.43e-05
[22:20:03 INFO] Epoch 22/50  iter 350/743  loss=0.2224  lr=3.42e-05
[22:20:16 INFO] Epoch 22/50  iter 400/743  loss=0.1539  lr=3.42e-05
[22:20:28 INFO] Epoch 22/50  iter 450/743  loss=0.1276  lr=3.41e-05
[22:20:40 INFO] Epoch 22/50  iter 500/743  loss=0.2013  lr=3.40e-05
[22:20:53 INFO] Epoch 22/50  iter 550/743  loss=0.2007  lr=3.39e-05
[22:21:05 INFO] Epoch 22/50  iter 600/743  loss=0.1256  lr=3.38e-05
[22:21:18 INFO] Epoch 22/50  iter 650/743  loss=0.2374  lr=3.37e-05
[22:21:30 INFO] Epoch 22/50  iter 700/743  loss=0.2435  lr=3.37e-05
[22:21:41 INFO] Epoch 22 complete — avg_loss=0.1924  time=185s
[22:21:55 INFO] Epoch 23/50  iter 50/743  loss=0.1413  lr=3.35e-05
[22:22:07 INFO] Epoch 23/50  iter 100/743  loss=0.1089  lr=3.34e-05
[22:22:20 INFO] Epoch 23/50  iter 150/743  loss=0.7235  lr=3.34e-05
[22:22:32 INFO] Epoch 23/50  iter 200/743  loss=0.1553  lr=3.33e-05
[22:22:44 INFO] Epoch 23/50  iter 250/743  loss=0.2781  lr=3.32e-05
[22:22:57 INFO] Epoch 23/50  iter 300/743  loss=0.1297  lr=3.31e-05
[22:23:09 INFO] Epoch 23/50  iter 350/743  loss=0.0549  lr=3.30e-05
[22:23:22 INFO] Epoch 23/50  iter 400/743  loss=0.1962  lr=3.30e-05
[22:23:34 INFO] Epoch 23/50  iter 450/743  loss=0.1808  lr=3.29e-05
[22:23:47 INFO] Epoch 23/50  iter 500/743  loss=0.1812  lr=3.28e-05
[22:23:59 INFO] Epoch 23/50  iter 550/743  loss=0.1584  lr=3.27e-05
[22:24:11 INFO] Epoch 23/50  iter 600/743  loss=0.1137  lr=3.26e-05
[22:24:24 INFO] Epoch 23/50  iter 650/743  loss=0.2063  lr=3.25e-05
[22:24:36 INFO] Epoch 23/50  iter 700/743  loss=0.1029  lr=3.25e-05
[22:24:47 INFO] Epoch 23 complete — avg_loss=0.1880  time=185s
[22:25:01 INFO] Epoch 24/50  iter 50/743  loss=0.1066  lr=3.23e-05
[22:25:13 INFO] Epoch 24/50  iter 100/743  loss=0.2016  lr=3.22e-05
[22:25:26 INFO] Epoch 24/50  iter 150/743  loss=0.1461  lr=3.22e-05
[22:25:38 INFO] Epoch 24/50  iter 200/743  loss=0.1116  lr=3.21e-05
[22:25:51 INFO] Epoch 24/50  iter 250/743  loss=0.0710  lr=3.20e-05
[22:26:03 INFO] Epoch 24/50  iter 300/743  loss=0.1372  lr=3.19e-05
[22:26:15 INFO] Epoch 24/50  iter 350/743  loss=0.0966  lr=3.18e-05
[22:26:28 INFO] Epoch 24/50  iter 400/743  loss=0.2218  lr=3.18e-05
[22:26:40 INFO] Epoch 24/50  iter 450/743  loss=0.1137  lr=3.17e-05
[22:26:53 INFO] Epoch 24/50  iter 500/743  loss=0.1400  lr=3.16e-05
[22:27:05 INFO] Epoch 24/50  iter 550/743  loss=0.1284  lr=3.15e-05
[22:27:18 INFO] Epoch 24/50  iter 600/743  loss=0.1078  lr=3.14e-05
[22:27:30 INFO] Epoch 24/50  iter 650/743  loss=0.2378  lr=3.13e-05
[22:27:42 INFO] Epoch 24/50  iter 700/743  loss=0.1386  lr=3.13e-05
[22:27:53 INFO] Epoch 24 complete — avg_loss=0.1881  time=185s
[22:28:07 INFO] Epoch 25/50  iter 50/743  loss=0.0961  lr=3.11e-05
[22:28:19 INFO] Epoch 25/50  iter 100/743  loss=0.2373  lr=3.10e-05
[22:28:32 INFO] Epoch 25/50  iter 150/743  loss=0.1211  lr=3.10e-05
[22:28:44 INFO] Epoch 25/50  iter 200/743  loss=0.1167  lr=3.09e-05
[22:28:57 INFO] Epoch 25/50  iter 250/743  loss=0.1885  lr=3.08e-05
[22:29:09 INFO] Epoch 25/50  iter 300/743  loss=0.1498  lr=3.07e-05
[22:29:22 INFO] Epoch 25/50  iter 350/743  loss=0.2164  lr=3.06e-05
[22:29:34 INFO] Epoch 25/50  iter 400/743  loss=0.1014  lr=3.06e-05
[22:29:46 INFO] Epoch 25/50  iter 450/743  loss=0.4156  lr=3.05e-05
[22:29:59 INFO] Epoch 25/50  iter 500/743  loss=0.1408  lr=3.04e-05
[22:30:11 INFO] Epoch 25/50  iter 550/743  loss=0.2744  lr=3.03e-05
[22:30:24 INFO] Epoch 25/50  iter 600/743  loss=0.1622  lr=3.02e-05
[22:30:36 INFO] Epoch 25/50  iter 650/743  loss=0.1262  lr=3.01e-05
[22:30:49 INFO] Epoch 25/50  iter 700/743  loss=0.1530  lr=3.01e-05
[22:30:59 INFO] Epoch 25 complete — avg_loss=0.1855  time=185s
[22:31:53 INFO]   val mIoU = 0.5740
[22:31:54 INFO]   ★ New best val mIoU: 0.5740
[22:32:08 INFO] Epoch 26/50  iter 50/743  loss=0.1776  lr=2.99e-05
[22:32:20 INFO] Epoch 26/50  iter 100/743  loss=0.1255  lr=2.98e-05
[22:32:33 INFO] Epoch 26/50  iter 150/743  loss=0.1464  lr=2.98e-05
[22:32:45 INFO] Epoch 26/50  iter 200/743  loss=0.0956  lr=2.97e-05
[22:32:58 INFO] Epoch 26/50  iter 250/743  loss=0.1388  lr=2.96e-05
[22:33:10 INFO] Epoch 26/50  iter 300/743  loss=0.2518  lr=2.95e-05
[22:33:22 INFO] Epoch 26/50  iter 350/743  loss=0.0969  lr=2.94e-05
[22:33:35 INFO] Epoch 26/50  iter 400/743  loss=0.1097  lr=2.94e-05
[22:33:47 INFO] Epoch 26/50  iter 450/743  loss=0.1006  lr=2.93e-05
[22:33:59 INFO] Epoch 26/50  iter 500/743  loss=0.2002  lr=2.92e-05
[22:34:12 INFO] Epoch 26/50  iter 550/743  loss=0.2067  lr=2.91e-05
[22:34:24 INFO] Epoch 26/50  iter 600/743  loss=0.0940  lr=2.90e-05
[22:34:37 INFO] Epoch 26/50  iter 650/743  loss=0.0924  lr=2.89e-05
[22:34:49 INFO] Epoch 26/50  iter 700/743  loss=0.1858  lr=2.89e-05
[22:35:00 INFO] Epoch 26 complete — avg_loss=0.1850  time=185s
[22:35:13 INFO] Epoch 27/50  iter 50/743  loss=0.1050  lr=2.87e-05
[22:35:26 INFO] Epoch 27/50  iter 100/743  loss=0.1172  lr=2.86e-05
[22:35:38 INFO] Epoch 27/50  iter 150/743  loss=0.0960  lr=2.86e-05
[22:35:51 INFO] Epoch 27/50  iter 200/743  loss=0.0924  lr=2.85e-05
[22:36:03 INFO] Epoch 27/50  iter 250/743  loss=0.1926  lr=2.84e-05
[22:36:15 INFO] Epoch 27/50  iter 300/743  loss=0.1152  lr=2.83e-05
[22:36:28 INFO] Epoch 27/50  iter 350/743  loss=0.1159  lr=2.82e-05
[22:36:40 INFO] Epoch 27/50  iter 400/743  loss=0.1258  lr=2.82e-05
[22:36:53 INFO] Epoch 27/50  iter 450/743  loss=0.1840  lr=2.81e-05
[22:37:05 INFO] Epoch 27/50  iter 500/743  loss=0.1154  lr=2.80e-05
[22:37:18 INFO] Epoch 27/50  iter 550/743  loss=0.1435  lr=2.79e-05
[22:37:30 INFO] Epoch 27/50  iter 600/743  loss=0.4073  lr=2.78e-05
[22:37:43 INFO] Epoch 27/50  iter 650/743  loss=0.0978  lr=2.77e-05
[22:37:55 INFO] Epoch 27/50  iter 700/743  loss=0.2297  lr=2.77e-05
[22:38:06 INFO] Epoch 27 complete — avg_loss=0.1811  time=185s
[22:38:19 INFO] Epoch 28/50  iter 50/743  loss=0.1731  lr=2.75e-05
[22:38:32 INFO] Epoch 28/50  iter 100/743  loss=0.2563  lr=2.74e-05
[22:38:44 INFO] Epoch 28/50  iter 150/743  loss=0.1371  lr=2.74e-05
[22:38:57 INFO] Epoch 28/50  iter 200/743  loss=0.0754  lr=2.73e-05
[22:39:09 INFO] Epoch 28/50  iter 250/743  loss=0.0817  lr=2.72e-05
[22:39:22 INFO] Epoch 28/50  iter 300/743  loss=0.1628  lr=2.71e-05
[22:39:34 INFO] Epoch 28/50  iter 350/743  loss=0.2139  lr=2.70e-05
[22:39:47 INFO] Epoch 28/50  iter 400/743  loss=0.1250  lr=2.70e-05
[22:39:59 INFO] Epoch 28/50  iter 450/743  loss=0.0761  lr=2.69e-05
[22:40:11 INFO] Epoch 28/50  iter 500/743  loss=0.1883  lr=2.68e-05
[22:40:24 INFO] Epoch 28/50  iter 550/743  loss=0.0631  lr=2.67e-05
[22:40:36 INFO] Epoch 28/50  iter 600/743  loss=0.1101  lr=2.66e-05
[22:40:49 INFO] Epoch 28/50  iter 650/743  loss=0.1996  lr=2.65e-05
[22:41:01 INFO] Epoch 28/50  iter 700/743  loss=0.2071  lr=2.65e-05
[22:41:12 INFO] Epoch 28 complete — avg_loss=0.1848  time=185s
[22:41:26 INFO] Epoch 29/50  iter 50/743  loss=0.1740  lr=2.63e-05
[22:41:38 INFO] Epoch 29/50  iter 100/743  loss=0.3643  lr=2.62e-05
[22:41:51 INFO] Epoch 29/50  iter 150/743  loss=0.1570  lr=2.62e-05
[22:42:03 INFO] Epoch 29/50  iter 200/743  loss=0.2019  lr=2.61e-05
[22:42:15 INFO] Epoch 29/50  iter 250/743  loss=0.1153  lr=2.60e-05
[22:42:28 INFO] Epoch 29/50  iter 300/743  loss=0.1151  lr=2.59e-05
[22:42:40 INFO] Epoch 29/50  iter 350/743  loss=0.2303  lr=2.58e-05
[22:42:53 INFO] Epoch 29/50  iter 400/743  loss=0.1514  lr=2.58e-05
[22:43:05 INFO] Epoch 29/50  iter 450/743  loss=0.7500  lr=2.57e-05
[22:43:18 INFO] Epoch 29/50  iter 500/743  loss=0.1466  lr=2.56e-05
[22:43:30 INFO] Epoch 29/50  iter 550/743  loss=0.1296  lr=2.55e-05
[22:43:42 INFO] Epoch 29/50  iter 600/743  loss=0.2117  lr=2.54e-05
[22:43:55 INFO] Epoch 29/50  iter 650/743  loss=0.8839  lr=2.53e-05
[22:44:07 INFO] Epoch 29/50  iter 700/743  loss=0.1552  lr=2.53e-05
[22:44:18 INFO] Epoch 29 complete — avg_loss=0.1786  time=185s
[22:44:32 INFO] Epoch 30/50  iter 50/743  loss=0.0793  lr=2.51e-05
[22:44:44 INFO] Epoch 30/50  iter 100/743  loss=0.1968  lr=2.50e-05
[22:44:57 INFO] Epoch 30/50  iter 150/743  loss=0.1081  lr=2.50e-05
[22:45:09 INFO] Epoch 30/50  iter 200/743  loss=0.2992  lr=2.49e-05
[22:45:21 INFO] Epoch 30/50  iter 250/743  loss=0.1420  lr=2.48e-05
[22:45:34 INFO] Epoch 30/50  iter 300/743  loss=0.2262  lr=2.47e-05
[22:45:46 INFO] Epoch 30/50  iter 350/743  loss=0.2108  lr=2.46e-05
[22:45:59 INFO] Epoch 30/50  iter 400/743  loss=0.1806  lr=2.46e-05
[22:46:11 INFO] Epoch 30/50  iter 450/743  loss=0.2101  lr=2.45e-05
[22:46:24 INFO] Epoch 30/50  iter 500/743  loss=0.1547  lr=2.44e-05
[22:46:36 INFO] Epoch 30/50  iter 550/743  loss=0.1788  lr=2.43e-05
[22:46:48 INFO] Epoch 30/50  iter 600/743  loss=0.1971  lr=2.42e-05
[22:47:01 INFO] Epoch 30/50  iter 650/743  loss=0.2094  lr=2.41e-05
[22:47:13 INFO] Epoch 30/50  iter 700/743  loss=0.1459  lr=2.41e-05
[22:47:24 INFO] Epoch 30 complete — avg_loss=0.1726  time=185s
[22:48:17 INFO]   val mIoU = 0.5300
[22:48:31 INFO] Epoch 31/50  iter 50/743  loss=0.1054  lr=2.39e-05
[22:48:43 INFO] Epoch 31/50  iter 100/743  loss=0.1999  lr=2.38e-05
[22:48:56 INFO] Epoch 31/50  iter 150/743  loss=0.1946  lr=2.38e-05
[22:49:08 INFO] Epoch 31/50  iter 200/743  loss=0.2323  lr=2.37e-05
[22:49:20 INFO] Epoch 31/50  iter 250/743  loss=0.1267  lr=2.36e-05
[22:49:33 INFO] Epoch 31/50  iter 300/743  loss=0.5809  lr=2.35e-05
[22:49:45 INFO] Epoch 31/50  iter 350/743  loss=0.0689  lr=2.34e-05
[22:49:58 INFO] Epoch 31/50  iter 400/743  loss=0.1332  lr=2.34e-05
[22:50:10 INFO] Epoch 31/50  iter 450/743  loss=0.1763  lr=2.33e-05
[22:50:22 INFO] Epoch 31/50  iter 500/743  loss=0.2019  lr=2.32e-05
[22:50:35 INFO] Epoch 31/50  iter 550/743  loss=0.2026  lr=2.31e-05
[22:50:47 INFO] Epoch 31/50  iter 600/743  loss=0.0658  lr=2.30e-05
[22:51:00 INFO] Epoch 31/50  iter 650/743  loss=0.1829  lr=2.29e-05
[22:51:12 INFO] Epoch 31/50  iter 700/743  loss=0.0864  lr=2.29e-05
[22:51:23 INFO] Epoch 31 complete — avg_loss=0.1675  time=185s
[22:51:36 INFO] Epoch 32/50  iter 50/743  loss=0.0941  lr=2.27e-05
[22:51:49 INFO] Epoch 32/50  iter 100/743  loss=0.2174  lr=2.26e-05
[22:52:01 INFO] Epoch 32/50  iter 150/743  loss=0.1928  lr=2.26e-05
[22:52:14 INFO] Epoch 32/50  iter 200/743  loss=0.2089  lr=2.25e-05
[22:52:26 INFO] Epoch 32/50  iter 250/743  loss=0.1689  lr=2.24e-05
[22:52:39 INFO] Epoch 32/50  iter 300/743  loss=0.1299  lr=2.23e-05
[22:52:51 INFO] Epoch 32/50  iter 350/743  loss=0.1080  lr=2.22e-05
[22:53:04 INFO] Epoch 32/50  iter 400/743  loss=0.3487  lr=2.22e-05
[22:53:16 INFO] Epoch 32/50  iter 450/743  loss=0.0643  lr=2.21e-05
[22:53:28 INFO] Epoch 32/50  iter 500/743  loss=0.0877  lr=2.20e-05
[22:53:41 INFO] Epoch 32/50  iter 550/743  loss=0.1644  lr=2.19e-05
[22:53:53 INFO] Epoch 32/50  iter 600/743  loss=0.3011  lr=2.18e-05
[22:54:06 INFO] Epoch 32/50  iter 650/743  loss=0.1358  lr=2.17e-05
[22:54:18 INFO] Epoch 32/50  iter 700/743  loss=0.0883  lr=2.17e-05
[22:54:29 INFO] Epoch 32 complete — avg_loss=0.1669  time=185s
[22:54:43 INFO] Epoch 33/50  iter 50/743  loss=0.2250  lr=2.15e-05
[22:54:55 INFO] Epoch 33/50  iter 100/743  loss=0.2201  lr=2.14e-05
[22:55:08 INFO] Epoch 33/50  iter 150/743  loss=0.1265  lr=2.14e-05
[22:55:20 INFO] Epoch 33/50  iter 200/743  loss=0.1211  lr=2.13e-05
[22:55:33 INFO] Epoch 33/50  iter 250/743  loss=0.0952  lr=2.12e-05
[22:55:45 INFO] Epoch 33/50  iter 300/743  loss=0.1415  lr=2.11e-05
[22:55:57 INFO] Epoch 33/50  iter 350/743  loss=0.1346  lr=2.10e-05
[22:56:10 INFO] Epoch 33/50  iter 400/743  loss=0.1637  lr=2.10e-05
[22:56:22 INFO] Epoch 33/50  iter 450/743  loss=0.2722  lr=2.09e-05
[22:56:35 INFO] Epoch 33/50  iter 500/743  loss=0.1854  lr=2.08e-05
[22:56:47 INFO] Epoch 33/50  iter 550/743  loss=0.1641  lr=2.07e-05
[22:57:00 INFO] Epoch 33/50  iter 600/743  loss=0.2067  lr=2.06e-05
[22:57:12 INFO] Epoch 33/50  iter 650/743  loss=0.5601  lr=2.05e-05
[22:57:24 INFO] Epoch 33/50  iter 700/743  loss=0.2071  lr=2.05e-05
[22:57:35 INFO] Epoch 33 complete — avg_loss=0.1658  time=185s
[22:57:49 INFO] Epoch 34/50  iter 50/743  loss=0.1692  lr=2.03e-05
[22:58:01 INFO] Epoch 34/50  iter 100/743  loss=0.1621  lr=2.02e-05
[22:58:14 INFO] Epoch 34/50  iter 150/743  loss=0.3423  lr=2.02e-05
[22:58:26 INFO] Epoch 34/50  iter 200/743  loss=0.1242  lr=2.01e-05
[22:58:39 INFO] Epoch 34/50  iter 250/743  loss=0.0871  lr=2.00e-05
[22:58:51 INFO] Epoch 34/50  iter 300/743  loss=0.1044  lr=1.99e-05
[22:59:04 INFO] Epoch 34/50  iter 350/743  loss=0.1158  lr=1.98e-05
[22:59:16 INFO] Epoch 34/50  iter 400/743  loss=0.0927  lr=1.98e-05
[22:59:28 INFO] Epoch 34/50  iter 450/743  loss=0.1434  lr=1.97e-05
[22:59:41 INFO] Epoch 34/50  iter 500/743  loss=0.1807  lr=1.96e-05
[22:59:53 INFO] Epoch 34/50  iter 550/743  loss=0.1948  lr=1.95e-05
[23:00:06 INFO] Epoch 34/50  iter 600/743  loss=0.3649  lr=1.94e-05
[23:00:18 INFO] Epoch 34/50  iter 650/743  loss=0.2225  lr=1.93e-05
[23:00:31 INFO] Epoch 34/50  iter 700/743  loss=0.1037  lr=1.93e-05
[23:00:41 INFO] Epoch 34 complete — avg_loss=0.1698  time=186s
[23:00:55 INFO] Epoch 35/50  iter 50/743  loss=0.1691  lr=1.91e-05
[23:01:08 INFO] Epoch 35/50  iter 100/743  loss=0.1383  lr=1.90e-05
[23:01:20 INFO] Epoch 35/50  iter 150/743  loss=0.1025  lr=1.90e-05
[23:01:32 INFO] Epoch 35/50  iter 200/743  loss=0.1661  lr=1.89e-05
[23:01:45 INFO] Epoch 35/50  iter 250/743  loss=0.0688  lr=1.88e-05
[23:01:57 INFO] Epoch 35/50  iter 300/743  loss=0.1346  lr=1.87e-05
[23:02:09 INFO] Epoch 35/50  iter 350/743  loss=0.2222  lr=1.86e-05
[23:02:22 INFO] Epoch 35/50  iter 400/743  loss=0.3448  lr=1.86e-05
[23:02:34 INFO] Epoch 35/50  iter 450/743  loss=0.1249  lr=1.85e-05
[23:02:46 INFO] Epoch 35/50  iter 500/743  loss=0.1973  lr=1.84e-05
[23:02:59 INFO] Epoch 35/50  iter 550/743  loss=0.0877  lr=1.83e-05
[23:03:11 INFO] Epoch 35/50  iter 600/743  loss=0.1621  lr=1.82e-05
[23:03:24 INFO] Epoch 35/50  iter 650/743  loss=0.0550  lr=1.81e-05
[23:03:36 INFO] Epoch 35/50  iter 700/743  loss=0.1604  lr=1.81e-05
[23:03:47 INFO] Epoch 35 complete — avg_loss=0.1642  time=184s
[23:04:41 INFO]   val mIoU = 0.5547
[23:04:54 INFO] Epoch 36/50  iter 50/743  loss=0.0848  lr=1.79e-05
[23:05:07 INFO] Epoch 36/50  iter 100/743  loss=0.0624  lr=1.78e-05
[23:05:19 INFO] Epoch 36/50  iter 150/743  loss=0.2196  lr=1.78e-05
[23:05:32 INFO] Epoch 36/50  iter 200/743  loss=0.1221  lr=1.77e-05
[23:05:44 INFO] Epoch 36/50  iter 250/743  loss=0.2164  lr=1.76e-05
[23:05:56 INFO] Epoch 36/50  iter 300/743  loss=0.1003  lr=1.75e-05
[23:06:09 INFO] Epoch 36/50  iter 350/743  loss=0.1424  lr=1.74e-05
[23:06:21 INFO] Epoch 36/50  iter 400/743  loss=0.2073  lr=1.74e-05
[23:06:33 INFO] Epoch 36/50  iter 450/743  loss=0.1597  lr=1.73e-05
[23:06:46 INFO] Epoch 36/50  iter 500/743  loss=0.1440  lr=1.72e-05
[23:06:58 INFO] Epoch 36/50  iter 550/743  loss=0.1728  lr=1.71e-05
[23:07:11 INFO] Epoch 36/50  iter 600/743  loss=0.0954  lr=1.70e-05
[23:07:23 INFO] Epoch 36/50  iter 650/743  loss=0.1032  lr=1.69e-05
[23:07:35 INFO] Epoch 36/50  iter 700/743  loss=0.1496  lr=1.69e-05
[23:07:46 INFO] Epoch 36 complete — avg_loss=0.1607  time=184s
[23:08:00 INFO] Epoch 37/50  iter 50/743  loss=0.1787  lr=1.67e-05
[23:08:12 INFO] Epoch 37/50  iter 100/743  loss=0.2345  lr=1.66e-05
[23:08:24 INFO] Epoch 37/50  iter 150/743  loss=0.1155  lr=1.66e-05
[23:08:37 INFO] Epoch 37/50  iter 200/743  loss=0.0957  lr=1.65e-05
[23:08:49 INFO] Epoch 37/50  iter 250/743  loss=0.1381  lr=1.64e-05
[23:09:02 INFO] Epoch 37/50  iter 300/743  loss=0.1261  lr=1.63e-05
[23:09:14 INFO] Epoch 37/50  iter 350/743  loss=0.1635  lr=1.62e-05
[23:09:26 INFO] Epoch 37/50  iter 400/743  loss=0.1227  lr=1.62e-05
[23:09:39 INFO] Epoch 37/50  iter 450/743  loss=0.0859  lr=1.61e-05
[23:09:51 INFO] Epoch 37/50  iter 500/743  loss=0.3360  lr=1.60e-05
[23:10:04 INFO] Epoch 37/50  iter 550/743  loss=0.0663  lr=1.59e-05
[23:10:16 INFO] Epoch 37/50  iter 600/743  loss=0.0894  lr=1.58e-05
[23:10:28 INFO] Epoch 37/50  iter 650/743  loss=0.1116  lr=1.57e-05
[23:10:41 INFO] Epoch 37/50  iter 700/743  loss=0.1637  lr=1.57e-05
[23:10:51 INFO] Epoch 37 complete — avg_loss=0.1566  time=185s
[23:11:05 INFO] Epoch 38/50  iter 50/743  loss=0.2206  lr=1.55e-05
[23:11:17 INFO] Epoch 38/50  iter 100/743  loss=0.1994  lr=1.54e-05
[23:11:30 INFO] Epoch 38/50  iter 150/743  loss=0.1415  lr=1.54e-05
[23:11:42 INFO] Epoch 38/50  iter 200/743  loss=0.0791  lr=1.53e-05
[23:11:54 INFO] Epoch 38/50  iter 250/743  loss=0.1588  lr=1.52e-05
[23:12:07 INFO] Epoch 38/50  iter 300/743  loss=0.1318  lr=1.51e-05
[23:12:19 INFO] Epoch 38/50  iter 350/743  loss=0.1687  lr=1.50e-05
[23:12:31 INFO] Epoch 38/50  iter 400/743  loss=0.1842  lr=1.50e-05
[23:12:44 INFO] Epoch 38/50  iter 450/743  loss=0.1769  lr=1.49e-05
[23:12:56 INFO] Epoch 38/50  iter 500/743  loss=0.0745  lr=1.48e-05
[23:13:09 INFO] Epoch 38/50  iter 550/743  loss=0.0719  lr=1.47e-05
[23:13:21 INFO] Epoch 38/50  iter 600/743  loss=0.1281  lr=1.46e-05
[23:13:33 INFO] Epoch 38/50  iter 650/743  loss=0.1641  lr=1.45e-05
[23:13:46 INFO] Epoch 38/50  iter 700/743  loss=0.1203  lr=1.45e-05
[23:13:57 INFO] Epoch 38 complete — avg_loss=0.1526  time=185s
[23:14:10 INFO] Epoch 39/50  iter 50/743  loss=0.5354  lr=1.43e-05
[23:14:23 INFO] Epoch 39/50  iter 100/743  loss=0.1860  lr=1.42e-05
[23:14:35 INFO] Epoch 39/50  iter 150/743  loss=0.1072  lr=1.42e-05
[23:14:48 INFO] Epoch 39/50  iter 200/743  loss=0.2087  lr=1.41e-05
[23:15:00 INFO] Epoch 39/50  iter 250/743  loss=0.1388  lr=1.40e-05
[23:15:12 INFO] Epoch 39/50  iter 300/743  loss=0.1005  lr=1.39e-05
[23:15:25 INFO] Epoch 39/50  iter 350/743  loss=0.2488  lr=1.38e-05
[23:15:37 INFO] Epoch 39/50  iter 400/743  loss=0.2349  lr=1.38e-05
[23:15:50 INFO] Epoch 39/50  iter 450/743  loss=0.1412  lr=1.37e-05
[23:16:02 INFO] Epoch 39/50  iter 500/743  loss=0.0728  lr=1.36e-05
[23:16:15 INFO] Epoch 39/50  iter 550/743  loss=0.1483  lr=1.35e-05
[23:16:27 INFO] Epoch 39/50  iter 600/743  loss=0.1396  lr=1.34e-05
[23:16:40 INFO] Epoch 39/50  iter 650/743  loss=0.1244  lr=1.33e-05
[23:16:52 INFO] Epoch 39/50  iter 700/743  loss=0.1140  lr=1.33e-05
[23:17:03 INFO] Epoch 39 complete — avg_loss=0.1554  time=185s
[23:17:17 INFO] Epoch 40/50  iter 50/743  loss=0.0754  lr=1.31e-05
[23:17:29 INFO] Epoch 40/50  iter 100/743  loss=0.2707  lr=1.30e-05
[23:17:41 INFO] Epoch 40/50  iter 150/743  loss=0.1662  lr=1.30e-05
[23:17:54 INFO] Epoch 40/50  iter 200/743  loss=0.0783  lr=1.29e-05
[23:18:06 INFO] Epoch 40/50  iter 250/743  loss=0.2850  lr=1.28e-05
[23:18:19 INFO] Epoch 40/50  iter 300/743  loss=0.0940  lr=1.27e-05
[23:18:31 INFO] Epoch 40/50  iter 350/743  loss=0.1533  lr=1.26e-05
[23:18:44 INFO] Epoch 40/50  iter 400/743  loss=0.0967  lr=1.26e-05
[23:18:56 INFO] Epoch 40/50  iter 450/743  loss=0.1725  lr=1.25e-05
[23:19:08 INFO] Epoch 40/50  iter 500/743  loss=0.2068  lr=1.24e-05
[23:19:21 INFO] Epoch 40/50  iter 550/743  loss=0.1611  lr=1.23e-05
[23:19:33 INFO] Epoch 40/50  iter 600/743  loss=0.0676  lr=1.22e-05
[23:19:46 INFO] Epoch 40/50  iter 650/743  loss=0.2857  lr=1.21e-05
[23:19:58 INFO] Epoch 40/50  iter 700/743  loss=0.0785  lr=1.21e-05
[23:20:09 INFO] Epoch 40 complete — avg_loss=0.1553  time=185s
[23:21:03 INFO]   val mIoU = 0.5741
[23:21:04 INFO]   ★ New best val mIoU: 0.5741
[23:21:17 INFO] Epoch 41/50  iter 50/743  loss=0.1666  lr=1.19e-05
[23:21:30 INFO] Epoch 41/50  iter 100/743  loss=0.2430  lr=1.18e-05
[23:21:42 INFO] Epoch 41/50  iter 150/743  loss=0.1062  lr=1.18e-05
[23:21:54 INFO] Epoch 41/50  iter 200/743  loss=0.0794  lr=1.17e-05
[23:22:07 INFO] Epoch 41/50  iter 250/743  loss=0.1263  lr=1.16e-05
[23:22:19 INFO] Epoch 41/50  iter 300/743  loss=0.0641  lr=1.15e-05
[23:22:31 INFO] Epoch 41/50  iter 350/743  loss=0.1204  lr=1.14e-05
[23:22:44 INFO] Epoch 41/50  iter 400/743  loss=0.2017  lr=1.14e-05
[23:22:56 INFO] Epoch 41/50  iter 450/743  loss=0.1127  lr=1.13e-05
[23:23:09 INFO] Epoch 41/50  iter 500/743  loss=0.0918  lr=1.12e-05
[23:23:21 INFO] Epoch 41/50  iter 550/743  loss=0.1141  lr=1.11e-05
[23:23:33 INFO] Epoch 41/50  iter 600/743  loss=0.0536  lr=1.10e-05
[23:23:46 INFO] Epoch 41/50  iter 650/743  loss=0.1180  lr=1.09e-05
[23:23:58 INFO] Epoch 41/50  iter 700/743  loss=0.1676  lr=1.09e-05
[23:24:09 INFO] Epoch 41 complete — avg_loss=0.1505  time=185s
[23:24:22 INFO] Epoch 42/50  iter 50/743  loss=0.1316  lr=1.07e-05
[23:24:35 INFO] Epoch 42/50  iter 100/743  loss=0.2325  lr=1.06e-05
[23:24:47 INFO] Epoch 42/50  iter 150/743  loss=0.1419  lr=1.06e-05
[23:25:00 INFO] Epoch 42/50  iter 200/743  loss=0.5796  lr=1.05e-05
[23:25:12 INFO] Epoch 42/50  iter 250/743  loss=0.1837  lr=1.04e-05
[23:25:24 INFO] Epoch 42/50  iter 300/743  loss=0.1447  lr=1.03e-05
[23:25:37 INFO] Epoch 42/50  iter 350/743  loss=0.1925  lr=1.02e-05
[23:25:49 INFO] Epoch 42/50  iter 400/743  loss=0.1821  lr=1.02e-05
[23:26:02 INFO] Epoch 42/50  iter 450/743  loss=0.1269  lr=1.01e-05
[23:26:14 INFO] Epoch 42/50  iter 500/743  loss=0.1356  lr=9.99e-06
[23:26:26 INFO] Epoch 42/50  iter 550/743  loss=0.0773  lr=9.91e-06
[23:26:39 INFO] Epoch 42/50  iter 600/743  loss=0.1397  lr=9.83e-06
[23:26:51 INFO] Epoch 42/50  iter 650/743  loss=0.0955  lr=9.75e-06
[23:27:04 INFO] Epoch 42/50  iter 700/743  loss=0.1054  lr=9.67e-06
[23:27:14 INFO] Epoch 42 complete — avg_loss=0.1497  time=185s
[23:27:28 INFO] Epoch 43/50  iter 50/743  loss=0.1427  lr=9.52e-06
[23:27:40 INFO] Epoch 43/50  iter 100/743  loss=0.1551  lr=9.44e-06
[23:27:53 INFO] Epoch 43/50  iter 150/743  loss=0.0741  lr=9.36e-06
[23:28:05 INFO] Epoch 43/50  iter 200/743  loss=0.1297  lr=9.28e-06
[23:28:18 INFO] Epoch 43/50  iter 250/743  loss=0.0794  lr=9.19e-06
[23:28:30 INFO] Epoch 43/50  iter 300/743  loss=0.0968  lr=9.11e-06
[23:28:43 INFO] Epoch 43/50  iter 350/743  loss=0.0881  lr=9.03e-06
[23:28:55 INFO] Epoch 43/50  iter 400/743  loss=0.1769  lr=8.95e-06
[23:29:08 INFO] Epoch 43/50  iter 450/743  loss=0.2099  lr=8.87e-06
[23:29:20 INFO] Epoch 43/50  iter 500/743  loss=0.1109  lr=8.79e-06
[23:29:32 INFO] Epoch 43/50  iter 550/743  loss=0.0684  lr=8.71e-06
[23:29:45 INFO] Epoch 43/50  iter 600/743  loss=0.0768  lr=8.63e-06
[23:29:57 INFO] Epoch 43/50  iter 650/743  loss=0.0843  lr=8.55e-06
[23:30:10 INFO] Epoch 43/50  iter 700/743  loss=0.1830  lr=8.47e-06
[23:30:20 INFO] Epoch 43 complete — avg_loss=0.1481  time=185s
[23:30:34 INFO] Epoch 44/50  iter 50/743  loss=0.2101  lr=8.32e-06
[23:30:46 INFO] Epoch 44/50  iter 100/743  loss=0.0909  lr=8.24e-06
[23:30:59 INFO] Epoch 44/50  iter 150/743  loss=0.0961  lr=8.16e-06
[23:31:11 INFO] Epoch 44/50  iter 200/743  loss=0.1517  lr=8.08e-06
[23:31:24 INFO] Epoch 44/50  iter 250/743  loss=0.1309  lr=7.99e-06
[23:31:36 INFO] Epoch 44/50  iter 300/743  loss=0.2736  lr=7.91e-06
[23:31:49 INFO] Epoch 44/50  iter 350/743  loss=0.1363  lr=7.83e-06
[23:32:01 INFO] Epoch 44/50  iter 400/743  loss=0.1774  lr=7.75e-06
[23:32:13 INFO] Epoch 44/50  iter 450/743  loss=0.0867  lr=7.67e-06
[23:32:26 INFO] Epoch 44/50  iter 500/743  loss=0.0666  lr=7.59e-06
[23:32:38 INFO] Epoch 44/50  iter 550/743  loss=0.1013  lr=7.51e-06
[23:32:51 INFO] Epoch 44/50  iter 600/743  loss=0.1271  lr=7.43e-06
[23:33:03 INFO] Epoch 44/50  iter 650/743  loss=0.2914  lr=7.35e-06
[23:33:16 INFO] Epoch 44/50  iter 700/743  loss=0.1522  lr=7.27e-06
[23:33:26 INFO] Epoch 44 complete — avg_loss=0.1468  time=185s
[23:33:40 INFO] Epoch 45/50  iter 50/743  loss=0.0897  lr=7.12e-06
[23:33:53 INFO] Epoch 45/50  iter 100/743  loss=0.0885  lr=7.04e-06
[23:34:05 INFO] Epoch 45/50  iter 150/743  loss=0.1000  lr=6.96e-06
[23:34:17 INFO] Epoch 45/50  iter 200/743  loss=0.0588  lr=6.88e-06
[23:34:30 INFO] Epoch 45/50  iter 250/743  loss=0.1669  lr=6.79e-06
[23:34:42 INFO] Epoch 45/50  iter 300/743  loss=0.1948  lr=6.71e-06
[23:34:55 INFO] Epoch 45/50  iter 350/743  loss=0.1042  lr=6.63e-06
[23:35:07 INFO] Epoch 45/50  iter 400/743  loss=0.0972  lr=6.55e-06
[23:35:20 INFO] Epoch 45/50  iter 450/743  loss=0.0235  lr=6.47e-06
[23:35:32 INFO] Epoch 45/50  iter 500/743  loss=0.1342  lr=6.39e-06
[23:35:45 INFO] Epoch 45/50  iter 550/743  loss=0.0727  lr=6.31e-06
[23:35:57 INFO] Epoch 45/50  iter 600/743  loss=0.1084  lr=6.23e-06
[23:36:09 INFO] Epoch 45/50  iter 650/743  loss=0.1080  lr=6.15e-06
[23:36:22 INFO] Epoch 45/50  iter 700/743  loss=0.1218  lr=6.07e-06
[23:36:33 INFO] Epoch 45 complete — avg_loss=0.1427  time=185s
[23:37:26 INFO]   val mIoU = 0.5810
[23:37:26 INFO]   ★ New best val mIoU: 0.5810
[23:37:40 INFO] Epoch 46/50  iter 50/743  loss=0.1059  lr=5.92e-06
[23:37:53 INFO] Epoch 46/50  iter 100/743  loss=0.1247  lr=5.84e-06
[23:38:05 INFO] Epoch 46/50  iter 150/743  loss=0.0834  lr=5.76e-06
[23:38:17 INFO] Epoch 46/50  iter 200/743  loss=0.0696  lr=5.68e-06
[23:38:30 INFO] Epoch 46/50  iter 250/743  loss=0.1121  lr=5.59e-06
[23:38:42 INFO] Epoch 46/50  iter 300/743  loss=0.1006  lr=5.51e-06
[23:38:54 INFO] Epoch 46/50  iter 350/743  loss=0.3742  lr=5.43e-06
[23:39:07 INFO] Epoch 46/50  iter 400/743  loss=0.1276  lr=5.35e-06
[23:39:19 INFO] Epoch 46/50  iter 450/743  loss=0.1317  lr=5.27e-06
[23:39:32 INFO] Epoch 46/50  iter 500/743  loss=0.1711  lr=5.19e-06
[23:39:44 INFO] Epoch 46/50  iter 550/743  loss=0.1057  lr=5.11e-06
[23:39:56 INFO] Epoch 46/50  iter 600/743  loss=0.1770  lr=5.03e-06
[23:40:09 INFO] Epoch 46/50  iter 650/743  loss=0.1256  lr=4.95e-06
[23:40:21 INFO] Epoch 46/50  iter 700/743  loss=0.2787  lr=4.87e-06
[23:40:32 INFO] Epoch 46 complete — avg_loss=0.1381  time=184s
[23:40:45 INFO] Epoch 47/50  iter 50/743  loss=0.1944  lr=4.72e-06
[23:40:58 INFO] Epoch 47/50  iter 100/743  loss=0.1047  lr=4.64e-06
[23:41:10 INFO] Epoch 47/50  iter 150/743  loss=0.1260  lr=4.56e-06
[23:41:23 INFO] Epoch 47/50  iter 200/743  loss=0.1259  lr=4.48e-06
[23:41:35 INFO] Epoch 47/50  iter 250/743  loss=0.1261  lr=4.39e-06
[23:41:47 INFO] Epoch 47/50  iter 300/743  loss=0.1544  lr=4.31e-06
[23:42:00 INFO] Epoch 47/50  iter 350/743  loss=0.1371  lr=4.23e-06
[23:42:12 INFO] Epoch 47/50  iter 400/743  loss=0.1080  lr=4.15e-06
[23:42:25 INFO] Epoch 47/50  iter 450/743  loss=0.0630  lr=4.07e-06
[23:42:37 INFO] Epoch 47/50  iter 500/743  loss=0.2984  lr=3.99e-06
[23:42:50 INFO] Epoch 47/50  iter 550/743  loss=0.1343  lr=3.91e-06
[23:43:02 INFO] Epoch 47/50  iter 600/743  loss=0.1869  lr=3.83e-06
[23:43:14 INFO] Epoch 47/50  iter 650/743  loss=0.1310  lr=3.75e-06
[23:43:27 INFO] Epoch 47/50  iter 700/743  loss=0.1489  lr=3.67e-06
[23:43:38 INFO] Epoch 47 complete — avg_loss=0.1524  time=185s
[23:43:51 INFO] Epoch 48/50  iter 50/743  loss=0.1092  lr=3.52e-06
[23:44:04 INFO] Epoch 48/50  iter 100/743  loss=0.1325  lr=3.44e-06
[23:44:16 INFO] Epoch 48/50  iter 150/743  loss=0.0805  lr=3.36e-06
[23:44:29 INFO] Epoch 48/50  iter 200/743  loss=0.1022  lr=3.28e-06
[23:44:41 INFO] Epoch 48/50  iter 250/743  loss=0.0846  lr=3.19e-06
[23:44:53 INFO] Epoch 48/50  iter 300/743  loss=0.1403  lr=3.11e-06
[23:45:06 INFO] Epoch 48/50  iter 350/743  loss=0.0729  lr=3.03e-06
[23:45:18 INFO] Epoch 48/50  iter 400/743  loss=0.1134  lr=2.95e-06
[23:45:31 INFO] Epoch 48/50  iter 450/743  loss=0.0518  lr=2.87e-06
[23:45:43 INFO] Epoch 48/50  iter 500/743  loss=0.0802  lr=2.79e-06
[23:45:56 INFO] Epoch 48/50  iter 550/743  loss=0.0983  lr=2.71e-06
[23:46:08 INFO] Epoch 48/50  iter 600/743  loss=0.1901  lr=2.63e-06
[23:46:20 INFO] Epoch 48/50  iter 650/743  loss=0.1393  lr=2.55e-06
[23:46:33 INFO] Epoch 48/50  iter 700/743  loss=0.1276  lr=2.47e-06
[23:46:44 INFO] Epoch 48 complete — avg_loss=0.1440  time=185s
[23:46:57 INFO] Epoch 49/50  iter 50/743  loss=0.0537  lr=2.32e-06
[23:47:10 INFO] Epoch 49/50  iter 100/743  loss=0.1180  lr=2.24e-06
[23:47:22 INFO] Epoch 49/50  iter 150/743  loss=0.1556  lr=2.16e-06
[23:47:35 INFO] Epoch 49/50  iter 200/743  loss=0.0924  lr=2.08e-06
[23:47:47 INFO] Epoch 49/50  iter 250/743  loss=0.1943  lr=1.99e-06
[23:47:59 INFO] Epoch 49/50  iter 300/743  loss=0.0995  lr=1.91e-06
[23:48:12 INFO] Epoch 49/50  iter 350/743  loss=0.2364  lr=1.83e-06
[23:48:24 INFO] Epoch 49/50  iter 400/743  loss=0.2152  lr=1.75e-06
[23:48:37 INFO] Epoch 49/50  iter 450/743  loss=0.0523  lr=1.67e-06
[23:48:49 INFO] Epoch 49/50  iter 500/743  loss=0.1733  lr=1.59e-06
[23:49:02 INFO] Epoch 49/50  iter 550/743  loss=0.0684  lr=1.51e-06
[23:49:14 INFO] Epoch 49/50  iter 600/743  loss=0.1653  lr=1.43e-06
[23:49:26 INFO] Epoch 49/50  iter 650/743  loss=0.0834  lr=1.35e-06
[23:49:39 INFO] Epoch 49/50  iter 700/743  loss=0.1391  lr=1.27e-06
[23:49:50 INFO] Epoch 49 complete — avg_loss=0.1392  time=185s
[23:50:04 INFO] Epoch 50/50  iter 50/743  loss=0.1846  lr=1.12e-06
[23:50:16 INFO] Epoch 50/50  iter 100/743  loss=0.0858  lr=1.04e-06
[23:50:28 INFO] Epoch 50/50  iter 150/743  loss=0.1098  lr=9.56e-07
[23:50:41 INFO] Epoch 50/50  iter 200/743  loss=0.2366  lr=8.75e-07
[23:50:53 INFO] Epoch 50/50  iter 250/743  loss=0.1197  lr=7.95e-07
[23:51:06 INFO] Epoch 50/50  iter 300/743  loss=0.1560  lr=7.14e-07
[23:51:18 INFO] Epoch 50/50  iter 350/743  loss=0.1490  lr=6.33e-07
[23:51:31 INFO] Epoch 50/50  iter 400/743  loss=0.1447  lr=5.52e-07
[23:51:43 INFO] Epoch 50/50  iter 450/743  loss=0.0769  lr=4.72e-07
[23:51:56 INFO] Epoch 50/50  iter 500/743  loss=0.1224  lr=3.91e-07
[23:52:08 INFO] Epoch 50/50  iter 550/743  loss=0.1117  lr=3.10e-07
[23:52:20 INFO] Epoch 50/50  iter 600/743  loss=0.1916  lr=2.29e-07
[23:52:33 INFO] Epoch 50/50  iter 650/743  loss=0.1014  lr=1.49e-07
[23:52:45 INFO] Epoch 50/50  iter 700/743  loss=0.1252  lr=6.78e-08
[23:52:56 INFO] Epoch 50 complete — avg_loss=0.1414  time=185s
[23:53:50 INFO]   val mIoU = 0.5670
[23:53:51 INFO] Training complete. Best val mIoU = 0.5810
>>> Done: configs/nn_depth_b001.yaml

>>> Training (fresh start): configs/nn_depth_b002.yaml
[23:53:59 INFO] Device: cuda
/usr/lib64/python3.11/tarfile.py:2303: RuntimeWarning: The default behavior of tarfile extraction has been changed to disallow common exploits (including CVE-2007-4559). By default, absolute/parent paths are disallowed and some mode bits are cleared. See https://access.redhat.com/articles/7004769 for more details.
  warnings.warn(
Model backend: smp
[23:54:01 INFO] Using fog cache: data/fog_cache/nn_depth_b002
[23:54:03 INFO] Train: 2975 samples  |  Val: 500 samples
[23:54:16 INFO] Epoch 1/50  iter 50/743  loss=1.5753  lr=5.99e-05
[23:54:28 INFO] Epoch 1/50  iter 100/743  loss=1.2422  lr=5.98e-05
[23:54:41 INFO] Epoch 1/50  iter 150/743  loss=1.4810  lr=5.98e-05
[23:54:53 INFO] Epoch 1/50  iter 200/743  loss=0.8567  lr=5.97e-05
[23:55:06 INFO] Epoch 1/50  iter 250/743  loss=1.4077  lr=5.96e-05
[23:55:18 INFO] Epoch 1/50  iter 300/743  loss=0.8980  lr=5.95e-05
[23:55:30 INFO] Epoch 1/50  iter 350/743  loss=1.4645  lr=5.94e-05
[23:55:43 INFO] Epoch 1/50  iter 400/743  loss=0.5769  lr=5.94e-05
[23:55:55 INFO] Epoch 1/50  iter 450/743  loss=0.6959  lr=5.93e-05
[23:56:08 INFO] Epoch 1/50  iter 500/743  loss=0.5845  lr=5.92e-05
[23:56:20 INFO] Epoch 1/50  iter 550/743  loss=0.4498  lr=5.91e-05
[23:56:32 INFO] Epoch 1/50  iter 600/743  loss=0.5784  lr=5.90e-05
[23:56:45 INFO] Epoch 1/50  iter 650/743  loss=1.1052  lr=5.89e-05
[23:56:57 INFO] Epoch 1/50  iter 700/743  loss=0.8350  lr=5.89e-05
[23:57:08 INFO] Epoch 1 complete — avg_loss=0.9544  time=185s
[23:57:21 INFO] Epoch 2/50  iter 50/743  loss=1.0068  lr=5.87e-05
[23:57:34 INFO] Epoch 2/50  iter 100/743  loss=0.3239  lr=5.86e-05
[23:57:46 INFO] Epoch 2/50  iter 150/743  loss=0.3285  lr=5.86e-05
[23:57:59 INFO] Epoch 2/50  iter 200/743  loss=0.4391  lr=5.85e-05
[23:58:11 INFO] Epoch 2/50  iter 250/743  loss=0.6469  lr=5.84e-05
[23:58:24 INFO] Epoch 2/50  iter 300/743  loss=0.6385  lr=5.83e-05
[23:58:36 INFO] Epoch 2/50  iter 350/743  loss=0.4207  lr=5.82e-05
[23:58:48 INFO] Epoch 2/50  iter 400/743  loss=0.5008  lr=5.82e-05
[23:59:01 INFO] Epoch 2/50  iter 450/743  loss=0.3870  lr=5.81e-05
[23:59:13 INFO] Epoch 2/50  iter 500/743  loss=1.0401  lr=5.80e-05
[23:59:26 INFO] Epoch 2/50  iter 550/743  loss=0.4241  lr=5.79e-05
[23:59:38 INFO] Epoch 2/50  iter 600/743  loss=0.4274  lr=5.78e-05
[23:59:51 INFO] Epoch 2/50  iter 650/743  loss=0.8477  lr=5.77e-05
[00:00:03 INFO] Epoch 2/50  iter 700/743  loss=0.3988  lr=5.77e-05
[00:00:14 INFO] Epoch 2 complete — avg_loss=0.5582  time=185s
[00:00:28 INFO] Epoch 3/50  iter 50/743  loss=0.4020  lr=5.75e-05
[00:00:40 INFO] Epoch 3/50  iter 100/743  loss=0.4752  lr=5.74e-05
[00:00:52 INFO] Epoch 3/50  iter 150/743  loss=0.3735  lr=5.74e-05
[00:01:05 INFO] Epoch 3/50  iter 200/743  loss=0.3635  lr=5.73e-05
[00:01:17 INFO] Epoch 3/50  iter 250/743  loss=0.4363  lr=5.72e-05
[00:01:30 INFO] Epoch 3/50  iter 300/743  loss=0.5240  lr=5.71e-05
[00:01:42 INFO] Epoch 3/50  iter 350/743  loss=0.4624  lr=5.70e-05
[00:01:55 INFO] Epoch 3/50  iter 400/743  loss=0.2803  lr=5.70e-05
[00:02:07 INFO] Epoch 3/50  iter 450/743  loss=0.3588  lr=5.69e-05
[00:02:19 INFO] Epoch 3/50  iter 500/743  loss=0.3279  lr=5.68e-05
[00:02:32 INFO] Epoch 3/50  iter 550/743  loss=0.4863  lr=5.67e-05
[00:02:44 INFO] Epoch 3/50  iter 600/743  loss=0.5857  lr=5.66e-05
[00:02:57 INFO] Epoch 3/50  iter 650/743  loss=0.4033  lr=5.65e-05
[00:03:09 INFO] Epoch 3/50  iter 700/743  loss=0.6222  lr=5.65e-05
[00:03:20 INFO] Epoch 3 complete — avg_loss=0.4681  time=185s
[00:03:34 INFO] Epoch 4/50  iter 50/743  loss=0.4222  lr=5.63e-05
[00:03:46 INFO] Epoch 4/50  iter 100/743  loss=0.2418  lr=5.62e-05
[00:03:59 INFO] Epoch 4/50  iter 150/743  loss=0.3011  lr=5.62e-05
[00:04:11 INFO] Epoch 4/50  iter 200/743  loss=0.3305  lr=5.61e-05
[00:04:24 INFO] Epoch 4/50  iter 250/743  loss=0.4396  lr=5.60e-05
[00:04:36 INFO] Epoch 4/50  iter 300/743  loss=0.3403  lr=5.59e-05
[00:04:48 INFO] Epoch 4/50  iter 350/743  loss=0.3544  lr=5.58e-05
[00:05:01 INFO] Epoch 4/50  iter 400/743  loss=0.5066  lr=5.58e-05
[00:05:13 INFO] Epoch 4/50  iter 450/743  loss=0.2410  lr=5.57e-05
[00:05:26 INFO] Epoch 4/50  iter 500/743  loss=0.2655  lr=5.56e-05
[00:05:38 INFO] Epoch 4/50  iter 550/743  loss=0.5640  lr=5.55e-05
[00:05:51 INFO] Epoch 4/50  iter 600/743  loss=0.2794  lr=5.54e-05
[00:06:03 INFO] Epoch 4/50  iter 650/743  loss=0.4132  lr=5.53e-05
[00:06:15 INFO] Epoch 4/50  iter 700/743  loss=0.4876  lr=5.53e-05
[00:06:26 INFO] Epoch 4 complete — avg_loss=0.4243  time=185s
[00:06:40 INFO] Epoch 5/50  iter 50/743  loss=0.2862  lr=5.51e-05
[00:06:52 INFO] Epoch 5/50  iter 100/743  loss=0.3361  lr=5.50e-05
[00:07:05 INFO] Epoch 5/50  iter 150/743  loss=0.2058  lr=5.50e-05
[00:07:17 INFO] Epoch 5/50  iter 200/743  loss=0.2748  lr=5.49e-05
[00:07:30 INFO] Epoch 5/50  iter 250/743  loss=0.3222  lr=5.48e-05
[00:07:42 INFO] Epoch 5/50  iter 300/743  loss=0.5569  lr=5.47e-05
[00:07:54 INFO] Epoch 5/50  iter 350/743  loss=0.2385  lr=5.46e-05
[00:08:07 INFO] Epoch 5/50  iter 400/743  loss=0.5774  lr=5.46e-05
[00:08:19 INFO] Epoch 5/50  iter 450/743  loss=0.7566  lr=5.45e-05
[00:08:32 INFO] Epoch 5/50  iter 500/743  loss=0.4162  lr=5.44e-05
[00:08:44 INFO] Epoch 5/50  iter 550/743  loss=1.5753  lr=5.43e-05
[00:08:57 INFO] Epoch 5/50  iter 600/743  loss=0.3746  lr=5.42e-05
[00:09:09 INFO] Epoch 5/50  iter 650/743  loss=0.3480  lr=5.41e-05
[00:09:21 INFO] Epoch 5/50  iter 700/743  loss=0.3133  lr=5.41e-05
[00:09:32 INFO] Epoch 5 complete — avg_loss=0.3953  time=185s
[00:10:25 INFO]   val mIoU = 0.2417
[00:10:26 INFO]   ★ New best val mIoU: 0.2417
[00:10:39 INFO] Epoch 6/50  iter 50/743  loss=0.3035  lr=5.39e-05
[00:10:52 INFO] Epoch 6/50  iter 100/743  loss=0.6068  lr=5.38e-05
[00:11:04 INFO] Epoch 6/50  iter 150/743  loss=0.4276  lr=5.38e-05
[00:11:16 INFO] Epoch 6/50  iter 200/743  loss=0.3713  lr=5.37e-05
[00:11:29 INFO] Epoch 6/50  iter 250/743  loss=0.2583  lr=5.36e-05
[00:11:41 INFO] Epoch 6/50  iter 300/743  loss=0.2892  lr=5.35e-05
[00:11:54 INFO] Epoch 6/50  iter 350/743  loss=0.2413  lr=5.34e-05
[00:12:06 INFO] Epoch 6/50  iter 400/743  loss=0.4403  lr=5.34e-05
[00:12:18 INFO] Epoch 6/50  iter 450/743  loss=0.2198  lr=5.33e-05
[00:12:31 INFO] Epoch 6/50  iter 500/743  loss=0.4415  lr=5.32e-05
[00:12:43 INFO] Epoch 6/50  iter 550/743  loss=0.5237  lr=5.31e-05
[00:12:56 INFO] Epoch 6/50  iter 600/743  loss=0.2824  lr=5.30e-05
[00:13:08 INFO] Epoch 6/50  iter 650/743  loss=0.3324  lr=5.29e-05
[00:13:20 INFO] Epoch 6/50  iter 700/743  loss=0.2239  lr=5.29e-05
[00:13:31 INFO] Epoch 6 complete — avg_loss=0.3761  time=185s
[00:13:44 INFO] Epoch 7/50  iter 50/743  loss=0.3963  lr=5.27e-05
[00:13:57 INFO] Epoch 7/50  iter 100/743  loss=0.3981  lr=5.26e-05
[00:14:09 INFO] Epoch 7/50  iter 150/743  loss=0.3605  lr=5.26e-05
[00:14:22 INFO] Epoch 7/50  iter 200/743  loss=0.3659  lr=5.25e-05
[00:14:34 INFO] Epoch 7/50  iter 250/743  loss=0.3583  lr=5.24e-05
[00:14:46 INFO] Epoch 7/50  iter 300/743  loss=0.4281  lr=5.23e-05
[00:14:59 INFO] Epoch 7/50  iter 350/743  loss=0.3174  lr=5.22e-05
[00:15:11 INFO] Epoch 7/50  iter 400/743  loss=0.3800  lr=5.22e-05
[00:15:24 INFO] Epoch 7/50  iter 450/743  loss=0.3111  lr=5.21e-05
[00:15:36 INFO] Epoch 7/50  iter 500/743  loss=0.2110  lr=5.20e-05
[00:15:48 INFO] Epoch 7/50  iter 550/743  loss=0.1816  lr=5.19e-05
[00:16:01 INFO] Epoch 7/50  iter 600/743  loss=0.1126  lr=5.18e-05
[00:16:13 INFO] Epoch 7/50  iter 650/743  loss=0.2119  lr=5.17e-05
[00:16:26 INFO] Epoch 7/50  iter 700/743  loss=0.3612  lr=5.17e-05
[00:16:36 INFO] Epoch 7 complete — avg_loss=0.3570  time=185s
[00:16:50 INFO] Epoch 8/50  iter 50/743  loss=0.4920  lr=5.15e-05
[00:17:02 INFO] Epoch 8/50  iter 100/743  loss=0.2197  lr=5.14e-05
[00:17:15 INFO] Epoch 8/50  iter 150/743  loss=0.6113  lr=5.14e-05
[00:17:27 INFO] Epoch 8/50  iter 200/743  loss=0.1503  lr=5.13e-05
[00:17:40 INFO] Epoch 8/50  iter 250/743  loss=0.6603  lr=5.12e-05
[00:17:52 INFO] Epoch 8/50  iter 300/743  loss=0.3423  lr=5.11e-05
[00:18:04 INFO] Epoch 8/50  iter 350/743  loss=0.1433  lr=5.10e-05
[00:18:17 INFO] Epoch 8/50  iter 400/743  loss=0.3839  lr=5.10e-05
[00:18:29 INFO] Epoch 8/50  iter 450/743  loss=0.2368  lr=5.09e-05
[00:18:42 INFO] Epoch 8/50  iter 500/743  loss=0.3076  lr=5.08e-05
[00:18:54 INFO] Epoch 8/50  iter 550/743  loss=0.2239  lr=5.07e-05
[00:19:07 INFO] Epoch 8/50  iter 600/743  loss=0.6885  lr=5.06e-05
[00:19:19 INFO] Epoch 8/50  iter 650/743  loss=0.2193  lr=5.05e-05
[00:19:31 INFO] Epoch 8/50  iter 700/743  loss=0.2646  lr=5.05e-05
[00:19:42 INFO] Epoch 8 complete — avg_loss=0.3427  time=185s
[00:19:56 INFO] Epoch 9/50  iter 50/743  loss=0.2829  lr=5.03e-05
[00:20:08 INFO] Epoch 9/50  iter 100/743  loss=0.3477  lr=5.02e-05
[00:20:21 INFO] Epoch 9/50  iter 150/743  loss=0.2189  lr=5.02e-05
[00:20:33 INFO] Epoch 9/50  iter 200/743  loss=0.2683  lr=5.01e-05
[00:20:46 INFO] Epoch 9/50  iter 250/743  loss=0.3320  lr=5.00e-05
[00:20:58 INFO] Epoch 9/50  iter 300/743  loss=0.1705  lr=4.99e-05
[00:21:10 INFO] Epoch 9/50  iter 350/743  loss=0.4239  lr=4.98e-05
[00:21:23 INFO] Epoch 9/50  iter 400/743  loss=0.3278  lr=4.98e-05
[00:21:35 INFO] Epoch 9/50  iter 450/743  loss=0.6382  lr=4.97e-05
[00:21:48 INFO] Epoch 9/50  iter 500/743  loss=0.6175  lr=4.96e-05
[00:22:00 INFO] Epoch 9/50  iter 550/743  loss=0.7698  lr=4.95e-05
[00:22:12 INFO] Epoch 9/50  iter 600/743  loss=0.3193  lr=4.94e-05
[00:22:25 INFO] Epoch 9/50  iter 650/743  loss=0.3264  lr=4.93e-05
[00:22:37 INFO] Epoch 9/50  iter 700/743  loss=0.3560  lr=4.93e-05
[00:22:48 INFO] Epoch 9 complete — avg_loss=0.3431  time=185s
[00:23:02 INFO] Epoch 10/50  iter 50/743  loss=0.1720  lr=4.91e-05
[00:23:14 INFO] Epoch 10/50  iter 100/743  loss=0.2290  lr=4.90e-05
[00:23:27 INFO] Epoch 10/50  iter 150/743  loss=0.3404  lr=4.90e-05
[00:23:39 INFO] Epoch 10/50  iter 200/743  loss=0.0827  lr=4.89e-05
[00:23:51 INFO] Epoch 10/50  iter 250/743  loss=0.4509  lr=4.88e-05
[00:24:04 INFO] Epoch 10/50  iter 300/743  loss=0.1190  lr=4.87e-05
[00:24:16 INFO] Epoch 10/50  iter 350/743  loss=0.7699  lr=4.86e-05
[00:24:29 INFO] Epoch 10/50  iter 400/743  loss=0.3026  lr=4.86e-05
[00:24:41 INFO] Epoch 10/50  iter 450/743  loss=0.2331  lr=4.85e-05
[00:24:54 INFO] Epoch 10/50  iter 500/743  loss=0.1260  lr=4.84e-05
[00:25:06 INFO] Epoch 10/50  iter 550/743  loss=0.2437  lr=4.83e-05
[00:25:18 INFO] Epoch 10/50  iter 600/743  loss=0.6475  lr=4.82e-05
[00:25:31 INFO] Epoch 10/50  iter 650/743  loss=0.3839  lr=4.81e-05
[00:25:43 INFO] Epoch 10/50  iter 700/743  loss=0.1859  lr=4.81e-05
[00:25:54 INFO] Epoch 10 complete — avg_loss=0.3237  time=185s
[00:26:47 INFO]   val mIoU = 0.3239
[00:26:47 INFO]   ★ New best val mIoU: 0.3239
[00:27:01 INFO] Epoch 11/50  iter 50/743  loss=0.6247  lr=4.79e-05
[00:27:13 INFO] Epoch 11/50  iter 100/743  loss=0.2785  lr=4.78e-05
[00:27:26 INFO] Epoch 11/50  iter 150/743  loss=0.4345  lr=4.78e-05
[00:27:38 INFO] Epoch 11/50  iter 200/743  loss=0.4813  lr=4.77e-05
[00:27:51 INFO] Epoch 11/50  iter 250/743  loss=0.2558  lr=4.76e-05
[00:28:03 INFO] Epoch 11/50  iter 300/743  loss=0.6527  lr=4.75e-05
[00:28:15 INFO] Epoch 11/50  iter 350/743  loss=0.1717  lr=4.74e-05
[00:28:28 INFO] Epoch 11/50  iter 400/743  loss=0.2492  lr=4.74e-05
[00:28:40 INFO] Epoch 11/50  iter 450/743  loss=0.2723  lr=4.73e-05
[00:28:52 INFO] Epoch 11/50  iter 500/743  loss=0.3403  lr=4.72e-05
[00:29:05 INFO] Epoch 11/50  iter 550/743  loss=0.6897  lr=4.71e-05
[00:29:17 INFO] Epoch 11/50  iter 600/743  loss=0.3434  lr=4.70e-05
[00:29:30 INFO] Epoch 11/50  iter 650/743  loss=0.4700  lr=4.69e-05
[00:29:42 INFO] Epoch 11/50  iter 700/743  loss=0.1962  lr=4.69e-05
[00:29:53 INFO] Epoch 11 complete — avg_loss=0.3082  time=185s
[00:30:07 INFO] Epoch 12/50  iter 50/743  loss=0.6049  lr=4.67e-05
[00:30:19 INFO] Epoch 12/50  iter 100/743  loss=0.2152  lr=4.66e-05
[00:30:31 INFO] Epoch 12/50  iter 150/743  loss=0.3494  lr=4.66e-05
[00:30:44 INFO] Epoch 12/50  iter 200/743  loss=0.3831  lr=4.65e-05
[00:30:56 INFO] Epoch 12/50  iter 250/743  loss=0.4599  lr=4.64e-05
[00:31:09 INFO] Epoch 12/50  iter 300/743  loss=0.2940  lr=4.63e-05
[00:31:21 INFO] Epoch 12/50  iter 350/743  loss=0.3779  lr=4.62e-05
[00:31:34 INFO] Epoch 12/50  iter 400/743  loss=0.4603  lr=4.62e-05
[00:31:46 INFO] Epoch 12/50  iter 450/743  loss=0.1009  lr=4.61e-05
[00:31:58 INFO] Epoch 12/50  iter 500/743  loss=0.2159  lr=4.60e-05
[00:32:11 INFO] Epoch 12/50  iter 550/743  loss=0.2544  lr=4.59e-05
[00:32:23 INFO] Epoch 12/50  iter 600/743  loss=0.2622  lr=4.58e-05
[00:32:36 INFO] Epoch 12/50  iter 650/743  loss=0.2538  lr=4.57e-05
[00:32:48 INFO] Epoch 12/50  iter 700/743  loss=0.1772  lr=4.57e-05
[00:32:59 INFO] Epoch 12 complete — avg_loss=0.3040  time=185s
[00:33:13 INFO] Epoch 13/50  iter 50/743  loss=0.2434  lr=4.55e-05
[00:33:25 INFO] Epoch 13/50  iter 100/743  loss=0.1054  lr=4.54e-05
[00:33:37 INFO] Epoch 13/50  iter 150/743  loss=0.2944  lr=4.54e-05
[00:33:50 INFO] Epoch 13/50  iter 200/743  loss=0.1523  lr=4.53e-05
[00:34:02 INFO] Epoch 13/50  iter 250/743  loss=0.2517  lr=4.52e-05
[00:34:15 INFO] Epoch 13/50  iter 300/743  loss=0.2530  lr=4.51e-05
[00:34:27 INFO] Epoch 13/50  iter 350/743  loss=0.2080  lr=4.50e-05
[00:34:40 INFO] Epoch 13/50  iter 400/743  loss=0.2729  lr=4.50e-05
[00:34:52 INFO] Epoch 13/50  iter 450/743  loss=0.4193  lr=4.49e-05
[00:35:04 INFO] Epoch 13/50  iter 500/743  loss=0.1851  lr=4.48e-05
[00:35:17 INFO] Epoch 13/50  iter 550/743  loss=0.1761  lr=4.47e-05
[00:35:29 INFO] Epoch 13/50  iter 600/743  loss=0.2342  lr=4.46e-05
[00:35:42 INFO] Epoch 13/50  iter 650/743  loss=0.2535  lr=4.45e-05
[00:35:54 INFO] Epoch 13/50  iter 700/743  loss=0.2509  lr=4.45e-05
[00:36:05 INFO] Epoch 13 complete — avg_loss=0.3060  time=185s
[00:36:19 INFO] Epoch 14/50  iter 50/743  loss=0.1991  lr=4.43e-05
[00:36:31 INFO] Epoch 14/50  iter 100/743  loss=0.2043  lr=4.42e-05
[00:36:44 INFO] Epoch 14/50  iter 150/743  loss=0.2869  lr=4.42e-05
[00:36:56 INFO] Epoch 14/50  iter 200/743  loss=0.2500  lr=4.41e-05
[00:37:08 INFO] Epoch 14/50  iter 250/743  loss=0.3321  lr=4.40e-05
[00:37:21 INFO] Epoch 14/50  iter 300/743  loss=0.3105  lr=4.39e-05
[00:37:33 INFO] Epoch 14/50  iter 350/743  loss=0.1819  lr=4.38e-05
[00:37:46 INFO] Epoch 14/50  iter 400/743  loss=0.6103  lr=4.38e-05
[00:37:58 INFO] Epoch 14/50  iter 450/743  loss=0.3381  lr=4.37e-05
[00:38:11 INFO] Epoch 14/50  iter 500/743  loss=0.1871  lr=4.36e-05
[00:38:23 INFO] Epoch 14/50  iter 550/743  loss=0.4189  lr=4.35e-05
[00:38:35 INFO] Epoch 14/50  iter 600/743  loss=0.3114  lr=4.34e-05
[00:38:48 INFO] Epoch 14/50  iter 650/743  loss=0.1520  lr=4.33e-05
[00:39:00 INFO] Epoch 14/50  iter 700/743  loss=0.3091  lr=4.33e-05
[00:39:11 INFO] Epoch 14 complete — avg_loss=0.2915  time=185s
[00:39:25 INFO] Epoch 15/50  iter 50/743  loss=0.2050  lr=4.31e-05
[00:39:37 INFO] Epoch 15/50  iter 100/743  loss=0.2155  lr=4.30e-05
[00:39:50 INFO] Epoch 15/50  iter 150/743  loss=0.3933  lr=4.30e-05
[00:40:02 INFO] Epoch 15/50  iter 200/743  loss=0.2252  lr=4.29e-05
[00:40:14 INFO] Epoch 15/50  iter 250/743  loss=0.2992  lr=4.28e-05
[00:40:27 INFO] Epoch 15/50  iter 300/743  loss=0.4399  lr=4.27e-05
[00:40:39 INFO] Epoch 15/50  iter 350/743  loss=0.2104  lr=4.26e-05
[00:40:52 INFO] Epoch 15/50  iter 400/743  loss=0.2130  lr=4.26e-05
[00:41:04 INFO] Epoch 15/50  iter 450/743  loss=0.1702  lr=4.25e-05
[00:41:17 INFO] Epoch 15/50  iter 500/743  loss=0.4114  lr=4.24e-05
[00:41:29 INFO] Epoch 15/50  iter 550/743  loss=0.2947  lr=4.23e-05
[00:41:41 INFO] Epoch 15/50  iter 600/743  loss=0.2291  lr=4.22e-05
[00:41:54 INFO] Epoch 15/50  iter 650/743  loss=0.1990  lr=4.21e-05
[00:42:06 INFO] Epoch 15/50  iter 700/743  loss=0.1392  lr=4.21e-05
[00:42:17 INFO] Epoch 15 complete — avg_loss=0.3005  time=185s
[00:43:11 INFO]   val mIoU = 0.3289
[00:43:12 INFO]   ★ New best val mIoU: 0.3289
[00:43:26 INFO] Epoch 16/50  iter 50/743  loss=0.1916  lr=4.19e-05
[00:43:38 INFO] Epoch 16/50  iter 100/743  loss=0.2582  lr=4.18e-05
[00:43:50 INFO] Epoch 16/50  iter 150/743  loss=0.2473  lr=4.18e-05
[00:44:03 INFO] Epoch 16/50  iter 200/743  loss=0.1626  lr=4.17e-05
[00:44:15 INFO] Epoch 16/50  iter 250/743  loss=0.2156  lr=4.16e-05
[00:44:28 INFO] Epoch 16/50  iter 300/743  loss=0.1735  lr=4.15e-05
[00:44:40 INFO] Epoch 16/50  iter 350/743  loss=0.4513  lr=4.14e-05
[00:44:52 INFO] Epoch 16/50  iter 400/743  loss=0.0807  lr=4.14e-05
[00:45:05 INFO] Epoch 16/50  iter 450/743  loss=0.1904  lr=4.13e-05
[00:45:17 INFO] Epoch 16/50  iter 500/743  loss=0.2792  lr=4.12e-05
[00:45:30 INFO] Epoch 16/50  iter 550/743  loss=0.2122  lr=4.11e-05
[00:45:42 INFO] Epoch 16/50  iter 600/743  loss=0.2641  lr=4.10e-05
[00:45:54 INFO] Epoch 16/50  iter 650/743  loss=0.2005  lr=4.09e-05
[00:46:07 INFO] Epoch 16/50  iter 700/743  loss=0.2191  lr=4.09e-05
[00:46:17 INFO] Epoch 16 complete — avg_loss=0.2779  time=185s
[00:46:31 INFO] Epoch 17/50  iter 50/743  loss=0.1368  lr=4.07e-05
[00:46:44 INFO] Epoch 17/50  iter 100/743  loss=0.1726  lr=4.06e-05
[00:46:56 INFO] Epoch 17/50  iter 150/743  loss=0.2414  lr=4.06e-05
[00:47:08 INFO] Epoch 17/50  iter 200/743  loss=0.0892  lr=4.05e-05
[00:47:21 INFO] Epoch 17/50  iter 250/743  loss=0.1455  lr=4.04e-05
[00:47:33 INFO] Epoch 17/50  iter 300/743  loss=0.2680  lr=4.03e-05
[00:47:46 INFO] Epoch 17/50  iter 350/743  loss=0.2135  lr=4.02e-05
[00:47:58 INFO] Epoch 17/50  iter 400/743  loss=0.2587  lr=4.02e-05
[00:48:11 INFO] Epoch 17/50  iter 450/743  loss=0.2781  lr=4.01e-05
[00:48:23 INFO] Epoch 17/50  iter 500/743  loss=0.2672  lr=4.00e-05
[00:48:36 INFO] Epoch 17/50  iter 550/743  loss=0.3580  lr=3.99e-05
[00:48:48 INFO] Epoch 17/50  iter 600/743  loss=0.1450  lr=3.98e-05
[00:49:00 INFO] Epoch 17/50  iter 650/743  loss=0.1558  lr=3.97e-05
[00:49:13 INFO] Epoch 17/50  iter 700/743  loss=0.1085  lr=3.97e-05
[00:49:24 INFO] Epoch 17 complete — avg_loss=0.2768  time=185s
[00:49:37 INFO] Epoch 18/50  iter 50/743  loss=0.3223  lr=3.95e-05
[00:49:50 INFO] Epoch 18/50  iter 100/743  loss=0.4821  lr=3.94e-05
[00:50:02 INFO] Epoch 18/50  iter 150/743  loss=0.2623  lr=3.94e-05
[00:50:15 INFO] Epoch 18/50  iter 200/743  loss=0.2860  lr=3.93e-05
[00:50:27 INFO] Epoch 18/50  iter 250/743  loss=0.2012  lr=3.92e-05
[00:50:39 INFO] Epoch 18/50  iter 300/743  loss=0.2465  lr=3.91e-05
[00:50:52 INFO] Epoch 18/50  iter 350/743  loss=0.3543  lr=3.90e-05
[00:51:04 INFO] Epoch 18/50  iter 400/743  loss=0.3232  lr=3.90e-05
[00:51:17 INFO] Epoch 18/50  iter 450/743  loss=0.1272  lr=3.89e-05
[00:51:29 INFO] Epoch 18/50  iter 500/743  loss=0.1270  lr=3.88e-05
[00:51:42 INFO] Epoch 18/50  iter 550/743  loss=0.1522  lr=3.87e-05
[00:51:54 INFO] Epoch 18/50  iter 600/743  loss=0.3423  lr=3.86e-05
[00:52:06 INFO] Epoch 18/50  iter 650/743  loss=0.2535  lr=3.85e-05
[00:52:19 INFO] Epoch 18/50  iter 700/743  loss=0.3760  lr=3.85e-05
[00:52:30 INFO] Epoch 18 complete — avg_loss=0.2625  time=185s
[00:52:43 INFO] Epoch 19/50  iter 50/743  loss=0.2971  lr=3.83e-05
[00:52:56 INFO] Epoch 19/50  iter 100/743  loss=0.2603  lr=3.82e-05
[00:53:08 INFO] Epoch 19/50  iter 150/743  loss=0.2849  lr=3.82e-05
[00:53:21 INFO] Epoch 19/50  iter 200/743  loss=0.1857  lr=3.81e-05
[00:53:33 INFO] Epoch 19/50  iter 250/743  loss=0.1926  lr=3.80e-05
[00:53:45 INFO] Epoch 19/50  iter 300/743  loss=0.1627  lr=3.79e-05
[00:53:58 INFO] Epoch 19/50  iter 350/743  loss=0.2162  lr=3.78e-05
[00:54:10 INFO] Epoch 19/50  iter 400/743  loss=0.1893  lr=3.78e-05
[00:54:23 INFO] Epoch 19/50  iter 450/743  loss=0.3842  lr=3.77e-05
[00:54:35 INFO] Epoch 19/50  iter 500/743  loss=0.1022  lr=3.76e-05
[00:54:48 INFO] Epoch 19/50  iter 550/743  loss=0.3997  lr=3.75e-05
[00:55:00 INFO] Epoch 19/50  iter 600/743  loss=0.4065  lr=3.74e-05
[00:55:12 INFO] Epoch 19/50  iter 650/743  loss=0.1949  lr=3.73e-05
[00:55:25 INFO] Epoch 19/50  iter 700/743  loss=0.2103  lr=3.73e-05
[00:55:36 INFO] Epoch 19 complete — avg_loss=0.2718  time=185s
[00:55:49 INFO] Epoch 20/50  iter 50/743  loss=0.2955  lr=3.71e-05
[00:56:02 INFO] Epoch 20/50  iter 100/743  loss=0.1478  lr=3.70e-05
[00:56:14 INFO] Epoch 20/50  iter 150/743  loss=0.2030  lr=3.70e-05
[00:56:27 INFO] Epoch 20/50  iter 200/743  loss=0.2857  lr=3.69e-05
[00:56:39 INFO] Epoch 20/50  iter 250/743  loss=0.2424  lr=3.68e-05
[00:56:52 INFO] Epoch 20/50  iter 300/743  loss=0.1531  lr=3.67e-05
[00:57:04 INFO] Epoch 20/50  iter 350/743  loss=0.1361  lr=3.66e-05
[00:57:16 INFO] Epoch 20/50  iter 400/743  loss=0.1839  lr=3.66e-05
[00:57:29 INFO] Epoch 20/50  iter 450/743  loss=0.4034  lr=3.65e-05
[00:57:41 INFO] Epoch 20/50  iter 500/743  loss=0.3432  lr=3.64e-05
[00:57:54 INFO] Epoch 20/50  iter 550/743  loss=0.2456  lr=3.63e-05
[00:58:06 INFO] Epoch 20/50  iter 600/743  loss=0.1480  lr=3.62e-05
[00:58:19 INFO] Epoch 20/50  iter 650/743  loss=0.3007  lr=3.61e-05
[00:58:31 INFO] Epoch 20/50  iter 700/743  loss=0.2241  lr=3.61e-05
[00:58:42 INFO] Epoch 20 complete — avg_loss=0.2637  time=185s
[00:59:36 INFO]   val mIoU = 0.4389
[00:59:37 INFO]   ★ New best val mIoU: 0.4389
[00:59:51 INFO] Epoch 21/50  iter 50/743  loss=0.2049  lr=3.59e-05
[01:00:03 INFO] Epoch 21/50  iter 100/743  loss=0.1751  lr=3.58e-05
[01:00:15 INFO] Epoch 21/50  iter 150/743  loss=0.1402  lr=3.58e-05
[01:00:28 INFO] Epoch 21/50  iter 200/743  loss=1.3762  lr=3.57e-05
[01:00:40 INFO] Epoch 21/50  iter 250/743  loss=0.2466  lr=3.56e-05
[01:00:53 INFO] Epoch 21/50  iter 300/743  loss=0.2086  lr=3.55e-05
[01:01:05 INFO] Epoch 21/50  iter 350/743  loss=0.1883  lr=3.54e-05
[01:01:17 INFO] Epoch 21/50  iter 400/743  loss=0.3411  lr=3.54e-05
[01:01:30 INFO] Epoch 21/50  iter 450/743  loss=0.1984  lr=3.53e-05
[01:01:42 INFO] Epoch 21/50  iter 500/743  loss=0.1393  lr=3.52e-05
[01:01:55 INFO] Epoch 21/50  iter 550/743  loss=0.1560  lr=3.51e-05
[01:02:07 INFO] Epoch 21/50  iter 600/743  loss=0.1779  lr=3.50e-05
[01:02:19 INFO] Epoch 21/50  iter 650/743  loss=0.2653  lr=3.49e-05
[01:02:32 INFO] Epoch 21/50  iter 700/743  loss=0.1773  lr=3.49e-05
[01:02:42 INFO] Epoch 21 complete — avg_loss=0.2532  time=185s
[01:02:56 INFO] Epoch 22/50  iter 50/743  loss=0.1994  lr=3.47e-05
[01:03:09 INFO] Epoch 22/50  iter 100/743  loss=0.1524  lr=3.46e-05
[01:03:21 INFO] Epoch 22/50  iter 150/743  loss=0.1506  lr=3.46e-05
[01:03:34 INFO] Epoch 22/50  iter 200/743  loss=0.1789  lr=3.45e-05
[01:03:46 INFO] Epoch 22/50  iter 250/743  loss=0.2275  lr=3.44e-05
[01:03:58 INFO] Epoch 22/50  iter 300/743  loss=0.1607  lr=3.43e-05
[01:04:11 INFO] Epoch 22/50  iter 350/743  loss=0.2749  lr=3.42e-05
[01:04:23 INFO] Epoch 22/50  iter 400/743  loss=0.2080  lr=3.42e-05
[01:04:36 INFO] Epoch 22/50  iter 450/743  loss=0.1512  lr=3.41e-05
[01:04:48 INFO] Epoch 22/50  iter 500/743  loss=0.2714  lr=3.40e-05
[01:05:01 INFO] Epoch 22/50  iter 550/743  loss=0.2633  lr=3.39e-05
[01:05:13 INFO] Epoch 22/50  iter 600/743  loss=0.1714  lr=3.38e-05
[01:05:25 INFO] Epoch 22/50  iter 650/743  loss=0.3644  lr=3.37e-05
[01:05:38 INFO] Epoch 22/50  iter 700/743  loss=0.2843  lr=3.37e-05
[01:05:49 INFO] Epoch 22 complete — avg_loss=0.2479  time=185s
[01:06:02 INFO] Epoch 23/50  iter 50/743  loss=0.1762  lr=3.35e-05
[01:06:15 INFO] Epoch 23/50  iter 100/743  loss=0.1261  lr=3.34e-05
[01:06:27 INFO] Epoch 23/50  iter 150/743  loss=0.9587  lr=3.34e-05
[01:06:40 INFO] Epoch 23/50  iter 200/743  loss=0.2349  lr=3.33e-05
[01:06:52 INFO] Epoch 23/50  iter 250/743  loss=0.3130  lr=3.32e-05
[01:07:05 INFO] Epoch 23/50  iter 300/743  loss=0.1711  lr=3.31e-05
[01:07:17 INFO] Epoch 23/50  iter 350/743  loss=0.1054  lr=3.30e-05
[01:07:29 INFO] Epoch 23/50  iter 400/743  loss=0.2252  lr=3.30e-05
[01:07:42 INFO] Epoch 23/50  iter 450/743  loss=0.2293  lr=3.29e-05
[01:07:54 INFO] Epoch 23/50  iter 500/743  loss=0.2425  lr=3.28e-05
[01:08:07 INFO] Epoch 23/50  iter 550/743  loss=0.2596  lr=3.27e-05
[01:08:19 INFO] Epoch 23/50  iter 600/743  loss=0.1379  lr=3.26e-05
[01:08:32 INFO] Epoch 23/50  iter 650/743  loss=0.2842  lr=3.25e-05
[01:08:44 INFO] Epoch 23/50  iter 700/743  loss=0.0969  lr=3.25e-05
[01:08:55 INFO] Epoch 23 complete — avg_loss=0.2439  time=185s
[01:09:09 INFO] Epoch 24/50  iter 50/743  loss=0.1506  lr=3.23e-05
[01:09:21 INFO] Epoch 24/50  iter 100/743  loss=0.3042  lr=3.22e-05
[01:09:34 INFO] Epoch 24/50  iter 150/743  loss=0.1914  lr=3.22e-05
[01:09:46 INFO] Epoch 24/50  iter 200/743  loss=0.1350  lr=3.21e-05
[01:09:58 INFO] Epoch 24/50  iter 250/743  loss=0.1043  lr=3.20e-05
[01:10:11 INFO] Epoch 24/50  iter 300/743  loss=0.2327  lr=3.19e-05
[01:10:23 INFO] Epoch 24/50  iter 350/743  loss=0.1160  lr=3.18e-05
[01:10:36 INFO] Epoch 24/50  iter 400/743  loss=0.3889  lr=3.18e-05
[01:10:48 INFO] Epoch 24/50  iter 450/743  loss=0.1500  lr=3.17e-05
[01:11:01 INFO] Epoch 24/50  iter 500/743  loss=0.1590  lr=3.16e-05
[01:11:13 INFO] Epoch 24/50  iter 550/743  loss=0.1661  lr=3.15e-05
[01:11:25 INFO] Epoch 24/50  iter 600/743  loss=0.1361  lr=3.14e-05
[01:11:38 INFO] Epoch 24/50  iter 650/743  loss=0.3646  lr=3.13e-05
[01:11:50 INFO] Epoch 24/50  iter 700/743  loss=0.1590  lr=3.13e-05
[01:12:01 INFO] Epoch 24 complete — avg_loss=0.2431  time=185s
[01:12:15 INFO] Epoch 25/50  iter 50/743  loss=0.1236  lr=3.11e-05
[01:12:27 INFO] Epoch 25/50  iter 100/743  loss=0.2925  lr=3.10e-05
[01:12:40 INFO] Epoch 25/50  iter 150/743  loss=0.1916  lr=3.10e-05
[01:12:52 INFO] Epoch 25/50  iter 200/743  loss=0.1586  lr=3.09e-05
[01:13:04 INFO] Epoch 25/50  iter 250/743  loss=0.2343  lr=3.08e-05
[01:13:17 INFO] Epoch 25/50  iter 300/743  loss=0.1837  lr=3.07e-05
[01:13:29 INFO] Epoch 25/50  iter 350/743  loss=0.3200  lr=3.06e-05
[01:13:42 INFO] Epoch 25/50  iter 400/743  loss=0.1251  lr=3.06e-05
[01:13:54 INFO] Epoch 25/50  iter 450/743  loss=0.5380  lr=3.05e-05
[01:14:07 INFO] Epoch 25/50  iter 500/743  loss=0.1844  lr=3.04e-05
[01:14:19 INFO] Epoch 25/50  iter 550/743  loss=0.3328  lr=3.03e-05
[01:14:32 INFO] Epoch 25/50  iter 600/743  loss=0.2584  lr=3.02e-05
[01:14:44 INFO] Epoch 25/50  iter 650/743  loss=0.2105  lr=3.01e-05
[01:14:56 INFO] Epoch 25/50  iter 700/743  loss=0.2102  lr=3.01e-05
[01:15:07 INFO] Epoch 25 complete — avg_loss=0.2408  time=185s
[01:16:01 INFO]   val mIoU = 0.3795
[01:16:15 INFO] Epoch 26/50  iter 50/743  loss=0.2540  lr=2.99e-05
[01:16:27 INFO] Epoch 26/50  iter 100/743  loss=0.1736  lr=2.98e-05
[01:16:40 INFO] Epoch 26/50  iter 150/743  loss=0.1795  lr=2.98e-05
[01:16:52 INFO] Epoch 26/50  iter 200/743  loss=0.0821  lr=2.97e-05
[01:17:04 INFO] Epoch 26/50  iter 250/743  loss=0.1912  lr=2.96e-05
[01:17:17 INFO] Epoch 26/50  iter 300/743  loss=0.3317  lr=2.95e-05
[01:17:29 INFO] Epoch 26/50  iter 350/743  loss=0.1256  lr=2.94e-05
[01:17:41 INFO] Epoch 26/50  iter 400/743  loss=0.1178  lr=2.94e-05
[01:17:54 INFO] Epoch 26/50  iter 450/743  loss=0.1587  lr=2.93e-05
[01:18:06 INFO] Epoch 26/50  iter 500/743  loss=0.2660  lr=2.92e-05
[01:18:19 INFO] Epoch 26/50  iter 550/743  loss=0.2884  lr=2.91e-05
[01:18:31 INFO] Epoch 26/50  iter 600/743  loss=0.0965  lr=2.90e-05
[01:18:43 INFO] Epoch 26/50  iter 650/743  loss=0.1430  lr=2.89e-05
[01:18:56 INFO] Epoch 26/50  iter 700/743  loss=0.2510  lr=2.89e-05
[01:19:07 INFO] Epoch 26 complete — avg_loss=0.2402  time=185s
[01:19:20 INFO] Epoch 27/50  iter 50/743  loss=0.1262  lr=2.87e-05
[01:19:33 INFO] Epoch 27/50  iter 100/743  loss=0.1353  lr=2.86e-05
[01:19:45 INFO] Epoch 27/50  iter 150/743  loss=0.1411  lr=2.86e-05
[01:19:57 INFO] Epoch 27/50  iter 200/743  loss=0.1197  lr=2.85e-05
[01:20:10 INFO] Epoch 27/50  iter 250/743  loss=0.3094  lr=2.84e-05
[01:20:22 INFO] Epoch 27/50  iter 300/743  loss=0.1387  lr=2.83e-05
[01:20:35 INFO] Epoch 27/50  iter 350/743  loss=0.1765  lr=2.82e-05
[01:20:47 INFO] Epoch 27/50  iter 400/743  loss=0.1543  lr=2.82e-05
[01:21:00 INFO] Epoch 27/50  iter 450/743  loss=0.2058  lr=2.81e-05
[01:21:12 INFO] Epoch 27/50  iter 500/743  loss=0.1845  lr=2.80e-05
[01:21:24 INFO] Epoch 27/50  iter 550/743  loss=0.1988  lr=2.79e-05
[01:21:37 INFO] Epoch 27/50  iter 600/743  loss=0.4828  lr=2.78e-05
[01:21:49 INFO] Epoch 27/50  iter 650/743  loss=0.1220  lr=2.77e-05
[01:22:02 INFO] Epoch 27/50  iter 700/743  loss=0.3002  lr=2.77e-05
[01:22:12 INFO] Epoch 27 complete — avg_loss=0.2349  time=185s
[01:22:27 INFO] Epoch 28/50  iter 50/743  loss=0.2305  lr=2.75e-05
[01:22:39 INFO] Epoch 28/50  iter 100/743  loss=0.3031  lr=2.74e-05
[01:22:51 INFO] Epoch 28/50  iter 150/743  loss=0.1577  lr=2.74e-05
[01:23:04 INFO] Epoch 28/50  iter 200/743  loss=0.1344  lr=2.73e-05
[01:23:16 INFO] Epoch 28/50  iter 250/743  loss=0.1356  lr=2.72e-05
[01:23:29 INFO] Epoch 28/50  iter 300/743  loss=0.2381  lr=2.71e-05
[01:23:41 INFO] Epoch 28/50  iter 350/743  loss=0.2313  lr=2.70e-05
[01:23:54 INFO] Epoch 28/50  iter 400/743  loss=0.1554  lr=2.70e-05
[01:24:06 INFO] Epoch 28/50  iter 450/743  loss=0.1113  lr=2.69e-05
[01:24:18 INFO] Epoch 28/50  iter 500/743  loss=0.2448  lr=2.68e-05
[01:24:31 INFO] Epoch 28/50  iter 550/743  loss=0.0866  lr=2.67e-05
[01:24:43 INFO] Epoch 28/50  iter 600/743  loss=0.1419  lr=2.66e-05
[01:24:56 INFO] Epoch 28/50  iter 650/743  loss=0.2454  lr=2.65e-05
[01:25:08 INFO] Epoch 28/50  iter 700/743  loss=0.2853  lr=2.65e-05
[01:25:19 INFO] Epoch 28 complete — avg_loss=0.2411  time=185s
[01:25:32 INFO] Epoch 29/50  iter 50/743  loss=0.2309  lr=2.63e-05
[01:25:45 INFO] Epoch 29/50  iter 100/743  loss=0.4153  lr=2.62e-05
[01:25:57 INFO] Epoch 29/50  iter 150/743  loss=0.2745  lr=2.62e-05
[01:26:10 INFO] Epoch 29/50  iter 200/743  loss=0.2173  lr=2.61e-05
[01:26:22 INFO] Epoch 29/50  iter 250/743  loss=0.1494  lr=2.60e-05
[01:26:35 INFO] Epoch 29/50  iter 300/743  loss=0.1473  lr=2.59e-05
[01:26:47 INFO] Epoch 29/50  iter 350/743  loss=0.3086  lr=2.58e-05
[01:27:00 INFO] Epoch 29/50  iter 400/743  loss=0.2437  lr=2.58e-05
[01:27:12 INFO] Epoch 29/50  iter 450/743  loss=1.0260  lr=2.57e-05
[01:27:24 INFO] Epoch 29/50  iter 500/743  loss=0.2196  lr=2.56e-05
[01:27:37 INFO] Epoch 29/50  iter 550/743  loss=0.1832  lr=2.55e-05
[01:27:49 INFO] Epoch 29/50  iter 600/743  loss=0.2236  lr=2.54e-05
[01:28:02 INFO] Epoch 29/50  iter 650/743  loss=1.0625  lr=2.53e-05
[01:28:14 INFO] Epoch 29/50  iter 700/743  loss=0.2532  lr=2.53e-05
[01:28:25 INFO] Epoch 29 complete — avg_loss=0.2321  time=185s
[01:28:38 INFO] Epoch 30/50  iter 50/743  loss=0.1009  lr=2.51e-05
[01:28:51 INFO] Epoch 30/50  iter 100/743  loss=0.2953  lr=2.50e-05
[01:29:03 INFO] Epoch 30/50  iter 150/743  loss=0.1398  lr=2.50e-05
[01:29:16 INFO] Epoch 30/50  iter 200/743  loss=0.3558  lr=2.49e-05
[01:29:28 INFO] Epoch 30/50  iter 250/743  loss=0.1960  lr=2.48e-05
[01:29:41 INFO] Epoch 30/50  iter 300/743  loss=0.2882  lr=2.47e-05
[01:29:53 INFO] Epoch 30/50  iter 350/743  loss=0.2210  lr=2.46e-05
[01:30:06 INFO] Epoch 30/50  iter 400/743  loss=0.2277  lr=2.46e-05
[01:30:18 INFO] Epoch 30/50  iter 450/743  loss=0.2967  lr=2.45e-05
[01:30:30 INFO] Epoch 30/50  iter 500/743  loss=0.1900  lr=2.44e-05
[01:30:43 INFO] Epoch 30/50  iter 550/743  loss=0.1952  lr=2.43e-05
[01:30:55 INFO] Epoch 30/50  iter 600/743  loss=0.2931  lr=2.42e-05
[01:31:08 INFO] Epoch 30/50  iter 650/743  loss=0.2970  lr=2.41e-05
[01:31:20 INFO] Epoch 30/50  iter 700/743  loss=0.2035  lr=2.41e-05
[01:31:31 INFO] Epoch 30 complete — avg_loss=0.2257  time=185s
[01:32:27 INFO]   val mIoU = 0.3332
[01:32:40 INFO] Epoch 31/50  iter 50/743  loss=0.1699  lr=2.39e-05
[01:32:53 INFO] Epoch 31/50  iter 100/743  loss=0.2506  lr=2.38e-05
[01:33:05 INFO] Epoch 31/50  iter 150/743  loss=0.2499  lr=2.38e-05
[01:33:17 INFO] Epoch 31/50  iter 200/743  loss=0.2697  lr=2.37e-05
[01:33:30 INFO] Epoch 31/50  iter 250/743  loss=0.1602  lr=2.36e-05
[01:33:42 INFO] Epoch 31/50  iter 300/743  loss=0.6497  lr=2.35e-05
[01:33:54 INFO] Epoch 31/50  iter 350/743  loss=0.1247  lr=2.34e-05
[01:34:07 INFO] Epoch 31/50  iter 400/743  loss=0.1419  lr=2.34e-05
[01:34:19 INFO] Epoch 31/50  iter 450/743  loss=0.1992  lr=2.33e-05
[01:34:32 INFO] Epoch 31/50  iter 500/743  loss=0.2792  lr=2.32e-05
[01:34:44 INFO] Epoch 31/50  iter 550/743  loss=0.2711  lr=2.31e-05
[01:34:56 INFO] Epoch 31/50  iter 600/743  loss=0.0916  lr=2.30e-05
[01:35:09 INFO] Epoch 31/50  iter 650/743  loss=0.2254  lr=2.29e-05
[01:35:21 INFO] Epoch 31/50  iter 700/743  loss=0.1107  lr=2.29e-05
[01:35:32 INFO] Epoch 31 complete — avg_loss=0.2170  time=184s
[01:35:45 INFO] Epoch 32/50  iter 50/743  loss=0.1141  lr=2.27e-05
[01:35:58 INFO] Epoch 32/50  iter 100/743  loss=0.3187  lr=2.26e-05
[01:36:10 INFO] Epoch 32/50  iter 150/743  loss=0.2539  lr=2.26e-05
[01:36:23 INFO] Epoch 32/50  iter 200/743  loss=0.2974  lr=2.25e-05
[01:36:35 INFO] Epoch 32/50  iter 250/743  loss=0.2753  lr=2.24e-05
[01:36:47 INFO] Epoch 32/50  iter 300/743  loss=0.1621  lr=2.23e-05
[01:37:00 INFO] Epoch 32/50  iter 350/743  loss=0.1185  lr=2.22e-05
[01:37:12 INFO] Epoch 32/50  iter 400/743  loss=0.3874  lr=2.22e-05
[01:37:25 INFO] Epoch 32/50  iter 450/743  loss=0.1297  lr=2.21e-05
[01:37:37 INFO] Epoch 32/50  iter 500/743  loss=0.1174  lr=2.20e-05
[01:37:50 INFO] Epoch 32/50  iter 550/743  loss=0.2154  lr=2.19e-05
[01:38:02 INFO] Epoch 32/50  iter 600/743  loss=0.4093  lr=2.18e-05
[01:38:14 INFO] Epoch 32/50  iter 650/743  loss=0.1766  lr=2.17e-05
[01:38:27 INFO] Epoch 32/50  iter 700/743  loss=0.1081  lr=2.17e-05
[01:38:38 INFO] Epoch 32 complete — avg_loss=0.2204  time=185s
[01:38:51 INFO] Epoch 33/50  iter 50/743  loss=0.2148  lr=2.15e-05
[01:39:04 INFO] Epoch 33/50  iter 100/743  loss=0.2637  lr=2.14e-05
[01:39:16 INFO] Epoch 33/50  iter 150/743  loss=0.1437  lr=2.14e-05
[01:39:29 INFO] Epoch 33/50  iter 200/743  loss=0.1673  lr=2.13e-05
[01:39:41 INFO] Epoch 33/50  iter 250/743  loss=0.1189  lr=2.12e-05
[01:39:53 INFO] Epoch 33/50  iter 300/743  loss=0.2129  lr=2.11e-05
[01:40:06 INFO] Epoch 33/50  iter 350/743  loss=0.1957  lr=2.10e-05
[01:40:18 INFO] Epoch 33/50  iter 400/743  loss=0.2512  lr=2.10e-05
[01:40:31 INFO] Epoch 33/50  iter 450/743  loss=0.3774  lr=2.09e-05
[01:40:43 INFO] Epoch 33/50  iter 500/743  loss=0.1835  lr=2.08e-05
[01:40:56 INFO] Epoch 33/50  iter 550/743  loss=0.2019  lr=2.07e-05
[01:41:08 INFO] Epoch 33/50  iter 600/743  loss=0.2771  lr=2.06e-05
[01:41:20 INFO] Epoch 33/50  iter 650/743  loss=0.5904  lr=2.05e-05
[01:41:33 INFO] Epoch 33/50  iter 700/743  loss=0.2470  lr=2.05e-05
[01:41:44 INFO] Epoch 33 complete — avg_loss=0.2143  time=185s
[01:41:57 INFO] Epoch 34/50  iter 50/743  loss=0.2424  lr=2.03e-05
[01:42:10 INFO] Epoch 34/50  iter 100/743  loss=0.1835  lr=2.02e-05
[01:42:22 INFO] Epoch 34/50  iter 150/743  loss=0.3872  lr=2.02e-05
[01:42:35 INFO] Epoch 34/50  iter 200/743  loss=0.1605  lr=2.01e-05
[01:42:47 INFO] Epoch 34/50  iter 250/743  loss=0.1307  lr=2.00e-05
[01:43:00 INFO] Epoch 34/50  iter 300/743  loss=0.1541  lr=1.99e-05
[01:43:12 INFO] Epoch 34/50  iter 350/743  loss=0.1538  lr=1.98e-05
[01:43:24 INFO] Epoch 34/50  iter 400/743  loss=0.1129  lr=1.98e-05
[01:43:37 INFO] Epoch 34/50  iter 450/743  loss=0.1745  lr=1.97e-05
[01:43:49 INFO] Epoch 34/50  iter 500/743  loss=0.2307  lr=1.96e-05
[01:44:02 INFO] Epoch 34/50  iter 550/743  loss=0.2916  lr=1.95e-05
[01:44:14 INFO] Epoch 34/50  iter 600/743  loss=0.3356  lr=1.94e-05
[01:44:27 INFO] Epoch 34/50  iter 650/743  loss=0.3159  lr=1.93e-05
[01:44:39 INFO] Epoch 34/50  iter 700/743  loss=0.1388  lr=1.93e-05
[01:44:50 INFO] Epoch 34 complete — avg_loss=0.2203  time=185s
[01:45:03 INFO] Epoch 35/50  iter 50/743  loss=0.2247  lr=1.91e-05
[01:45:16 INFO] Epoch 35/50  iter 100/743  loss=0.1663  lr=1.90e-05
[01:45:28 INFO] Epoch 35/50  iter 150/743  loss=0.1304  lr=1.90e-05
[01:45:41 INFO] Epoch 35/50  iter 200/743  loss=0.2364  lr=1.89e-05
[01:45:53 INFO] Epoch 35/50  iter 250/743  loss=0.0864  lr=1.88e-05
[01:46:06 INFO] Epoch 35/50  iter 300/743  loss=0.1808  lr=1.87e-05
[01:46:18 INFO] Epoch 35/50  iter 350/743  loss=0.3030  lr=1.86e-05
[01:46:30 INFO] Epoch 35/50  iter 400/743  loss=0.3852  lr=1.86e-05
[01:46:43 INFO] Epoch 35/50  iter 450/743  loss=0.1663  lr=1.85e-05
[01:46:55 INFO] Epoch 35/50  iter 500/743  loss=0.2591  lr=1.84e-05
[01:47:08 INFO] Epoch 35/50  iter 550/743  loss=0.1169  lr=1.83e-05
[01:47:20 INFO] Epoch 35/50  iter 600/743  loss=0.2095  lr=1.82e-05
[01:47:33 INFO] Epoch 35/50  iter 650/743  loss=0.0802  lr=1.81e-05
[01:47:45 INFO] Epoch 35/50  iter 700/743  loss=0.2307  lr=1.81e-05
[01:47:56 INFO] Epoch 35 complete — avg_loss=0.2119  time=185s
[01:48:50 INFO]   val mIoU = 0.4180
[01:49:04 INFO] Epoch 36/50  iter 50/743  loss=0.1124  lr=1.79e-05
[01:49:16 INFO] Epoch 36/50  iter 100/743  loss=0.0679  lr=1.78e-05
[01:49:29 INFO] Epoch 36/50  iter 150/743  loss=0.3085  lr=1.78e-05
[01:49:41 INFO] Epoch 36/50  iter 200/743  loss=0.1721  lr=1.77e-05
[01:49:54 INFO] Epoch 36/50  iter 250/743  loss=0.2446  lr=1.76e-05
[01:50:06 INFO] Epoch 36/50  iter 300/743  loss=0.1277  lr=1.75e-05
[01:50:18 INFO] Epoch 36/50  iter 350/743  loss=0.1974  lr=1.74e-05
[01:50:31 INFO] Epoch 36/50  iter 400/743  loss=0.2827  lr=1.74e-05
[01:50:43 INFO] Epoch 36/50  iter 450/743  loss=0.1903  lr=1.73e-05
[01:50:56 INFO] Epoch 36/50  iter 500/743  loss=0.1632  lr=1.72e-05
[01:51:08 INFO] Epoch 36/50  iter 550/743  loss=0.2065  lr=1.71e-05
[01:51:20 INFO] Epoch 36/50  iter 600/743  loss=0.1305  lr=1.70e-05
[01:51:33 INFO] Epoch 36/50  iter 650/743  loss=0.1654  lr=1.69e-05
[01:51:45 INFO] Epoch 36/50  iter 700/743  loss=0.1923  lr=1.69e-05
[01:51:56 INFO] Epoch 36 complete — avg_loss=0.2102  time=185s
[01:52:09 INFO] Epoch 37/50  iter 50/743  loss=0.2201  lr=1.67e-05
[01:52:22 INFO] Epoch 37/50  iter 100/743  loss=0.3022  lr=1.66e-05
[01:52:34 INFO] Epoch 37/50  iter 150/743  loss=0.1868  lr=1.66e-05
[01:52:47 INFO] Epoch 37/50  iter 200/743  loss=0.1026  lr=1.65e-05
[01:52:59 INFO] Epoch 37/50  iter 250/743  loss=0.1912  lr=1.64e-05
[01:53:12 INFO] Epoch 37/50  iter 300/743  loss=0.1592  lr=1.63e-05
[01:53:24 INFO] Epoch 37/50  iter 350/743  loss=0.1794  lr=1.62e-05
[01:53:37 INFO] Epoch 37/50  iter 400/743  loss=0.2130  lr=1.62e-05
[01:53:49 INFO] Epoch 37/50  iter 450/743  loss=0.1301  lr=1.61e-05
[01:54:01 INFO] Epoch 37/50  iter 500/743  loss=0.4392  lr=1.60e-05
[01:54:14 INFO] Epoch 37/50  iter 550/743  loss=0.0676  lr=1.59e-05
[01:54:26 INFO] Epoch 37/50  iter 600/743  loss=0.1299  lr=1.58e-05
[01:54:39 INFO] Epoch 37/50  iter 650/743  loss=0.1998  lr=1.57e-05
[01:54:51 INFO] Epoch 37/50  iter 700/743  loss=0.2419  lr=1.57e-05
[01:55:02 INFO] Epoch 37 complete — avg_loss=0.2064  time=185s
[01:55:15 INFO] Epoch 38/50  iter 50/743  loss=0.3738  lr=1.55e-05
[01:55:28 INFO] Epoch 38/50  iter 100/743  loss=0.2930  lr=1.54e-05
[01:55:40 INFO] Epoch 38/50  iter 150/743  loss=0.1716  lr=1.54e-05
[01:55:53 INFO] Epoch 38/50  iter 200/743  loss=0.0907  lr=1.53e-05
[01:56:05 INFO] Epoch 38/50  iter 250/743  loss=0.1924  lr=1.52e-05
[01:56:18 INFO] Epoch 38/50  iter 300/743  loss=0.1989  lr=1.51e-05
[01:56:30 INFO] Epoch 38/50  iter 350/743  loss=0.1802  lr=1.50e-05
[01:56:43 INFO] Epoch 38/50  iter 400/743  loss=0.2154  lr=1.50e-05
[01:56:55 INFO] Epoch 38/50  iter 450/743  loss=0.1964  lr=1.49e-05
[01:57:07 INFO] Epoch 38/50  iter 500/743  loss=0.1192  lr=1.48e-05
[01:57:20 INFO] Epoch 38/50  iter 550/743  loss=0.0996  lr=1.47e-05
[01:57:32 INFO] Epoch 38/50  iter 600/743  loss=0.2080  lr=1.46e-05
[01:57:45 INFO] Epoch 38/50  iter 650/743  loss=0.2318  lr=1.45e-05
[01:57:57 INFO] Epoch 38/50  iter 700/743  loss=0.1044  lr=1.45e-05
[01:58:08 INFO] Epoch 38 complete — avg_loss=0.2019  time=185s
[01:58:22 INFO] Epoch 39/50  iter 50/743  loss=0.4980  lr=1.43e-05
[01:58:34 INFO] Epoch 39/50  iter 100/743  loss=0.2180  lr=1.42e-05
[01:58:47 INFO] Epoch 39/50  iter 150/743  loss=0.1359  lr=1.42e-05
[01:58:59 INFO] Epoch 39/50  iter 200/743  loss=0.2428  lr=1.41e-05
[01:59:12 INFO] Epoch 39/50  iter 250/743  loss=0.1525  lr=1.40e-05
[01:59:24 INFO] Epoch 39/50  iter 300/743  loss=0.1195  lr=1.39e-05
[01:59:36 INFO] Epoch 39/50  iter 350/743  loss=0.3735  lr=1.38e-05
[01:59:49 INFO] Epoch 39/50  iter 400/743  loss=0.2542  lr=1.38e-05
[02:00:01 INFO] Epoch 39/50  iter 450/743  loss=0.2134  lr=1.37e-05
[02:00:14 INFO] Epoch 39/50  iter 500/743  loss=0.1289  lr=1.36e-05
[02:00:26 INFO] Epoch 39/50  iter 550/743  loss=0.1573  lr=1.35e-05
[02:00:39 INFO] Epoch 39/50  iter 600/743  loss=0.1842  lr=1.34e-05
[02:00:51 INFO] Epoch 39/50  iter 650/743  loss=0.2008  lr=1.33e-05
[02:01:03 INFO] Epoch 39/50  iter 700/743  loss=0.1642  lr=1.33e-05
[02:01:14 INFO] Epoch 39 complete — avg_loss=0.2031  time=185s
[02:01:28 INFO] Epoch 40/50  iter 50/743  loss=0.1187  lr=1.31e-05
[02:01:40 INFO] Epoch 40/50  iter 100/743  loss=0.3908  lr=1.30e-05
[02:01:53 INFO] Epoch 40/50  iter 150/743  loss=0.2539  lr=1.30e-05
[02:02:05 INFO] Epoch 40/50  iter 200/743  loss=0.0855  lr=1.29e-05
[02:02:17 INFO] Epoch 40/50  iter 250/743  loss=0.2326  lr=1.28e-05
[02:02:30 INFO] Epoch 40/50  iter 300/743  loss=0.1544  lr=1.27e-05
[02:02:42 INFO] Epoch 40/50  iter 350/743  loss=0.2866  lr=1.26e-05
[02:02:55 INFO] Epoch 40/50  iter 400/743  loss=0.1524  lr=1.26e-05
[02:03:07 INFO] Epoch 40/50  iter 450/743  loss=0.2126  lr=1.25e-05
[02:03:19 INFO] Epoch 40/50  iter 500/743  loss=0.2523  lr=1.24e-05
[02:03:32 INFO] Epoch 40/50  iter 550/743  loss=0.2084  lr=1.23e-05
[02:03:44 INFO] Epoch 40/50  iter 600/743  loss=0.0698  lr=1.22e-05
[02:03:56 INFO] Epoch 40/50  iter 650/743  loss=0.3891  lr=1.21e-05
[02:04:09 INFO] Epoch 40/50  iter 700/743  loss=0.0840  lr=1.21e-05
[02:04:20 INFO] Epoch 40 complete — avg_loss=0.2018  time=185s
[02:05:14 INFO]   val mIoU = 0.3615
[02:05:28 INFO] Epoch 41/50  iter 50/743  loss=0.2472  lr=1.19e-05
[02:05:40 INFO] Epoch 41/50  iter 100/743  loss=0.2998  lr=1.18e-05
[02:05:52 INFO] Epoch 41/50  iter 150/743  loss=0.1780  lr=1.18e-05
[02:06:05 INFO] Epoch 41/50  iter 200/743  loss=0.0801  lr=1.17e-05
[02:06:17 INFO] Epoch 41/50  iter 250/743  loss=0.1485  lr=1.16e-05
[02:06:29 INFO] Epoch 41/50  iter 300/743  loss=0.0786  lr=1.15e-05
[02:06:42 INFO] Epoch 41/50  iter 350/743  loss=0.1740  lr=1.14e-05
[02:06:54 INFO] Epoch 41/50  iter 400/743  loss=0.2842  lr=1.14e-05
[02:07:07 INFO] Epoch 41/50  iter 450/743  loss=0.1400  lr=1.13e-05
[02:07:19 INFO] Epoch 41/50  iter 500/743  loss=0.1132  lr=1.12e-05
[02:07:31 INFO] Epoch 41/50  iter 550/743  loss=0.1460  lr=1.11e-05
[02:07:44 INFO] Epoch 41/50  iter 600/743  loss=0.0713  lr=1.10e-05
[02:07:56 INFO] Epoch 41/50  iter 650/743  loss=0.1527  lr=1.09e-05
[02:08:09 INFO] Epoch 41/50  iter 700/743  loss=0.2268  lr=1.09e-05
[02:08:19 INFO] Epoch 41 complete — avg_loss=0.1983  time=185s
[02:08:33 INFO] Epoch 42/50  iter 50/743  loss=0.1641  lr=1.07e-05
[02:08:45 INFO] Epoch 42/50  iter 100/743  loss=0.2499  lr=1.06e-05
[02:08:58 INFO] Epoch 42/50  iter 150/743  loss=0.2270  lr=1.06e-05
[02:09:10 INFO] Epoch 42/50  iter 200/743  loss=0.5505  lr=1.05e-05
[02:09:23 INFO] Epoch 42/50  iter 250/743  loss=0.2402  lr=1.04e-05
[02:09:35 INFO] Epoch 42/50  iter 300/743  loss=0.1896  lr=1.03e-05
[02:09:47 INFO] Epoch 42/50  iter 350/743  loss=0.2419  lr=1.02e-05
[02:10:00 INFO] Epoch 42/50  iter 400/743  loss=0.3150  lr=1.02e-05
[02:10:12 INFO] Epoch 42/50  iter 450/743  loss=0.1906  lr=1.01e-05
[02:10:25 INFO] Epoch 42/50  iter 500/743  loss=0.1653  lr=9.99e-06
[02:10:37 INFO] Epoch 42/50  iter 550/743  loss=0.0801  lr=9.91e-06
[02:10:49 INFO] Epoch 42/50  iter 600/743  loss=0.2359  lr=9.83e-06
[02:11:02 INFO] Epoch 42/50  iter 650/743  loss=0.1180  lr=9.75e-06
[02:11:14 INFO] Epoch 42/50  iter 700/743  loss=0.1231  lr=9.67e-06
[02:11:25 INFO] Epoch 42 complete — avg_loss=0.1968  time=185s
[02:11:39 INFO] Epoch 43/50  iter 50/743  loss=0.1360  lr=9.52e-06
[02:11:51 INFO] Epoch 43/50  iter 100/743  loss=0.2332  lr=9.44e-06
[02:12:03 INFO] Epoch 43/50  iter 150/743  loss=0.0967  lr=9.36e-06
[02:12:16 INFO] Epoch 43/50  iter 200/743  loss=0.1533  lr=9.28e-06
[02:12:28 INFO] Epoch 43/50  iter 250/743  loss=0.1465  lr=9.19e-06
[02:12:41 INFO] Epoch 43/50  iter 300/743  loss=0.1415  lr=9.11e-06
[02:12:53 INFO] Epoch 43/50  iter 350/743  loss=0.1082  lr=9.03e-06
[02:13:06 INFO] Epoch 43/50  iter 400/743  loss=0.2246  lr=8.95e-06
[02:13:18 INFO] Epoch 43/50  iter 450/743  loss=0.2506  lr=8.87e-06
[02:13:31 INFO] Epoch 43/50  iter 500/743  loss=0.1503  lr=8.79e-06
[02:13:43 INFO] Epoch 43/50  iter 550/743  loss=0.0846  lr=8.71e-06
[02:13:55 INFO] Epoch 43/50  iter 600/743  loss=0.0838  lr=8.63e-06
[02:14:08 INFO] Epoch 43/50  iter 650/743  loss=0.1091  lr=8.55e-06
[02:14:20 INFO] Epoch 43/50  iter 700/743  loss=0.2204  lr=8.47e-06
[02:14:31 INFO] Epoch 43 complete — avg_loss=0.1927  time=185s
[02:14:45 INFO] Epoch 44/50  iter 50/743  loss=0.2826  lr=8.32e-06
[02:14:57 INFO] Epoch 44/50  iter 100/743  loss=0.1088  lr=8.24e-06
[02:15:10 INFO] Epoch 44/50  iter 150/743  loss=0.0972  lr=8.16e-06
[02:15:22 INFO] Epoch 44/50  iter 200/743  loss=0.1888  lr=8.08e-06
[02:15:34 INFO] Epoch 44/50  iter 250/743  loss=0.1552  lr=7.99e-06
[02:15:47 INFO] Epoch 44/50  iter 300/743  loss=0.2423  lr=7.91e-06
[02:15:59 INFO] Epoch 44/50  iter 350/743  loss=0.1737  lr=7.83e-06
[02:16:12 INFO] Epoch 44/50  iter 400/743  loss=0.1881  lr=7.75e-06
[02:16:24 INFO] Epoch 44/50  iter 450/743  loss=0.1102  lr=7.67e-06
[02:16:37 INFO] Epoch 44/50  iter 500/743  loss=0.2176  lr=7.59e-06
[02:16:49 INFO] Epoch 44/50  iter 550/743  loss=0.1315  lr=7.51e-06
[02:17:01 INFO] Epoch 44/50  iter 600/743  loss=0.1469  lr=7.43e-06
[02:17:14 INFO] Epoch 44/50  iter 650/743  loss=0.3992  lr=7.35e-06
[02:17:26 INFO] Epoch 44/50  iter 700/743  loss=0.1737  lr=7.27e-06
[02:17:37 INFO] Epoch 44 complete — avg_loss=0.1914  time=185s
[02:17:51 INFO] Epoch 45/50  iter 50/743  loss=0.1445  lr=7.12e-06
[02:18:03 INFO] Epoch 45/50  iter 100/743  loss=0.1301  lr=7.04e-06
[02:18:16 INFO] Epoch 45/50  iter 150/743  loss=0.1257  lr=6.96e-06
[02:18:28 INFO] Epoch 45/50  iter 200/743  loss=0.0732  lr=6.88e-06
[02:18:41 INFO] Epoch 45/50  iter 250/743  loss=0.2508  lr=6.79e-06
[02:18:53 INFO] Epoch 45/50  iter 300/743  loss=0.2352  lr=6.71e-06
[02:19:05 INFO] Epoch 45/50  iter 350/743  loss=0.1388  lr=6.63e-06
[02:19:18 INFO] Epoch 45/50  iter 400/743  loss=0.1264  lr=6.55e-06
[02:19:30 INFO] Epoch 45/50  iter 450/743  loss=0.0384  lr=6.47e-06
[02:19:43 INFO] Epoch 45/50  iter 500/743  loss=0.2155  lr=6.39e-06
[02:19:55 INFO] Epoch 45/50  iter 550/743  loss=0.1273  lr=6.31e-06
[02:20:08 INFO] Epoch 45/50  iter 600/743  loss=0.1682  lr=6.23e-06
[02:20:20 INFO] Epoch 45/50  iter 650/743  loss=0.1445  lr=6.15e-06
[02:20:32 INFO] Epoch 45/50  iter 700/743  loss=0.1480  lr=6.07e-06
[02:20:43 INFO] Epoch 45 complete — avg_loss=0.1889  time=185s
[02:21:36 INFO]   val mIoU = 0.4426
[02:21:37 INFO]   ★ New best val mIoU: 0.4426
[02:21:50 INFO] Epoch 46/50  iter 50/743  loss=0.1470  lr=5.92e-06
[02:22:03 INFO] Epoch 46/50  iter 100/743  loss=0.1552  lr=5.84e-06
[02:22:15 INFO] Epoch 46/50  iter 150/743  loss=0.1252  lr=5.76e-06
[02:22:27 INFO] Epoch 46/50  iter 200/743  loss=0.0868  lr=5.68e-06
[02:22:40 INFO] Epoch 46/50  iter 250/743  loss=0.1530  lr=5.59e-06
[02:22:52 INFO] Epoch 46/50  iter 300/743  loss=0.1424  lr=5.51e-06
[02:23:05 INFO] Epoch 46/50  iter 350/743  loss=0.4060  lr=5.43e-06
[02:23:17 INFO] Epoch 46/50  iter 400/743  loss=0.1604  lr=5.35e-06
[02:23:29 INFO] Epoch 46/50  iter 450/743  loss=0.1982  lr=5.27e-06
[02:23:42 INFO] Epoch 46/50  iter 500/743  loss=0.2046  lr=5.19e-06
[02:23:54 INFO] Epoch 46/50  iter 550/743  loss=0.1199  lr=5.11e-06
[02:24:06 INFO] Epoch 46/50  iter 600/743  loss=0.2161  lr=5.03e-06
[02:24:19 INFO] Epoch 46/50  iter 650/743  loss=0.2144  lr=4.95e-06
[02:24:31 INFO] Epoch 46/50  iter 700/743  loss=0.2298  lr=4.87e-06
[02:24:42 INFO] Epoch 46 complete — avg_loss=0.1813  time=184s
[02:24:56 INFO] Epoch 47/50  iter 50/743  loss=0.2908  lr=4.72e-06
[02:25:08 INFO] Epoch 47/50  iter 100/743  loss=0.1358  lr=4.64e-06
[02:25:21 INFO] Epoch 47/50  iter 150/743  loss=0.1416  lr=4.56e-06
[02:25:33 INFO] Epoch 47/50  iter 200/743  loss=0.1848  lr=4.48e-06
[02:25:46 INFO] Epoch 47/50  iter 250/743  loss=0.2342  lr=4.39e-06
[02:25:58 INFO] Epoch 47/50  iter 300/743  loss=0.1763  lr=4.31e-06
[02:26:10 INFO] Epoch 47/50  iter 350/743  loss=0.1578  lr=4.23e-06
[02:26:23 INFO] Epoch 47/50  iter 400/743  loss=0.1414  lr=4.15e-06
[02:26:35 INFO] Epoch 47/50  iter 450/743  loss=0.0801  lr=4.07e-06
[02:26:48 INFO] Epoch 47/50  iter 500/743  loss=0.3899  lr=3.99e-06
[02:27:00 INFO] Epoch 47/50  iter 550/743  loss=0.1529  lr=3.91e-06
[02:27:13 INFO] Epoch 47/50  iter 600/743  loss=0.2375  lr=3.83e-06
[02:27:25 INFO] Epoch 47/50  iter 650/743  loss=0.1553  lr=3.75e-06
[02:27:37 INFO] Epoch 47/50  iter 700/743  loss=0.2059  lr=3.67e-06
[02:27:48 INFO] Epoch 47 complete — avg_loss=0.1965  time=186s
[02:28:02 INFO] Epoch 48/50  iter 50/743  loss=0.1306  lr=3.52e-06
[02:28:14 INFO] Epoch 48/50  iter 100/743  loss=0.1550  lr=3.44e-06
[02:28:27 INFO] Epoch 48/50  iter 150/743  loss=0.0967  lr=3.36e-06
[02:28:39 INFO] Epoch 48/50  iter 200/743  loss=0.1314  lr=3.28e-06
[02:28:52 INFO] Epoch 48/50  iter 250/743  loss=0.1056  lr=3.19e-06
[02:29:04 INFO] Epoch 48/50  iter 300/743  loss=0.2510  lr=3.11e-06
[02:29:16 INFO] Epoch 48/50  iter 350/743  loss=0.0991  lr=3.03e-06
[02:29:29 INFO] Epoch 48/50  iter 400/743  loss=0.1697  lr=2.95e-06
[02:29:41 INFO] Epoch 48/50  iter 450/743  loss=0.0711  lr=2.87e-06
[02:29:54 INFO] Epoch 48/50  iter 500/743  loss=0.1005  lr=2.79e-06
[02:30:06 INFO] Epoch 48/50  iter 550/743  loss=0.1551  lr=2.71e-06
[02:30:19 INFO] Epoch 48/50  iter 600/743  loss=0.2406  lr=2.63e-06
[02:30:31 INFO] Epoch 48/50  iter 650/743  loss=0.1647  lr=2.55e-06
[02:30:43 INFO] Epoch 48/50  iter 700/743  loss=0.1572  lr=2.47e-06
[02:30:54 INFO] Epoch 48 complete — avg_loss=0.1898  time=185s
[02:31:08 INFO] Epoch 49/50  iter 50/743  loss=0.0834  lr=2.32e-06
[02:31:20 INFO] Epoch 49/50  iter 100/743  loss=0.1494  lr=2.24e-06
[02:31:33 INFO] Epoch 49/50  iter 150/743  loss=0.2079  lr=2.16e-06
[02:31:45 INFO] Epoch 49/50  iter 200/743  loss=0.1126  lr=2.08e-06
[02:31:58 INFO] Epoch 49/50  iter 250/743  loss=0.1570  lr=1.99e-06
[02:32:10 INFO] Epoch 49/50  iter 300/743  loss=0.1249  lr=1.91e-06
[02:32:22 INFO] Epoch 49/50  iter 350/743  loss=0.2337  lr=1.83e-06
[02:32:35 INFO] Epoch 49/50  iter 400/743  loss=0.2713  lr=1.75e-06
[02:32:47 INFO] Epoch 49/50  iter 450/743  loss=0.1007  lr=1.67e-06
[02:33:00 INFO] Epoch 49/50  iter 500/743  loss=0.2590  lr=1.59e-06
[02:33:12 INFO] Epoch 49/50  iter 550/743  loss=0.0969  lr=1.51e-06
[02:33:25 INFO] Epoch 49/50  iter 600/743  loss=0.2083  lr=1.43e-06
[02:33:37 INFO] Epoch 49/50  iter 650/743  loss=0.1214  lr=1.35e-06
[02:33:49 INFO] Epoch 49/50  iter 700/743  loss=0.2066  lr=1.27e-06
[02:34:00 INFO] Epoch 49 complete — avg_loss=0.1830  time=185s
[02:34:14 INFO] Epoch 50/50  iter 50/743  loss=0.1985  lr=1.12e-06
[02:34:27 INFO] Epoch 50/50  iter 100/743  loss=0.1139  lr=1.04e-06
[02:34:39 INFO] Epoch 50/50  iter 150/743  loss=0.1987  lr=9.56e-07
[02:34:51 INFO] Epoch 50/50  iter 200/743  loss=0.2599  lr=8.75e-07
[02:35:04 INFO] Epoch 50/50  iter 250/743  loss=0.1705  lr=7.95e-07
[02:35:16 INFO] Epoch 50/50  iter 300/743  loss=0.2310  lr=7.14e-07
[02:35:29 INFO] Epoch 50/50  iter 350/743  loss=0.1794  lr=6.33e-07
[02:35:41 INFO] Epoch 50/50  iter 400/743  loss=0.2130  lr=5.52e-07
[02:35:54 INFO] Epoch 50/50  iter 450/743  loss=0.1032  lr=4.72e-07
[02:36:06 INFO] Epoch 50/50  iter 500/743  loss=0.1711  lr=3.91e-07
[02:36:18 INFO] Epoch 50/50  iter 550/743  loss=0.1346  lr=3.10e-07
[02:36:31 INFO] Epoch 50/50  iter 600/743  loss=0.2323  lr=2.29e-07
[02:36:43 INFO] Epoch 50/50  iter 650/743  loss=0.1128  lr=1.49e-07
[02:36:56 INFO] Epoch 50/50  iter 700/743  loss=0.1928  lr=6.78e-08
[02:37:07 INFO] Epoch 50 complete — avg_loss=0.1869  time=185s
[02:38:01 INFO]   val mIoU = 0.4081
[02:38:02 INFO] Training complete. Best val mIoU = 0.4426
>>> Done: configs/nn_depth_b002.yaml

=== All experiments complete. Generating results table... ===
Saved → results/miou_table.csv
Saved → results/per_class_iou.csv
Saved → results/summary.md
